timestamps,pos_com_hist,pos_clear_hist,angmom_wb_hist
0,[-1.83258457 -0.38254889  0.52995262],[-1.84977892 -0.5535399   0.00933808],[0.04423427 0.0506447  0.16374267]
0.08598923683,[-1.82503825 -0.29983586  0.52832882],[-1.83927856 -0.4694851   0.00722604],[0.02504804 0.05677671 0.12521782]
0.1719946861,[-1.81839771 -0.21488466  0.52703174],[-1.8302583  -0.38423037  0.00621458],[0.02286096 0.03257157 0.07401157]
0.2579951286,[-1.81241601 -0.12775622  0.52511523],[-1.82244218 -0.29659902  0.00445588],[0.02561941 0.0610255  0.08833615]
0.343965292,[-1.80754744 -0.03846094  0.52418611],[-1.81550372 -0.20749835  0.00394309],[0.0210449  0.07168205 0.1025975 ]
0.4300024509,[-1.80301549  0.05324433  0.52333939],[-1.80948203 -0.11595062  0.00358281],[0.02664575 0.03775007 0.09262694]
0.5159780979,[-1.79928866  0.14712095  0.52246935],[-1.80437144 -0.02154005  0.00263246],[0.02445106 0.00532717 0.07338094]
0.6019732952,[-1.79588276  0.24309899  0.52153066],[-1.80029897  0.07427814  0.00199089],[0.0089398  0.04964506 0.03266615]
0.6879959106,[-1.79293967  0.34082706  0.52120862],[-1.79689627e+00  1.71837447e-01  1.77755373e-03],[0.0091015  0.0443301  0.03863286]
0.7739565372,[-1.7903364   0.44020174  0.52069787],[-1.79404099e+00  2.71640284e-01  1.18616772e-03],[0.01462449 0.0881325  0.02823995]
0.8599975109,[-1.78796809  0.54231424  0.52051358],[-1.79123336e+00  3.74636273e-01  9.00858395e-04],[0.00715218 0.0628383  0.02802275]
0.9459617138,[-1.78593647  0.64824848  0.5191651 ],[-1.78891136e+00  4.81261545e-01 -3.17641325e-04],[ 0.00391765  0.08180868 -0.00055771]
1.031977415,[-1.78393634  0.75899494  0.51927572],[-1.78697649e+00  5.92932430e-01 -1.29267080e-03],[ 0.00068861  0.32142081 -0.00800005]
1.117987156,[-1.78177457  0.8832169   0.56113212],[-1.7835451   0.73277041 -0.01137888],[0.00566113 0.74343209 0.14014448]
1.204002857,[-1.77995591  1.04624568  0.69925216],[-1.78112917  0.91380519 -0.0127841 ],[ 0.04491887  1.15911704 -0.02784317]
1.289992571,[-1.7779076   1.27084166  0.935374  ],[-1.78026376  1.24709126  0.00915396],[ -0.3954187  -10.92991034   0.27620026]
1.376007318,[-1.77414684  1.41355045  1.15421742],[-1.77699717  1.6132012   0.32334248],[ 0.31037686 -3.18653861 -0.38163385]
1.461998463,[-1.77353906  1.58913353  1.31638411],[-1.77780266  1.77314874  0.57330332],[-0.08567593 -1.88913288  0.09073728]
1.547960997,[-1.77080144  1.7883893   1.41833256],[-1.77979344  1.79492865  0.76704437],[-0.20678854 -1.14714432 -0.14914219]
1.633973598,[-1.76442903  1.97422121  1.47364366],[-1.77455515  1.93744798  0.90375853],[-0.25609766  5.43726041 -0.22293241]
1.719982624,[-1.75875973  2.11175321  1.52981857],[-1.76941237  2.01632785  0.97365746],[0.09362463 1.971811   0.16087482]
1.805972576,[-1.7550687   2.22158627  1.58463662],[-1.76086859  2.10208947  0.99769586],[-0.14466759  1.94145276  0.12023127]
1.891962051,[-1.75125429  2.34888547  1.60462623],[-1.75133643  2.22252347  0.99861161],[-0.10568022  0.58004213  0.10570813]
1.977971315,[-1.74662546  2.485209    1.59097567],[-1.74228639  2.34529047  0.99541924],[-0.05441529  0.68100217  0.0994433 ]
2.063969851,[-1.74381759  2.63330522  1.56402424],[-1.73711383  2.47139714  0.99651115],[ 0.33077397 -0.13691888  0.62457033]
2.149975777,[-1.74441545  2.78226805  1.5459665 ],[-1.73309061  2.62173618  0.99486398],[0.32706977 0.02524175 0.29115454]
2.23596859,[-1.744801    2.93457474  1.53412378],[-1.73950981  2.77539874  0.99338135],[ 0.12270432 -0.03606006 -0.07293586]
2.321980715,[-1.74346989  3.08871715  1.52797319],[-1.74421751  2.93000328  0.9921736 ],[ 0.02960027  0.11130592 -0.10306282]
2.407976866,[-1.7408155   3.24175537  1.52509907],[-1.74754846  3.08300801  0.99178967],[ 0.00685873  0.28405143 -0.1539112 ]
2.493973494,[-1.73535095  3.39219726  1.5214282 ],[-1.74826218  3.23107642  0.98992282],[-0.18867779  0.02118123 -0.43533118]
2.579971075,[-1.72750317  3.53866912  1.51853769],[-1.74292233  3.37684841  0.98733801],[-0.18456504 -0.03495147 -0.22439521]
2.665972233,[-1.72013358  3.68144376  1.51869615],[-1.73161595  3.51736373  0.98782681],[-0.00776893  0.18728965  0.1555005 ]
2.751968622,[-1.71450865  3.81720233  1.517145  ],[-1.72250455  3.65386782  0.98542982],[ 0.04079008 -0.14110853  0.10216974]
2.837977171,[-1.71005913  3.94537939  1.51813146],[-1.71591718  3.78573501  0.98464652],[ 0.03817113 -0.35319704  0.09760199]
2.923972845,[-1.70543753  4.07048728  1.52496408],[-1.71043094  3.92416203  0.98339149],[ 0.06423488 -0.65880707  0.05819997]
3.00998497,[-1.70086136  4.20237184  1.52899012],[-1.70690433  4.06810072  0.98219291],[ 0.0407444  -0.40210423  0.02935096]
3.095970392,[-1.69546916  4.3488018   1.5260121 ],[-1.70303569  4.22586404  0.97925346],[ 0.07679152 -0.08076483 -0.00412852]
3.181973934,[-1.68940222  4.51116814  1.5205908 ],[-1.69960748  4.3892039   0.98105574],[ 0.06986266 -0.1115219  -0.00639073]
3.267966986,[-1.68081929  4.68956242  1.51481664],[-1.69444998  4.56511029  0.97344174],[0.09813549 0.69092503 0.03356443]
3.353968143,[-1.67258433  4.87023798  1.45103169],[-1.69223793  4.86095969  0.74998408],[ 0.10204113 -0.63966921 -0.01463051]
3.43996048,[-1.66266479  5.07628121  1.32776574],[-1.69045005  5.16095865  0.42344035],[ 0.11463891 -0.9887827  -0.07225123]
3.525992393,[-1.65605313  5.22702679  1.07628715],[-1.68729154  5.40392485  0.06772835],[ 1.29016662 16.10901141 -0.86791056]
3.611975193,[-1.64632961  5.40925     0.83628705],[-1.68640176  5.39451152 -0.02243696],[ 0.51083264  4.59142567 -0.20976466]
3.698011637,[-1.62904701  5.57613803  0.6680669 ],[-1.67935227  5.43857548 -0.02554398],[ 0.22690176  2.46065207 -0.11331921]
3.783958435,[-1.60144448  5.74158357  0.57245886],[-1.66337291  5.60054862 -0.02299037],[ 0.18341468 -0.14986338 -0.39422583]
3.869991541,[-1.56104646  5.90592604  0.51114274],[-1.63914844  5.76235951 -0.01964416],[-0.78826992 -1.01805693 -1.61581268]
3.955993176,[-1.51356023  6.05980024  0.4933107 ],[-1.59069289  5.90748908 -0.0165352 ],[-0.7758225   0.05104429 -0.42881319]
4.041977167,[-1.4729077   6.21056276  0.50186445],[-1.52453059  6.03583587 -0.01051501],[-0.39880489  0.0529874   0.66462221]
4.127970219,[-1.44077539  6.35686784  0.51122419],[-1.46626068e+00  6.16889496e+00 -5.73508855e-03],[-0.16391694  0.03819869  0.60158378]
4.213973761,[-1.41718116  6.49855163  0.50993671],[-1.42070791e+00  6.30625586e+00 -5.06196485e-03],[-0.13308417 -0.10442811  0.50230661]
4.299972773,[-1.40398395  6.63841012  0.50800467],[-1.38738021e+00  6.44297037e+00 -3.76054549e-03],[-0.07483876 -0.04404805  0.50606921]
4.385972738,[-1.40289105  6.77490875  0.50908256],[-1.36648480e+00  6.57765707e+00 -9.00006343e-04],[-0.04302941 -0.06213233  0.59053765]
4.471971989,[-1.41381067  6.90967614  0.51030474],[-1.35625218e+00  6.71370252e+00  1.73251616e-03],[-0.02701717 -0.09774295  0.62924547]
4.557968616,[-1.439525    7.04089891  0.51046533],[-1.35974192e+00  6.84980372e+00  3.08100805e-03],[ 0.00566267 -0.150652    0.68480894]
4.643967867,[-1.47836671  7.1695565   0.51155577],[-1.37786489e+00  6.98734045e+00  4.81670157e-03],[ 0.05548315 -0.14511447  0.75100879]
4.729968309,[-1.52872423  7.29493174  0.51288052],[-1.41066888e+00  7.12493267e+00  5.86612540e-03],[ 0.07826831 -0.16463211  0.78888324]
4.815977573,[-1.59441094  7.41565884  0.51258077],[-1.45995336e+00  7.25943259e+00  6.16119485e-03],[ 0.09051972 -0.21603243  0.73735994]
4.901973724,[-1.67278482  7.53146516  0.51321092],[-1.52507808e+00  7.38978932e+00  7.14910745e-03],[ 0.08170372 -0.11433579  0.68119897]
4.987973928,[-1.76201645  7.6396393   0.51339124],[-1.60369157e+00  7.51430936e+00  7.04142190e-03],[ 0.06100512 -0.18595927  0.65335757]
5.073971033,[-1.86294624  7.73814569  0.51335386],[-1.69637767e+00  7.63107256e+00  6.19772190e-03],[ 0.07351013 -0.2657966   0.67953131]
5.159972429,[-1.97391053  7.82579297  0.51199928],[-1.80017128e+00  7.73788235e+00  4.51186195e-03],[ 0.06658195 -0.18297969  0.67230799]
5.245970011,[-2.09440889  7.90440097  0.51139313],[-1.91471797e+00  7.83469591e+00  3.73025156e-03],[ 0.05784266 -0.11702467  0.66955307]
5.331974745,[-2.22427098  7.97017693  0.51178359],[-2.04024651e+00  7.91947358e+00  3.36631868e-03],[ 0.07367612 -0.12899311  0.68752023]
5.417978525,[-2.36171065  8.02526267  0.51170177],[-2.17502096e+00  7.99318095e+00  2.77605771e-03],[ 0.06733284 -0.13627821  0.69568006]
5.503973722,[-2.5068745   8.06599377  0.5117691 ],[-2.32145253e+00  8.05438855e+00  1.34790661e-03],[ 0.08201936 -0.22896887  0.72676425]
5.589974165,[-2.65929763  8.08871881  0.51026146],[-2.47744032e+00  8.09898439e+00 -2.20147190e-04],[ 0.12736817 -0.18239297  0.76858277]
5.675976038,[-2.81828762  8.09466566  0.50991748],[-2.64305487e+00  8.12551035e+00 -7.11315699e-04],[ 0.17519412 -0.2395139   0.78830727]
5.761976719,[-2.98477519  8.08584931  0.50940705],[-2.81498579e+00  8.13387941e+00 -9.41702033e-04],[ 0.24015874 -0.11863383  0.80545885]
5.847971678,[-3.15451722  8.06775544  0.51054989],[-2.99360875e+00  8.12905290e+00 -2.66605692e-03],[ 0.28504562 -0.03211556  0.72895634]
5.933971643,[-3.32369639  8.03646982  0.51195395],[-3.16737323e+00  8.10711964e+00 -2.20052674e-03],[0.24482496 0.06281039 0.5179918 ]
6.019975424,[-3.48330335  7.9986732   0.50850382],[-3.33057036e+00  8.07380718e+00 -3.75565149e-03],[ 0.19134056 -0.0351831   0.40886402]
6.105970144,[-3.63342561  7.95532952  0.49830103],[-3.48353547e+00  8.03082563e+00 -5.78816609e-03],[-0.02348762 -0.52369045 -0.04186997]
6.191972971,[-3.76791385  7.9096706   0.48464631],[-3.62161562  7.9856011  -0.01124721],[-0.0483735  -0.68284971  0.21084308]
6.277970791,[-3.88606769  7.85705498  0.48830304],[-3.74523193  7.94284724 -0.01070725],[0.05071331 0.0822685  0.57447478]
6.363958597,[-3.98874094  7.79918461  0.49001564],[-3.85814886  7.89613851 -0.01162611],[ 0.04292212 -0.15306653  0.58733124]
6.449999094,[-4.07979795  7.73478747  0.49152025],[-3.95879912  7.84215488 -0.01113615],[0.06584626 0.38528555 0.5478703 ]
6.535998583,[-4.15985541  7.66627381  0.49324616],[-4.0500057   7.78313217 -0.01071869],[ 0.03301471 -0.01882267  0.53679371]
6.621977091,[-4.23108462  7.58923728  0.49430918],[-4.13401756  7.71538081 -0.01121873],[0.06792182 0.01446446 0.62126605]
6.707962275,[-4.29332853  7.50933533  0.49542108],[-4.2111851   7.64301793 -0.0114175 ],[ 0.06981857 -0.10431136  0.65088172]
6.793997526,[-4.34706926  7.42393569  0.49558057],[-4.28086313  7.56454529 -0.01186964],[ 0.10760145 -0.09567136  0.71569956]
6.879997253,[-4.39192836  7.32826116  0.49580069],[-4.34266742  7.47434477 -0.01248298],[ 0.1450633  -0.1310718   0.76538661]
6.965972424,[-4.42961928  7.23192118  0.49642596],[-4.39539037  7.38207211 -0.01258971],[ 0.16972319 -0.08318833  0.75076625]
7.051967859,[-4.45899261  7.129338    0.49721665],[-4.43799277  7.28285822 -0.01245323],[ 0.20744029 -0.09358951  0.72279449]
7.137969732,[-4.4818262   7.02408918  0.4993478 ],[-4.47068408  7.17970769 -0.01129919],[ 0.17144271 -0.03466102  0.49345051]
7.223998547,[-4.49876218  6.91325601  0.50105312],[-4.49440843  7.06960654 -0.01063024],[0.16176593 0.05512259 0.37277114]
7.309978008,[-4.51286713  6.79718336  0.50241575],[-4.51249458  6.95445136 -0.00995124],[0.1469362  0.03494814 0.30859229]
7.395972729,[-4.52438117  6.6747925   0.50351015],[-4.52603169  6.83252924 -0.00958   ],[0.11191042 0.02744323 0.21229815]
7.481974125,[-4.53408868  6.54602621  0.5041814 ],[-4.5357391   6.70509743 -0.00902221],[0.05727513 0.05140274 0.093491  ]
7.567973137,[-4.54102285  6.41090956  0.50468429],[-4.54263459  6.56980284 -0.00902221],[0.04063765 0.06257315 0.07390279]
7.653967619,[-4.54671164  6.26966732  0.5049381 ],[-4.54892667  6.42856169 -0.0089404 ],[0.03520131 0.1575164  0.06722883]
7.73997283,[-4.55086784  6.12293855  0.5062531 ],[-4.55352637  6.28349621 -0.0070472 ],[0.0251691  0.21159227 0.05457478]
7.825972557,[-4.55451598  5.97270738  0.50735044],[-4.55782609e+00  6.13448291e+00 -5.78460405e-03],[0.02821616 0.14338132 0.05638978]
7.911971569,[-4.55694856  5.82037565  0.50821247],[-4.56092646e+00  5.98320549e+00 -4.50969592e-03],[0.02942731 0.10063464 0.05956412]
7.997973442,[-4.55797354  5.66639078  0.50894405],[-4.56187087e+00  5.83029680e+00 -3.59682337e-03],[0.03778003 0.10362253 0.06128836]
8.083965778,[-4.5594519   5.51202545  0.50875887],[-4.56313676e+00  5.67547910e+00 -4.45146021e-03],[0.03258283 0.07459144 0.03602922]
8.169995785,[-4.55970299  5.35635971  0.50840951],[-4.56254504e+00  5.51955224e+00 -5.23788335e-03],[0.03717121 0.13651301 0.01872884]
8.255959749,[-4.56129745  5.20060483  0.50878454],[-4.56289731e+00  5.36435042e+00 -4.93008265e-03],[0.03114166 0.14618122 0.01123352]
8.341962814,[-4.56213548  5.04433898  0.50994152],[-4.56223745e+00  5.20862509e+00 -4.23386878e-03],[0.03457472 0.11670326 0.00073922]
8.427999258,[-4.56570034  4.88859535  0.51076791],[-4.56329939e+00  5.05333557e+00 -3.82012981e-03],[ 0.0349627   0.08212626 -0.02363293]
8.513972759,[-4.57096014  4.73261065  0.51221337],[-4.56507721e+00  4.89933564e+00 -2.26161606e-03],[ 0.01994715  0.09074941 -0.0516825 ]
8.599992514,[-4.57542891  4.57501213  0.51306547],[-4.56691783e+00  4.74224262e+00 -1.82853129e-03],[-0.00291744  0.10790212 -0.08379457]
8.686001539,[-4.58144088  4.41624947  0.51349668],[-4.57051113e+00  4.58339819e+00 -1.61909850e-03],[-0.01777281  0.12446125 -0.0804615 ]
8.771997452,[-4.58859499  4.255686    0.5145419 ],[-4.57564737e+00  4.42379955e+00 -3.28302237e-04],[-0.02570622  0.14841392 -0.09471076]
8.858003616,[-4.59780366  4.09374194  0.51543735],[-4.58324587e+00  4.26155768e+00  1.86444162e-04],[-0.03751708  0.12387573 -0.09480726]
8.943967581,[-4.60790147  3.92957934  0.51617601],[-4.59263701e+00  4.09648340e+00  4.39651277e-04],[-0.03960265  0.1492598  -0.07469433]
9.029995203,[-4.61910121  3.76306346  0.51675922],[-4.60389825e+00  3.92984199e+00  2.64701480e-04],[-0.04855904  0.16227497 -0.04118414]
9.115973234,[-4.63087427  3.59325257  0.51681995],[-4.61649779e+00  3.75969675e+00 -2.27798963e-04],[-0.03361661  0.15353007  0.00378044]
9.201963902,[-4.6427973   3.4215271   0.51748951],[-4.62968251e+00  3.58817214e+00  6.97792952e-04],[-0.00888511  0.16520358  0.00048001]
9.287998438,[-4.6542436   3.25099554  0.51756665],[-4.64234232e+00  3.41694743e+00  6.98174911e-04],[-0.00908719  0.09577471  0.02101964]
9.374006271,[-4.66561916  3.08286314  0.51757204],[-4.65479348e+00  3.24818638e+00  8.20069270e-04],[0.00089041 0.1265472  0.02333984]
9.460002661,[-4.6766734   2.91830628  0.51786541],[-4.66626352e+00  3.08424325e+00  1.88236951e-03],[0.00835696 0.11810483 0.02317522]
9.546000719,[-4.68742975  2.7568199   0.51775559],[-4.67725534e+00  2.92318009e+00  2.42566873e-03],[0.00731019 0.05946234 0.01374707]
9.632006168,[-4.69785928  2.59929293  0.5174718 ],[-4.68768722e+00  2.76644894e+00  3.22192435e-03],[0.00079858 0.14330312 0.00426489]
9.718006849,[-4.70781689  2.44430008  0.51872753],[-4.69767304  2.61261417  0.00500048],[-0.00873681  0.13711626 -0.0010691 ]
9.803997517,[-4.71768201  2.28993803  0.5186002 ],[-4.70784696e+00  2.45741794e+00  4.55045625e-03],[-0.01746894  0.09018283 -0.00802523]
9.890002012,[-4.72702891  2.13536695  0.51934071],[-4.71771979  2.30232119  0.00508827],[-0.01957448  0.05931901 -0.01591083]
9.97596097,[-4.73645489  1.97951217  0.51929996],[-4.72808745  2.14554125  0.00474744],[-0.02252985  0.05023295 -0.00137586]
10.06196404,[-4.74473232  1.82148218  0.51899849],[-4.73816460e+00  1.98618353e+00  4.06573660e-03],[-0.01863421  0.11032689  0.03122128]
10.1479795,[-4.75197004  1.66165233  0.51960471],[-4.74768911e+00  1.82585623e+00  4.57804100e-03],[-0.00752961  0.09323023  0.07169045]
10.23400545,[-4.75837475  1.4999095   0.52032742],[-4.75598289  1.66415414  0.00528427],[0.00454063 0.10846795 0.07073584]
10.3199687,[-4.76328016  1.33607223  0.52102826],[-4.76263436  1.49974819  0.00576106],[0.01070893 0.12909492 0.06652481]
10.40599322,[-4.76745846  1.17025607  0.52285787],[-4.76789788  1.33361808  0.0073003 ],[0.00936896 0.09054565 0.04453297]
10.4919982,[-4.77077092  1.00226199  0.52356648],[-4.77206262  1.16555387  0.00778194],[-0.00060601  0.10392724  0.04849223]
10.5779686,[-4.77303368  0.83181956  0.5242129 ],[-4.77522238  0.99521331  0.00835594],[0.00502551 0.14750438 0.03777508]
10.66397524,[-4.7742269   0.66052099  0.52589729],[-4.77758085  0.82545787  0.01051668],[0.02744027 0.15904071 0.08130983]
10.74998474,[-4.77419222  0.4899326   0.52700497],[-4.77828199  0.65559059  0.01184186],[0.03820428 0.10599238 0.07051299]
10.83596563,[-4.77337768  0.32210823  0.52832984],[-4.77756967  0.48826665  0.01311398],[0.0481558  0.11451069 0.05702031]
10.92199755,[-4.77191702  0.15822715  0.52837433],[-4.77627775  0.32367886  0.01358843],[-0.13140072 -0.00975318 -0.18318158]
11.00796533,[-4.77247187e+00 -1.32442229e-03  5.25706369e-01],[-4.77298682  0.1599652   0.01368743],[-0.36543483  0.04532197 -0.57888056]
11.09399533,[-4.77096253 -0.15365736  0.52492936],[-4.77880852e+00  2.76584209e-03  1.49956561e-02],[-0.21087863  0.12524252  0.16423112]
11.17995882,[-4.76308365 -0.29921661  0.5274547 ],[-4.78693141 -0.1453357   0.01760707],[-0.12759753  0.07672717  0.26523391]
11.26599169,[-4.74873399 -0.43876337  0.52776907],[-4.78768623 -0.29026683  0.01793161],[-0.14129137  0.04044832  0.29164895]
11.35199261,[-4.72617345 -0.57234047  0.52803377],[-4.78211178 -0.43031319  0.01916137],[-0.10126056 -0.01084959  0.42590946]
11.43799949,[-4.69431598 -0.70119473  0.52851899],[-4.76877049 -0.56778751  0.01962974],[-0.06594931 -0.03045213  0.52372681]
11.52399611,[-4.65211377 -0.82665044  0.52869181],[-4.74556877 -0.70395297  0.02002936],[-0.03446634 -0.11208714  0.59032905]
11.60995722,[-4.59733219 -0.9483362   0.52964078],[-4.70982592 -0.83882589  0.02089548],[-0.00345243 -0.08568125  0.67635736]
11.69596338,[-4.52964598 -1.0654038   0.5323266 ],[-4.66058377 -0.97079541  0.02347004],[ 0.02376007 -0.13035224  0.71978314]
11.78198385,[-4.44903176 -1.17721944  0.5345944 ],[-4.59609515 -1.10035692  0.02488646],[ 0.06103573 -0.16338642  0.7478893 ]
11.86799622,[-4.35625024 -1.28185774  0.53444621],[-4.51629915 -1.22349852  0.02508839],[ 0.08525362 -0.19484386  0.75185903]
11.95399141,[-4.25184287 -1.37812458  0.53515632],[-4.42191404 -1.33832546  0.02605552],[ 0.07064048 -0.1238104   0.69097591]
12.03996897,[-4.13602303 -1.46439323  0.53471143],[-4.31335202 -1.44436884  0.02530686],[ 0.08580278 -0.23494928  0.70151462]
12.12599468,[-4.01031107 -1.53964876  0.53399698],[-4.19258517 -1.5400615   0.02458535],[ 0.08204838 -0.17594209  0.68534496]
12.21197248,[-3.87524576 -1.60242608  0.53394662],[-4.06076939 -1.62338918  0.02480641],[ 0.06625954 -0.17164254  0.69115806]
12.2979672,[-3.73241139 -1.65193043  0.53370708],[-3.91701387 -1.69417203  0.02383559],[ 0.09352582 -0.21086154  0.73428934]
12.38400054,[-3.58197288 -1.6877575   0.53434487],[-3.76233868 -1.74980128  0.0231444 ],[ 0.14431417 -0.21224351  0.76351527]
12.46999526,[-3.42266045 -1.70999184  0.53541156],[-3.5985464  -1.78874701  0.02316092],[ 0.1813242  -0.25462307  0.78035722]
12.55599666,[-3.2559775  -1.71814489  0.53654291],[-3.42557614 -1.80990122  0.02301178],[ 0.2195543  -0.11968584  0.75490041]
12.641994,[-3.08761032 -1.71190872  0.53933703],[-3.25148524 -1.81193582  0.02498377],[ 0.27211354 -0.00139442  0.70372958]
12.72796035,[-2.92255862 -1.69310724  0.54088561],[-3.0811014  -1.7967389   0.02543814],[0.2941753  0.07201319 0.62261433]
12.81399727,[-2.76422191 -1.66506025  0.53709486],[-2.92046071 -1.76878922  0.02809236],[ 0.15899385 -0.21032059  0.34651243]
12.89999652,[-2.61834363 -1.63168677  0.52685439],[-2.77267635 -1.73281273  0.02687499],[ 0.09764488 -0.15522219  0.22282506]
12.98595858,[-2.49330265 -1.59317897  0.52339291],[-2.64524173 -1.69717171  0.0266954 ],[0.0849172  0.09000885 0.30194647]
13.07198596,[-2.38709527 -1.55146084  0.52655669],[-2.53442794 -1.66124604  0.02682593],[ 0.0795022  -0.41869934  0.43170317]
13.15799928,[-2.29865119 -1.50746725  0.52895158],[-2.43908633 -1.62341559  0.02504855],[0.12819748 0.01483344 0.53589877]
13.24399447,[-2.22548172 -1.46158177  0.53217714],[-2.35899972 -1.58429172  0.02469389],[ 0.12103122 -0.16214981  0.54337005]
13.33000326,[-2.16452971 -1.41412034  0.53722778],[-2.2905689  -1.54378422  0.02401107],[0.13107732 0.63903888 0.53979106]
13.41597533,[-2.11272089 -1.36578071  0.53847296],[-2.23085073 -1.50153511  0.02299223],[ 0.14177739 -0.08834166  0.54773755]
13.50197339,[-2.06838744 -1.31677237  0.53959233],[-2.17846369 -1.4578707   0.02196866],[0.1223952  0.17273016 0.52202825]
13.58797073,[-2.02989327 -1.26680139  0.53919098],[-2.13206924 -1.41309034  0.02118546],[ 0.10896646 -0.24518071  0.50322436]
13.67397451,[-1.99670876 -1.2160212   0.53866222],[-2.09107425 -1.36719905  0.02041286],[ 9.69885301e-02 -4.47791234e-04  4.73015638e-01]
13.75997424,[-1.968224   -1.16506135  0.53866676],[-2.05480701 -1.32091353  0.02059712],[0.09622242 0.01500072 0.45461799]
13.84597039,[-1.94374526 -1.11453307  0.53758937],[-2.0224472  -1.27410728  0.01959853],[ 0.08733842 -0.01881481  0.42469846]
13.93197203,[-1.92369045 -1.06387677  0.53721304],[-1.99428647 -1.22720259  0.01934035],[0.0722285  0.01311466 0.37909336]
14.01797771,[-1.90602017 -1.01223715  0.53641289],[-1.9683728  -1.17845095  0.01851745],[0.067589   0.00195145 0.38606411]
14.10396743,[-1.89087478 -0.95807406  0.53544204],[-1.94483    -1.12666713  0.01745103],[0.06268205 0.00705323 0.36686611]
14.18997073,[-1.87687348 -0.90026357  0.53454406],[-1.92262135 -1.07005727  0.01638012],[0.0468255  0.03313642 0.33068994]
14.27597451,[-1.86406192 -0.83808344  0.53375234],[-1.90252346 -1.0088896   0.0153084 ],[0.05404018 0.00368262 0.31945753]
14.36197281,[-1.85203863 -0.77082507  0.53246926],[-1.88398085 -0.94170868  0.01391332],[0.04701193 0.03587533 0.27427405]
14.4479928,[-1.84105358 -0.69924625  0.53175013],[-1.86750555 -0.87045942  0.01303646],[ 0.04549479 -0.00602535  0.2332355 ]
14.53399062,[-1.83087349 -0.62386938  0.53008037],[-1.85293575 -0.7946171   0.01116053],[0.04271731 0.00385433 0.19451636]
14.61997676,[-1.82184937 -0.54517327  0.52963489],[-1.84020565 -0.7154871   0.01044778],[0.03617137 0.04093588 0.15966899]
14.705971,[-1.81351127 -0.4640689   0.52845337],[-1.82907043 -0.63339287  0.00883483],[0.02333471 0.05410062 0.10806684]
14.79200339,[-1.80600744 -0.38054541  0.52746148],[-1.81974021 -0.54986035  0.00778683],[0.00462136 0.03790659 0.08010871]
14.87800574,[-1.79928891 -0.29497693  0.52665135],[-1.81088681 -0.46424054  0.00708685],[0.01390405 0.08573949 0.09270254]
14.96396828,[-1.79366211 -0.20713893  0.52539344],[-1.80309199 -0.37603146  0.00573046],[0.01960571 0.05542145 0.10468767]
15.04999733,[-1.78868945 -0.11681208  0.52410339],[-1.79617452 -0.28595198  0.00497173],[0.02574263 0.03695498 0.11077491]
15.13600302,[-1.78445231 -0.02369367  0.52283481],[-1.79011573 -0.19193661  0.00366019],[0.03469829 0.07511963 0.10136483]
15.22200513,[-1.78096974  0.0721983   0.52197102],[-1.78557261 -0.09645151  0.0034704 ],[0.01528265 0.06813547 0.05479334]
15.30796909,[-1.77791453  0.16924351  0.52203514],[-1.78202612e+00  8.42461029e-04  3.46816392e-03],[0.00665179 0.10170889 0.02117057]
15.39397836,[-1.7751569   0.26666448  0.52129082],[-1.77899445  0.09868747  0.00257346],[0.0126982  0.05225551 0.02303362]
15.4800036,[-1.77255982  0.3649096   0.52074003],[-1.77631078  0.19744188  0.00198894],[0.00786373 0.04687205 0.0232637 ]
15.56596184,[-1.77009398  0.46500674  0.51970086],[-1.77366555e+00  2.98735506e-01  6.06846270e-04],[0.01078148 0.005277   0.01417887]
15.65199709,[-1.7673985   0.56863392  0.51906621],[-1.77140381e+00  4.02330911e-01  2.46126321e-04],[ 0.00302633  0.07629837 -0.02204035]
15.73799396,[-1.7647346   0.676781    0.51864441],[-1.76893463e+00  5.10501875e-01 -1.81082694e-04],[-0.01396421  0.07885097 -0.02018333]
15.82395864,[-1.76181223  0.79046198  0.52280119],[-1.76611721  0.62526638 -0.00321291],[ 0.04370211  0.26593257 -0.03587055]
15.90997076,[-1.75927555  0.922111    0.59197378],[-1.76123111  0.78060211 -0.01043868],[0.11434485 1.2193951  0.07164325]
15.99597454,[-1.75568443  1.10547928  0.76734074],[-1.75708134  0.99272999 -0.00945853],[ 0.09020876  0.96518825 -0.16287533]
16.08197212,[-1.75141929  1.28553774  1.01015608],[-1.75249121  1.37642698  0.08739912],[-0.03313615  2.8044735   0.09675847]
16.16796827,[-1.74879026  1.43843746  1.23098651],[-1.74651775  1.66893367  0.43778334],[ 0.10210448 -3.31305112 -0.16486332]
16.25397491,[-1.74635482  1.62341987  1.38687987],[-1.74561629  1.76784195  0.65189472],[ 0.17776042 -3.02936435 -0.0277239 ]
16.33997273,[-1.74197674  1.82206246  1.48208028],[-1.74616779  1.7743941   0.85583482],[-0.11658873 -0.84066898 -0.1050204 ]
16.42598009,[-1.73448792  2.01253556  1.51650764],[-1.73621315  1.96544866  0.92850528],[-0.29797898  0.5344603  -0.29654516]
16.51198912,[-1.72890959  2.17473494  1.54336292],[-1.73104355  2.06681972  0.98851219],[-0.36317562  2.13645212 -0.28745427]
16.59797049,[-1.72796438  2.33274509  1.55964452],[-1.71914116  2.20220723  0.98995753],[0.43282748 1.80900374 0.75938881]
16.68397498,[-1.72935188  2.49687685  1.56256692],[-1.71715914  2.34472205  0.99155892],[0.38511787 1.04226025 0.32089602]
16.76996899,[-1.7299336   2.66320444  1.55322015],[-1.72489376  2.50348273  0.98947125],[ 0.20259415  0.52534554 -0.08615649]
16.85597205,[-1.72767889  2.82839975  1.54007516],[-1.73125658  2.66728788  0.98852819],[ 0.06532417 -0.13529604 -0.22852562]
16.94197154,[-1.72348676  2.99231451  1.52955663],[-1.73491444  2.83267199  0.98798028],[ 0.03327685  0.0576606  -0.20144435]
17.02796984,[-1.71604868  3.15205645  1.52345875],[-1.73338017  2.99322834  0.98744471],[-0.03596779  0.03201942 -0.20826464]
17.11397457,[-1.70570458  3.30782984  1.52086928],[-1.72703961  3.14875512  0.98792185],[-0.1323196   0.09993606 -0.35430563]
17.19997168,[-1.69241541  3.45859876  1.5198369 ],[-1.7175969   3.29810602  0.98774214],[-0.22556656  0.03258651 -0.42675723]
17.28598547,[-1.67823048  3.60322813  1.51961595],[-1.70164852  3.43944204  0.98752886],[-0.14239283  0.08608186 -0.04706896]
17.37196636,[-1.66686951  3.74196491  1.52039248],[-1.68203682  3.57528561  0.98843353],[0.07478738 0.10772925 0.30610478]
17.45799804,[-1.65769762  3.87187605  1.51994621],[-1.66781888  3.70561232  0.98822767],[ 0.00521676 -0.00746403  0.1372264 ]
17.54399276,[-1.64981785  3.9962206   1.52334278],[-1.65703934  3.83820316  0.98746775],[ 0.04899343 -0.6942291   0.13501895]
17.62999558,[-1.64318881  4.12113836  1.53066057],[-1.64780272  3.97888415  0.98575139],[ 0.06957288 -0.31016919  0.10470383]
17.71599817,[-1.63650057  4.25449815  1.53213233],[-1.6412762   4.12326185  0.9860543 ],[ 0.05923425 -0.23219385  0.09174186]
17.80199742,[-1.62935214  4.40553873  1.53016846],[-1.63491053  4.2840946   0.98471201],[ 0.05561748 -0.26759685  0.06769434]
17.88800263,[-1.62125424  4.57090712  1.52525864],[-1.6298442   4.44745061  0.98610139],[0.11540763 0.1196763  0.06510793]
17.97399902,[-1.6118055   4.74920248  1.5100194 ],[-1.62592008  4.64015102  0.94037715],[0.12522951 0.54124194 0.03942716]
18.06001282,[-1.60228966  4.92827637  1.41221128],[-1.62777168  4.93655291  0.66632114],[ 0.21653793 -0.76862796 -0.02661996]
18.14599276,[-1.59234269  5.13399849  1.25096145],[-1.63030307  5.28361159  0.26275619],[ 0.03332416 -4.57159775 -0.02261885]
18.23197699,[-1.58428358  5.30254845  0.99547703],[-1.62526876  5.37510389 -0.01091238],[  0.05533287 -47.28672872   0.09058937]
18.31797695,[-1.57363977  5.43263103  0.78425485],[-1.6298711   5.37872901 -0.04521098],[ 1.21247363  2.54690245 -0.17964515]
18.40397763,[-1.55480548  5.59541677  0.62904884],[-1.62490075  5.45399571 -0.0635278 ],[ 0.69363789 -0.12715812 -0.14177715]
18.4899714,[-1.51505071  5.76183297  0.53741851],[-1.60571681  5.62574772 -0.06237109],[-0.15507684 -1.41484782 -0.90321244]
18.57598233,[-1.4593787   5.91654589  0.47174741],[-1.56772879  5.79116326 -0.06609245],[-0.9206283  -1.16679175 -2.02976539]
18.66197133,[-1.39435053  6.06419024  0.45688603],[-1.50182106  5.93450907 -0.05438933],[-0.80922764 -0.51234278 -0.653718  ]
18.7479763,[-1.33301183  6.20966982  0.47486439],[-1.41489408  6.05164165 -0.03968781],[-0.40926086  0.34928465  0.62322328]
18.83397484,[-1.28108337  6.35088154  0.48970906],[-1.33587705  6.17156629 -0.02918841],[-0.11090497 -0.01542663  0.68553316]
18.91997266,[-1.23652654  6.48956351  0.49789187],[-1.26843318  6.30201112 -0.017899  ],[-0.08332746 -0.2810639   0.55140685]
19.00597286,[-1.20264298  6.62633817  0.50256465],[-1.21415175  6.43455565 -0.00881734],[-0.04492875 -0.21222213  0.54253297]
19.0919714,[-1.18029611  6.75996564  0.51214725],[-1.17311595e+00  6.56509555e+00  2.05563138e-03],[-0.05048582 -0.05398858  0.523129  ]
19.17797017,[-1.17035786  6.89167571  0.52008551],[-1.14415489  6.69495487  0.01079837],[-0.03604309 -0.07231166  0.57131701]
19.26397181,[-1.17214207  7.02423912  0.52747963],[-1.12568224  6.8279707   0.01946698],[-0.01579721 -0.13997122  0.63533721]
19.34997177,[-1.18901332  7.15287882  0.53073531],[-1.12113773  6.95918683  0.02428621],[-0.00546717 -0.08976886  0.66638087]
19.43597436,[-1.21875153  7.28122197  0.53608117],[-1.13010956  7.09316041  0.03110605],[ 0.01515007 -0.10629158  0.71276117]
19.52197599,[-1.2634097   7.40374642  0.53637578],[-1.15458496  7.22607678  0.03128658],[ 0.04386994 -0.18834132  0.76807881]
19.60797334,[-1.32194643  7.52382209  0.54030072],[-1.19481127  7.36067606  0.03464229],[ 0.06911769 -0.20496384  0.78376676]
19.6939714,[-1.39586454  7.6348625   0.53751952],[-1.2520168   7.48808154  0.03210834],[ 0.08451154 -0.22446275  0.80764056]
19.77997088,[-1.48184626  7.7388834   0.5336128 ],[-1.32476638  7.60966752  0.02849393],[ 0.12374842 -0.28438009  0.82188772]
19.86596775,[-1.57988917  7.83614417  0.53298977],[-1.41324865  7.7269362   0.02730287],[ 0.11823035 -0.22002689  0.76402603]
19.95197153,[-1.68861693  7.92076995  0.52860663],[-1.51531377  7.8307899   0.02236906],[ 0.09566173 -0.15616951  0.66652469]
20.03796911,[-1.80668491  7.99686081  0.52794817],[-1.62859047  7.92533147  0.02126157],[ 0.08976911 -0.18450679  0.68502284]
20.1239686,[-1.93141319  8.06106664  0.52262599],[-1.75029318  8.00880781  0.01570575],[ 0.07100272 -0.17853923  0.67881404]
20.20996904,[-2.06495416  8.11203125  0.52007043],[-1.88117647  8.07836957  0.01396277],[ 0.05058924 -0.10836741  0.66253549]
20.29597497,[-2.20263776  8.1496455   0.51661447],[-2.01736651  8.13458     0.01095529],[ 0.07552169 -0.1493848   0.70021359]
20.38197565,[-2.3467246   8.17134233  0.51400822],[-2.16280399  8.17761157  0.00822875],[ 0.12756589 -0.24438976  0.80381021]
20.46797037,[-2.49762514  8.17815057  0.51274686],[-2.32022479e+00  8.20593068e+00  5.28991729e-03],[ 0.21999293 -0.22356596  0.8760818 ]
20.55397272,[-2.65338675  8.17208411  0.51100942],[-2.48536800e+00  8.21798874e+00  1.39663083e-03],[ 0.31051392 -0.26271713  0.89156573]
20.6399765,[-2.81674206  8.15323214  0.51034779],[-2.65844020e+00  8.21166425e+00 -2.49186331e-03],[ 0.33083397 -0.03819568  0.7186212 ]
20.7259922,[-2.98176555  8.12585302  0.51088719],[-2.82815359e+00  8.19044866e+00 -4.42044564e-03],[0.29052158 0.04281416 0.51060843]
20.81197691,[-3.14409328  8.08980577  0.5086919 ],[-2.99065744e+00  8.15693827e+00 -6.63624720e-03],[0.1820634  0.1599122  0.23998721]
20.89797187,[-3.30204088  8.04791538  0.50552665],[-3.14703403  8.11504854 -0.00824969],[0.09908449 0.14995548 0.05901831]
20.98396945,[-3.45203411  8.00474423  0.50496696],[-3.29657743  8.07202894 -0.00851464],[0.05826847 0.09533027 0.1093994 ]
21.06996942,[-3.59503334  7.95827804  0.49531462],[-3.44116963  8.02610863 -0.00920644],[-0.0430703  -0.23967174 -0.09168173]
21.15597296,[-3.7232083   7.91157316  0.4848947 ],[-3.57296072  7.97983826 -0.01398732],[-0.08788552  0.08175077  0.08210367]
21.24196386,[-3.83555057  7.86235044  0.48959543],[-3.68769312  7.93824986 -0.01025486],[ 0.00769511 -0.13899543  0.38028842]
21.32800698,[-3.93279505  7.80990693  0.49051425],[-3.79296744  7.89575499 -0.01184902],[0.02877532 0.81001631 0.44911083]
21.41398096,[-4.01909272  7.75319938  0.49233921],[-3.88707088  7.84940379 -0.01173769],[0.04980759 0.28129741 0.49205151]
21.49997234,[-4.09670625  7.69309788  0.49459557],[-3.97387732  7.79941093 -0.01111018],[0.03262944 0.09504606 0.52021677]
21.58596873,[-4.1671712   7.62802398  0.49763212],[-4.05453213  7.74407747 -0.01033085],[ 0.06073002 -0.057185    0.55144846]
21.67197466,[-4.23051222  7.55907759  0.49657118],[-4.13039733  7.68325849 -0.01162175],[ 0.06209081 -0.43122004  0.5721251 ]
21.75897741,[-4.28787418  7.4842517   0.49779438],[-4.2011108   7.61558681 -0.01238787],[ 0.05609001 -0.02303806  0.57491098]
21.84997129,[-4.34110566  7.40001996  0.49836444],[-4.26866386  7.53869855 -0.01274256],[0.090357   0.58091401 0.63305113]
21.93596721,[-4.38598006  7.31542789  0.49853075],[-4.3272669   7.4602346  -0.01219912],[ 0.13162161 -0.14616506  0.67465547]
22.02201223,[-4.42526702  7.22563639  0.49967479],[-4.37907315  7.37559578 -0.01176494],[0.14421265 0.07050241 0.65929743]
22.10798025,[-4.45820997  7.13208697  0.49969031],[-4.42361238  7.28578076 -0.01180705],[ 0.16144573 -0.54775714  0.59322748]
22.19397092,[-4.48563665  7.03456912  0.50029214],[-4.46000191  7.19014373 -0.0117933 ],[ 0.10365942 -0.08352964  0.44609917]
22.27997231,[-4.5078794   6.93327196  0.50346443],[-4.48988431  7.09048804 -0.01038778],[ 0.10395232 -0.01512942  0.38267714]
22.36599684,[-4.52614539  6.82608657  0.50379061],[-4.5141884   6.98439945 -0.00950865],[0.10997765 0.30468562 0.32520151]
22.45198584,[-4.54227692  6.71253662  0.50671089],[-4.53458813  6.87105497 -0.00921709],[0.10065715 0.73788425 0.27556287]
22.53797102,[-4.55647394  6.59273183  0.50580708],[-4.55122431  6.75158409 -0.00904461],[ 0.11408031 -0.16986218  0.19644563]
22.62397718,[-4.56967141  6.46582927  0.50770987],[-4.56477855  6.62538255 -0.00821682],[0.04713796 0.31111326 0.0710926 ]
22.70997787,[-4.58088585  6.33298333  0.50622982],[-4.57620061  6.49259464 -0.00754362],[ 0.04302615 -0.83353623  0.07235926]
22.79600024,[-4.59117989  6.1940915   0.50614234],[-4.58690923  6.35367484 -0.00847045],[0.00451333 0.23376242 0.05222869]
22.88198638,[-4.59984928  6.04990278  0.50671446],[-4.59648955  6.21045043 -0.00778051],[ 0.01354712 -0.14248152  0.04652253]
22.96797109,[-4.60778849  5.90136559  0.50812124],[-4.60519232  6.06319961 -0.00649664],[0.01405036 0.92268607 0.05667508]
23.05397439,[-4.61483242  5.74980134  0.51062685],[-4.61346509e+00  5.91247760e+00 -5.45520090e-03],[0.00202458 0.44891641 0.04988554]
23.13997054,[-4.62040302  5.59564404  0.51047511],[-4.62059255e+00  5.75865110e+00 -4.99830854e-03],[0.0113717  0.20716371 0.05996115]
23.22597337,[-4.62521661  5.44047678  0.51156541],[-4.62692712e+00  5.60392708e+00 -4.65397695e-03],[-0.00603542 -0.03639052  0.06647443]
23.31198096,[-4.62820632  5.28498557  0.50897064],[-4.63145833  5.44785484 -0.00588906],[ 0.04246406 -0.24432365  0.09924214]
23.39796901,[-4.62998044  5.1294637   0.50943124],[-4.63439502  5.2925824  -0.00639791],[0.02113378 0.38589403 0.0588942 ]
23.48397088,[-4.63111855  4.97366544  0.5110315 ],[-4.63565595e+00  5.13740671e+00 -4.62166894e-03],[ 0.03644001 -0.0698019   0.06427243]
23.56997061,[-4.63155114  4.81631953  0.51188404],[-4.63546239e+00  4.98003693e+00 -4.35808828e-03],[0.02898054 0.1232547  0.0287139 ]
23.65596914,[-4.6321982   4.65815625  0.51297277],[-4.63536947e+00  4.82308683e+00 -2.94538615e-03],[0.01568051 0.17321827 0.01157731]
23.74195838,[-4.63155004  4.49855481  0.51382055],[-4.63414165e+00  4.66393345e+00 -2.16766618e-03],[0.01459534 0.13173665 0.00700203]
23.82797098,[-4.6309091   4.33770285  0.51410165],[-4.63279967e+00  4.50364078e+00 -1.82266043e-03],[0.01072528 0.15048563 0.00957604]
23.91397548,[-4.63006974  4.17535561  0.5146788 ],[-4.63133834e+00  4.34249452e+00 -8.41686319e-04],[0.01595927 0.14058883 0.0030655 ]
23.99996662,[-4.6292351   4.01134008  0.5156983 ],[-4.62999458e+00  4.17866820e+00 -1.16914902e-04],[0.01683133 0.16612331 0.00062186]
24.08599353,[-4.62914517  3.84553413  0.51573491],[-4.62888935e+00  4.01231523e+00 -6.35858512e-04],[0.01410943 0.18149821 0.00512828]
24.17199659,[-4.62936365  3.67722356  0.51612901],[-4.62781245e+00  3.84522765e+00 -3.10910548e-05],[ 0.02157691  0.13489226 -0.00415198]
24.25799656,[-4.63075348  3.50687755  0.51624213],[-4.62731125e+00  3.67588346e+00 -7.20773443e-06],[ 0.03264677  0.09768833 -0.00739738]
24.34499407,[-4.63265035  3.33565976  0.51648342],[-4.62706997e+00  3.50536340e+00  1.60908171e-04],[ 0.04392289  0.0962342  -0.01104933]
24.43096256,[-4.63655174  3.16522539  0.51771473],[-4.62769487e+00  3.33604788e+00  1.01804393e-03],[ 0.04777895  0.08789287 -0.02273374]
24.51697254,[-4.64146647  2.99726707  0.518139  ],[-4.62900164e+00  3.16824375e+00  9.81506385e-04],[ 0.04639631  0.10405456 -0.0534682 ]
24.60299897,[-4.64843526  2.83273491  0.51853606],[-4.63194061e+00  3.00492250e+00  2.18735144e-03],[-0.00824335  0.16408357 -0.1876761 ]
24.68899155,[-4.65800076  2.671157    0.51928099],[-4.63653056e+00  2.84285356e+00  3.11919784e-03],[-0.07362914  0.13466951 -0.24767614]
24.77497506,[-4.67005383  2.51077224  0.51997526],[-4.64629759e+00  2.68141920e+00  4.29697941e-03],[-0.08984415  0.15712044 -0.18848738]
24.86095786,[-4.68274988  2.35241369  0.52069468],[-4.65946152  2.5221488   0.0052235 ],[-0.07058006  0.14204696 -0.06565686]
24.94696426,[-4.69686619  2.19531197  0.52099075],[-4.67536136  2.36360314  0.00527596],[-0.05418857  0.08613209 -0.03208688]
25.03299308,[-4.71106734  2.03919635  0.52086512],[-4.69131180e+00  2.20541530e+00  4.62474436e-03],[-0.05812152  0.09929944 -0.02604521]
25.11898851,[-4.72541667  1.88311154  0.52107498],[-4.70782305  2.04853432  0.00476496],[-0.03969022  0.08795773  0.01298163]
25.20497417,[-4.73968676  1.72604943  0.52118374],[-4.72456583e+00  1.89029145e+00  4.53401249e-03],[-0.03189354  0.06740792  0.02540285]
25.29097223,[-4.75334284  1.5670758   0.52142056],[-4.74063642e+00  1.73030690e+00  4.51385308e-03],[-0.01781996  0.14135681  0.03822362]
25.37697887,[-4.76644345  1.40560107  0.52258228],[-4.75612911  1.56901042  0.00585778],[-0.01186374  0.09132124  0.05539494]
25.46297002,[-4.7783057   1.24180041  0.52324986],[-4.7706467   1.40400894  0.00609349],[-0.0110804   0.0651152   0.05750285]
25.54899716,[-4.789784    1.07533318  0.52467677],[-4.78422913  1.23682778  0.00726631],[-0.01730478  0.18396097  0.06682153]
25.63498926,[-4.79998312  0.90700932  0.52588571],[-4.79650207  1.06873305  0.00861752],[-0.00851447  0.08154016  0.05693748]
25.72097278,[-4.80870769  0.73722696  0.52604202],[-4.80743042  0.89929859  0.00916726],[-0.00329856  0.17087975  0.06587276]
25.80697417,[-4.81511706  0.56777695  0.52779766],[-4.81638331  0.73095552  0.01136518],[0.02524017 0.12199736 0.13558942]
25.89297438,[-4.8193848   0.40025644  0.52905933],[-4.82307754  0.56357128  0.01261877],[0.0456122  0.05914881 0.13880275]
25.97896934,[-4.82154611  0.23668199  0.52952152],[-4.82671986  0.39971463  0.01289509],[0.05187485 0.14127532 0.10927757]
26.06497216,[-4.8236869   0.07730927  0.52758512],[-4.82694997  0.23897329  0.01463485],[-0.28847176  0.01886821 -0.57774802]
26.15197396,[-4.82508524 -0.07503052  0.5236961 ],[-4.83175091  0.08084011  0.01432592],[-0.22693085 -0.33821847  0.02803375]
26.23796725,[-4.81947082 -0.22092393  0.52638045],[-4.8415111  -0.06858886  0.01575872],[-0.13160301  0.25789895  0.32840968]
26.32501268,[-4.80695242 -0.36097552  0.52735211],[-4.84457773 -0.212591    0.01692381],[-0.12110953 -0.05569026  0.28327955]
26.41096878,[-4.78607851 -0.49527359  0.5293106 ],[-4.84019645 -0.3530843   0.01756414],[-0.10816383  0.38897932  0.40788429]
26.49699926,[-4.75592775 -0.62431307  0.52932146],[-4.82842544 -0.49091734  0.01842239],[-0.04197182 -0.11530542  0.53457778]
26.58301377,[-4.71481732 -0.74925759  0.53007577],[-4.80617008 -0.62631593  0.01957535],[-0.02616288 -0.01717221  0.59249788]
26.66900182,[-4.66320913 -0.87047072  0.53044302],[-4.77272435 -0.7595074   0.0209365 ],[ 0.00617996 -0.14618415  0.6748449 ]
26.75497532,[-4.59905097 -0.98709355  0.53045221],[-4.72596991 -0.89044119  0.02219171],[ 0.01047731 -0.12206661  0.68555364]
26.84101105,[-4.52225808 -1.09789354  0.5315691 ],[-4.66494858 -1.01696574  0.02408239],[ 0.0251372  -0.07278168  0.70644292]
26.92700267,[-4.43353011 -1.20175978  0.53266328],[-4.58985849 -1.13886466  0.02514336],[ 0.04908104 -0.15743037  0.73036809]
27.01299047,[-4.33220705 -1.29764626  0.53286054],[-4.49979831 -1.25441565  0.02544043],[ 0.06735389 -0.20078269  0.7482137 ]
27.09899783,[-4.21977029 -1.38375563  0.53356603],[-4.39618443 -1.36091     0.02596765],[ 0.07060807 -0.16103276  0.7322544 ]
27.18699503,[-4.0953079  -1.45960671  0.53435943],[-4.27771131 -1.45824736  0.02613525],[ 0.07252736 -0.21418739  0.73234149]
27.27297091,[-3.96278754 -1.52233898  0.53409718],[-4.14764529 -1.54247078  0.02509053],[ 0.10957849 -0.20001674  0.75575726]
27.35897088,[-3.82219459 -1.57187297  0.53380962],[-4.00660343 -1.61211933  0.02439344],[ 0.12129582 -0.2234519   0.77585042]
27.44499612,[-3.67363555 -1.60803275  0.53446905],[-3.85389033 -1.6669596   0.02349502],[ 0.18485239 -0.28422414  0.80032199]
27.53096175,[-3.51606677 -1.63097272  0.5356446 ],[-3.68912947 -1.70470082  0.0226068 ],[ 0.24047241 -0.10606267  0.79472827]
27.61697793,[-3.35142262 -1.64093046  0.53827682],[-3.51948302 -1.7224898   0.02374473],[ 0.26629537 -0.10540345  0.70705355]
27.70300913,[-3.18473957 -1.63858803  0.5390888 ],[-3.34829773 -1.72319231  0.0235455 ],[0.24345301 0.05259799 0.55383161]
27.78897214,[-3.02086138 -1.62599575  0.53921122],[-3.18252648 -1.71035102  0.02416139],[0.2015901  0.01544739 0.40584015]
27.87497211,[-2.86215616 -1.60608461  0.53659979],[-3.02190755 -1.68831406  0.02408915],[ 0.16883697 -0.39493434  0.32133913]
27.96097207,[-2.71090046 -1.57989928  0.52934727],[-2.87033139 -1.66124708  0.02588205],[ 0.09791065 -0.32708203  0.14337495]
28.04696774,[-2.57794274 -1.55046922  0.52153866],[-2.73434674 -1.63324465  0.02288693],[0.05978197 0.2657465  0.22653805]
28.1329999,[-2.46630117 -1.51585379  0.52852749],[-2.6223958  -1.60535713  0.02713541],[0.04522211 0.07845179 0.34065223]
28.2189734,[-2.37232354 -1.47968422  0.53048664],[-2.52342236 -1.57639464  0.02631263],[0.08122699 0.13010764 0.45429887]
28.30499697,[-2.29355505 -1.44198887  0.53413771],[-2.43937275 -1.54586901  0.02604978],[0.10324798 0.21714081 0.50238006]
28.39097524,[-2.22781874 -1.40209301  0.53550765],[-2.36712944 -1.51339902  0.02460048],[ 0.11865986 -0.3999724   0.52067649]
28.47697401,[-2.17137986 -1.36091523  0.53855291],[-2.30386815 -1.47933621  0.02343176],[0.10429199 0.23373246 0.51938482]
28.56297398,[-2.12213451 -1.31780967  0.53867262],[-2.2477847  -1.44350394  0.02240119],[ 0.09978273 -0.31232825  0.52193195]
28.64897013,[-2.07886012 -1.27275524  0.54002959],[-2.19729407 -1.40565432  0.0214122 ],[0.11475794 0.70285953 0.50954866]
28.73496819,[-2.03997672 -1.22564131  0.53930147],[-2.1504666  -1.36510114  0.02053755],[ 0.08268833 -0.09042452  0.48721423]
28.82098508,[-2.00553572 -1.17737308  0.53930442],[-2.10825882 -1.32295642  0.02041737],[0.10158218 0.27545248 0.48410882]
28.90697217,[-1.97559397 -1.12806414  0.53872309],[-2.07016702 -1.27904797  0.01948554],[ 0.07839998 -0.15548843  0.44761936]
28.9929688,[-1.94912468 -1.07839154  0.53758343],[-2.03562406 -1.23434585  0.01899533],[ 0.08727136 -0.01042095  0.42386811]
29.07897019,[-1.92693673 -1.02935446  0.53817229],[-2.00554005 -1.18911018  0.01849566],[ 0.04746237 -0.05517184  0.3868431 ]
29.16496849,[-1.9078076  -0.97981793  0.53730798],[-1.97834005 -1.14315141  0.01797418],[0.05289736 0.04940832 0.36671627]
29.25096989,[-1.89088819 -0.92859204  0.53723375],[-1.95378683 -1.0949567   0.01781613],[0.06112461 0.02572044 0.36667644]
29.33697104,[-1.87566158 -0.87462822  0.5364419 ],[-1.93071859 -1.04302293  0.01680922],[0.05093489 0.01436307 0.34913148]
29.42296886,[-1.86111724 -0.81627524  0.53520074],[-1.90848002 -0.98600294  0.0153412 ],[ 0.05180094 -0.04566319  0.30844381]
29.50898767,[-1.84725586 -0.75321261  0.53371715],[-1.88789748 -0.92361806  0.01366129],[0.04509967 0.03246063 0.26633528]
29.59497714,[-1.83400683 -0.68530076  0.53242811],[-1.86867548 -0.85613933  0.01215991],[0.05078789 0.01158002 0.25786985]
29.68097496,[-1.82177037 -0.61357567  0.53122032],[-1.85106139 -0.78418074  0.01056239],[0.03622438 0.04450307 0.19582752]
29.76696801,[-1.81040842 -0.5382665   0.53055045],[-1.8357092  -0.7089272   0.00978408],[0.03223161 0.07744916 0.1810094 ]
29.85296893,[-1.80025107 -0.46003578  0.53016761],[-1.82164833 -0.63049305  0.00911594],[0.03320931 0.02246166 0.17192071]
29.93896866,[-1.79080115 -0.37900169  0.52860981],[-1.80891834 -0.54895005  0.0075372 ],[0.02174774 0.0308386  0.13156116]
30.02498102,[-1.78239681 -0.29537883  0.52772283],[-1.7980174  -0.46538048  0.00664838],[0.01374679 0.04562598 0.08924999]
30.11097622,[-1.77476817 -0.20935481  0.52566315],[-1.78806425 -0.37924493  0.00518744],[0.01268762 0.02264386 0.09811449]
30.19697213,[-1.76812793 -0.12104647  0.52437489],[-1.77924174 -0.29085134  0.00411716],[0.0217117  0.05187461 0.10645097]
30.282974,[-1.76229596 -0.0304141   0.52372012],[-1.77145648 -0.19995367  0.00366249],[0.03103542 0.11589005 0.10561404]
30.36896896,[-1.75708415  0.06196639  0.52320215],[-1.76485373 -0.10736292  0.0032111 ],[0.02452276 0.07246383 0.06514009]
30.45497441,[-1.75241913  0.15509717  0.52271628],[-1.75956642 -0.01379342  0.00265411],[0.00930073 0.08287969 0.02719695]
30.54097295,[-1.74812313  0.24935261  0.52194887],[-1.75461194  0.08049759  0.00186267],[0.00401718 0.01694644 0.04376346]
30.62700224,[-1.74424638  0.34449041  0.52146737],[-1.75026723e+00  1.75524691e-01  1.60834586e-03],[0.01042864 0.03598092 0.03714617]
30.71297169,[-1.74075678  0.44108681  0.52119417],[-1.74608066e+00  2.72563807e-01  1.18280411e-03],[ 0.01054642 -0.00136409  0.03061534]
30.79899549,[-1.73742402  0.54070996  0.52022976],[-1.74203359e+00  3.73289967e-01  1.57596092e-04],[0.01067592 0.02707725 0.02537907]
30.8850069,[-1.73417206  0.6449517   0.51902712],[-1.73844536e+00  4.78335635e-01 -9.24028773e-04],[0.00735596 0.067445   0.0186127 ]
30.9710021,[-1.73110098  0.75466089  0.52084905],[-1.73523731e+00  5.88604432e-01 -1.46044401e-03],[ 0.00218914  0.94642164 -0.0051293 ]
31.05695653,[-1.72801425  0.87829541  0.57077082],[-1.73059128  0.73082555 -0.01044061],[0.01852423 0.45649648 0.13859469]
31.14300537,[-1.7251127   1.04800339  0.7210351 ],[-1.72737682  0.91888769 -0.01202316],[-0.11706086  1.90720874  0.04784284]
31.2289927,[-1.72198532  1.25244431  0.95706915],[-1.72446488  1.26959627  0.01248826],[ 1.65214676e-01 -1.22828740e+01 -2.55124330e-03]
31.31501961,[-1.71865527  1.38968925  1.18671283],[-1.71832415  1.60536345  0.36236327],[ 0.12818967 -3.49572291 -0.06735054]
31.4009707,[-1.71471786  1.55439045  1.36742624],[-1.71486593  1.75790542  0.63374014],[-0.09477498 -1.8841052   0.12191747]
31.486974,[-1.71108913  1.75417501  1.48542461],[-1.709607    1.75454747  0.84991343],[0.01509237 0.13338188 0.04897385]
31.57297444,[-1.70679867  1.95479939  1.54138634],[-1.70358881  1.89557164  0.94895701],[-0.01791518 -0.55835707  0.03177103]
31.65899634,[-1.70063038  2.13424677  1.55007093],[-1.70303837  2.04040302  0.99586115],[-0.10673015  0.63489713 -0.22620837]
31.74500871,[-1.69500404  2.2859566   1.55985388],[-1.69783551  2.1703344   1.00161831],[-0.34731249  2.3607242  -0.22728971]
31.83096313,[-1.691419   2.4451609  1.5613203],[-1.69007377  2.29806106  0.99832378],[0.09157107 0.98739844 0.74754123]
31.91698027,[-1.69059882  2.6047776   1.55527285],[-1.68364772  2.44917806  0.99450981],[0.17793549 0.44572359 0.36627529]
32.00297022,[-1.68925301  2.76530822  1.54172763],[-1.68689875  2.60739625  0.9892973 ],[ 0.02535404  0.01988666 -0.06942787]
32.08899808,[-1.68594471  2.9258566   1.52939155],[-1.68942132  2.76753847  0.98615044],[ 0.00170059 -0.09139497 -0.06926421]
32.17495871,[-1.68175472  3.08481106  1.52093419],[-1.6901856   2.92714151  0.98329663],[ 0.0237235   0.14657745 -0.10171911]
32.26097369,[-1.67554562  3.24178266  1.51651589],[-1.68857477  3.08408742  0.98213689],[-0.04006788  0.18076556 -0.18799329]
32.34697509,[-1.66643727  3.393896    1.51194957],[-1.68439782  3.23359403  0.97994616],[-0.2001851  -0.02760748 -0.42637637]
32.4329741,[-1.65565476  3.5406322   1.51128483],[-1.67437932  3.37816662  0.97969314],[-0.17815094  0.12317231 -0.19820966]
32.51897669,[-1.64615707  3.68186628  1.51188404],[-1.65958424  3.51665839  0.98030662],[0.01884354 0.13437126 0.25633575]
32.60497308,[-1.63889098  3.81584655  1.51156306],[-1.64707981  3.65081342  0.97943898],[0.02705478 0.12094891 0.14129063]
32.69097233,[-1.63267787  3.94246327  1.51274608],[-1.63825727  3.78125508  0.9796542 ],[ 0.04814379 -0.59134459  0.13359774]
32.77697134,[-1.62743074  4.06633271  1.52001365],[-1.63107766  3.92032749  0.97826036],[ 0.05300038 -0.63412418  0.09674043]
32.86298442,[-1.622598    4.19829311  1.52504181],[-1.62637175  4.06244739  0.97917011],[ 0.06310518 -0.15597679  0.06201394]
32.94897056,[-1.61752708  4.3438195   1.52407301],[-1.62243978  4.21816195  0.97738102],[0.06597475 0.03208133 0.04570794]
33.03496933,[-1.61159781  4.50533178  1.52239031],[-1.61886707  4.38221279  0.98077735],[0.08470399 0.24847156 0.03327072]
33.12097359,[-1.604605    4.68308671  1.51063678],[-1.61528117  4.55879152  0.97405179],[0.08999371 0.04058476 0.03199951]
33.20696449,[-1.59624384  4.86825949  1.46911563],[-1.61432905  4.82923522  0.77923522],[ 0.10309841 -0.22474857 -0.01893564]
33.29296923,[-1.58649197  5.09000439  1.36162506],[-1.61508969  5.12609605  0.45654031],[-0.04544279  2.27380606  0.02422586]
33.37896919,[-1.58293116  5.20588208  1.08817434],[-1.61288371  5.39722461  0.08073899],[-0.34163362 13.7742072   0.14502009]
33.46497393,[-1.57743591  5.39987909  0.85713533],[-1.6124971   5.38182744 -0.01618319],[-0.17498048 11.72551944 -0.01309826]
33.55097127,[-1.56109369  5.56391796  0.70160163],[-1.60923877  5.42436602 -0.02154063],[0.61018446 5.90606003 0.00943721]
33.63699818,[-1.53491657  5.7247352   0.60143917],[-1.59885914  5.57334509 -0.019106  ],[-0.23159093 -0.19173135 -0.66050021]
33.72298217,[-1.4945619   5.88827435  0.53103134],[-1.57332015  5.74326895 -0.01569381],[-0.86092962 -1.31842824 -1.60741699]
33.8089664,[-1.44505061  6.04296784  0.50019065],[-1.5261557   5.8928623  -0.01142611],[-0.75288884 -0.10593182 -0.63319266]
33.89495897,[-1.40200703  6.19260443  0.50267175],[-1.4594776   6.02282253 -0.00802975],[-0.40797543  0.30821003  0.52023649]
33.98099875,[-1.36768605  6.33869464  0.51426783],[-1.39895602e+00  6.15281723e+00 -1.55129952e-03],[-0.14436126  0.05998926  0.60393951]
34.06699586,[-1.34131599  6.47984148  0.51379189],[-1.34995724e+00  6.28875266e+00 -1.34134556e-03],[-0.10012202 -0.1491611   0.53080856]
34.15298963,[-1.32519348  6.61868302  0.51170311],[-1.31354754e+00  6.42408365e+00 -4.59974288e-04],[-0.08962428 -0.02988443  0.50669473]
34.23895812,[-1.32053806  6.75565149  0.51296317],[-1.28884968e+00  6.55839838e+00  2.47090205e-03],[-0.06334675 -0.01676194  0.574472  ]
34.32500577,[-1.32821439  6.89038961  0.51235637],[-1.27560115e+00  6.69396092e+00  3.15654119e-03],[-0.0212349  -0.14485829  0.63862925]
34.41097593,[-1.34990851  7.02240808  0.51217222],[-1.27542176e+00  6.82984808e+00  4.25231423e-03],[-0.00556848 -0.11007187  0.68611863]
34.49699903,[-1.38568905  7.15171229  0.51205336],[-1.28961134e+00  6.96670306e+00  5.10636673e-03],[ 0.03011843 -0.17800819  0.75779754]
34.58300233,[-1.433718    7.27825164  0.51246589],[-1.31920529e+00  7.10464481e+00  5.74286102e-03],[ 0.08145635 -0.2032155   0.79512418]
34.66895986,[-1.49452438  7.40245047  0.51176976],[-1.36447660e+00  7.24253506e+00  5.15029608e-03],[ 0.08968715 -0.15555874  0.75611856]
34.75499225,[-1.57080358  7.51994788  0.51158365],[-1.42603057e+00  7.37432217e+00  5.58063800e-03],[ 0.0635435  -0.05414368  0.68175305]
34.84097266,[-1.65687611  7.63243347  0.51203898],[-1.50172273e+00  7.50183943e+00  5.67573313e-03],[ 0.07872647 -0.16039845  0.66546346]
34.9289782,[-1.7553041   7.7370315   0.51069109],[-1.59185244e+00  7.62385720e+00  3.64940724e-03],[ 0.06959145 -0.22351629  0.67276499]
35.01496935,[-1.86400291  7.82930947  0.510623  ],[-1.69326300e+00  7.73375185e+00  3.23573588e-03],[ 0.05483316 -0.15596303  0.63418075]
35.10100603,[-1.9817124   7.91158293  0.51022135],[-1.80559628e+00  7.83472860e+00  1.74365150e-03],[ 0.04999194 -0.17095325  0.65266911]
35.18696022,[-2.10835999  7.98356121  0.50963574],[-1.92666697e+00  7.92369647e+00  1.57361265e-03],[ 0.04132736 -0.11915475  0.64583105]
35.27300787,[-2.24378737  8.04254443  0.51063773],[-2.05805556e+00  8.00144739e+00  2.24408343e-03],[ 0.04304953 -0.04514334  0.65663112]
35.35899353,[-2.38668826  8.08715148  0.51182438],[-2.19944357e+00  8.06607875e+00  2.01668837e-03],[ 0.06891058 -0.15454355  0.69935965]
35.44499516,[-2.5367563   8.11758421  0.51196481],[-2.35183612e+00  8.11802939e+00  9.60076319e-04],[ 0.0998499  -0.26591827  0.75635325]
35.53097248,[-2.69172704  8.13434076  0.51142724],[-2.51347981e+00  8.15538431e+00 -8.72707162e-04],[ 0.18289825 -0.23410814  0.80464377]
35.6169765,[-2.85445556  8.13321586  0.5103956 ],[-2.68300212e+00  8.17306378e+00 -2.26183581e-03],[ 0.23876536 -0.23684054  0.80243129]
35.70300794,[-3.02153138  8.12119735  0.51112832],[-2.85725879e+00  8.17549129e+00 -2.66444324e-03],[0.23824139 0.01348871 0.69017496]
35.7889719,[-3.18941773  8.09793529  0.51248716],[-3.03095687e+00  8.16257973e+00 -2.69896987e-03],[0.24246328 0.0564546  0.57952409]
35.87499809,[-3.35277338  8.06222913  0.5111647 ],[-3.19828017e+00  8.13429999e+00 -3.32059295e-03],[0.22870889 0.05320052 0.43426997]
35.96099544,[-3.50646811  8.02054948  0.50702249],[-3.35361236e+00  8.09724968e+00 -2.05618390e-03],[ 0.10610248 -0.0075012   0.33928448]
36.04700208,[-3.6512878   7.97411988  0.49436454],[-3.50250021e+00  8.05077556e+00 -6.68588246e-03],[-0.03891939  0.03813213  0.0343874 ]
36.13297343,[-3.77986099  7.92348302  0.4863488 ],[-3.63567916  8.00358473 -0.01109354],[0.01555873 0.74725172 0.38757475]
36.21897888,[-3.89192683  7.86707463  0.4886624 ],[-3.75363672  7.95758947 -0.00962176],[ 0.06986306 -0.24766213  0.55012251]
36.30497074,[-3.99066319  7.80679672  0.48963282],[-3.86185997  7.90768689 -0.0110146 ],[ 0.05139097 -0.06613775  0.5409376 ]
36.39097118,[-4.07748967  7.74051198  0.48944713],[-3.95833823  7.85074728 -0.01143226],[ 0.06623179 -0.07377769  0.51992847]
36.47699571,[-4.15475049  7.67135761  0.49035651],[-4.04679884  7.78999913 -0.01219875],[ 0.04415504 -0.04357581  0.5293134 ]
36.56299949,[-4.2235043   7.59684405  0.49198778],[-4.12743676  7.72326396 -0.01186495],[ 0.05759512 -0.07546239  0.56151227]
36.64899445,[-4.28375481  7.51869421  0.49342932],[-4.20129665  7.65226333 -0.01216528],[ 0.08649973 -0.06680855  0.64729772]
36.73498583,[-4.33672812  7.43447592  0.49382594],[-4.26889989  7.57489273 -0.01266614],[ 0.1117491  -0.12538101  0.69221657]
36.8209753,[-4.38342009  7.3462086   0.49459853],[-4.32992309  7.49189745 -0.01288007],[ 0.13981156 -0.09540462  0.681032  ]
36.90697551,[-4.42119693  7.25439193  0.49617915],[-4.38143604  7.40415451 -0.01235039],[ 0.15963664 -0.02705741  0.6674216 ]
36.99296856,[-4.45127247  7.15796539  0.49785177],[-4.42350808  7.31123656 -0.01150538],[ 0.16932962 -0.05037059  0.63915222]
37.07897258,[-4.47620015  7.05915067  0.50004824],[-4.45774808  7.21419141 -0.01116356],[ 0.12582305 -0.0195722   0.47865963]
37.16496587,[-4.49532457  6.95415146  0.50146402],[-4.48404583  7.11053625 -0.01044939],[ 0.10674019 -0.01758691  0.3995168 ]
37.25099683,[-4.51211721  6.84355446  0.50265296],[-4.5060507   7.00066373 -0.0099146 ],[0.10947815 0.02421296 0.3280507 ]
37.3369689,[-4.52605412  6.7263268   0.50450419],[-4.52282118  6.88490203 -0.00846226],[0.09405274 0.05156135 0.24388343]
37.42297435,[-4.53796253  6.60248423  0.50426697],[-4.53611269  6.76132365 -0.00934105],[0.08111337 0.02783528 0.15334482]
37.50898862,[-4.5482485   6.47221369  0.50493558],[-4.54647111  6.63147972 -0.00901367],[0.05636021 0.05597134 0.07100502]
37.59495783,[-4.55640619  6.33555626  0.50527388],[-4.55495764  6.49500605 -0.00880304],[0.04114847 0.13453181 0.05750019]
37.68099403,[-4.56314568  6.19337197  0.50610157],[-4.56226787  6.3536922  -0.00776844],[0.02650102 0.15127999 0.04684445]
37.76696563,[-4.56878551  6.04656847  0.5067424 ],[-4.56882134  6.2076798  -0.00682264],[0.01839715 0.20688181 0.0475945 ]
37.85299945,[-4.57351311  5.89638477  0.50776549],[-4.57427314e+00  6.05862392e+00 -5.33730263e-03],[0.01775854 0.17982365 0.04414676]
37.93897104,[-4.57667218  5.74367362  0.50859214],[-4.57839045e+00  5.90704746e+00 -4.25001701e-03],[0.00718561 0.11086094 0.05541078]
38.0249722,[-4.57931332  5.58950291  0.50857645],[-4.58220314e+00  5.75268498e+00 -4.42183216e-03],[0.0193376  0.07761853 0.05006152]
38.110991,[-4.58099087  5.43503749  0.50860215],[-4.58443234e+00  5.59827718e+00 -4.67752557e-03],[0.03144869 0.09779293 0.06238761]
38.19697094,[-4.58248656  5.28162329  0.50861085],[-4.58620160e+00  5.44460784e+00 -5.15656596e-03],[0.03570402 0.07709471 0.0593916 ]
38.2829721,[-4.58284498  5.12832435  0.50893875],[-4.58645335e+00  5.29095622e+00 -5.27162306e-03],[0.03614254 0.15296155 0.05909587]
38.36897087,[-4.58428278  4.97496686  0.51020621],[-4.58660639e+00  5.13841263e+00 -4.14776686e-03],[0.03576087 0.05757748 0.02319893]
38.45497155,[-4.58618114  4.81990461  0.51100301],[-4.58665651e+00  4.98452203e+00 -3.55672552e-03],[ 0.02654737  0.13226036 -0.00423213]
38.54100537,[-4.58776969  4.66217807  0.51170717],[-4.58623473e+00  4.82767096e+00 -2.92227982e-03],[ 0.02061432  0.17074256 -0.02395384]
38.6270082,[-4.58998942  4.50346048  0.51286636],[-4.58637638e+00  4.67007642e+00 -1.74005220e-03],[ 0.02262092  0.19506809 -0.02962115]
38.7129643,[-4.59280068  4.34332472  0.51368916],[-4.58693506e+00  4.51113236e+00 -1.13390832e-03],[ 0.01824537  0.12850772 -0.03935873]
38.79900432,[-4.5972813   4.18200144  0.51429769],[-4.58896618e+00  4.35025326e+00 -6.69760759e-04],[ 0.01266961  0.15906395 -0.06601432]
38.8849988,[-4.60292264  4.01918282  0.5157484 ],[-4.59188116e+00  4.18799746e+00  5.22950090e-04],[-0.01054162  0.20308    -0.08199621]
38.97100711,[-4.60980629  3.85457552  0.51608829],[-4.59691105e+00  4.02329090e+00 -1.24656595e-04],[-0.01947923  0.17571902 -0.09345346]
39.05698848,[-4.61838464  3.68702634  0.51605085],[-4.60400310e+00  3.85523211e+00 -5.75898875e-04],[-0.04544128  0.09957638 -0.09895932]
39.14297104,[-4.62818753  3.51722675  0.51681303],[-4.61316662e+00  3.68518949e+00  2.03718628e-04],[-0.04692997  0.14576107 -0.07507139]
39.22896838,[-4.63884993  3.34625496  0.51715051],[-4.62430574e+00  3.51321651e+00  1.78243252e-04],[-0.01727943  0.04589732 -0.01152134]
39.31496406,[-4.65010155  3.17618318  0.5174869 ],[-4.63601887e+00  3.34312872e+00  8.61742539e-04],[-0.01134642  0.16662407 -0.00468732]
39.40096974,[-4.66167836  3.00921676  0.51812526],[-4.64790764e+00  3.17587372e+00  1.37260304e-03],[-0.01331131  0.12486546 -0.00584758]
39.48696184,[-4.6733343   2.84557525  0.51735397],[-4.65974861e+00  3.01231052e+00  1.71336551e-03],[-0.00345316  0.12931461 -0.01003315]
39.57296228,[-4.68508762  2.68565057  0.51774703],[-4.67132993e+00  2.85314611e+00  3.05989912e-03],[-0.01672922  0.13592467 -0.03657475]
39.65900517,[-4.69676014  2.52873053  0.51846436],[-4.68302643e+00  2.69667697e+00  4.08331066e-03],[-0.01850177  0.14044514 -0.02470214]
39.74496341,[-4.70857857  2.37372007  0.51891517],[-4.69531773e+00  2.54118660e+00  4.42183736e-03],[-0.01790996  0.0943247  -0.01919073]
39.83097482,[-4.72021677  2.21971863  0.51998158],[-4.70751427  2.38704605  0.00543113],[-0.03190047  0.07827775 -0.0063769 ]
39.91697431,[-4.73175415  2.06534326  0.51982669],[-4.72049032  2.23156059  0.00472417],[-0.01192273  0.07236739  0.0107903 ]
40.00300455,[-4.74242831  1.90964694  0.51975394],[-4.73280627e+00  2.07464129e+00  4.18264042e-03],[-0.01740312  0.06845021  0.02835129]
40.08895898,[-4.75225295  1.75200787  0.52052521],[-4.74445950e+00  1.91650752e+00  4.73394371e-03],[-0.01202429  0.09642724  0.04404144]
40.17500496,[-4.76138805  1.59192541  0.52062711],[-4.75555959e+00  1.75564929e+00  4.59057855e-03],[-0.00887718  0.12169341  0.04491726]
40.26097536,[-4.76920579  1.4293197   0.52168897],[-4.76531237  1.59249841  0.00546756],[-0.0026961   0.11778253  0.04824197]
40.34700537,[-4.7762332   1.26420689  0.52326404],[-4.77423843  1.42672351  0.00655877],[-0.00439099  0.07078501  0.0519769 ]
40.43299818,[-4.7821397  1.0966454  0.5237966],[-4.78186213  1.25894347  0.00707346],[-0.00504338  0.12963209  0.05049154]
40.51897335,[-4.78670087  0.92670443  0.52493208],[-4.78836376  1.08892163  0.00824165],[0.00645662 0.17553967 0.06762277]
40.60497427,[-4.78959955  0.75548339  0.52583718],[-4.79337091  0.91844753  0.00940845],[0.02656439 0.16298472 0.09783791]
40.69097066,[-4.79078823  0.58438974  0.52694343],[-4.79603059  0.74807281  0.01068192],[0.0455112  0.10991693 0.10510133]
40.77696919,[-4.79061422  0.41550793  0.52862947],[-4.7964646   0.58047328  0.01271453],[0.0500067  0.08727394 0.09727051]
40.86295938,[-4.78923994  0.24959194  0.52934743],[-4.79517471  0.41430076  0.01295383],[0.06342033 0.06976954 0.08102286]
40.94895649,[-4.78812837  0.08766478  0.52734359],[-4.79223913  0.25125469  0.01386866],[-0.19520832  0.11021651 -0.57948875]
41.03500581,[-4.78798392 -0.06762117  0.52515204],[-4.79126496  0.09032651  0.01419917],[-0.29683903  0.11324442 -0.2605194 ]
41.12099981,[-4.78257243 -0.21628962  0.52620935],[-4.79941587 -0.06120816  0.01614686],[-0.09758197  0.08575555  0.31096199]
41.20698214,[-4.77086103 -0.35829771  0.52708015],[-4.80297031 -0.20764497  0.01723563],[-0.13070256  0.00098887  0.23613663]
41.29300046,[-4.75191448 -0.49458389  0.52800123],[-4.79972283 -0.34929095  0.01885035],[-0.12377206 -0.05671965  0.33996062]
41.37899542,[-4.72394511 -0.62562486  0.52869227],[-4.7899431  -0.48844277  0.01926652],[-0.07405124 -0.02492409  0.48471887]
41.46499372,[-4.68617379 -0.75254692  0.52865775],[-4.77118785 -0.6249291   0.01992482],[-0.04388097 -0.09757508  0.54814137]
41.55099797,[-4.6374315  -0.87597576  0.52952189],[-4.741093   -0.75954338  0.02106253],[-0.01134686 -0.03317906  0.62625747]
41.63695931,[-4.57588971 -0.99493372  0.53096845],[-4.69821275 -0.89312325  0.02236119],[ 0.01683285 -0.10867157  0.67761324]
41.72301173,[-4.50208647 -1.10920741  0.53231429],[-4.6409557  -1.02344637  0.02382598],[ 0.03810592 -0.2033168   0.72748753]
41.8089745,[-4.41571764 -1.21672319  0.53289648],[-4.56879326 -1.14821686  0.02487688],[ 0.03877856 -0.10306354  0.72749389]
41.89498806,[-4.3174245  -1.31661741  0.53341662],[-4.48231435 -1.26733997  0.02519847],[ 0.0705886  -0.15852706  0.74770634]
41.98099351,[-4.20686585 -1.40738128  0.53369808],[-4.38117177 -1.37785481  0.02544908],[ 0.08292401 -0.1440144   0.74052584]
42.06701636,[-4.08575294 -1.48761916  0.53418835],[-4.26669173 -1.47832399  0.02564127],[ 0.06816987 -0.16084318  0.72591978]
42.1529603,[-3.95514267 -1.55608076  0.53417093],[-4.13934319 -1.56776875  0.02479995],[ 0.09444976 -0.21812749  0.72853953]
42.23901558,[-3.8163842  -1.61164799  0.53359641],[-4.00077467 -1.64387626  0.02370081],[ 0.10327504 -0.24889007  0.73913767]
42.32501507,[-3.67069939 -1.65347332  0.53457235],[-3.85276043 -1.70498593  0.02368348],[ 0.12867639 -0.22848504  0.75483863]
42.41097832,[-3.51675208 -1.68185942  0.53479319],[-3.69415777 -1.75117114  0.02265961],[ 0.18167813 -0.13522996  0.75562802]
42.49699044,[-3.35451878 -1.69684177  0.53635974],[-3.52611307 -1.77960071  0.02291041],[ 0.22927214 -0.09180096  0.73349906]
42.58299613,[-3.18823221 -1.69792915  0.53835607],[-3.35450172 -1.78966136  0.02408705],[ 0.24673976 -0.13653631  0.69431503]
42.66900873,[-3.02337385 -1.68593946  0.53987896],[-3.18418761 -1.7820912   0.02469982],[ 0.25409966 -0.06125534  0.61749126]
42.75497937,[-2.86328934 -1.66406633  0.53812149],[-3.02050226 -1.76004786  0.0253199 ],[ 0.22233596 -0.35113744  0.47059112]
42.84096432,[-2.71013976 -1.63453171  0.53132029],[-2.86727158 -1.73016749  0.02741355],[ 0.12503298 -0.2157291   0.21560843]
42.92699623,[-2.57484068 -1.6003295   0.52184825],[-2.72792162 -1.69714577  0.02361519],[ 0.11018737 -0.04404298  0.29995939]
43.01297331,[-2.46047411 -1.5618742   0.52642169],[-2.6129103  -1.66364542  0.02688311],[0.08272185 0.05025861 0.4110864 ]
43.09895849,[-2.36373324 -1.52162969  0.528362  ],[-2.51081447 -1.6285592   0.02580789],[ 0.10584479 -0.06819566  0.45711262]
43.18500042,[-2.28418007 -1.47943649  0.52928171],[-2.4255088  -1.59250635  0.02446666],[ 0.10012281 -0.06097502  0.46924143]
43.27096963,[-2.2187145  -1.43694485  0.53166867],[-2.35295727 -1.5558052   0.02322817],[ 0.10727249 -0.0127991   0.46847571]
43.35700536,[-2.16364519 -1.39365258  0.53365484],[-2.29080298 -1.51848583  0.02198595],[0.10129295 0.05673506 0.48637739]
43.44495797,[-2.11621994 -1.34867594  0.53465317],[-2.2359355  -1.47997698  0.02087198],[0.10527686 0.08239865 0.50584269]
43.53096175,[-2.07553426 -1.30247288  0.53550857],[-2.18775692 -1.4408998   0.02088236],[0.08347459 0.04344859 0.5081888 ]
43.61696482,[-2.03995047 -1.25463187  0.53506357],[-2.14406553 -1.39987592  0.0201216 ],[ 0.0830026  -0.00630448  0.50430059]
43.70300245,[-2.00877824 -1.20433542  0.53436418],[-2.10360915 -1.35627485  0.01948142],[ 0.09136661 -0.02042219  0.4937132 ]
43.78895879,[-1.98185379 -1.15277482  0.53447965],[-2.06708547 -1.31107492  0.01953796],[0.08445107 0.0224985  0.472329  ]
43.87496042,[-1.95929639 -1.10054074  0.53428133],[-2.03460345 -1.26364913  0.01885203],[0.08248423 0.01113821 0.50149487]
43.96099615,[-1.94025125 -1.04735505  0.53440264],[-2.00578711 -1.21473747  0.01879331],[0.07516052 0.03935341 0.49765493]
44.04699588,[-1.9249314  -0.99279192  0.53433367],[-1.98028637 -1.16365454  0.01869805],[ 0.09269125 -0.00503971  0.49204932]
44.13297319,[-1.91212957 -0.93568048  0.53383728],[-1.95679924 -1.10798142  0.01773675],[0.09182882 0.02060166 0.44403639]
44.21897078,[-1.90079344 -0.874473    0.53386172],[-1.93668518 -1.04805348  0.01773795],[ 0.07554398 -0.02692405  0.38773294]
44.30497265,[-1.89059494 -0.80804806  0.53276943],[-1.91869439 -0.98086099  0.01589427],[ 0.07133104 -0.03051331  0.32845071]
44.39097548,[-1.88131848 -0.73604066  0.53176068],[-1.90331388 -0.90826011  0.01450112],[ 0.0654669  -0.0218291   0.27820293]
44.47697067,[-1.87310841 -0.65914185  0.53035815],[-1.8902307  -0.83073477  0.01291188],[ 0.05223472 -0.02578939  0.22587788]
44.56296897,[-1.86621737 -0.57876444  0.52936017],[-1.87956057 -0.75001133  0.01172193],[0.02839111 0.03684116 0.15748507]
44.64897084,[-1.86017549 -0.49660349  0.52853298],[-1.87071239 -0.66716595  0.0106361 ],[0.02039549 0.0727937  0.1358114 ]
44.73497295,[-1.85508506 -0.41283775  0.52773681],[-1.86355441 -0.58353084  0.00990384],[0.01735758 0.09579587 0.08012799]
44.82097292,[-1.85077538 -0.32779469  0.52589734],[-1.85762959 -0.49727588  0.00761334],[0.01715979 0.0789729  0.08684587]
44.90696025,[-1.84746963 -0.24131056  0.52523475],[-1.85270326 -0.41049178  0.00682259],[0.0192714  0.03952976 0.08799035]
44.99299812,[-1.84484483 -0.15321105  0.52377614],[-1.84856333 -0.32132663  0.0052215 ],[0.02356041 0.09682909 0.09652528]
45.07900167,[-1.84317141 -0.06316545  0.52340597],[-1.84554415 -0.23135745  0.00497528],[0.0277289  0.00137585 0.09708401]
45.16496253,[-1.84208379  0.0281714   0.52238544],[-1.84339997 -0.14059325  0.0044307 ],[ 0.02163725 -0.00217364  0.05850509]
45.25097513,[-1.84099612  0.12040547  0.52186907],[-1.84218661 -0.0476928   0.00366128],[0.00917914 0.04362925 0.00189846]
45.33697104,[-1.84021581  0.21382083  0.52107632],[-1.8416064   0.04614239  0.00271295],[0.00357617 0.10239053 0.00206948]
45.42297864,[-1.83928644  0.30845636  0.52090796],[-1.84081511  0.14148895  0.00223259],[ 0.0022617   0.0634762  -0.00137961]
45.50898075,[-1.83843517  0.40533342  0.52038478],[-1.84008860e+00  2.38757267e-01  1.72818096e-03],[0.00932897 0.04868639 0.00048401]
45.59497428,[-1.83733396  0.50618922  0.51965675],[-1.83928015e+00  3.39344178e-01  1.17792068e-03],[ 0.00551332  0.02622209 -0.00204227]
45.68097115,[-1.83607863  0.61179019  0.51824395],[-1.83829166e+00  4.45988986e-01 -2.96134346e-04],[-0.01261617  0.08953902 -0.01811432]
45.76697183,[-1.83494232  0.72282712  0.517365  ],[-1.83729816e+00  5.57437063e-01 -1.23543542e-03],[-0.00873531  0.05754923 -0.02155616]
45.85297227,[-1.83361977  0.84413927  0.54838353],[-1.83616248  0.68864571 -0.01081387],[-0.02573024 -0.09296902  0.06761725]
45.93897223,[-1.83250899  0.99929173  0.67763082],[-1.83294947  0.86268055 -0.0112456 ],[-0.01129391  1.0366823  -0.00915745]
46.02497077,[-1.82993562  1.23990678  0.90829989],[-1.83300533  1.16068797 -0.00864042],[ 0.24165305 -0.05337809 -0.13872924]
46.11097932,[-1.8283764   1.37020535  1.12481943],[-1.82703508  1.54004647  0.26918707],[ 4.06005154e-03 -6.36121769e+00 -8.16444622e-03]
46.19697094,[-1.82745538  1.5131683   1.31542397],[-1.82346344  1.74865738  0.573391  ],[ 0.01163382 -3.06490458 -0.03410313]
46.28297162,[-1.82636279  1.70105275  1.43613775],[-1.82344535  1.76637215  0.77723539],[-0.06325857 -0.11157726 -0.01467206]
46.36899877,[-1.82439359  1.90932863  1.51962276],[-1.82334038  1.86524677  0.9195971 ],[-0.05044207  1.09373544 -0.03164543]
46.45500159,[-1.82264301  2.10279877  1.53422873],[-1.82113153  2.00615274  0.97360982],[-0.15375224  2.14423559 -0.12721518]
46.54100156,[-1.81929956  2.25848455  1.55022733],[-1.81671369  2.1449058   0.98530513],[-0.3564555   1.49380192 -0.25324305]
46.62699652,[-1.81637569  2.4229358   1.55367673],[-1.81158733  2.27318831  0.98629584],[0.29557506 1.75954306 0.57963115]
46.71299434,[-1.82390922  2.585984    1.55368205],[-1.80559726  2.4278733   0.9850984 ],[0.56814486 0.91016025 0.58244404]
46.79895997,[-1.82705898  2.75365462  1.54511512],[-1.81604358  2.59157018  0.98623982],[ 0.2640393   0.32493986 -0.12713237]
46.8849709,[-1.828948    2.92015653  1.53587545],[-1.82953029  2.7579449   0.98704195],[ 0.09488312 -0.0550924  -0.29716207]
46.97097206,[-1.82717526  3.08456021  1.52830447],[-1.83702027  2.9242299   0.9867756 ],[ 0.00275532  0.03373546 -0.25406816]
47.0569694,[-1.82243408  3.24681235  1.52484053],[-1.83893492  3.08742443  0.98784285],[-0.05967988  0.10964575 -0.27191598]
47.14297366,[-1.81374975  3.40307905  1.52255761],[-1.83613768  3.24165736  0.98899193],[-0.25145081 -0.03267107 -0.50002103]
47.22897029,[-1.80244679  3.55580371  1.52213445],[-1.82562086  3.39219354  0.98945091],[-0.18617193  0.02569786 -0.13770342]
47.31497788,[-1.79252596  3.70131404  1.52309826],[-1.80966572  3.5349122   0.99025028],[-0.00327041  0.08909766  0.21981787]
47.40096855,[-1.78421493  3.83751529  1.52256002],[-1.79637131  3.67157594  0.98986488],[ 0.00165753 -0.06807028  0.12275909]
47.48695922,[-1.7765142   3.9664867   1.52423094],[-1.78591917  3.80633034  0.9893489 ],[ 0.05377017 -0.47995394  0.1480159 ]
47.57296419,[-1.76971694  4.09307973  1.53176881],[-1.77757481  3.95026714  0.98737098],[ 0.06573321 -0.0492979   0.04174693]
47.65897202,[-1.76242736  4.22639703  1.53325965],[-1.77140746  4.0918509   0.98779007],[ 0.07294331 -0.12283777  0.03828072]
47.74500036,[-1.75384025  4.3758535   1.53215743],[-1.76508257  4.24967794  0.98635522],[0.08994096 0.12233098 0.01643526]
47.83100748,[-1.74323904  4.54093261  1.52585428],[-1.75774213  4.4158249   0.98804631],[ 0.07458112 -0.24929473  0.00089775]
47.91697431,[-1.72976311  4.72298963  1.52475336],[-1.74976587  4.6026652   0.962865  ],[ 0.07149739  0.71427474 -0.0252786 ]
48.00298667,[-1.71580634  4.90845332  1.45215824],[-1.74458779  4.89404895  0.71465451],[ 0.15689945  0.21870837 -0.01002842]
48.08996105,[-1.69800157  5.1574257   1.32732607],[-1.73914268  5.21613159  0.34418189],[-0.13667619 -0.99097766  0.05486509]
48.17597771,[-1.69076265  5.29664601  1.0520125 ],[-1.73560034  5.35772106  0.04173555],[  0.4814368  -10.69474     -0.29422422]
48.26199794,[-1.68083047  5.41311003  0.79333302],[-1.73513066  5.37620154 -0.0470207 ],[ 0.59882171 -4.09205397  0.03286271]
48.34795666,[-1.65901896  5.59310489  0.62451162],[-1.73015678  5.41718211 -0.06801745],[ 0.38506673  0.10399827 -0.23042262]
48.43400288,[-1.62004365  5.74879898  0.52819233],[-1.7071698   5.58155679 -0.07224633],[-0.53175784 -0.82501624 -0.97957353]
48.52001333,[-1.56807327  5.90688081  0.4593166 ],[-1.66234862  5.75505195 -0.07913247],[-0.82885204 -1.6459083  -1.45750081]
48.60596943,[-1.50967505  6.06110618  0.44584108],[-1.59591417  5.91157655 -0.07005522],[-0.6133795  -0.6769697  -0.40926644]
48.69300365,[-1.45831723  6.20737777  0.45070924],[-1.52223238  6.03928027 -0.06169836],[-0.22148174  0.07640158  0.53470148]
48.78000641,[-1.41435959  6.35283799  0.47339839],[-1.45594602  6.17002331 -0.04065668],[-0.12199238  0.07269691  0.48289178]
48.86599779,[-1.37883161  6.49306404  0.48677861],[-1.40056854  6.30356434 -0.02602549],[-0.10804007 -0.03836268  0.44511088]
48.95199347,[-1.3533832   6.63178901  0.49751507],[-1.35592708  6.43667961 -0.01377125],[-0.10195268  0.00912916  0.47447576]
49.03795838,[-1.33994018  6.76713474  0.51074322],[-1.32264879e+00  6.56843932e+00  6.33515793e-04],[-0.05804905 -0.03267244  0.56466673]
49.12400937,[-1.33839732  6.90294605  0.52257478],[-1.29985123  6.70380946  0.0134373 ],[-0.02604489 -0.12833033  0.64190499]
49.21000481,[-1.35184018  7.03408458  0.53005404],[-1.29113609  6.83781396  0.02181978],[-0.00963671 -0.18797296  0.67718041]
49.29596448,[-1.37926967  7.16642605  0.53960567],[-1.29609514  6.97524434  0.03250391],[ 0.00972614 -0.09933449  0.73337042]
49.38198066,[-1.42059833  7.29390672  0.5437546 ],[-1.31655491  7.11195514  0.0359773 ],[ 0.06373308 -0.13551144  0.7891874 ]
49.46799994,[-1.47449425  7.4197735   0.54475914],[-1.35291849  7.25013157  0.03650398],[ 0.10809074 -0.17805367  0.78922221]
49.55396485,[-1.54382992  7.54476113  0.54973478],[-1.40705538  7.39024942  0.04152964],[ 0.09601748 -0.1507923   0.74154638]
49.63997746,[-1.62606146  7.65973949  0.54748551],[-1.47661933  7.5201947   0.03900456],[ 0.0808187  -0.15838446  0.65994752]
49.72599387,[-1.71916004  7.7715416   0.54879947],[-1.56108251  7.64870932  0.03923305],[ 0.07742567 -0.21387324  0.66911205]
49.81196737,[-1.82238046  7.87097087  0.54293   ],[-1.65642092  7.76450459  0.03311789],[ 0.06648609 -0.13403665  0.62592849]
49.89799452,[-1.93557934  7.9612559   0.53737002],[-1.76310522  7.87174455  0.02712606],[ 0.06179714 -0.1159102   0.63576964]
49.98396468,[-2.05971644  8.04397841  0.53546916],[-1.88117344  7.97039802  0.02586178],[ 0.04996345 -0.09310742  0.62462187]
50.06999874,[-2.19105323  8.1141127   0.53029494],[-2.0073148   8.05760198  0.0212396 ],[ 0.04391021 -0.08914345  0.62412902]
50.15596271,[-2.33014525  8.17231363  0.52895562],[-2.14346777  8.1338555   0.01950446],[ 0.05042464 -0.16889689  0.63850547]
50.24200225,[-2.47448314  8.21649018  0.52408556],[-2.2879773   8.19763177  0.01329581],[ 0.05427907 -0.11292643  0.63948213]
50.32800841,[-2.62527814  8.24818931  0.52149921],[-2.44116319  8.248452    0.00945425],[ 0.04033583 -0.20879693  0.66936907]
50.41399622,[-2.78120089  8.26284841  0.51643157],[-2.60137119e+00  8.28358599e+00  4.39216610e-03],[ 0.08902069 -0.18740531  0.70847483]
50.49997759,[-2.94381446  8.26085538  0.51249142],[-2.76930495e+00  8.30095215e+00  1.65409790e-03],[ 0.11826374 -0.17145907  0.72484403]
50.58597088,[-3.11139531  8.24647802  0.51118801],[-2.94473738e+00  8.30365035e+00 -3.02600154e-05],[ 0.16321747 -0.15835997  0.75781847]
50.67197061,[-3.28089128  8.218985    0.51011193],[-3.12458773e+00  8.29089530e+00 -3.04592450e-03],[ 0.21791415 -0.10343549  0.73491004]
50.75796914,[-3.44807576  8.17434202  0.50963206],[-3.29941452e+00  8.25868948e+00 -4.09662897e-03],[ 0.26395724 -0.03151115  0.71214179]
50.84397173,[-3.60558215  8.12136652  0.50486577],[-3.46387593e+00  8.21388590e+00 -6.03277502e-03],[0.20260997 0.05863145 0.56343012]
50.92997241,[-3.75306029  8.06229809  0.49121382],[-3.61651781  8.15737904 -0.01056495],[0.03132593 0.07644933 0.15453525]
51.01597309,[-3.88427641  7.99763502  0.48210583],[-3.75210525  8.09523055 -0.01312677],[0.02899221 0.31892722 0.34992158]
51.10197258,[-3.99802428  7.92784105  0.4835982 ],[-3.87325367  8.03360568 -0.01296246],[0.07438361 0.30120957 0.49039539]
51.18796825,[-4.09804972  7.85474607  0.48429372],[-3.9837092   7.96939179 -0.01484627],[ 0.07408567 -0.27660975  0.57483242]
51.27396989,[-4.18466163  7.77641138  0.48494367],[-4.0819937   7.89991866 -0.01484143],[ 0.07400646 -0.25034683  0.58667079]
51.35997105,[-4.25961122  7.6947897   0.48723445],[-4.16980516  7.82587142 -0.01541412],[ 0.08694928 -0.14410082  0.59483956]
51.44597316,[-4.32461591  7.60817385  0.48959353],[-4.24781263  7.74643986 -0.01491704],[ 0.0952948  -0.28864216  0.65132856]
51.53197074,[-4.38083209  7.51803311  0.49146425],[-4.31847455  7.66158715 -0.01513842],[0.15059252 0.02462841 0.67636741]
51.61797237,[-4.42864427  7.42574186  0.49226393],[-4.37980627  7.5738122  -0.01494851],[ 0.14928465 -0.06456655  0.64548319]
51.70396829,[-4.4659667   7.32942616  0.49585075],[-4.43056284  7.48051942 -0.01390969],[0.16784372 0.15919485 0.65048362]
51.78997588,[-4.49653964  7.23174558  0.49698262],[-4.47229393  7.3855533  -0.01353035],[ 0.15570337 -0.45245834  0.57721042]
51.8759706,[-4.52002864  7.12993572  0.49921053],[-4.504473    7.28604668 -0.01284447],[0.17425769 0.14659654 0.47881068]
51.96197581,[-4.53922849  7.02480201  0.50028004],[-4.52966022  7.18208018 -0.01225442],[ 0.12314752 -0.33321994  0.35124369]
52.04797316,[-4.55425544  6.91316552  0.50258359],[-4.54935789  7.07209109 -0.0110677 ],[0.12270714 0.28519628 0.3038057 ]
52.13397288,[-4.5666792   6.79510527  0.50416513],[-4.56488455  6.95519345 -0.01021755],[0.09115586 0.13765648 0.22327534]
52.21998167,[-4.57721603  6.6709956   0.50448113],[-4.57702803  6.83121411 -0.00955907],[0.07600429 0.13999491 0.161543  ]
52.3059926,[-4.58561082  6.54102944  0.50552213],[-4.58579567  6.70114983 -0.00876122],[0.05643133 0.09644859 0.09984562]
52.39199257,[-4.592142    6.40558083  0.50569052],[-4.59285384  6.56489161 -0.00832587],[ 0.0234716  -0.52173024  0.05420964]
52.47798967,[-4.59776319  6.26417181  0.50811984],[-4.59899309  6.42361167 -0.00797642],[0.02893042 0.22166665 0.05448385]
52.56396174,[-4.60225313  6.11764101  0.5075148 ],[-4.60398641  6.27805266 -0.00735245],[0.01537149 0.15636703 0.03331755]
52.64996004,[-4.60539448  5.96664191  0.50903987],[-4.60790096e+00  6.12866595e+00 -5.59016121e-03],[0.0112287  0.19025693 0.04336714]
52.73600078,[-4.60789208  5.81325445  0.50947162],[-4.61143255e+00  5.97647593e+00 -4.51356237e-03],[0.01015113 0.19243697 0.05306499]
52.82196498,[-4.60848028  5.65878054  0.5107081 ],[-4.61338939e+00  5.82204776e+00 -3.30174803e-03],[0.02112343 0.12114611 0.07543612]
52.90795898,[-4.60943933  5.50531737  0.51078763],[-4.61489155e+00  5.66779060e+00 -3.88710969e-03],[0.03027532 0.02454057 0.07534692]
52.9939959,[-4.60883323  5.35171593  0.51011982],[-4.61445094e+00  5.51375429e+00 -5.00717375e-03],[0.03471754 0.10516366 0.06476092]
53.07997131,[-4.60883801  5.19803752  0.51049009],[-4.61375197e+00  5.36055935e+00 -4.76404652e-03],[0.03258975 0.10657152 0.02300966]
53.16597199,[-4.60884661  5.04348142  0.51119662],[-4.61274937e+00  5.20677231e+00 -4.13770936e-03],[0.03024923 0.09188063 0.01640929]
53.25197244,[-4.6087168   4.88731976  0.51166022],[-4.61095719e+00  5.05149137e+00 -3.71807567e-03],[0.0303033  0.12441847 0.00547866]
53.33797145,[-4.61048832  4.73084453  0.5132843 ],[-4.61038248e+00  4.89626344e+00 -2.21820433e-03],[ 0.0292791   0.13779791 -0.0133407 ]
53.42398095,[-4.61173546  4.5731673   0.51431495],[-4.60951646e+00  4.73899953e+00 -1.70459236e-03],[ 0.01734961  0.07241107 -0.03277551]
53.50998402,[-4.61436771  4.41465833  0.51473863],[-4.60971647e+00  4.58151915e+00 -1.13672015e-03],[ 0.00686378  0.13185956 -0.05805624]
53.59597015,[-4.6177385   4.25410804  0.51553726],[-4.61031476e+00  4.42226912e+00 -1.35697789e-04],[-0.01484519  0.18228883 -0.07931417]
53.68201995,[-4.62188887  4.09222122  0.51609279],[-4.61265203e+00  4.26044627e+00  1.50384979e-05],[-0.0223876   0.15156601 -0.0675792 ]
53.76800346,[-4.62693571  3.92803882  0.51631958],[-4.61645997e+00  4.09601970e+00  2.08128022e-05],[-0.03479094  0.1314245  -0.0758248 ]
53.85396004,[-4.63329157  3.76158887  0.51705035],[-4.62230075e+00  3.92879838e+00  4.55656286e-05],[-0.03313836  0.13193909 -0.06845787]
53.93996143,[-4.64013841  3.59234473  0.51763915],[-4.62929863e+00  3.75881037e+00 -1.60413875e-04],[-0.03350161  0.14578979 -0.02934815]
54.02599144,[-4.64798597  3.42100188  0.51768954],[-4.63750373e+00  3.58792928e+00  2.03711648e-04],[-0.01826376  0.09882241 -0.00937614]
54.1119628,[-4.6559029   3.25010241  0.51769804],[-4.64600272e+00  3.41708510e+00  5.21072964e-04],[-0.01391014  0.05069755  0.00770976]
54.1979599,[-4.66406248  3.08083487  0.51738974],[-4.65450986e+00  3.24775479e+00  4.49436614e-04],[ 0.01121461  0.16008978 -0.00089736]
54.2839992,[-4.67220826  2.91437055  0.51710377],[-4.66247956e+00  3.08233622e+00  1.68656808e-03],[0.01046452 0.03919206 0.00916353]
54.36998057,[-4.68044953  2.75244386  0.5173124 ],[-4.67018942e+00  2.92073171e+00  2.38432640e-03],[ 0.00337684  0.0927984  -0.0365813 ]
54.4559691,[-4.68943181  2.59434359  0.51720861],[-4.67797986e+00  2.76265847e+00  3.06777756e-03],[-0.02179295  0.1220725  -0.07585531]
54.54297161,[-4.69844284  2.4383393   0.51883091],[-4.68652691  2.60743589  0.00494365],[-0.03139105  0.10912938 -0.05710954]
54.62897229,[-4.70771807  2.28305842  0.51854414],[-4.69651572e+00  2.45150720e+00  4.60994591e-03],[-0.01063753  0.07618418 -0.00572654]
54.71497345,[-4.71657774  2.12790141  0.51907162],[-4.70651651  2.29585844  0.00494716],[-0.01975614  0.06995008  0.00763912]
54.80099821,[-4.72548992  1.97251135  0.51951171],[-4.71671912  2.13934808  0.00501287],[-0.01925057  0.04915714  0.01188238]
54.88696885,[-4.73317014  1.8157847   0.51958497],[-4.72597732e+00  1.98101505e+00  4.51479723e-03],[-0.01234544  0.03909788  0.01780416]
54.97296882,[-4.74048396  1.65765817  0.51997986],[-4.73482706e+00  1.82215567e+00  4.68777723e-03],[-0.00671611  0.09700968  0.02695452]
55.05900908,[-4.74716838  1.49705082  0.52069785],[-4.74314785  1.66125837  0.00534325],[-0.00843403  0.10958901  0.03538016]
55.14497089,[-4.75261973  1.33343655  0.521052  ],[-4.75054814  1.49725105  0.00563816],[-0.00048345  0.16146571  0.06335157]
55.23099113,[-4.75739835  1.16740176  0.52263279],[-4.75714339  1.33132761  0.00709627],[0.00812661 0.13182186 0.06790298]
55.31697488,[-4.76125481  0.99911363  0.52416678],[-4.76223728  1.16256143  0.00809453],[0.01838714 0.11242199 0.06442149]
55.40296078,[-4.76395956  0.82889731  0.52484658],[-4.76588984  0.99184082  0.00839529],[0.02010817 0.13150761 0.05254821]
55.48898888,[-4.76559256  0.65758208  0.526203  ],[-4.7679535   0.82264761  0.01046214],[0.01820704 0.11334415 0.05274141]
55.57500911,[-4.76632468  0.48685497  0.52706242],[-4.76932127  0.6530028   0.01166221],[0.03182795 0.09503589 0.05764338]
55.66099668,[-4.76634436  0.31890972  0.52797832],[-4.76929632  0.48566251  0.01263683],[0.04117254 0.0813565  0.0649884 ]
55.74697638,[-4.76609933  0.15471564  0.52855444],[-4.76920492  0.32075474  0.01477829],[-0.18481845 -0.02331086 -0.36106847]
55.8329742,[-4.76749907e+00 -3.94658446e-03  5.25363248e-01],[-4.7673014   0.15665692  0.01395626],[-0.31711249 -0.10967068 -0.47386528]
55.91897416,[-4.7659988  -0.15518241  0.52532071],[-4.77566933e+00  5.69202507e-04  1.48672555e-02],[-0.16123635  0.19591224  0.25528288]
56.00497532,[-4.75774023 -0.30010605  0.52747969],[-4.78333142 -0.14727921  0.01710857],[-0.12256961  0.02014717  0.2394638 ]
56.0909729,[-4.74292812 -0.43937336  0.52713579],[-4.78402927 -0.29146544  0.01758376],[-0.13490302  0.00122     0.30244364]
56.17697382,[-4.71890574 -0.57329307  0.52756418],[-4.77827361 -0.43227454  0.01873432],[-0.08848732 -0.021277    0.46170841]
56.2629745,[-4.68487163 -0.70232665  0.52830635],[-4.76352307 -0.57017755  0.01998005],[-0.05478213 -0.07202662  0.56900605]
56.34897733,[-4.64053468 -0.82752432  0.52880058],[-4.73831138 -0.70706435  0.02044829],[-0.03366298 -0.08906443  0.6061544 ]
56.43497252,[-4.58366149 -0.94831527  0.52967455],[-4.69994176 -0.84201614  0.0212426 ],[ 0.00562128 -0.13069931  0.68381634]
56.52098083,[-4.51421889 -1.06469548  0.53217582],[-4.64812324 -0.97353126  0.02312976],[ 0.02792098 -0.12394025  0.70834286]
56.60696721,[-4.43112388 -1.17607172  0.53460943],[-4.58070385 -1.10236131  0.02427262],[ 0.05631422 -0.16043838  0.74462517]
56.69298458,[-4.33553894 -1.28118614  0.53513387],[-4.49803798 -1.22571497  0.02500396],[ 0.08097654 -0.16750446  0.76707864]
56.77897096,[-4.22832281 -1.37738064  0.53570996],[-4.40027603 -1.34075805  0.02583662],[ 0.08098914 -0.19985789  0.72399915]
56.8649776,[-4.11022169 -1.46325229  0.53566854],[-4.28853599 -1.4461974   0.02549199],[ 0.08419721 -0.28242822  0.70496492]
56.95096922,[-3.98290017 -1.53795147  0.53449603],[-4.16528622 -1.54091211  0.02428805],[ 0.07489848 -0.15777622  0.66340605]
57.03697133,[-3.84672829 -1.60020892  0.53447397],[-4.03180286 -1.62262407  0.02437543],[ 0.06215404 -0.16763435  0.68650128]
57.12297106,[-3.70254642 -1.64946571  0.53384908],[-3.88721018 -1.69222317  0.02325059],[ 0.09482807 -0.22010835  0.70236863]
57.20898771,[-3.55012273 -1.68490196  0.53416138],[-3.73141485 -1.74762877  0.02291754],[ 0.11032279 -0.19289468  0.73074465]
57.29597044,[-3.3875244  -1.70684926  0.53612004],[-3.56364866 -1.78734795  0.02357314],[ 0.16868699 -0.23171739  0.75575472]
57.38197327,[-3.22060985 -1.71442777  0.53728898],[-3.38950154 -1.80846615  0.02349388],[ 0.21132835 -0.09650722  0.74866772]
57.46797037,[-3.05110894 -1.70711989  0.53971324],[-3.21434029 -1.8097043   0.02518001],[ 0.25490014 -0.05613281  0.72812713]
57.55397153,[-2.88493975 -1.68706126  0.54052148],[-3.0432498  -1.79326289  0.02553411],[ 0.2805604  -0.01802308  0.65313243]
57.64000702,[-2.72587404 -1.65858458  0.53308649],[-2.88204172 -1.7642264   0.0273957 ],[ 0.1859892  -0.48578031  0.30829311]
57.7279582,[-2.58007295 -1.623398    0.52367222],[-2.73345542 -1.72696331  0.02665206],[ 0.05200137 -0.12223472  0.21568616]
57.81397414,[-2.45671888 -1.58309326  0.52467105],[-2.60857418 -1.69133337  0.02802687],[0.03950977 0.21819724 0.31606798]
57.90000153,[-2.35218219 -1.53980429  0.52755428],[-2.49754386 -1.65462899  0.02626811],[0.10765872 0.18904597 0.52279077]
57.98599601,[-2.26521621 -1.49336096  0.53026196],[-2.40318214 -1.6150705   0.02494291],[0.13665516 0.09808718 0.60915328]
58.07196975,[-2.19283247 -1.44532981  0.53359956],[-2.32324588 -1.57361804  0.02513141],[ 0.13376201 -0.29933694  0.59166139]
58.15797234,[-2.13181312 -1.3954683   0.53698796],[-2.25380166 -1.52930592  0.02350679],[0.14408367 0.11373584 0.57077201]
58.24397111,[-2.07996854 -1.344897    0.53657004],[-2.19422472 -1.48413552  0.02208094],[ 0.13034679 -0.26940894  0.54388447]
58.3299768,[-2.03565849 -1.29351489  0.53777304],[-2.14176043 -1.43754794  0.02037645],[0.13416907 0.69975884 0.5168961 ]
58.41596746,[-1.99785384 -1.24190251  0.53720321],[-2.09635045 -1.3908486   0.01976615],[ 0.11655718 -0.12999613  0.47563276]
58.50195909,[-1.96621595 -1.19036911  0.53851014],[-2.05701684 -1.34406325  0.01969528],[0.0928554  0.31813585 0.47223217]
58.5879612,[-1.93888992 -1.13953529  0.53861457],[-2.02242493 -1.29769105  0.02013224],[ 0.0789866  -0.30580488  0.4247273 ]
58.67396188,[-1.91629537 -1.08962285  0.53898009],[-1.99206955 -1.25129152  0.0194693 ],[0.08393363 0.1233159  0.39825532]
58.75999832,[-1.89701719 -1.03914907  0.53836571],[-1.96489087 -1.20405538  0.01865547],[ 0.07129418 -0.20638146  0.37991708]
58.84699631,[-1.87953154 -0.98637896  0.53720066],[-1.93955969 -1.15382372  0.01761169],[0.06206161 0.17384557 0.37926901]
58.93299818,[-1.86420042 -0.93132524  0.53609612],[-1.91650418 -1.10087341  0.01680366],[0.0587587  0.01085763 0.34640737]
59.01897383,[-1.8499018  -0.87212362  0.53545824],[-1.89464021 -1.04260018  0.01579783],[0.05181708 0.05627003 0.30316798]
59.10500526,[-1.83651355 -0.80825878  0.53444667],[-1.87454613 -0.9791272   0.01438451],[0.05207214 0.033867   0.27654197]
59.1909833,[-1.82368493 -0.73926251  0.53335187],[-1.85624471 -0.91064239  0.01320569],[0.04739658 0.04295852 0.23215297]
59.27697158,[-1.81180177 -0.66619674  0.53231676],[-1.83958401 -0.8378784   0.01205382],[0.04061104 0.04069186 0.19342198]
59.36297035,[-1.80098065 -0.5897035   0.53114685],[-1.8242695  -0.76087233  0.01052324],[0.04598494 0.05467082 0.19549424]
59.44897866,[-1.79140927 -0.510133    0.53032522],[-1.8108882  -0.6814444   0.00966898],[ 0.04158512 -0.00704149  0.16844766]
59.534971,[-1.78291402 -0.4281339   0.52906034],[-1.7990693  -0.59858485  0.00826209],[0.02427155 0.04686256 0.12394039]
59.62098145,[-1.77544013 -0.34400629  0.52862596],[-1.78919094 -0.5144725   0.00782537],[0.00786866 0.03489149 0.07822482]
59.70701528,[-1.76867179 -0.25815286  0.52743682],[-1.78034891 -0.42833025  0.00687729],[0.00876915 0.01255591 0.09332541]
59.79300547,[-1.76272576 -0.17042136  0.52663468],[-1.77249973 -0.34002517  0.00597565],[0.02582901 0.02390271 0.10055343]
59.87895823,[-1.75732479 -0.08047148  0.52504967],[-1.76554899 -0.24974645  0.00464836],[0.03205596 0.05698119 0.09474376]
59.96499586,[-1.75253629  0.01125095  0.5243725 ],[-1.75939184 -0.15758683  0.00394702],[0.02459257 0.05288522 0.06659882]
60.05096531,[-1.74839139  0.10417324  0.5237021 ],[-1.75468463 -0.06457628  0.00330502],[0.00736255 0.04655754 0.0197501 ]
60.13698936,[-1.744538    0.19783551  0.52356219],[-1.75047394  0.0285173   0.00340618],[-0.00434776  0.08240619  0.02794298]
60.22296906,[-1.74133826  0.29297961  0.52217328],[-1.74647181  0.12379438  0.00213216],[0.00368659 0.02334064 0.03153628]
60.30897117,[-1.73865189  0.38982143  0.52142184],[-1.74266096e+00  2.20794485e-01  1.45731374e-03],[0.02019987 0.06317642 0.06145464]
60.39497399,[-1.73636475  0.48993725  0.52026346],[-1.73934172e+00  3.22464459e-01  3.60551680e-04],[0.01593781 0.07094191 0.0583904 ]
60.48100305,[-1.73437662  0.59453225  0.51942498],[-1.73660571e+00  4.27658663e-01 -2.54506837e-04],[0.00987973 0.08816818 0.0105523 ]
60.56699777,[-1.73251393  0.7037788   0.51912977],[-1.73477884e+00  5.37363857e-01 -2.79860036e-04],[ 0.00666284  0.09275305 -0.00606007]
60.65296626,[-1.73045487  0.81932454  0.53854562],[-1.73311754  0.65722418 -0.00827571],[0.06771313 0.45694781 0.05346444]
60.73897052,[-1.72943258  0.95725844  0.63911388],[-1.730782    0.8181169  -0.01020612],[0.1968356  1.26325625 0.06910064]
60.82496953,[-1.72756607  1.19569675  0.83927104],[-1.73149124  1.05520812 -0.01031336],[ 0.17150179  4.49037363 -0.08307879]
60.91098571,[-1.72263635  1.35213827  1.03687764],[-1.73317854  1.44643536  0.14325588],[ 0.07439785 -0.95360078 -0.16124428]
60.99695873,[-1.72026191  1.45639873  1.23004788],[-1.73014931  1.7243634   0.47900583],[ 0.16009086  0.21726692 -0.1032822 ]
61.083004,[-1.71865696  1.64151905  1.3663186 ],[-1.72459135  1.78569794  0.67663031],[ 0.00287378 -1.78807808 -0.00724448]
61.16899395,[-1.7155437   1.85081253  1.46590892],[-1.71820638  1.82597038  0.8506731 ],[0.04272251 1.40189202 0.0344931 ]
61.25496244,[-1.71230447  2.0512897   1.49532488],[-1.71492621  1.96836859  0.932048  ],[ 0.15916004  1.93282879 -0.12511984]
61.34096909,[-1.70609165  2.2057592   1.53000471],[-1.71372629  2.09950655  0.97082222],[-0.10804718  1.39994443 -0.22978084]
61.4269681,[-1.69980674  2.36378044  1.5429657 ],[-1.70964653  2.22699243  0.97665569],[-0.01763446  2.22150809 -0.15274779]
61.51297331,[-1.69538486  2.52332718  1.54122318],[-1.70288559  2.37120602  0.97869925],[0.21349124 0.83993132 0.18317083]
61.5989728,[-1.68996222  2.68463604  1.53286052],[-1.69916457  2.52805687  0.98140412],[ 0.06406062  0.38726131 -0.10052643]
61.6849997,[-1.68249018  2.84415941  1.52596233],[-1.69566625  2.68687552  0.98533259],[ 0.01389237  0.11234618 -0.16384362]
61.77097607,[-1.67300039  3.00272648  1.52430248],[-1.68945293  2.84628906  0.98908359],[-0.03000683  0.16046231 -0.12515893]
61.85696435,[-1.66198875  3.15628555  1.52642295],[-1.6805317   2.99966012  0.9924336 ],[-0.04043746  0.074063   -0.11963355]
61.94295883,[-1.64937821  3.30659793  1.52731325],[-1.66934416  3.14768085  0.99515557],[-0.14028383  0.24422186 -0.27168288]
62.02899194,[-1.63546239  3.45212729  1.53005401],[-1.65597243  3.29076715  0.99817493],[-0.16871118  0.14803898 -0.29061867]
62.11497927,[-1.62205762  3.59023702  1.53132204],[-1.63946204  3.42603337  0.99925446],[-0.06757232  0.09991513  0.0645267 ]
62.20095992,[-1.61175306  3.72385791  1.5329154 ],[-1.62163098  3.55821657  1.00097942],[0.06118933 0.08121116 0.28014426]
62.28699851,[-1.60402419  3.84870078  1.53227668],[-1.60858705  3.68390295  0.99977685],[ 0.0535341  -0.01979366  0.2371801 ]
62.37299705,[-1.59866942  3.9696817   1.53660076],[-1.59948912  3.81196154  0.99947997],[ 0.06277428 -0.53751336  0.15942009]
62.45900536,[-1.59468715  4.09173472  1.54250881],[-1.59301198  3.94848636  0.99686063],[ 0.07833014 -0.40036619  0.12774225]
62.54495907,[-1.59150199  4.22151711  1.54245212],[-1.58976035  4.08735846  0.99525906],[ 0.09847924 -0.19024477  0.12756957]
62.63097405,[-1.58896658  4.36793686  1.53809289],[-1.58886479  4.24242021  0.99430882],[ 0.10822668 -1.54783333  0.1235604 ]
62.71697688,[-1.58663182  4.52860712  1.53149176],[-1.5896443   4.40295649  0.99286801],[0.16758625 0.48029901 0.09897957]
62.80299807,[-1.58328662  4.70700269  1.52830481],[-1.59153052  4.57512931  0.98239849],[0.23979411 1.32992875 0.08153477]
62.88899875,[-1.57856254  4.89289089  1.47517786],[-1.60639881  4.85542105  0.75108778],[ 0.22173466  1.14426467 -0.0215373 ]
62.97500062,[-1.57540827  5.14758124  1.36097092],[-1.62633425  5.16066818  0.39418872],[ 0.11422602 -1.92215044 -0.11062026]
63.06100345,[-1.57578106  5.26225409  1.07277593],[-1.63470073  5.34787115  0.05612877],[ 0.10313303 13.72172606 -0.15402235]
63.14698076,[-1.57018463  5.40167658  0.83582604],[-1.63542258  5.35680175 -0.02613708],[ 1.61815003 -7.79151155 -0.27145295]
63.23300076,[-1.5526956   5.56834808  0.67106322],[-1.63185382  5.43299134 -0.05098666],[ 1.07363853 -0.52579847 -0.07215687]
63.31901121,[-1.51657148  5.74032034  0.56753766],[-1.61846741  5.60887084 -0.05666647],[ 0.45469682 -0.42582597 -0.77008575]
63.40495753,[-1.45765613  5.90812578  0.49240338],[-1.58410229  5.79618934 -0.06044265],[-0.58945821 -0.97381456 -2.25639726]
63.49099565,[-1.38065549  6.05644123  0.46010421],[-1.51491494  5.96162829 -0.05593134],[-0.86112842 -0.09147342 -2.05159817]
63.57699537,[-1.299858    6.19519087  0.47090607],[-1.42120755  6.08006347 -0.04004074],[-0.37012074  0.27438974 -0.08802674]
63.66299486,[-1.22530604  6.32846747  0.48911164],[-1.32335546  6.18365763 -0.03026221],[-0.20360197  0.06315954  0.57268203]
63.74900055,[-1.1588932   6.45908471  0.50185821],[-1.23380436  6.29637982 -0.01855386],[-0.1421903  -0.03060108  0.43280609]
63.83500338,[-1.09959531  6.58759411  0.50429169],[-1.15613479  6.41281647 -0.0102247 ],[-0.14501572 -0.17259265  0.40173216]
63.9209857,[-1.05100964  6.71468457  0.51251944],[-1.08903170e+00  6.52979102e+00  2.32828356e-04],[-0.09058343 -0.00869615  0.52047944]
64.00696564,[-1.01231209  6.84309286  0.52090883],[-1.03121898  6.65068866  0.00978325],[-0.05756956 -0.06479737  0.55538928]
64.09296608,[-0.98507137  6.96967162  0.52673008],[-0.98502078  6.77257471  0.01674836],[-0.04785321 -0.04318624  0.582529  ]
64.17899776,[-0.97077764  7.0964113   0.53062619],[-0.95044711  6.89676647  0.02161954],[-0.0072512  -0.12925096  0.66108022]
64.26501155,[-0.96800189  7.22474936  0.53607764],[-0.9264283   7.02643508  0.02786111],[ 6.46693545e-04 -5.19481712e-02  6.75165562e-01]
64.35099149,[-0.97984128  7.35125951  0.53562345],[-0.91728487  7.15433887  0.02927387],[ 0.00931842 -0.07750062  0.68913904]
64.43699551,[-1.00607482  7.4782188   0.5387332 ],[-0.92149191  7.28658616  0.03367159],[ 0.02594176 -0.12549439  0.75099667]
64.52300477,[-1.04642629  7.60062707  0.53555312],[-0.94152613  7.41945583  0.03092857],[ 0.06820388 -0.23469397  0.81048333]
64.60939598,[-1.10124108  7.71871914  0.53178056],[-0.97733878  7.5521052   0.02719573],[ 0.09429632 -0.24283083  0.82995314]
64.69496751,[-1.16952175  7.83212123  0.53133796],[-1.02972827  7.68271621  0.0265432 ],[ 0.10918188 -0.22864098  0.81249879]
64.78100181,[-1.25127946  7.93515379  0.52683681],[-1.09827008  7.80440341  0.02173725],[ 0.09782241 -0.16454076  0.75600222]
64.86800909,[-1.34511275  8.03269398  0.52586321],[-1.18158516  7.91949543  0.02098242],[ 0.09487296 -0.19063808  0.73441736]
64.95399904,[-1.44805691  8.11702033  0.52181867],[-1.27644566  8.02228058  0.01701839],[ 0.10011936 -0.16601024  0.7227751 ]
65.03995919,[-1.55990873  8.19300765  0.52013731],[-1.38355032  8.11650439  0.01484987],[ 0.10287213 -0.18700988  0.73333509]
65.12599397,[-1.6792651   8.25823491  0.51666232],[-1.49933743  8.20087776  0.01117689],[ 0.08327247 -0.16054586  0.67202545]
65.21196127,[-1.80680745  8.30961658  0.51375818],[-1.62339476  8.27113931  0.00922929],[ 0.05661806 -0.12590715  0.64019824]
65.29796052,[-1.93945539  8.34756115  0.51252754],[-1.75555470e+00  8.32850455e+00  7.74256167e-03],[ 0.05851646 -0.13471545  0.68078083]
65.38397694,[-2.07633558  8.37198104  0.51052538],[-1.89233765e+00  8.37304976e+00  6.87379013e-03],[ 0.11952052 -0.22337539  0.79061968]
65.46999693,[-2.2187406   8.38089353  0.50929129],[-2.03850721e+00  8.40301774e+00  5.54691925e-03],[ 0.17803321 -0.207994    0.83826813]
65.55596089,[-2.36465287  8.37627097  0.50857615],[-2.19198623e+00  8.41755247e+00  3.46705394e-03],[ 0.27097741 -0.25192118  0.90657862]
65.64201045,[-2.516141    8.36185066  0.50893401],[-2.35299689e+00  8.41780317e+00  8.32895035e-04],[ 0.30791087 -0.19142387  0.79605182]
65.72801018,[-2.67285878  8.33335793  0.50937371],[-2.51845011e+00  8.39839884e+00 -2.52161968e-03],[ 0.2980608  -0.13931817  0.58161436]
65.81397676,[-2.83351893  8.29664004  0.50917709],[-2.68364140e+00  8.36531547e+00 -5.49459383e-03],[0.23355004 0.10458477 0.35137329]
65.8999958,[-2.99732156  8.25156415  0.50868637],[-2.84745013e+00  8.32125481e+00 -6.56947467e-03],[0.12915732 0.18051692 0.14146823]
65.98600364,[-3.1577431   8.20307116  0.50789144],[-3.00619886e+00  8.27232266e+00 -6.82571088e-03],[0.04746343 0.26635525 0.04830404]
66.07199144,[-3.31354894  8.15080905  0.50598324],[-3.16088597e+00  8.22122865e+00 -7.74592924e-03],[0.03302006 0.36129638 0.08612701]
66.15798163,[-3.46138805  8.09637667  0.50571937],[-3.30874312e+00  8.16971631e+00 -7.35656237e-03],[0.04923294 0.18283661 0.19672701]
66.24400067,[-3.60136447  8.03997288  0.49822252],[-3.45149420e+00  8.11641897e+00 -7.12690086e-03],[-0.04541085 -0.30015618  0.03719973]
66.33001852,[-3.7295496   7.98380173  0.4882739 ],[-3.58375352  8.06048678 -0.01141249],[-0.08483956 -0.11790061  0.05812096]
66.41599202,[-3.83928803  7.92666102  0.49169266],[-3.6961004   8.00878334 -0.00891038],[-0.03898758  0.03109262  0.24515079]
66.50196147,[-3.93623812  7.8694671   0.49091247],[-3.79957895  7.96012197 -0.01054836],[-0.00852045 -0.0358425   0.44224985]
66.5879612,[-4.02038681  7.8076767   0.49088384],[-3.89249386  7.90858087 -0.01089734],[0.00593332 0.0239189  0.49176703]
66.67396903,[-4.09520301  7.74274109  0.49296453],[-3.97835239  7.85343762 -0.0109176 ],[ 0.03131877 -0.04235658  0.53136926]
66.75996947,[-4.1620332   7.67220605  0.49423262],[-4.05678586  7.79240961 -0.01060058],[ 0.04819593 -0.0523795   0.57128926]
66.84595847,[-4.22208691  7.59808993  0.49569726],[-4.12943492  7.72682755 -0.01005989],[ 0.05682496 -0.06369142  0.60818641]
66.93195939,[-4.27512734  7.52087894  0.49658839],[-4.19625907  7.65717787 -0.01022546],[ 0.09487996 -0.10817014  0.65156658]
67.01800919,[-4.32227469  7.43797515  0.49656765],[-4.25726312  7.58044228 -0.0109109 ],[ 0.12680303 -0.14017954  0.67070648]
67.10399485,[-4.36298078  7.35236252  0.49721365],[-4.31191501  7.49963988 -0.0111535 ],[ 0.14037901 -0.07216916  0.64455538]
67.18995833,[-4.39618545  7.26196764  0.49810001],[-4.35776105  7.41300731 -0.01116841],[ 0.15828775 -0.04428497  0.6183493 ]
67.27601099,[-4.42311377  7.16811457  0.49968372],[-4.39549235  7.32168254 -0.01142157],[0.12989129 0.03557851 0.49576055]
67.3619945,[-4.44596673  7.06984609  0.50122802],[-4.42649168  7.22503991 -0.01105727],[ 0.11468384 -0.00806456  0.43942529]
67.44799995,[-4.46371856  6.96473689  0.50160727],[-4.45196106  7.12102604 -0.01106961],[0.11362854 0.00234119 0.39552073]
67.53399539,[-4.47950794  6.85365627  0.50297966],[-4.4728505   7.01104651 -0.01007243],[0.10072704 0.04477638 0.3013278 ]
67.61996794,[-4.49249527  6.73549711  0.50419443],[-4.4888765   6.89411072 -0.00906552],[0.09751089 0.01595519 0.2376965 ]
67.70597172,[-4.50396184  6.61104892  0.50416166],[-4.50158273  6.77023259 -0.00952845],[0.07495254 0.04570175 0.13947829]
67.79197574,[-4.51470108  6.47983679  0.50464166],[-4.51165799  6.63968117 -0.00932275],[0.05016052 0.08084629 0.05051963]
67.87797379,[-4.52336158  6.34253662  0.50510368],[-4.52014464  6.50241913 -0.00904416],[0.02724284 0.14036575 0.03127257]
67.96399498,[-4.53074833  6.19944677  0.50546495],[-4.5280436   6.35937952 -0.00888131],[0.01326082 0.15355905 0.03453675]
68.05096126,[-4.5374007   6.04975906  0.50632815],[-4.5355594   6.21062312 -0.00765494],[0.0043603  0.18790545 0.03828392]
68.13700652,[-4.54276826  5.89819911  0.50750393],[-4.54198260e+00  6.06037737e+00 -5.85898860e-03],[0.00489944 0.13204244 0.0346368 ]
68.22300887,[-4.54748194  5.74526352  0.50850032],[-4.54788021e+00  5.90852916e+00 -4.43686290e-03],[0.00605739 0.08479569 0.05791508]
68.30897069,[-4.55129586  5.59128179  0.50852327],[-4.55317226e+00  5.75404649e+00 -4.60765341e-03],[0.0156306  0.05080749 0.07035576]
68.39495707,[-4.55361228  5.43686488  0.50866825],[-4.55643274e+00  5.59960733e+00 -4.69220314e-03],[0.0272015  0.02623207 0.0719819 ]
68.4809916,[-4.55535229  5.28257931  0.50828717],[-4.55893175  5.44482561 -0.00562012],[0.03928999 0.02125832 0.08177945]
68.56697011,[-4.55576755  5.12801496  0.50889877],[-4.55944789  5.29019842 -0.00535196],[0.04321232 0.14903647 0.05317492]
68.65297079,[-4.55712939  4.97393449  0.5102565 ],[-4.55979342e+00  5.13708236e+00 -4.08685165e-03],[0.04548543 0.07933629 0.02570983]
68.73899317,[-4.55813327  4.81894747  0.51108079],[-4.55886191e+00  4.98290890e+00 -3.62847183e-03],[ 0.03737873  0.1054793  -0.00220652]
68.82497334,[-4.56090792  4.6628259   0.51219282],[-4.55919375e+00  4.82778406e+00 -2.81549523e-03],[ 0.03879288  0.13839642 -0.02135767]
68.91097999,[-4.56370994  4.50549791  0.5134967 ],[-4.55944874e+00  4.67197946e+00 -1.62159644e-03],[ 0.02300965  0.15164802 -0.04374568]
68.99697304,[-4.56684924  4.34641682  0.51404504],[-4.56022380e+00  4.51377155e+00 -1.27772655e-03],[ 0.01559414  0.16688984 -0.05505277]
69.08297086,[-4.57148001  4.18612384  0.51471275],[-4.56237419e+00  4.35383311e+00 -8.35335430e-04],[ 0.01340714  0.13994127 -0.07407408]
69.16897225,[-4.57758762  4.0242171   0.51619496],[-4.56567744e+00  4.19243153e+00  3.08655875e-04],[-0.00556745  0.11560861 -0.08288173]
69.25498462,[-4.5855068   3.86061176  0.51617719],[-4.57110341e+00  4.02886126e+00 -3.90570802e-05],[-0.01700902  0.11281558 -0.09814274]
69.34097195,[-4.59512517  3.69430442  0.51606034],[-4.57864474e+00  3.86214872e+00 -3.00273148e-04],[-0.02533268  0.15542941 -0.10894472]
69.42696857,[-4.60681187  3.52504601  0.51675878],[-4.58889648e+00  3.69257454e+00 -4.69772212e-05],[-0.04835611  0.17507524 -0.09028061]
69.5129714,[-4.61980355  3.35405823  0.51736122],[-4.60126669e+00  3.52125865e+00  3.10803238e-04],[-0.04234445  0.14478846 -0.07497344]
69.59898162,[-4.63344219  3.18493778  0.51763456],[-4.61542271e+00  3.35171824e+00  7.92436663e-04],[-0.01636375  0.1083653  -0.00580457]
69.68499613,[-4.64698592  3.01831846  0.51829446],[-4.62991864e+00  3.18405691e+00  1.07153408e-03],[-0.00661702  0.0890897  -0.00563142]
69.77100062,[-4.6610141   2.85469825  0.51789405],[-4.64429264e+00  3.02082839e+00  1.95291843e-03],[-0.0133026   0.11630665 -0.01108587]
69.85697246,[-4.67503404  2.69496467  0.51752278],[-4.65825158e+00  2.86172860e+00  2.80298276e-03],[-0.02440903  0.11008822 -0.03793857]
69.94296908,[-4.68914828  2.53850287  0.51815432],[-4.67254164e+00  2.70540414e+00  3.66458692e-03],[-0.02597706  0.12046612 -0.03469146]
70.02896953,[-4.70347007  2.38409665  0.51846385],[-4.68736101e+00  2.55069036e+00  4.03186237e-03],[-0.02612261  0.052362   -0.02536306]
70.11497641,[-4.71754958  2.23057689  0.51947955],[-4.70248657  2.3972178   0.00510237],[-0.02748232  0.04391988  0.00528872]
70.20097089,[-4.73155653  2.07643877  0.51947853],[-4.71789569e+00  2.24181403e+00  4.50989678e-03],[-0.02141666  0.10134514  0.00709645]
70.28697157,[-4.74503366  1.92065114  0.51976328],[-4.73280384e+00  2.08510879e+00  4.51031115e-03],[-0.02087213  0.069479    0.01019141]
70.37297106,[-4.75796773  1.76265128  0.5201685 ],[-4.74763895e+00  1.92636266e+00  4.70474286e-03],[-0.02000365  0.0424673   0.05141613]
70.45897079,[-4.76938765  1.60207295  0.52001214],[-4.76166869e+00  1.76474215e+00  4.20046889e-03],[-0.00331353  0.10777195  0.06741458]
70.54497743,[-4.77974952  1.43910276  0.52126487],[-4.77427723  1.60173091  0.00545646],[-0.00178061  0.10653572  0.06959428]
70.63097429,[-4.78892924  1.27442019  0.52264571],[-4.78550476  1.43664801  0.00661328],[0.00679309 0.00729702 0.06909782]
70.71698451,[-4.79717745  1.10717468  0.52336256],[-4.79531374  1.26915376  0.00711251],[0.00715514 0.1472204  0.06248831]
70.80297136,[-4.80455416  0.93824318  0.52471393],[-4.80369522  1.10040495  0.00837408],[-0.00658528  0.13718367  0.04397828]
70.888973,[-4.80979818  0.76757061  0.52509441],[-4.81046749  0.92993192  0.00894798],[-0.01646013  0.18461177  0.0434315 ]
70.97497225,[-4.81326536  0.59690011  0.5264502 ],[-4.81602799  0.75980428  0.01059549],[0.0031628  0.1543855  0.08628648]
71.06096172,[-4.81500674  0.42833515  0.52846347],[-4.82016916  0.59215432  0.0127943 ],[0.04498136 0.1198113  0.13819844]
71.14699435,[-4.81483635  0.26307509  0.52944509],[-4.82135871  0.42677847  0.01325208],[0.06627683 0.09944649 0.11017076]
71.23300743,[-4.81421877  0.10252228  0.52740347],[-4.82002798  0.26491248  0.01397194],[-0.17285713  0.02128441 -0.54221017]
71.31900764,[-4.81436008 -0.0523118   0.52467588],[-4.81949175  0.10443652  0.01402624],[-0.29209172  0.03015847 -0.26615725]
71.40499353,[-4.80896916 -0.20035901  0.52567938],[-4.82772308 -0.0472678   0.01514648],[-0.10234948  0.34211869  0.36152209]
71.49100089,[-4.79679849 -0.34217001  0.5275215 ],[-4.83113065 -0.19248287  0.01780087],[-0.12640208 -0.23570255  0.26916831]
71.57695723,[-4.77724878 -0.47842862  0.52869546],[-4.82725658 -0.33428013  0.01880627],[-0.1044715  -0.02101017  0.35191245]
71.66297174,[-4.74850289 -0.60930353  0.52933172],[-4.81634044 -0.47320742  0.01944564],[-0.06347887 -0.06028769  0.48698486]
71.7489593,[-4.71053636 -0.73585423  0.52858147],[-4.79670903 -0.60924068  0.019563  ],[-0.03873923 -0.07624826  0.55649473]
71.83496213,[-4.66162812 -0.85834198  0.52943936],[-4.76568274 -0.74264026  0.02090414],[-0.02814927 -0.02173798  0.6009814 ]
71.92097139,[-4.6000678  -0.97635258  0.5300078 ],[-4.72249691 -0.87538855  0.02172448],[ 0.01244414 -0.09120642  0.68876989]
72.00700164,[-4.52592508 -1.0892085   0.53078829],[-4.66516974 -1.00452187  0.02323726],[ 0.01838614 -0.13459031  0.70096298]
72.09299469,[-4.43902211 -1.19520984  0.53201901],[-4.59331257 -1.12858949  0.02499943],[ 0.03117743 -0.12363172  0.7219908 ]
72.17900062,[-4.33998046 -1.2935224   0.53314303],[-4.50643439 -1.24713963  0.02529256],[ 0.06103011 -0.17218235  0.76010943]
72.26496053,[-4.22883113 -1.38251527  0.53390211],[-4.40492078 -1.35665983  0.02577761],[ 0.07854224 -0.25046938  0.77393359]
72.35100174,[-4.10650243 -1.46049803  0.53438186],[-4.28875229 -1.45632375  0.02565501],[ 0.09640571 -0.20026338  0.76090712]
72.43699574,[-3.97491283 -1.52628494  0.53385745],[-4.15949071 -1.54318862  0.02448196],[ 0.11547336 -0.22065131  0.7436597 ]
72.52297282,[-3.83529804 -1.57891969  0.53362055],[-4.01945209 -1.61578429  0.02359611],[ 0.12997725 -0.30131471  0.76238889]
72.60896373,[-3.68854077 -1.61789645  0.53453435],[-3.8695234  -1.67320598  0.02341348],[ 0.16845364 -0.32996428  0.78359748]
72.69496679,[-3.53306505 -1.64356568  0.53486993],[-3.70851399 -1.7147833   0.02253018],[ 0.22332613 -0.17367316  0.7792194 ]
72.78096604,[-3.36980588 -1.65605579  0.53690989],[-3.53914116 -1.7373746   0.02287067],[ 0.27249262 -0.07712206  0.71246009]
72.8669591,[-3.20292065 -1.65584132  0.53862555],[-3.36712186 -1.74200823  0.02339855],[0.26844081 0.00748418 0.59290766]
72.95297217,[-3.03796615 -1.64454217  0.53908643],[-3.19937922 -1.73146673  0.02412294],[0.24590425 0.08735913 0.43138754]
73.0389719,[-2.87850479 -1.62493664  0.53683034],[-3.03779138 -1.71048045  0.02456876],[ 0.18803211 -0.10017272  0.35158869]
73.12497783,[-2.72658595 -1.59926737  0.53031923],[-2.88606939 -1.6841845   0.02703058],[ 0.09159025 -0.19845202  0.12338252]
73.21098042,[-2.59182188 -1.56897435  0.52226989],[-2.74798534 -1.65592279  0.02379973],[ 0.04419229 -0.01105265  0.23530965]
73.29697466,[-2.47792286 -1.53375711  0.52742569],[-2.63348502 -1.62745281  0.0275846 ],[0.0788136  0.05463372 0.38616612]
73.38296723,[-2.38215381 -1.49593255  0.52907307],[-2.5324162  -1.59712104  0.0263598 ],[ 0.09562237 -0.02054276  0.47358165]
73.46897054,[-2.30193719 -1.45678988  0.53090929],[-2.44611553 -1.5646632   0.02552431],[0.11754681 0.04868524 0.5045935 ]
73.55497408,[-2.23600624 -1.41526704  0.53343842],[-2.37253069 -1.52992414  0.0239676 ],[0.09814108 0.02161349 0.51178936]
73.64097142,[-2.17962923 -1.3726596   0.53491235],[-2.3093877  -1.49449473  0.02307527],[0.09779654 0.06217874 0.52030922]
73.72696948,[-2.13147205 -1.32856817  0.53562686],[-2.25372939 -1.45754347  0.02190846],[0.09429937 0.09605708 0.5386734 ]
73.81297159,[-2.08916042 -1.28272385  0.53596448],[-2.20405335 -1.41929696  0.02161807],[0.08427227 0.00584899 0.52088097]
73.89897108,[-2.05234048 -1.23520123  0.53526065],[-2.15875855 -1.37836907  0.02064758],[0.10002469 0.02717036 0.50994419]
73.98497009,[-2.01952293 -1.18585383  0.53434373],[-2.11732015 -1.33522752  0.01985261],[0.07629872 0.05569942 0.49945936]
74.07096767,[-1.9917055  -1.13526963  0.53389529],[-2.08042347 -1.29048461  0.01931853],[0.07512846 0.02363062 0.50252045]
74.15697002,[-1.96753804 -1.08448159  0.53342572],[-2.04718544 -1.24473293  0.01879683],[0.07043913 0.03442796 0.48101425]
74.24296856,[-1.9474234  -1.03363902  0.53343434],[-2.01784628 -1.19841982  0.01846089],[0.06681916 0.0462958  0.44129417]
74.32897496,[-1.93145579 -0.98162222  0.53314126],[-1.99206484 -1.15001848  0.01773586],[ 8.31255244e-02 -2.56254137e-04  4.54656107e-01]
74.41497636,[-1.91715199 -0.92713487  0.53247464],[-1.96833498 -1.09770142  0.01694808],[ 0.09539532 -0.02960048  0.44531912]
74.50097013,[-1.90476075 -0.86932493  0.53222883],[-1.9472543  -1.04118899  0.01646558],[0.06989056 0.00163445 0.37371295]
74.58696914,[-1.89317759 -0.80627076  0.53103369],[-1.9276263  -0.97804001  0.01463413],[ 0.05559657 -0.03249023  0.33169268]
74.67297435,[-1.88255399 -0.73793848  0.5302136 ],[-1.91029132 -0.90951931  0.0133675 ],[0.04973453 0.01539886 0.28395366]
74.75897503,[-1.87285105 -0.66450154  0.52906327],[-1.89495012 -0.83526139  0.01169118],[0.05075515 0.01563965 0.22632496]
74.84497809,[-1.8643606  -0.58678234  0.52819192],[-1.8821663  -0.75707339  0.01064881],[0.03010737 0.0459765  0.18286222]
74.93099022,[-1.8569048  -0.50650079  0.52751253],[-1.87102303 -0.67666737  0.0098278 ],[0.04222908 0.02666585 0.17063751]
75.01697993,[-1.8504709  -0.4238039   0.52685857],[-1.86203716 -0.59384121  0.00919613],[0.01816071 0.10787774 0.10561219]
75.10297394,[-1.84471824 -0.33964132  0.52584884],[-1.85458692 -0.50950153  0.00786723],[0.01894598 0.0032029  0.05184965]
75.18896937,[-1.83974282 -0.25384352  0.52465064],[-1.84801111 -0.42322689  0.00653184],[0.02013207 0.07468255 0.07611549]
75.27497101,[-1.83547522 -0.16633538  0.52409614],[-1.84224761 -0.33476998  0.00561149],[0.02063254 0.05669388 0.09318107]
75.36096978,[-1.83163774 -0.07697328  0.52301836],[-1.83721272 -0.24530791  0.00473372],[0.02488554 0.0712374  0.08181066]
75.44696879,[-1.82850922  0.01376784  0.52276447],[-1.8331498  -0.15481735  0.0046849 ],[0.01337821 0.0641118  0.04699233]
75.53297281,[-1.82576523  0.10584022  0.52174001],[-1.82992253 -0.06251056  0.00362602],[0.00815049 0.0151065  0.02387212]
75.61896944,[-1.82356648  0.19891169  0.52117525],[-1.82709637  0.0305977   0.00303121],[0.01216309 0.06979906 0.0335369 ]
75.70497155,[-1.82164648  0.29343574  0.52018837],[-1.82462155  0.12601682  0.00183459],[0.00689231 0.06254731 0.03031034]
75.79097939,[-1.81990933  0.3900653   0.52025138],[-1.82250657  0.22307963  0.00191248],[0.00732209 0.07702367 0.02705494]
75.87699604,[-1.81821341  0.49076439  0.51934799],[-1.82062439e+00  3.24445023e-01  9.35636027e-04],[0.00876435 0.07667985 0.01284908]
75.9629972,[-1.81624874  0.59612462  0.5186251 ],[-1.81900164e+00  4.30045317e-01  2.24741414e-04],[ 0.00109128  0.0131324  -0.01284332]
76.04895806,[-1.81436702  0.7062044   0.51752024],[-1.81738414e+00  5.40565612e-01 -8.11317197e-04],[-0.0083034   0.0084627  -0.01195493]
76.13500547,[-1.81216062  0.82314096  0.53804536],[-1.81596755  0.6617231  -0.00861823],[0.05214074 0.25822109 0.04575867]
76.2209816,[-1.81042351  0.9620256   0.64110915],[-1.81291222  0.82046386 -0.00987074],[0.16404324 2.09498054 0.03290671]
76.30696535,[-1.80660135  1.19986181  0.84268381],[-1.81263932  1.05344917 -0.0123797 ],[ 0.39275033  2.81758032 -0.10221971]
76.39299059,[-1.80358733  1.37535394  1.04572507],[-1.80544386  1.45044979  0.16002416],[-0.06281475 -6.00006446  0.17086728]
76.47899437,[-1.79824316  1.47901404  1.25013173],[-1.79858029  1.72325458  0.50201219],[ 0.30727021 -2.08870603 -0.13877841]
76.56499267,[-1.79393721  1.68242339  1.39375036],[-1.78965708  1.76329188  0.708313  ],[-0.07336956 -0.88341206  0.10781442]
76.6509819,[-1.78943259  1.89834002  1.49458164],[-1.78103056  1.87299631  0.87725077],[-0.20603304 -1.97247413 -0.27428589]
76.73697186,[-1.78487973  2.08395106  1.54754029],[-1.7803313   2.01535108  0.9817137 ],[-0.12484991  0.66510306 -0.20420517]
76.82297897,[-1.78119967  2.24534848  1.58260238],[-1.77539904  2.15881033  0.99548212],[-0.18612659  1.29334276 -0.13155762]
76.90997553,[-1.77864693  2.40556918  1.58818889],[-1.76977169  2.27995711  0.99402113],[-0.23750477  2.14299958 -0.08262476]
76.99597502,[-1.7780839   2.57318734  1.57296249],[-1.76605852  2.40255572  0.9939528 ],[0.68158464 0.5675044  1.21562682]
77.08197379,[-1.78691836  2.73218969  1.55893945],[-1.76347715  2.56611659  0.98898112],[0.50579957 0.26105837 0.27794977]
77.16796875,[-1.79238054  2.89814466  1.5446464 ],[-1.78225053  2.73195499  0.98747261],[ 0.28675475  0.02628225 -0.24532822]
77.25397348,[-1.79389474  3.06185003  1.53201959],[-1.79691764  2.89857558  0.98502591],[-0.01372898 -0.02628235 -0.35750173]
77.33997321,[-1.79260984  3.22429149  1.5242187 ],[-1.80407099  3.06199287  0.98398286],[-0.02908859  0.01969496 -0.29456151]
77.42597151,[-1.78758719  3.38272835  1.51961672],[-1.8059625   3.21876153  0.98398667],[-0.18634534 -0.02740968 -0.48777917]
77.5119741,[-1.77890643  3.53606326  1.51727399],[-1.79981301  3.37165947  0.98323111],[-0.21061743 -0.10894939 -0.26341194]
77.59797406,[-1.77105292  3.68371709  1.51742297],[-1.78732298  3.51660207  0.98416719],[0.00595937 0.0671527  0.19780976]
77.68397927,[-1.76465059  3.82195648  1.51701118],[-1.77589933  3.65540065  0.98362064],[ 0.0431812  -0.16874916  0.11393451]
77.76997399,[-1.75914442  3.9503671   1.51935194],[-1.76760244  3.79029601  0.9833601 ],[ 0.04045409 -0.29403738  0.10619071]
77.85597658,[-1.75332084  4.07751929  1.52657873],[-1.76054959  3.93339242  0.98205117],[ 0.06816208 -0.22793614  0.05219731]
77.94197202,[-1.74716556  4.21106504  1.52765932],[-1.75581009  4.07634407  0.98173173],[ 0.0842705 -0.2273989  0.0386205]
78.02797389,[-1.7392929   4.3606795   1.52631487],[-1.75011921  4.23589418  0.98061198],[ 0.08629208 -0.57244277 -0.00370847]
78.11397719,[-1.72945385  4.52586503  1.52319768],[-1.74372138  4.40191379  0.9835338 ],[ 0.06412197  0.29664176 -0.02235984]
78.1999743,[-1.71730982  4.7066472   1.51931968],[-1.73657708  4.58019042  0.97042347],[ 0.11991463  0.6105603  -0.00061786]
78.28597164,[-1.70330351  4.89793968  1.46921277],[-1.73304998  4.8609849   0.7467541 ],[ 0.23130141  1.41266185 -0.01737086]
78.37197304,[-1.68464571  5.15517092  1.35914985],[-1.73029505  5.16764418  0.39645915],[-0.10475458  1.85026624  0.01429656]
78.4579711,[-1.68196927  5.25423397  1.05810028],[-1.72542553  5.38341365  0.04562478],[ 0.38235025 15.47752645 -0.30981869]
78.54397655,[-1.66880729  5.41835139  0.83765216],[-1.72775803  5.38392749 -0.01946433],[ 1.21227851 -8.02538832 -0.08850632]
78.62997389,[-1.64386819  5.58980862  0.68856537],[-1.72044259  5.42248108 -0.02253005],[ 0.3434051   2.39992468 -0.19694412]
78.71597362,[-1.60644834  5.74222256  0.59652397],[-1.69909772  5.57478719 -0.01964587],[-0.24023191 -0.43755605 -0.86101691]
78.80197358,[-1.55287425  5.89685529  0.52735875],[-1.65574758  5.74942671 -0.01828014],[-0.88291213 -1.62298426 -1.61709655]
78.88797522,[-1.49156948  6.04106592  0.49868132],[-1.58958044  5.90166181 -0.01871828],[-0.89727833 -0.87824773 -0.78765288]
78.97397113,[-1.43525138  6.17949916  0.50115078],[-1.51211473  6.01820218 -0.0125854 ],[-0.36191531  0.02985905  0.51511443]
79.05997515,[-1.38848443  6.31575421  0.5102761 ],[-1.44002099e+00  6.13560559e+00 -5.97725877e-03],[-0.12167298 -0.00687335  0.65232172]
79.14597082,[-1.34918113  6.44994156  0.51001869],[-1.37866272e+00  6.26053815e+00 -4.44010726e-03],[-0.10485505 -0.11995733  0.54060907]
79.23297334,[-1.31971012  6.58279213  0.50968324],[-1.32914368e+00  6.38758461e+00 -2.26536292e-03],[-0.05657732 -0.1576404   0.54148113]
79.31897926,[-1.30070445  6.71636444  0.51091253],[-1.29035794e+00  6.51807318e+00  8.03309005e-06],[-0.04881711 -0.07216704  0.52654656]
79.40497112,[-1.29362284  6.8483604   0.51226552],[-1.26270346e+00  6.64893033e+00  2.17693515e-03],[-0.03902699 -0.08767521  0.58681347]
79.49097109,[-1.29959434  6.97967811  0.51262324],[-1.24741374e+00  6.78043403e+00  4.17928220e-03],[-0.00319059 -0.11244593  0.66720833]
79.57697368,[-1.31951233  7.11052879  0.51332104],[-1.24471801e+00  6.91622005e+00  5.80492693e-03],[ 0.04506451 -0.16429016  0.74564674]
79.66297102,[-1.35386936  7.2403342   0.51330615],[-1.25733225e+00  7.05387638e+00  6.85756141e-03],[ 0.06956903 -0.18638152  0.76493763]
79.74897003,[-1.40111747  7.36873732  0.51376643],[-1.28649441  7.19348108  0.00762699],[ 0.08833846 -0.16795824  0.78397077]
79.83497357,[-1.4627814   7.49359143  0.5148672 ],[-1.33245669  7.33299081  0.0081749 ],[ 0.08907251 -0.18881896  0.72339118]
79.92097449,[-1.53836947  7.61228998  0.51432924],[-1.39470440e+00  7.46684818e+00  7.37119824e-03],[ 0.08567696 -0.11344284  0.67473543]
80.00696778,[-1.62455116  7.72620745  0.51468562],[-1.47056284  7.59525961  0.00761383],[ 0.07776396 -0.13979078  0.64332506]
80.09399772,[-1.72228727  7.83110382  0.51342972],[-1.55994042e+00  7.71652117e+00  5.80466976e-03],[ 0.07235695 -0.19708367  0.63942549]
80.17999625,[-1.83185102  7.92703706  0.51243872],[-1.66228016e+00  7.82986536e+00  4.39572231e-03],[ 0.06268205 -0.16952394  0.62964387]
80.26599717,[-1.95023181  8.01178454  0.51303084],[-1.77475779e+00  7.93149327e+00  4.57085585e-03],[ 0.067966   -0.12896927  0.63788805]
80.35195398,[-2.07753533  8.08643798  0.51191163],[-1.89668108e+00  8.02364033e+00  3.68771186e-03],[ 0.05780741 -0.09976216  0.64041694]
80.43899369,[-2.21235489  8.14867947  0.51255017],[-2.02750416e+00  8.10368321e+00  3.86974675e-03],[ 0.05078927 -0.07104376  0.62291717]
80.52497649,[-2.35522474  8.19590395  0.51384142],[-2.16769996e+00  8.17015557e+00  4.03074687e-03],[ 0.06048719 -0.14292224  0.66998813]
80.61098409,[-2.50428924  8.23119931  0.51423302],[-2.31830221e+00  8.22561682e+00  2.21939626e-03],[ 0.09372331 -0.16822862  0.70791145]
80.6969583,[-2.65881256  8.25251285  0.51313901],[-2.47735678e+00  8.26734959e+00  3.43014396e-04],[ 0.11826821 -0.22928547  0.71284679]
80.78300285,[-2.81780605  8.25672229  0.51268216],[-2.64318003e+00  8.29080874e+00 -5.57724373e-04],[ 0.15216552 -0.20367418  0.73576018]
80.8689971,[-2.98355057  8.24618767  0.51176769],[-2.81583289e+00  8.29689771e+00 -1.28222304e-03],[ 0.19040237 -0.06704525  0.74610733]
80.95500636,[-3.15156871  8.22262759  0.51241979],[-2.99040343e+00  8.28706533e+00 -8.63702586e-04],[ 0.22319584 -0.05647511  0.69624232]
81.04096222,[-3.31815527  8.186867    0.51279199],[-3.16359404e+00  8.26228496e+00 -1.55378051e-03],[ 0.21413251 -0.02652601  0.6135397 ]
81.12697697,[-3.47705122  8.14154673  0.51108025],[-3.32771246e+00  8.22493437e+00 -3.37977190e-03],[0.19581525 0.18026526 0.49289053]
81.21297336,[-3.6266292   8.08988588  0.50412321],[-3.48182844e+00  8.17858751e+00 -3.53920383e-03],[ 0.08458864 -0.34229449  0.27470942]
81.2989924,[-3.76473619  8.03272415  0.49033225],[-3.62514765  8.12175343 -0.00823741],[ 0.00250209 -0.35489776  0.17721563]
81.38500428,[-3.88550501  7.9714193   0.48448689],[-3.75097382  8.06596345 -0.01009357],[0.03797293 0.20938225 0.44085417]
81.47099304,[-3.99078051  7.90526625  0.4900486 ],[-3.86556268  8.00982014 -0.00990714],[0.08273249 0.54768317 0.53628234]
81.55696154,[-4.08124139  7.83575279  0.48930175],[-3.96588328  7.94929965 -0.01141512],[ 0.07166312 -0.31526643  0.5343138 ]
81.64400554,[-4.15982438  7.76121333  0.4917209 ],[-4.05578504  7.88315348 -0.01152813],[0.05885503 0.23306039 0.53064592]
81.72999811,[-4.22912607  7.68499487  0.49239641],[-4.13652483  7.81426599 -0.0117166 ],[ 0.05637765 -0.44003839  0.55482346]
81.81598186,[-4.28945355  7.6038344   0.49527018],[-4.20930374  7.74054773 -0.01152623],[0.07926442 0.29829811 0.63564982]
81.90196013,[-4.34143416  7.51932645  0.49583013],[-4.2757557   7.66199887 -0.01281062],[ 0.12881016 -0.46372067  0.68631446]
81.98799777,[-4.3869756   7.43000082  0.49617004],[-4.33439358  7.5776957  -0.01359496],[0.14522826 0.23049485 0.64969574]
82.07399511,[-4.42475169  7.3379216   0.49719814],[-4.38511222  7.48861909 -0.01399662],[ 0.18201061 -0.22889903  0.63141177]
82.15997887,[-4.45483343  7.24209553  0.49840539],[-4.42567204  7.39598531 -0.0131087 ],[0.131982   0.17666952 0.5225877 ]
82.24599957,[-4.47890528  7.14322764  0.50136616],[-4.45837502  7.2993537  -0.01214126],[0.1348193  0.09569005 0.44867499]
82.33200073,[-4.49893584  7.0409095   0.50194059],[-4.48515619  7.19829494 -0.0112942 ],[ 0.1306714  -0.19362126  0.37850334]
82.4179759,[-4.51490382  6.93184588  0.50412688],[-4.50676766  7.09021    -0.0105519 ],[0.10043306 0.13378151 0.29533053]
82.50397277,[-4.52901508  6.81713483  0.50478411],[-4.52385244  6.97717603 -0.00892404],[ 0.08206442 -0.30972771  0.23349968]
82.58996487,[-4.54098634  6.69510281  0.50603979],[-4.53788     6.85474668 -0.00964418],[0.05676537 0.60995945 0.1530414 ]
82.67599249,[-4.55158929  6.56690453  0.50579325],[-4.54881363  6.72636133 -0.0097773 ],[ 0.07247336 -0.24707849  0.08642744]
82.76196766,[-4.56071669  6.43258537  0.50660816],[-4.55818962  6.59163143 -0.00946907],[0.02125544 0.51586704 0.05340484]
82.84797072,[-4.56820266  6.29245779  0.50792412],[-4.566432    6.45236048 -0.00778099],[ 0.03986227 -0.35776258  0.05188225]
82.93397021,[-4.57468692  6.14705929  0.50830667],[-4.57349189  6.30749744 -0.00666134],[0.02612055 0.07357839 0.05877242]
83.01997876,[-4.58093818  5.99679318  0.509303  ],[-4.58039054e+00  6.15838663e+00 -5.88019561e-03],[ 0.01484955 -0.00833357  0.04052891]
83.10597205,[-4.58578989  5.84412867  0.50972392],[-4.58576214e+00  6.00727904e+00 -4.31024886e-03],[0.00996062 0.1451427  0.03356565]
83.19197035,[-4.58971188  5.68930384  0.51183046],[-4.59085969e+00  5.85241428e+00 -4.17688817e-03],[-0.00368352  0.35893383  0.03989433]
83.27797246,[-4.59258814  5.53347335  0.51006877],[-4.59481166e+00  5.69691148e+00 -4.72924773e-03],[ 0.03378465 -0.11441351  0.0705839 ]
83.36397791,[-4.59488526  5.37868723  0.51148981],[-4.59813196e+00  5.54240105e+00 -4.44683914e-03],[0.01535097 0.61030088 0.07028579]
83.44997096,[-4.59611072  5.22386626  0.51055067],[-4.60000028e+00  5.38776100e+00 -4.16739664e-03],[ 0.04800063 -0.44860053  0.07062556]
83.53597927,[-4.59661021  5.06872805  0.51212316],[-4.59998023e+00  5.23268766e+00 -3.43455598e-03],[0.02444172 0.29365813 0.02034313]
83.62197614,[-4.59849378  4.91232951  0.51331416],[-4.60036114e+00  5.07738784e+00 -2.37200613e-03],[ 0.02891876 -0.32124638  0.02164946]
83.70797038,[-4.59973717  4.75470918  0.51509036],[-4.60017745e+00  4.91992345e+00 -1.77925610e-03],[ 0.00812358  0.26439735 -0.01800046]
83.79397225,[-4.60087631  4.59529377  0.51526162],[-4.60017703e+00  4.76106487e+00 -1.90881244e-03],[ 0.01961016  0.01348735 -0.02351462]
83.87996936,[-4.60262281  4.4340876   0.51567683],[-4.60060359e+00  4.60027924e+00 -1.56012412e-03],[ 0.01622251  0.27223666 -0.01566184]
83.96597433,[-4.60468439  4.27059332  0.51733238],[-4.60157303e+00  4.43801582e+00 -6.24770635e-04],[-0.00497379  0.16789312 -0.02390851]
84.05196834,[-4.60771626  4.10535949  0.51720845],[-4.60334324e+00  4.27399504e+00  8.47176436e-04],[ 0.00835192 -0.18280315 -0.02426892]
84.13797259,[-4.61099116  3.93773983  0.51935929],[-4.60633834e+00  4.10603740e+00  7.61404131e-04],[-0.02297038  0.25943946 -0.03893009]
84.22397947,[-4.61462005  3.76745441  0.51838881],[-4.60975036e+00  3.93571539e+00  2.46238101e-04],[ 0.00563803 -0.10361186 -0.01668471]
84.30997586,[-4.61880627  3.59446669  0.51840049],[-4.61348626e+00  3.76383347e+00 -2.45294583e-04],[-0.00087215  0.38846074  0.02014245]
84.39595985,[-4.62317545  3.41975132  0.51804803],[-4.61743352e+00  3.58994712e+00 -5.01260686e-05],[ 0.02312731 -0.01598583  0.01346689]
84.48196745,[-4.62744541  3.24560775  0.51787203],[-4.62088532e+00  3.41717741e+00  2.46657122e-04],[ 0.01991382  0.58572281 -0.00405874]
84.56800008,[-4.63265336  3.07385859  0.51735747],[-4.62457262e+00  3.24611100e+00  5.88879974e-04],[ 0.04395177 -0.10646559  0.0061905 ]
84.65399456,[-4.63835638  2.90571753  0.51656211],[-4.62803503e+00  3.07824488e+00  1.35219248e-03],[ 0.0222678   0.20088135 -0.01619676]
84.74000359,[-4.64557734  2.74099777  0.51815723],[-4.63210213e+00  2.91331940e+00  3.25533615e-03],[-0.02953925  0.0112044  -0.13365178]
84.82599831,[-4.65455679  2.57963595  0.51587565],[-4.63862520e+00  2.75078911e+00  2.55919795e-03],[-0.04894356  0.20345771 -0.1347995 ]
84.91197896,[-4.66416495  2.42136789  0.51716229],[-4.64748056e+00  2.59203021e+00  3.36940260e-03],[-0.02287309  0.13309187 -0.09535389]
84.99799395,[-4.67454635  2.26503414  0.51743434],[-4.65827974e+00  2.43531448e+00  4.05632668e-03],[-0.02534554 -0.00849215 -0.04706011]
85.08396053,[-4.6850585   2.11027258  0.51911434],[-4.66975673e+00  2.27869982e+00  3.84282461e-03],[-0.05595825  0.68108299 -0.03685084]
85.16999555,[-4.69603095  1.95429563  0.51870351],[-4.68192045e+00  2.12103010e+00  3.90534985e-03],[-0.02138134 -0.49429237 -0.00430898]
85.25600433,[-4.7071244   1.7970305   0.51957932],[-4.69447762e+00  1.96343932e+00  4.08520930e-03],[-0.04602672  0.43632451  0.00956615]
85.34199715,[-4.71772142  1.63727467  0.51947976],[-4.70685720e+00  1.80277622e+00  3.50347093e-03],[-0.00141011 -0.23842979  0.04115137]
85.42796993,[-4.72816769  1.47518235  0.51957638],[-4.71894514e+00  1.64031463e+00  3.27896272e-03],[-0.00817154  0.61808074  0.02007063]
85.5139699,[-4.73772258  1.31049349  0.52206876],[-4.73042242e+00  1.47527937e+00  4.50169425e-03],[-0.00238912 -0.08243201  0.04155797]
85.59996915,[-4.74693766  1.14348108  0.52338847],[-4.74146289  1.30747652  0.00571228],[-0.00531251  0.24145216  0.05700668]
85.6859715,[-4.75563949  0.97427756  0.52608381],[-4.75171005  1.13853762  0.00747686],[0.00170565 0.26364204 0.06437822]
85.7719686,[-4.76310563  0.80300063  0.5267823 ],[-4.76043216  0.96820442  0.00960591],[0.02066828 0.01321039 0.07063719]
85.85800338,[-4.76922579  0.63112947  0.5289018 ],[-4.76798535  0.79751114  0.01099472],[-0.00820555  0.32371461  0.06461504]
85.94395995,[-4.77389486  0.46015907  0.52927352],[-4.77393939  0.6279612   0.01307613],[ 0.03551465 -0.36277483  0.0902754 ]
86.02997184,[-4.77761085  0.29183925  0.5308327 ],[-4.77840286  0.46016865  0.01338288],[0.04513421 0.5816349  0.06862905]
86.11597681,[-4.78069681  0.12878978  0.52934206],[-4.78201437  0.29468357  0.01452464],[-0.14941981 -0.23070546 -0.40238   ]
86.20197248,[-4.78512555 -0.0296221   0.52618954],[-4.78339001  0.13024867  0.01445618],[-0.35347726  0.07922258 -0.45401899]
86.28797054,[-4.78557471 -0.18030125  0.52590148],[-4.7948234  -0.0245864   0.01592225],[-0.14449604 -0.26902723  0.2591187 ]
86.37397218,[-4.7791275  -0.32466988  0.52837518],[-4.80475463 -0.17239122  0.01808478],[-0.1054504  -0.03102124  0.27799333]
86.45996737,[-4.7649523 -0.4635242  0.5308556],[-4.80678803 -0.3165803   0.01901356],[-0.10233019 -0.12672686  0.37388997]
86.54597116,[-4.74215596 -0.59690362  0.53061683],[-4.80230192 -0.4574353   0.01923427],[-0.07405539 -0.08700175  0.47362543]
86.63196969,[-4.70886607 -0.72550908  0.53016445],[-4.78787395 -0.59552041  0.01954675],[-0.05224962 -0.08207445  0.54066109]
86.71897388,[-4.66516899 -0.85083652  0.53049646],[-4.7630562  -0.73105366  0.02087998],[-0.00405769 -0.1005209   0.63249879]
86.80497169,[-4.60818624 -0.97177441  0.53106724],[-4.72489479 -0.86565393  0.02216854],[ 0.01911256 -0.12690694  0.67415297]
86.89096856,[-4.53918004 -1.08834969  0.53122776],[-4.67303168 -0.99731553  0.02336407],[ 0.0298626  -0.16735444  0.697022  ]
86.976969,[-4.45704477 -1.19882238  0.53240936],[-4.60612543 -1.12450254  0.02507291],[ 0.04217362 -0.17370868  0.71802805]
87.06297255,[-4.36230925 -1.30183677  0.53341604],[-4.52427699 -1.2466198   0.02541491],[ 0.05202491 -0.15775925  0.74279364]
87.14897275,[-4.25607685 -1.39618551  0.53391479],[-4.42785587 -1.36098137  0.02557213],[ 0.0779078  -0.15658506  0.75712174]
87.2349751,[-4.13813748 -1.47995806  0.53439899],[-4.31749313 -1.46496172  0.02594889],[ 0.07353997 -0.18071616  0.73331859]
87.3209753,[-4.01048457 -1.55239757  0.53422836],[-4.19420582 -1.55836807  0.02509394],[ 0.09172858 -0.21815502  0.73218704]
87.40700078,[-3.87422755 -1.61222443  0.53336744],[-4.0592597  -1.63881342  0.02381708],[ 0.10356523 -0.22503514  0.73538952]
87.49299312,[-3.7308975  -1.65782632  0.53436121],[-3.91448121 -1.70435838  0.02393661],[ 0.1352634  -0.15932482  0.75039923]
87.57899523,[-3.58033641 -1.69043946  0.53500328],[-3.75835747 -1.75491937  0.02267754],[ 0.18849088 -0.29328098  0.81013673]
87.66499519,[-3.42154289 -1.70981046  0.53613865],[-3.59445114 -1.78781424  0.02282868],[ 0.21352176 -0.18721837  0.75993352]
87.75095892,[-3.25734441 -1.71491671  0.53809969],[-3.42480155 -1.80266127  0.02369539],[ 0.23745998 -0.09334553  0.70878887]
87.83695936,[-3.09293058 -1.70762292  0.53902493],[-3.255399   -1.80032071  0.02421492],[0.25697349 0.01135572 0.60699574]
87.92497778,[-2.92988818 -1.68848495  0.53934938],[-3.08932646 -1.78257816  0.02496912],[0.21247438 0.06908672 0.45425023]
88.01097727,[-2.77438798 -1.66177771  0.53516561],[-2.93254188 -1.7561388   0.02776368],[ 0.09277974 -0.17096077  0.30752609]
88.09696889,[-2.63139933 -1.62949357  0.52458407],[-2.78697143 -1.72383477  0.02647232],[ 0.07392491 -0.10480418  0.29585174]
88.18297338,[-2.50904029 -1.5920499   0.52480016],[-2.66252178 -1.69027706  0.02726811],[0.09548018 0.18772772 0.35340862]
88.26897264,[-2.40590171 -1.55236581  0.53021533],[-2.55480314 -1.65595439  0.02737563],[0.11117939 0.43055195 0.41676724]
88.35499644,[-2.31916964 -1.51145207  0.53077755],[-2.4625776  -1.62045727  0.02507987],[ 0.12090299 -0.29080545  0.45914749]
88.44096422,[-2.24822488 -1.46924978  0.53361784],[-2.38529558 -1.58410443  0.02401101],[0.11219348 0.24968587 0.49313058]
88.52699399,[-2.18837273 -1.42619239  0.53665347],[-2.31879359 -1.54703813  0.02331892],[ 0.11076441 -0.07577373  0.4937841 ]
88.61296129,[-2.13671777 -1.38229205  0.53758813],[-2.26103502 -1.50904543  0.02262288],[0.0886973  0.13286889 0.48502519]
88.69899535,[-2.09235593 -1.33689243  0.53867624],[-2.21008148 -1.47080398  0.02168727],[0.09110453 0.03868276 0.49672991]
88.78496981,[-2.05330034 -1.29055366  0.53771236],[-2.16303111 -1.43026545  0.02017925],[ 0.10133935 -0.19408965  0.47593884]
88.87097192,[-2.01884642 -1.24252879  0.53820712],[-2.1204089 -1.387975   0.0188854],[0.08813499 0.31624158 0.47535639]
88.95697165,[-1.98879155 -1.19293608  0.53735349],[-2.0822558  -1.34401028  0.0183467 ],[ 0.09448423 -0.09794699  0.46834591]
89.04297471,[-1.96242401 -1.14230021  0.53807113],[-2.04757949 -1.29873532  0.01833478],[0.07998732 0.23051996 0.43504237]
89.12900686,[-1.93998538 -1.0915879   0.53789638],[-2.0169048  -1.25280764  0.01849901],[0.0867401  0.07227341 0.41736903]
89.21497536,[-1.92083933 -1.04022707  0.53737482],[-1.98904993 -1.2048586   0.01796759],[0.0779593  0.00508722 0.40775653]
89.30100679,[-1.90424041 -0.98760351  0.53726314],[-1.96425401 -1.1554014   0.01805805],[0.06859578 0.04733981 0.39083365]
89.38700891,[-1.88934168 -0.9324084   0.53675826],[-1.9410893  -1.10213066  0.01750256],[0.0702444  0.01261169 0.36241099]
89.47297549,[-1.87578325 -0.8735062   0.53598067],[-1.91980983 -1.04401473  0.01648499],[ 0.05699986 -0.0118567   0.30702984]
89.5590179,[-1.862587   -0.8094477   0.53491217],[-1.90033605 -0.98058824  0.01518461],[ 0.04558753 -0.00634452  0.27032035]
89.64498234,[-1.8500688  -0.74083695  0.53390547],[-1.8821545  -0.91179357  0.01381033],[ 0.03616893 -0.00562868  0.24047028]
89.73100519,[-1.83838798 -0.66821501  0.53268124],[-1.86568014 -0.83910907  0.01235221],[ 0.03094477 -0.00254549  0.19994241]
89.81699324,[-1.82737486 -0.59171528  0.53161075],[-1.85085267 -0.76249238  0.01130177],[0.03220245 0.03159784 0.17650258]
89.90297866,[-1.81740176 -0.51286046  0.53148105],[-1.83764144 -0.68326312  0.01089176],[0.02464865 0.03525955 0.13742759]
89.98896122,[-1.80864217 -0.4309304   0.53003734],[-1.82592086 -0.60060457  0.00921229],[0.02042924 0.02338731 0.11466994]
90.07496047,[-1.80073515 -0.34633619  0.52899526],[-1.81543    -0.51633336  0.00823812],[0.02433917 0.03158404 0.12282797]
90.16096163,[-1.79365686 -0.25974468  0.52745084],[-1.80591891 -0.4291752   0.00678093],[0.0272022  0.05768871 0.11287837]
90.24699092,[-1.78757731 -0.17128347  0.52645708],[-1.79778614 -0.34086198  0.00613894],[0.01527848 0.04733565 0.09735446]
90.33300352,[-1.78198752 -0.08139934  0.52555772],[-1.79060623 -0.2512856   0.00565303],[0.00894235 0.01666606 0.08482378]
90.41896772,[-1.77739231  0.00959958  0.52462782],[-1.7844954  -0.16046987  0.00493365],[0.01772603 0.01535198 0.07066522]
90.50499296,[-1.77343963  0.10159052  0.52354768],[-1.77948542 -0.06805647  0.00387976],[0.02670429 0.09236585 0.05309561]
90.59100318,[-1.76977785  0.19417991  0.52318751],[-1.77530619  0.0253766   0.00321174],[0.01223195 0.09096107 0.02371926]
90.6769948,[-1.76653255  0.28776455  0.52240812],[-1.77171135  0.1194406   0.00232332],[0.01081442 0.07967988 0.02753793]
90.7630043,[-1.76352948  0.3826507   0.52237659],[-1.7683137   0.21435104  0.00233666],[0.00763159 0.02847337 0.03188184]
90.84897423,[-1.76072783  0.47959432  0.52073896],[-1.76516456e+00  3.12357891e-01  8.56974037e-04],[0.01004286 0.02244554 0.02021256]
90.93496871,[-1.7580158   0.58017011  0.51962925],[-1.76217620e+00  4.13329992e-01 -1.21822849e-04],[0.00518995 0.04885263 0.00897789]
91.02099514,[-1.75542247  0.68601043  0.51871189],[-1.75946007e+00  5.19506658e-01 -6.81365253e-04],[-0.00457118  0.13618301  0.00477273]
91.1069653,[-1.7529093   0.79693369  0.53647307],[-1.75633928  0.63272535 -0.00454157],[0.04965842 0.69467068 0.04064893]
91.19299746,[-1.75095789  0.92838795  0.62726093],[-1.7520522   0.78713795 -0.0099176 ],[0.06040943 1.68120306 0.09778721]
91.27900052,[-1.74832659  1.15851381  0.81942285],[-1.75102808  1.00474974 -0.01049413],[0.21939418 4.57612794 0.02508908]
91.36497307,[-1.74565712  1.34789624  1.00607338],[-1.74853015  1.38941468  0.10514791],[ 0.17995781  0.69781921 -0.18159094]
91.45096827,[-1.74296845  1.43276884  1.22202004],[-1.74719262  1.69789936  0.46649642],[ 0.14417104 -2.63063863 -0.13557016]
91.53697515,[-1.74013756  1.60723082  1.36449777],[-1.74229024  1.77932906  0.67329965],[ 0.07419388 -1.15381796  0.28264688]
91.62299585,[-1.73594362  1.82076644  1.47800781],[-1.73347176  1.80484309  0.86594592],[-0.01275862  0.04389538 -0.00481143]
91.70896912,[-1.72990284  2.02327818  1.50527296],[-1.72718877  1.96031297  0.94080543],[ 0.02107926  4.09059912 -0.32232282]
91.79500484,[-1.72522221  2.17471937  1.54921669],[-1.7268445   2.06835301  0.99573946],[-0.15488054  2.24469039 -0.29043133]
91.88099861,[-1.72095331  2.32410478  1.56693644],[-1.72225115  2.19017146  0.99592081],[-0.14051094  2.19146401 -0.19842579]
91.96897101,[-1.71919766  2.48074665  1.56727563],[-1.71391795  2.32794114  0.99275154],[0.28475716 1.01631988 0.5407665 ]
92.05498338,[-1.7198265   2.63858948  1.55508023],[-1.71428219  2.48018058  0.98956541],[0.22777823 0.47705263 0.10019332]
92.14097023,[-1.71752262  2.79777155  1.53995632],[-1.71898109  2.63712231  0.98763776],[ 0.04905179  0.19078944 -0.19613129]
92.22697282,[-1.71362942  2.95772966  1.52843892],[-1.72210081  2.79850388  0.98562209],[ 0.03820768  0.01188457 -0.15145983]
92.31297183,[-1.70774383  3.11486891  1.52095876],[-1.72154788  2.95524599  0.98482851],[ 0.00484931  0.05015562 -0.1359093 ]
92.39897203,[-1.6994672   3.27093109  1.51781471],[-1.71717134  3.11183916  0.98436587],[-0.09392633  0.23333826 -0.23683674]
92.48497367,[-1.68797729  3.42040226  1.51518378],[-1.70974096  3.26066087  0.98281748],[-0.24614384 -0.03615675 -0.39157353]
92.57097054,[-1.67524755  3.56655202  1.51525062],[-1.69672577  3.40290898  0.98321944],[-0.18505498  0.1737533  -0.11276309]
92.65698409,[-1.66448982  3.70485058  1.51658289],[-1.67912388  3.53829132  0.98418276],[0.00305247 0.05074638 0.28023497]
92.7429955,[-1.6560043   3.83498541  1.51561953],[-1.66475979  3.66935923  0.98320687],[0.04442184 0.01086696 0.20698761]
92.82900381,[-1.64948892  3.95716276  1.51871691],[-1.65507005  3.79790463  0.9829621 ],[ 0.04640957 -0.40610609  0.09493611]
92.91496038,[-1.6435722   4.08039682  1.52720758],[-1.64673979  3.93588924  0.98230832],[ 0.07832508 -0.36848584  0.11339252]
93.00099993,[-1.63842299  4.21126506  1.52890314],[-1.64126143  4.07587002  0.98230604],[ 0.10280047 -0.04286523  0.12804572]
93.08701134,[-1.63306263  4.35667358  1.52654485],[-1.63698778  4.23170995  0.98060486],[ 0.09520134 -0.20391399  0.0706676 ]
93.17297029,[-1.62726264  4.51738422  1.52318061],[-1.63433507  4.39284646  0.98513262],[0.16163332 0.48972417 0.08935616]
93.25899386,[-1.61960342  4.69944412  1.52215171],[-1.6318902   4.57021085  0.97377606],[0.17651962 0.87921286 0.06317788]
93.34499288,[-1.61027094  4.88069355  1.48133289],[-1.63772409  4.85325867  0.75704304],[ 0.21034375 -0.22924882 -0.00763582]
93.43100214,[-1.59967794  5.16031721  1.38436974],[-1.6469801   5.16391065  0.40285972],[ 0.0784737   1.35885059 -0.09759224]
93.51696873,[-1.59752231  5.22338859  1.07412641],[-1.6486604   5.35075886  0.06859916],[ 0.24345536  8.89686927 -0.14102083]
93.6030066,[-1.59132332  5.38596107  0.81708541],[-1.64830975  5.36665336 -0.02854754],[ 1.77675454 -9.20339481 -0.401846  ]
93.68897223,[-1.56978936  5.5692402   0.64495281],[-1.64218119  5.38280601 -0.04604447],[ 0.77559285  2.95183084 -0.05319585]
93.77497196,[-1.53320054  5.71261972  0.54836875],[-1.62594259  5.5395447  -0.04962116],[-0.11167377 -0.4095208  -1.09770881]
93.86097264,[-1.47409623  5.87086729  0.48597423],[-1.58501734  5.7273307  -0.05251413],[-0.91810127 -2.18694543 -2.06898108]
93.94696903,[-1.40430695  6.01728217  0.4719628 ],[-1.51608104  5.88945368 -0.04827947],[-1.00719204 -0.58757612 -1.25717152]
94.03297281,[-1.3374063   6.15575341  0.47550703],[-1.42695951  6.00467065 -0.043463  ],[-0.32911547 -0.49221267  0.39376219]
94.11897755,[-1.28135406  6.29436119  0.492329  ],[-1.34665275  6.12199167 -0.02742038],[-0.05294733 -0.13805801  0.63382393]
94.20499182,[-1.23195103  6.42954567  0.49583348],[-1.27529768  6.2460141  -0.02054977],[-0.0885575  -0.18315368  0.52947191]
94.29097438,[-1.19292119  6.56307547  0.50174792],[-1.21691612  6.3732983  -0.01034736],[-0.07084442 -0.09089002  0.54676211]
94.37697148,[-1.1646464  6.6946576  0.5096102],[-1.17010882e+00  6.50027695e+00 -1.02348992e-03],[-0.07126936 -0.0083226   0.51611231]
94.46299934,[-1.14732992  6.82657814  0.51809954],[-1.13373385  6.62913858  0.00805364],[-0.04972485 -0.0905747   0.56765206]
94.54895926,[-1.14238567  6.95580628  0.5226095 ],[-1.10882858  6.75803615  0.01350229],[-0.02666202 -0.15741953  0.63668628]
94.63497257,[-1.14998119  7.08571214  0.52888706],[-1.0958815   6.88965571  0.02090268],[-0.01077544 -0.098114    0.6707825 ]
94.72097588,[-1.17254971  7.21283252  0.53065231],[-1.09659183  7.01995025  0.02434481],[ 0.01682169 -0.13230408  0.72367039]
94.80697322,[-1.20815093  7.34026591  0.53427865],[-1.11141988  7.15512137  0.02900553],[ 0.03719812 -0.1729175   0.76585693]
94.89296913,[-1.25828555  7.46236535  0.53304757],[-1.14198316  7.28920254  0.02815792],[ 0.07032522 -0.201659    0.78535824]
94.97901988,[-1.32190581  7.57990486  0.53144822],[-1.18840905  7.42121813  0.02685494],[ 0.08582774 -0.21807905  0.79554153]
95.06496167,[-1.40017174  7.69130122  0.53190689],[-1.25170471  7.55013254  0.02730484],[ 0.11014783 -0.28871339  0.7879135 ]
95.15099716,[-1.48873032  7.79341938  0.52800398],[-1.32934919  7.6707856   0.02288876],[ 0.09997962 -0.16418782  0.72897706]
95.23696184,[-1.58971039  7.88847432  0.52785891],[-1.4218741   7.78327333  0.0223922 ],[ 0.08685899 -0.22504324  0.71386773]
95.32297802,[-1.70060601  7.97132117  0.52341106],[-1.52609567  7.88530953  0.01757188],[ 0.08239949 -0.20669853  0.69973579]
95.40896201,[-1.82027241  8.04559349  0.52000518],[-1.6410725   7.97837379  0.01392052],[ 0.08539181 -0.18671969  0.69361861]
95.49499726,[-1.94927658  8.10708931  0.51899175],[-1.76654707  8.05870697  0.01274246],[ 0.06345734 -0.09731387  0.65531228]
95.58100796,[-2.0841739   8.15503783  0.51587021],[-1.89941837  8.12563004  0.00966392],[ 0.06619027 -0.08829487  0.67724339]
95.66699171,[-2.22545104  8.18879561  0.51422901],[-2.03939495  8.1780899   0.0084995 ],[ 0.07508841 -0.05703498  0.68566308]
95.75299168,[-2.37199156  8.20770163  0.51350109],[-2.18795050e+00  8.21870608e+00  6.95537424e-03],[ 0.16710247 -0.25801973  0.83575907]
95.83899879,[-2.52467215  8.21286186  0.51202034],[-2.34841040e+00  8.24455972e+00  3.46083892e-03],[ 0.24465769 -0.28894485  0.86887143]
95.92496347,[-2.68301808  8.20467697  0.51086611],[-2.51569242e+00  8.25320852e+00  6.35383997e-04],[ 0.305927   -0.19225889  0.81786442]
96.01096177,[-2.84626133  8.1891867   0.51233281],[-2.68806407e+00  8.24771693e+00 -2.30326410e-03],[ 0.32064965 -0.14664476  0.6431202 ]
96.09698343,[-3.01192279  8.15865576  0.51053164],[-2.85798838e+00  8.22339702e+00 -5.23951233e-03],[0.25677427 0.1456825  0.4176053 ]
96.18296194,[-3.17283797  8.12190109  0.50882134],[-3.01838045e+00  8.18919986e+00 -6.06088781e-03],[0.15508465 0.21649314 0.22748072]
96.26899981,[-3.32918032  8.07939833  0.50621338],[-3.17426305e+00  8.14792755e+00 -7.42135444e-03],[0.07096626 0.13030856 0.12605321]
96.35599566,[-3.47913921  8.03469188  0.50141125],[-3.32461952e+00  8.10418978e+00 -7.88059616e-03],[ 0.00712117 -0.1901132   0.11066032]
96.44200945,[-3.61913747  7.986755    0.49262761],[-3.46581002e+00  8.05712989e+00 -8.01527776e-03],[-0.05164774 -0.42297905  0.01068281]
96.52799177,[-3.74375576  7.93750432  0.4851652 ],[-3.59586892  8.01083542 -0.01328149],[-0.07372033  0.21387158  0.24124475]
96.61400175,[-3.85074168  7.8847618   0.49002399],[-3.70722754  7.96709618 -0.0107168 ],[-0.03214337  0.04871652  0.42976091]
96.69999313,[-3.94520924  7.83040811  0.4881793 ],[-3.80985954  7.92228482 -0.01331775],[0.03093456 0.00248421 0.4877661 ]
96.78595805,[-4.02789991  7.76943721  0.48993825],[-3.90136772  7.87180889 -0.01257749],[ 0.02008598 -0.02899428  0.51461183]
96.8719964,[-4.10289263  7.70500728  0.49094415],[-3.98721517  7.81760313 -0.01281988],[0.04391277 0.00635704 0.56858056]
96.95797086,[-4.17018209  7.63436483  0.4928037 ],[-4.06697325  7.7563205  -0.01249112],[ 0.04429993 -0.01121155  0.58599158]
97.04397106,[-4.23082608  7.55914499  0.49375161],[-4.14089476  7.68910883 -0.01243298],[ 0.06066004 -0.05514494  0.63159095]
97.12997198,[-4.28389746  7.47984322  0.49520255],[-4.20780724  7.61740313 -0.01159283],[ 0.08878631 -0.0784171   0.68482177]
97.21597767,[-4.33100924  7.39639341  0.4961613 ],[-4.26930205  7.53951921 -0.01195599],[ 0.13109428 -0.10837744  0.66670257]
97.30197716,[-4.37153551  7.30914161  0.49701905],[-4.32357463  7.45690384 -0.01195955],[ 0.14620889 -0.04505614  0.6587976 ]
97.38796878,[-4.40448861  7.21733845  0.49816729],[-4.36887786  7.36852739 -0.01181564],[ 0.15886269 -0.03859427  0.6171502 ]
97.47397256,[-4.43224659  7.12246415  0.49965282],[-4.40609452  7.27634678 -0.01135499],[0.11670757 0.01775075 0.4607156 ]
97.55997324,[-4.4542233   7.02191807  0.5012913 ],[-4.43618725  7.17744192 -0.01077193],[0.11113316 0.0194941  0.38933479]
97.64596891,[-4.47244143  6.91484529  0.50197162],[-4.46142792  7.07141744 -0.01050147],[0.12195589 0.03301134 0.36741946]
97.73196244,[-4.48861587  6.80182408  0.50335889],[-4.4820521   6.95959039 -0.00950796],[0.10655635 0.03486623 0.28852575]
97.81797147,[-4.50212747  6.68196917  0.50409093],[-4.49807643  6.84058856 -0.00907651],[0.09679417 0.03444469 0.21171895]
97.90400863,[-4.51390664  6.55584505  0.50520342],[-4.51088369  6.71478447 -0.00851691],[0.06970131 0.06717443 0.12240136]
97.98999381,[-4.52461744  6.42360376  0.50512108],[-4.52131045  6.58270558 -0.00894822],[0.04003574 0.09290675 0.06699986]
98.07599831,[-4.53348498  6.28546003  0.5054853 ],[-4.53038544  6.44470755 -0.0087687 ],[0.0294278  0.10269826 0.03848524]
98.16196156,[-4.54128357  6.14179759  0.50635543],[-4.53847868  6.30222306 -0.00760848],[0.01649553 0.1435233  0.03485564]
98.24797297,[-4.5482055   5.99323284  0.50670729],[-4.54639871  6.15487044 -0.00672643],[0.01117182 0.11432658 0.03804416]
98.33396912,[-4.55391652  5.84131585  0.50766173],[-4.55310213e+00  6.00424975e+00 -5.25239040e-03],[0.00790758 0.12752614 0.04842628]
98.41998267,[-4.55802551  5.68781067  0.5088588 ],[-4.55893714e+00  5.85126335e+00 -3.72977147e-03],[0.01255294 0.03536829 0.06002348]
98.50597143,[-4.5618894   5.53399123  0.50857373],[-4.56391314e+00  5.69655422e+00 -4.50211158e-03],[0.01729188 0.08246262 0.07202009]
98.59196877,[-4.56442193  5.37975012  0.50844612],[-4.56709635e+00  5.54194696e+00 -5.05882611e-03],[0.03090394 0.08384204 0.06457687]
98.67797136,[-4.56657438  5.22597274  0.50865119],[-4.56960219e+00  5.38819310e+00 -5.20740609e-03],[0.0395798  0.04903738 0.07384662]
98.76397347,[-4.56733349  5.07161505  0.50899142],[-4.57038985e+00  5.23410813e+00 -5.03572362e-03],[0.04204263 0.09176461 0.0442053 ]
98.84997296,[-4.56897981  4.9167446   0.51005076],[-4.57116831e+00  5.07990906e+00 -4.19958010e-03],[0.0384969  0.11424967 0.03503908]
98.93596816,[-4.57022127  4.7605221   0.51168831],[-4.57076533e+00  4.92488748e+00 -2.96939683e-03],[0.03359076 0.07657628 0.01075333]
99.02197528,[-4.57221388  4.60325622  0.51264644],[-4.57099958e+00  4.76833249e+00 -2.27857667e-03],[ 0.02207467  0.09623654 -0.01004767]
99.10797381,[-4.57466927  4.44483519  0.51324753],[-4.57122610e+00  4.61089307e+00 -1.74618812e-03],[ 0.02713837  0.13855867 -0.0315213 ]
99.1940012,[-4.57754725  4.28455949  0.51438372],[-4.57194241e+00  4.45198984e+00 -9.10096903e-04],[ 0.01356147  0.16936549 -0.04362304]
99.28000474,[-4.58138773  4.12285957  0.51482674],[-4.57372670e+00  4.29091496e+00 -5.54100046e-04],[ 0.00527354  0.11791604 -0.05579261]
99.36600804,[-4.58617273  3.9594449   0.51585452],[-4.57649872e+00  4.12799012e+00  2.58767158e-04],[ 0.00422028  0.17038466 -0.06722152]
99.45206738,[-4.59265022  3.79459989  0.51673994],[-4.58087867e+00  3.96292847e+00  1.65100224e-05],[-0.00287634  0.11215315 -0.07283691]
99.53795815,[-4.60084234  3.62716693  0.5166487 ],[-4.58693512e+00  3.79557414e+00 -4.18742528e-04],[-0.00845715  0.12212425 -0.09242024]
99.62396288,[-4.6107584   3.45752539  0.51741224],[-4.59489716e+00  3.62635830e+00  4.67829375e-04],[-0.02821765  0.14914046 -0.08349435]
99.70996356,[-4.62189408  3.28678989  0.51724973],[-4.60484602e+00  3.45510622e+00  4.34079222e-04],[-0.03680464  0.11800152 -0.07168303]
99.7960031,[-4.6340234   3.11743875  0.51698329],[-4.61664243e+00  3.28493524e+00  2.20099290e-04],[-0.02192139  0.1348378  -0.03440796]
99.88196206,[-4.64642631  2.95111533  0.51747673],[-4.62922708e+00  3.11901639e+00  1.41172343e-03],[ 0.00091368  0.0897872  -0.01581067]
99.96799397,[-4.65965519  2.78853144  0.51784968],[-4.64225404e+00  2.95598965e+00  2.19917663e-03],[-0.02400244  0.08030526 -0.05105977]
100.0540009,[-4.6732577   2.6300841   0.51823669],[-4.65515486e+00  2.79788667e+00  3.45694282e-03],[-0.03983575  0.14527067 -0.07068392]
100.1399703,[-4.68752658  2.47429715  0.51870635],[-4.66947158e+00  2.64231538e+00  4.31930158e-03],[-0.0452438   0.10360971 -0.04991241]
100.2259707,[-4.70137895  2.31967765  0.51863356],[-4.68443654e+00  2.48695634e+00  4.17332592e-03],[-0.03003239  0.10605561  0.00194005]
100.3119745,[-4.71518335  2.1652846   0.51945618],[-4.69966472  2.33227159  0.00490235],[-0.0203306   0.05470012  0.00177294]
100.3979697,[-4.72881733  2.01070153  0.5195554 ],[-4.71490404e+00  2.17671606e+00  4.61713763e-03],[-0.02340103  0.08274112  0.00959949]
100.4839749,[-4.74198666  1.85492271  0.51966503],[-4.72983666e+00  2.01933659e+00  4.09360919e-03],[-0.02056814  0.10237477  0.01794989]
100.5699747,[-4.75445531  1.69712884  0.52042856],[-4.74420786e+00  1.86105472e+00  4.66355472e-03],[-0.01979811  0.07578772  0.03714043]
100.6559727,[-4.76577898  1.53660298  0.52045226],[-4.75799015e+00  1.69965811e+00  4.38584902e-03],[-0.01114832  0.12052237  0.06904353]
100.7419724,[-4.77578092  1.37307175  0.52144801],[-4.77063706  1.53603336  0.00540995],[-0.00129949  0.11827111  0.07133327]
100.8290102,[-4.78520874  1.20748679  0.52294614],[-4.78210568  1.37017857  0.00670704],[0.0104168  0.07774839 0.07248321]
100.9149728,[-4.79351324  1.03984914  0.52394866],[-4.79198936  1.20207648  0.00736962],[0.01130201 0.04768474 0.0654066 ]
101.0010028,[-4.80035101  0.87084887  0.52465084],[-4.80008722  1.03309921  0.00807369],[0.00089763 0.1575     0.03520545]
101.0869997,[-4.80532685  0.70057171  0.5257603 ],[-4.80655002  0.8634353   0.00953317],[-0.00756     0.20006225  0.04811863]
101.1729596,[-4.8088641   0.53038101  0.52673915],[-4.8120902   0.6938633   0.01087978],[0.01027159 0.19204017 0.10648874]
101.2589724,[-4.81006003  0.3623852   0.52821148],[-4.81568625  0.52697418  0.01288165],[0.06383011 0.12007653 0.15751193]
101.3449905,[-4.80953701  0.19871497  0.52718898],[-4.81643086  0.3633178   0.01316585],[ 0.00727632 -0.00138299  0.04605795]
101.4309943,[-4.80986924  0.04021014  0.52601184],[-4.81384286  0.20140133  0.01411368],[-0.35905236  0.00369575 -0.58046693]
101.5179658,[-4.80847615 -0.11123584  0.52539822],[-4.81722881  0.04475933  0.01497702],[-0.25419903  0.0394534   0.08047724]
101.6040003,[-4.80084681 -0.25708234  0.52718506],[-4.8253319  -0.10410251  0.01713178],[-0.13578486  0.05744529  0.33846531]
101.6899679,[-4.78658919 -0.3969525   0.52672045],[-4.82624176 -0.24855377  0.01748642],[-0.1344566   0.07486106  0.29798516]
101.7760086,[-4.76371549 -0.53147187  0.52779927],[-4.81985411 -0.38901339  0.01947134],[-0.10894028  0.02912491  0.40235841]
101.8619659,[-4.73129927 -0.66057086  0.52871035],[-4.80641917 -0.52728704  0.01996478],[-0.04746798 -0.0673347   0.54586819]
101.947999,[-4.68909997 -0.78572917  0.52881899],[-4.7827092  -0.66348838  0.02027189],[-0.02501962 -0.0999386   0.59575343]
102.0340021,[-4.63474313 -0.90670279  0.52895215],[-4.74646363 -0.7967234   0.02124125],[-0.01695922 -0.04625908  0.63019011]
102.1199665,[-4.56774918 -1.02293545  0.531117  ],[-4.69756669 -0.92857199  0.02272437],[ 0.01169209 -0.06472099  0.70997   ]
102.2059968,[-4.48772334 -1.13421008  0.53271625],[-4.63398717 -1.05688661  0.02395134],[ 0.04267986 -0.12755915  0.74587929]
102.2919717,[-4.39507205 -1.23871999  0.53327044],[-4.55520657 -1.18001418  0.02493046],[ 0.06243887 -0.14307355  0.76221444]
102.3779707,[-4.2907293  -1.33441908  0.53395242],[-4.46152795 -1.2950528   0.02599468],[ 0.08315377 -0.169104    0.7547437 ]
102.463995,[-4.174856   -1.41977223  0.53384799],[-4.35265311 -1.40139651  0.02551358],[ 0.080295   -0.20742749  0.71497014]
102.5499947,[-4.04955714 -1.49399859  0.53355889],[-4.23223925 -1.49570871  0.02510148],[ 0.07439949 -0.24096471  0.69089337]
102.6359663,[-3.91503243 -1.55582075  0.53310413],[-4.10029115 -1.57809534  0.02424507],[ 0.07738373 -0.15155083  0.70781447]
102.7219779,[-3.77196285 -1.60458536  0.53267485],[-3.95652079 -1.64755627  0.02321996],[ 0.11503491 -0.24129695  0.75435527]
102.8080018,[-3.62025238 -1.63980384  0.53355491],[-3.80079813 -1.70238789  0.02304069],[ 0.15869529 -0.23572024  0.79113915]
102.8939688,[-3.45982575 -1.66090328  0.53502284],[-3.63390129 -1.73970349  0.02283989],[ 0.22578736 -0.25995179  0.81188684]
102.9799991,[-3.29217024 -1.66865602  0.53607251],[-3.46036105 -1.75739221  0.02269732],[ 0.26169932 -0.15822427  0.75311338]
103.0660033,[-3.12313675 -1.66301861  0.53813482],[-3.28659165 -1.75616621  0.0238823 ],[ 0.29001721 -0.06832172  0.63208939]
103.151994,[-2.957717   -1.64607586  0.53852597],[-3.11764597 -1.73952991  0.02398966],[0.2585879  0.03883555 0.49310762]
103.2380004,[-2.79882015 -1.62143998  0.53499447],[-2.95845215 -1.71286071  0.02742338],[0.10834824 0.31104433 0.31257897]
103.3240006,[-2.65093949 -1.59176071  0.52456402],[-2.80847096 -1.68144864  0.02617564],[ 0.03151052 -0.41206316  0.12801659]
103.4099832,[-2.52266101 -1.55700849  0.52311655],[-2.67838326 -1.65144555  0.02578613],[-0.02440217  0.59784761  0.25782679]
103.4959674,[-2.4135356  -1.51728277  0.52795436],[-2.56496186 -1.62031419  0.02643222],[ 0.10807223 -0.20489718  0.51433758]
103.5819709,[-2.32191649 -1.47523893  0.5303173 ],[-2.46649487 -1.5860983   0.0251237 ],[0.15324567 0.24515471 0.61194318]
103.6679957,[-2.24609978 -1.43094375  0.53373311],[-2.38304467 -1.54854881  0.02442368],[ 0.14371305 -0.2745204   0.56176514]
103.753994,[-2.18201903 -1.38591026  0.53565175],[-2.31214481 -1.50903408  0.02370025],[0.11993877 0.13943375 0.51388528]
103.8399696,[-2.12733534 -1.33986046  0.5370917 ],[-2.25087592 -1.46863793  0.02252222],[0.10407331 0.00101083 0.50206591]
103.9259708,[-2.07999027 -1.29320885  0.53724603],[-2.19649507 -1.42751164  0.02159718],[0.10030678 0.16229801 0.47581527]
104.0119739,[-2.03886816 -1.24553912  0.53731392],[-2.1480793  -1.38529226  0.02011029],[0.09790821 0.06073568 0.46473314]
104.0979698,[-2.00351685 -1.19731673  0.53725645],[-2.10575579 -1.34290447  0.01997105],[0.07428307 0.04516576 0.44766779]
104.1839724,[-1.97342052 -1.14867689  0.53750578],[-2.06758865 -1.29970727  0.01983989],[0.07512231 0.04347057 0.42831924]
104.2709832,[-1.9473062  -1.09950682  0.53659221],[-2.03320359 -1.2551786   0.01888177],[0.06624403 0.03462786 0.42687634]
104.356962,[-1.92434526 -1.04911295  0.53638933],[-2.00199749 -1.20994759  0.01887167],[0.05497186 0.01065442 0.41063872]
104.4430046,[-1.90513585 -0.9980775   0.53543232],[-1.97372722 -1.16305226  0.01793626],[ 0.06404618 -0.00389379  0.40202748]
104.5289605,[-1.88886957 -0.94498938  0.53464458],[-1.9479047  -1.11339506  0.01708367],[0.06794803 0.01454513 0.41871651]
104.6149733,[-1.87413887 -0.8885527   0.53375441],[-1.92358878 -1.05905257  0.01607049],[0.08739004 0.01931696 0.45084378]
104.7009969,[-1.86114512 -0.82786422  0.53259787],[-1.90161274 -0.99917902  0.01472607],[0.07854547 0.00044767 0.37582481]
104.7869658,[-1.84911069 -0.76204206  0.53191309],[-1.88224983 -0.93423698  0.01388259],[0.0596706  0.01737811 0.30420251]
104.8729591,[-1.83847537 -0.69126457  0.53057894],[-1.86486176 -0.863083    0.0120202 ],[0.06096155 0.03513648 0.29144809]
104.9589741,[-1.82896227 -0.61580984  0.52952874],[-1.84959915 -0.78765279  0.01090438],[0.05116639 0.0200452  0.25183841]
105.0449717,[-1.82080052 -0.53691052  0.52865392],[-1.83698424 -0.7075998   0.00952944],[0.04276679 0.02509377 0.1959734 ]
105.130971,[-1.81375375 -0.45554884  0.52795475],[-1.82637004 -0.6257284   0.008696  ],[0.0329256  0.0754946  0.16639291]
105.2169836,[-1.80793555 -0.3717589   0.52699914],[-1.8177999  -0.54099964  0.00744298],[0.02743637 0.02081088 0.11773081]
105.302969,[-1.8026882  -0.28639202  0.52672404],[-1.81086438 -0.45566082  0.00722994],[0.0219436  0.0347491  0.07079671]
105.3889737,[-1.79827976 -0.19902459  0.52518804],[-1.80474856 -0.36766739  0.00576299],[0.02454137 0.04905647 0.09027043]
105.4749725,[-1.79473618 -0.109717    0.5246023 ],[-1.7997341  -0.27849901  0.00528448],[0.0255689  0.04029489 0.09626539]
105.5609705,[-1.79167382 -0.01885331  0.52361518],[-1.79543607 -0.18692953  0.00417249],[0.02337243 0.08217261 0.0567547 ]
105.6489718,[-1.78930717  0.07441484  0.52324543],[-1.79252935 -0.09379877  0.00391152],[0.00916414 0.09354825 0.02592888]
105.7349713,[-1.78728634  0.16773622  0.52265514],[-1.79003600e+00 -3.62136207e-04  3.32464638e-03],[0.00803175 0.07936466 0.03142404]
105.8209767,[-1.78592651  0.26293971  0.52145186],[-1.78780793  0.09495884  0.00231314],[0.00378034 0.11770536 0.03541004]
105.9079747,[-1.78506239  0.36207492  0.5208597 ],[-1.7860355   0.19449644  0.00182389],[0.01528041 0.0001323  0.05213866]
105.9939976,[-1.78440393  0.46392828  0.51959876],[-1.78480678e+00  2.97086248e-01  9.23908217e-04],[0.01822844 0.04659347 0.04387805]
106.0799701,[-1.78372939  0.57028263  0.51917406],[-1.78406370e+00  4.04336971e-01  4.44247313e-04],[0.00741119 0.03413203 0.00719003]
106.1659732,[-1.78326784  0.68129727  0.51849846],[-1.78395264e+00  5.15585986e-01 -1.58408735e-04],[-0.0033167   0.0441547  -0.01395244]
106.2519717,[-1.78265147  0.79741045  0.53917746],[-1.78377522  0.6339438  -0.00536732],[0.04247589 0.81522798 0.0089027 ]
106.3379688,[-1.78228701  0.9336007   0.63657366],[-1.78316798  0.79277639 -0.0095887 ],[0.09824793 1.09970751 0.05084636]
106.4239719,[-1.78260857  1.18083639  0.82641656],[-1.7847474   1.00820524 -0.01109909],[ 0.0952667   4.61347056 -0.0565713 ]
106.5099759,[-1.77980995  1.35416504  0.99946148],[-1.787304    1.39256508  0.09368667],[ 0.14576016  2.62130112 -0.12923416]
106.5959711,[-1.78017633  1.42310373  1.19753854],[-1.78388895  1.7099496   0.4526845 ],[ 0.26638339 -4.80141415 -0.11332911]
106.6819737,[-1.77909223  1.61134626  1.34644067],[-1.78088565  1.79071324  0.65809093],[ 0.08334751 -2.04147002  0.02950518]
106.7679648,[-1.77872215  1.83449287  1.46845642],[-1.77678258  1.81958716  0.84635804],[-0.05214798  2.16166299  0.06519818]
106.8539667,[-1.77644069  2.04555229  1.50828581],[-1.77318799  1.97285602  0.93733086],[0.20914621 4.38911375 0.01059705]
106.9399703,[-1.77551917  2.23189248  1.53221924],[-1.77532537  2.11301851  0.96991552],[ 0.11058717  2.43911489 -0.02052623]
107.0259714,[-1.77249857  2.41116524  1.53313312],[-1.77613885  2.26926439  0.97549977],[ 0.07842224  1.77211038 -0.05339223]
107.1119769,[-1.76884884  2.58486393  1.52748147],[-1.77572385  2.43187584  0.97898088],[ 0.04139099  0.45431705 -0.07154267]
107.1979694,[-1.76378707  2.75700731  1.52409631],[-1.77454014  2.60105029  0.98388581],[ 0.0251128   0.08071771 -0.04773686]
107.2839742,[-1.75649913  2.92677303  1.52451539],[-1.77125035  2.77157293  0.98800277],[ 0.03246029  0.11252445 -0.07767716]
107.3699675,[-1.74701239  3.09270168  1.52678166],[-1.7661137   2.93809325  0.99194529],[-0.0091436   0.08201232 -0.18217462]
107.455972,[-1.73495766  3.25219414  1.52852249],[-1.75830761  3.09685996  0.99505275],[-0.08651493  0.30149259 -0.23328548]
107.5419734,[-1.71997139  3.40325374  1.52818342],[-1.74726436  3.24608647  0.99624777],[-0.26315124 -0.04304937 -0.43232246]
107.6279705,[-1.70320234  3.54972772  1.5305036 ],[-1.72995692  3.39041182  0.99814122],[-0.22908329 -0.00412432 -0.16888663]
107.713973,[-1.68892738  3.68707827  1.531649  ],[-1.70853335  3.52353986  0.99959953],[-0.02254156  0.11492843  0.25881069]
107.7999642,[-1.67763274  3.81854664  1.53387785],[-1.69023633  3.65450983  1.00115393],[0.04724423 0.05614501 0.23034285]
107.8859947,[-1.66904211  3.93880603  1.53443507],[-1.67651616  3.77948395  0.9992587 ],[ 0.0501482  -0.16366713  0.17142662]
107.9719603,[-1.66150985  4.06133188  1.54358688],[-1.665026    3.91557928  0.99895015],[0.04002186 0.09906758 0.13213498]
108.0579622,[-1.6547353   4.19039649  1.54340665],[-1.6574043   4.05255299  0.99689524],[ 0.08011686 -0.31110076  0.12002517]
108.1439996,[-1.64791602  4.33380808  1.5405637 ],[-1.65064217  4.20553746  0.9953907 ],[ 0.09565982 -0.55465919  0.09912764]
108.22997,[-1.64081827  4.4923642   1.53412573],[-1.64556419  4.3677447   0.99322358],[0.10946746 0.48771416 0.0638796 ]
108.3159804,[-1.63261162  4.67199737  1.53479096],[-1.64082806  4.53687753  0.99052838],[0.15524505 1.82177953 0.09686158]
108.4019759,[-1.6230818   4.86117774  1.51622518],[-1.63923903  4.80800741  0.80108127],[ 0.18459297 -1.80451622  0.01425764]
108.487972,[-1.61139122  5.13169539  1.4343497 ],[-1.63988271  5.09674869  0.48871254],[-0.01329197  9.22536795 -0.01415786]
108.5739708,[-1.60782876  5.18294539  1.11497272],[-1.63797715  5.37444943  0.10908218],[-0.31562921 18.5845912   0.22066539]
108.6599767,[-1.59948541  5.35544666  0.84965977],[-1.63376491  5.38133185 -0.02438487],[ 0.24486164 26.46680835 -0.2721412 ]
108.7459717,[-1.59101298  5.51507464  0.66252753],[-1.63638391  5.45982819 -0.07553458],[0.72894919 5.43799375 0.06211401]
108.8319738,[-1.57191838  5.70050837  0.51551148],[-1.63047842  5.57882587 -0.1026362 ],[ 0.07590782 -0.70864586 -0.56690394]
108.9179759,[-1.52894682  5.86745652  0.44510052],[-1.61187884  5.74463987 -0.10014743],[-0.57878688  0.74439151 -1.31405573]
109.0039723,[-1.46977412  6.01359489  0.41280381],[-1.57465912  5.89478432 -0.10415701],[-1.20939215 -0.19507535 -1.7224003 ]
109.0899694,[-1.40903997  6.16107289  0.42902965],[-1.50679133  6.02893437 -0.08401455],[-0.87763185  0.17124934  0.18017788]
109.1759732,[-1.35033476  6.31000446  0.46284048],[-1.42130336  6.14985274 -0.05650549],[-0.39511206  0.22847914  0.67582912]
109.2619703,[-1.29871285  6.45453394  0.47807935],[-1.34703904  6.28016046 -0.04229185],[-0.16985352 -0.25655716  0.55547637]
109.3479717,[-1.25459733  6.59533264  0.49231641],[-1.28448103  6.41436478 -0.02319856],[-0.10883139 -0.05789799  0.47541193]
109.4339602,[-1.2202879   6.73428972  0.50642189],[-1.23343981e+00  6.54698812e+00 -5.49131033e-03],[-0.08297719 -0.04480229  0.45502   ]
109.5199687,[-1.19828113  6.86826984  0.52277971],[-1.19387346  6.67676203  0.01168264],[-0.0662406 -0.0202188  0.4938488]
109.6059711,[-1.18696597  7.00387263  0.53740319],[-1.16348117  6.80998125  0.02746153],[-0.03093165 -0.08489038  0.57400721]
109.6919761,[-1.18985754  7.13341848  0.54638035],[-1.1463248   6.93950261  0.03767594],[-0.01411371 -0.07533237  0.61042839]
109.7779746,[-1.20527354  7.260117    0.55102643],[-1.14171695  7.06843627  0.04375375],[ 0.00777134 -0.06577366  0.64404147]
109.8639698,[-1.23490924  7.38811398  0.55958682],[-1.1491826   7.20246709  0.0534794 ],[ 0.02985922 -0.15061454  0.70211243]
109.9499717,[-1.27779406  7.50795003  0.55760433],[-1.17267914  7.33206719  0.05223657],[ 0.05358989 -0.14916844  0.75367058]
110.0359981,[-1.334481    7.62728885  0.56257919],[-1.21142537  7.46368883  0.05797132],[ 0.053291   -0.18112276  0.77838301]
110.1220131,[-1.40478659  7.73725738  0.55574185],[-1.26551633  7.58922076  0.05147905],[ 0.08151615 -0.24990848  0.79053479]
110.207998,[-1.48869075  7.84135974  0.55604199],[-1.33570474  7.71120537  0.05195561],[ 0.09995111 -0.21248541  0.78808627]
110.2939944,[-1.58250169  7.93306051  0.54815287],[-1.41915716  7.82224411  0.04386076],[ 0.09994306 -0.18464058  0.7442721 ]
110.3800008,[-1.68636311  8.01409231  0.54082147],[-1.51557876  7.92372479  0.03563943],[ 0.08603547 -0.18866906  0.75501767]
110.4659791,[-1.800366    8.08685474  0.53820014],[-1.62382447  8.01548527  0.03316163],[ 0.0927354  -0.20665065  0.75900134]
110.5519984,[-1.92288225  8.14626696  0.52990455],[-1.74153495  8.09504938  0.02567529],[ 0.0863783  -0.17437636  0.70644712]
110.6379921,[-2.05315112  8.19324178  0.52590922],[-1.86928781  8.1613962   0.02225473],[ 0.0764742  -0.17227974  0.71413411]
110.7239645,[-2.18693272  8.22575751  0.51980195],[-2.00282895  8.21388717  0.01614327],[ 0.08054245 -0.18874169  0.72336512]
110.8099964,[-2.32797945  8.24477236  0.51761581],[-2.14559205  8.25371542  0.0140192 ],[ 0.13313141 -0.19800178  0.82643127]
110.8959751,[-2.47229098  8.24892178  0.51320106],[-2.29730593e+00  8.27936558e+00  7.85031497e-03],[ 0.22439804 -0.22246004  0.8971525 ]
110.9819624,[-2.62376058  8.24015637  0.50950595],[-2.45753888e+00  8.28820106e+00  2.43105815e-03],[ 0.33544485 -0.28446995  0.92650839]
111.067976,[-2.78466249  8.21780604  0.50844471],[-2.62613753e+00  8.27847855e+00 -1.26779513e-03],[0.35342669 0.00770047 0.72515635]
111.1539924,[-2.94747814  8.18802978  0.50775128],[-2.79611289e+00  8.25506770e+00 -5.95009395e-03],[0.31513403 0.02975903 0.47728553]
111.2399864,[-3.11109568  8.1480748   0.50492188],[-2.95986122  8.21666161 -0.00896275],[0.19192953 0.09931743 0.1840077 ]
111.3259957,[-3.26852106  8.10597057  0.50346664],[-3.11480933  8.17379538 -0.00978158],[0.07587834 0.15583689 0.06729601]
111.4119592,[-3.41961955  8.06204543  0.5022243 ],[-3.264263    8.12952158 -0.01097741],[0.01902821 0.06201635 0.05492977]
111.4979937,[-3.56484452  8.01498384  0.49411349],[-3.40967483  8.08322474 -0.0108602 ],[-0.06781573 -0.56836032  0.0379153 ]
111.5840054,[-3.69806114  7.96646118  0.48506366],[-3.54592124  8.03497482 -0.01420421],[-0.08942952 -0.04175223  0.06727618]
111.6699989,[-3.81385523  7.91777177  0.48604634],[-3.66420446  7.99137581 -0.01382406],[-0.07398098 -0.45653971  0.23412634]
111.7559967,[-3.91453024  7.86671275  0.48627342],[-3.77217116  7.94816432 -0.01579292],[-0.00170126  0.5120306   0.3807958 ]
111.8419981,[-4.00341717  7.81180684  0.48725331],[-3.86815589  7.90331049 -0.01533111],[ 0.00633782 -0.17136266  0.45407182]
111.927963,[-4.0828794   7.75352468  0.49023145],[-3.95724803  7.85563255 -0.01562394],[0.05407986 0.48002333 0.54952595]
112.0139599,[-4.15564147  7.68943165  0.49297522],[-4.04011317  7.80212824 -0.01501642],[ 0.06333112 -0.10782554  0.55279082]
112.0999613,[-4.22128327  7.62165201  0.49448018],[-4.11752029  7.74370588 -0.01435665],[ 0.06838289 -0.10603364  0.58094422]
112.1859965,[-4.28033742  7.54749047  0.49635301],[-4.18914684  7.67757008 -0.01363985],[0.0867988  0.09114588 0.60222303]
112.2719717,[-4.3328181   7.46986191  0.49734914],[-4.25426064  7.6072422  -0.01203869],[ 0.10780639 -0.25475941  0.63414738]
112.3579741,[-4.37935816  7.38612999  0.49853441],[-4.31447401  7.52963504 -0.01146776],[ 0.11280294 -0.06294784  0.64165496]
112.4439712,[-4.42016975  7.29957018  0.49932508],[-4.36858319  7.44736997 -0.01148372],[ 0.15057417 -0.08952322  0.63138286]
112.5299721,[-4.45431574  7.21018194  0.50093591],[-4.41427023  7.36153776 -0.01065958],[ 0.1384732  -0.09024432  0.54160833]
112.6159832,[-4.48258447  7.11664753  0.50193666],[-4.45211569  7.27037558 -0.01031187],[0.1254535  0.00130374 0.46315995]
112.7019746,[-4.50606655  7.01914739  0.50372299],[-4.48408904  7.17471426 -0.00910531],[0.10874382 0.05503788 0.40665948]
112.7879682,[-4.52474222  6.91467085  0.50400724],[-4.51070078  7.07119923 -0.00913871],[0.11473197 0.04058703 0.39402348]
112.8739786,[-4.54146694  6.80430106  0.50529188],[-4.53286207  6.96252825 -0.00794079],[0.1035357  0.03880464 0.31287142]
112.9599705,[-4.55566642  6.68696899  0.5057113 ],[-4.55025297  6.84599733 -0.00793335],[0.08547329 0.05993305 0.2308905 ]
113.0459719,[-4.56818812  6.56342612  0.50575384],[-4.56425627  6.72294204 -0.00828863],[0.07056027 0.06220337 0.1438689 ]
113.1319685,[-4.57889595  6.43384506  0.50616997],[-4.57561293  6.59252678 -0.00860872],[0.04361867 0.10415036 0.07718703]
113.2179728,[-4.58802909  6.29798895  0.5061664 ],[-4.58542938  6.45654393 -0.00884116],[0.03612914 0.07088929 0.0652475 ]
113.3039682,[-4.59588475  6.15708644  0.50737499],[-4.59389259  6.31684416 -0.0073593 ],[0.02214108 0.15331902 0.04660366]
113.3899698,[-4.6027434   6.01102693  0.50736176],[-4.60166292  6.17241554 -0.00673424],[0.01338162 0.09337722 0.04829611]
113.47597,[-4.60832083  5.86076801  0.50800441],[-4.60843906e+00  6.02369197e+00 -5.37919839e-03],[0.01680114 0.16945118 0.0500182 ]
113.5619726,[-4.61284696  5.7083058   0.50884895],[-4.61390459e+00  5.87220149e+00 -4.16203059e-03],[0.0117363  0.08478469 0.05600772]
113.6479592,[-4.61622549  5.55479792  0.5086914 ],[-4.61873931e+00  5.71788301e+00 -4.74085846e-03],[ 0.02280496 -0.01956079  0.07290632]
113.7339742,[-4.61788966  5.40074786  0.50829603],[-4.62185146  5.56292888 -0.0056373 ],[0.03135586 0.04282296 0.07777685]
113.819973,[-4.61851614  5.2473679   0.50897231],[-4.62376396e+00  5.40904619e+00 -5.37048572e-03],[0.03412041 0.11606654 0.0767186 ]
113.9059734,[-4.61782171  5.09326345  0.50908213],[-4.62351792e+00  5.25557023e+00 -5.22327719e-03],[0.04372529 0.11644469 0.06738969]
113.9919841,[-4.61783267  4.93856117  0.51011908],[-4.62261671e+00  5.10178897e+00 -4.25060641e-03],[0.04555895 0.13850541 0.03665441]
114.0779734,[-4.61808224  4.78251309  0.51128786],[-4.62133987e+00  4.94675250e+00 -3.41128380e-03],[0.03645828 0.07072236 0.02617585]
114.1639688,[-4.61763477  4.62431734  0.51177678],[-4.61921677e+00  4.78935429e+00 -3.06212920e-03],[0.03824013 0.05080163 0.00689206]
114.249975,[-4.61736895  4.46533129  0.51254697],[-4.61727955e+00  4.63118565e+00 -2.26255165e-03],[ 0.03956672  0.13256242 -0.01369058]
114.3359716,[-4.6177806   4.30493613  0.51401432],[-4.61518593e+00  4.47195444e+00 -1.27918779e-03],[ 0.0324127   0.15689137 -0.03686047]
114.4219754,[-4.61985273  4.14383467  0.51442828],[-4.61439041e+00  4.31193861e+00 -8.85133309e-04],[ 0.01709866  0.10663775 -0.06361113]
114.5079708,[-4.62269329  3.98102814  0.51518649],[-4.61417409e+00  4.15022602e+00 -2.34130850e-05],[-0.00347937  0.17342143 -0.09124596]
114.5939701,[-4.62746405  3.81592104  0.51586539],[-4.61671965e+00  3.98510810e+00 -7.69545971e-05],[-0.01150513  0.1414834  -0.08362622]
114.6799722,[-4.63452542  3.64808425  0.51591452],[-4.62150562e+00  3.81668700e+00 -6.80421543e-04],[-0.02503796  0.14954105 -0.08787912]
114.7659721,[-4.64253088  3.47836693  0.51720186],[-4.62792378e+00  3.64681063e+00  2.85429929e-04],[-0.04013703  0.06952885 -0.09695089]
114.8519711,[-4.65156883  3.30780461  0.5174119 ],[-4.63634168e+00  3.47538729e+00  4.03294583e-04],[-0.05449306  0.11256457 -0.08163208]
114.937973,[-4.66144004  3.13779598  0.51719469],[-4.64666453e+00  3.30473083e+00  5.32263177e-04],[-0.02147006  0.13839731 -0.01902561]
115.0239754,[-4.67149733  2.97148634  0.51817799],[-4.65756053e+00  3.13838746e+00  1.49592269e-03],[-0.01759798  0.12402203  0.0107691 ]
115.1099715,[-4.68188659  2.80792179  0.51734293],[-4.66832092e+00  2.97513737e+00  2.07552245e-03],[-0.00702909  0.11841577 -0.0168985 ]
115.1959915,[-4.69263892  2.64897272  0.51757575],[-4.67894519e+00  2.81647270e+00  3.21337068e-03],[-0.0213937   0.1561818  -0.02684945]
115.2819622,[-4.70311835  2.49342726  0.51890279],[-4.68951504e+00  2.66100594e+00  4.67721095e-03],[-0.02861922  0.11704805 -0.03336461]
115.36797,[-4.71407783  2.33906683  0.51872186],[-4.70083590e+00  2.50626389e+00  4.50966583e-03],[-0.03643822  0.10626012 -0.03415741]
115.4539912,[-4.72486385  2.18481126  0.51976287],[-4.71220847  2.35189724  0.00549454],[-0.04044219  0.11923477 -0.01832726]
115.5399597,[-4.73573645  2.02904986  0.51956287],[-4.72464271  2.1949801   0.00494026],[-0.02736275  0.05353587  0.02972241]
115.6259606,[-4.74587808  1.87177989  0.5194007 ],[-4.73673929e+00  2.03640620e+00  4.35611675e-03],[-0.01964273  0.06507676  0.03087218]
115.7119646,[-4.75491019  1.71301747  0.52006656],[-4.74790267e+00  1.87670282e+00  4.72666199e-03],[-0.00262105  0.13511956  0.04954103]
115.7979858,[-4.76343139  1.55285793  0.5209405 ],[-4.75839226  1.71544269  0.00506912],[-0.00095737  0.12681531  0.05717847]
115.883981,[-4.77053124  1.38972867  0.52133332],[-4.76755896  1.55215847  0.00543802],[0.00080391 0.09942822 0.05670844]
115.9699674,[-4.77706397  1.22458344  0.52291403],[-4.7755546   1.38734684  0.00696727],[-0.00247952  0.1471175   0.05723831]
116.0559945,[-4.78279494  1.05671195  0.52351052],[-4.78263702  1.21906158  0.00729814],[-0.00091325  0.03979373  0.06190672]
116.1419809,[-4.78679764  0.88658047  0.52443158],[-4.78834285  1.04836635  0.00797817],[0.00977466 0.15846882 0.06324587]
116.2279706,[-4.78909003  0.71515375  0.52587897],[-4.79216971  0.87787457  0.00965079],[0.01583118 0.09474313 0.06836894]
116.3139756,[-4.79002502  0.5444563   0.52680182],[-4.7947094   0.70760622  0.01086091],[0.02234528 0.17634527 0.07638067]
116.3999691,[-4.78969425  0.37585644  0.52823117],[-4.79545012  0.54020276  0.01259679],[0.03821097 0.21245864 0.09872879]
116.4859607,[-4.78818113  0.2104449   0.52764192],[-4.79447322  0.37522294  0.01309585],[-0.01469547  0.10277678  0.00775263]
116.5719633,[-4.78731468  0.04960085  0.52588712],[-4.79100021  0.21185304  0.01396276],[-0.35782423  0.19617933 -0.58368799]
116.6579752,[-4.78522747 -0.1036122   0.52410649],[-4.79390949  0.05246067  0.0140793 ],[-0.24081575 -0.13564266  0.07442664]
116.7439594,[-4.77666116 -0.24952287  0.52851734],[-4.80100963 -0.09792578  0.01587958],[-0.14815037  0.50854303  0.31571783]
116.8299701,[-4.76182263 -0.389728    0.52891729],[-4.8015216  -0.24213295  0.01756555],[-0.15191995 -0.30883901  0.29061907]
116.9159768,[-4.73873194 -0.52435018  0.53069516],[-4.79505562 -0.3826896   0.01938747],[-0.10390213  0.18067861  0.41969115]
117.0019734,[-4.70631367 -0.6540753   0.53048478],[-4.78111033 -0.52109315  0.01970878],[-0.05408791 -0.0726266   0.53833614]
117.0879736,[-4.66436809 -0.78031876  0.52948235],[-4.75726484 -0.65766758  0.01974841],[-0.05081943 -0.09966886  0.59546037]
117.1739738,[-4.60999499 -0.90173834  0.52993589],[-4.72120618 -0.79194229  0.02099291],[-0.03243114 -0.13352139  0.64700253]
117.2599959,[-4.54343792 -1.01806388  0.53201763],[-4.67256527 -0.92378661  0.02298836],[ 0.01478926 -0.17595668  0.72545018]
117.3459985,[-4.46442835 -1.12908208  0.5322198 ],[-4.60978339 -1.05173714  0.02373618],[ 0.03093626 -0.14299085  0.73884629]
117.432003,[-4.37233399 -1.23322715  0.53198861],[-4.53151004 -1.17436662  0.02427766],[ 0.06335434 -0.10581137  0.75794294]
117.5179625,[-4.26829478 -1.32884457  0.53230748],[-4.43859049 -1.28909509  0.02505383],[ 0.06462988 -0.15575713  0.76000818]
117.6039586,[-4.15267718 -1.41425517  0.53212832],[-4.33055869 -1.39527573  0.02462218],[ 0.06700614 -0.16426557  0.72375751]
117.68996,[-4.02731896 -1.48813656  0.53258956],[-4.20990682 -1.49051081  0.02446646],[ 0.06130914 -0.16479437  0.70020282]
117.7759864,[-3.89355919 -1.5492918   0.53298199],[-4.07821425 -1.57292826  0.02402152],[ 0.07673119 -0.26177259  0.72915061]
117.8619733,[-3.75092054 -1.5974813   0.53258041],[-3.93503787 -1.64219022  0.0230302 ],[ 0.11935098 -0.23333318  0.77415733]
117.947969,[-3.59903447 -1.6322859   0.53314763],[-3.77959223 -1.69617563  0.02274659],[ 0.16684487 -0.2478393   0.79079011]
118.0339913,[-3.43772478 -1.653299    0.53440355],[-3.61180184 -1.73336345  0.02235864],[ 0.2280921  -0.17657216  0.80493414]
118.1200094,[-3.26990141 -1.66043553  0.5362642 ],[-3.43664967 -1.75040176  0.02236119],[ 0.26766596 -0.12450906  0.74674785]
118.2059579,[-3.10156234 -1.65417597  0.53847688],[-3.26384288 -1.7485198   0.02406302],[0.27055628 0.02774729 0.63593323]
118.2919736,[-2.93720739 -1.63668789  0.53868602],[-3.09620827 -1.73125611  0.02425029],[ 0.25939904 -0.06886263  0.54837715]
118.3779955,[-2.77924411 -1.61226521  0.53140731],[-2.93731769 -1.70460531  0.02651217],[ 0.05449739 -0.65403977  0.17540473]
118.4640055,[-2.6340846  -1.58204105  0.52295574],[-2.79131091 -1.67238753  0.02545681],[-0.01389316 -0.03547604  0.09304086]
118.550004,[-2.50958373 -1.54592858  0.52578926],[-2.66576977 -1.64350287  0.02722702],[ 0.01648324 -0.02728347  0.32960031]
118.6359959,[-2.40282658 -1.50589313  0.52701661],[-2.55281097 -1.61245265  0.02519044],[ 0.15700356 -0.0184719   0.59350777]
118.721982,[-2.31442533 -1.46287134  0.52897632],[-2.45650633 -1.57764463  0.024489  ],[0.15195406 0.01476683 0.62365913]
118.8079617,[-2.24142908 -1.41826821  0.53212187],[-2.37544889 -1.53932349  0.02361286],[ 0.14357765 -0.0447564   0.5721656 ]
118.893997,[-2.17931646 -1.37215348  0.53327781],[-2.30621386 -1.49886531  0.0224836 ],[0.11671053 0.03051983 0.50626806]
118.9799685,[-2.12643486 -1.32505067  0.53361429],[-2.24611851 -1.45759503  0.02155525],[0.12606365 0.00428871 0.48928339]
119.0659723,[-2.08137412 -1.27696037  0.53322141],[-2.19382651 -1.41544441  0.02045029],[0.12722642 0.0376461  0.49021712]
119.1519768,[-2.04221171 -1.22797291  0.53295892],[-2.14696126 -1.37216849  0.01962674],[0.09135445 0.05656531 0.47128072]
119.2379808,[-2.00911417 -1.17799552  0.53357108],[-2.10615339 -1.32867901  0.01991181],[0.06797335 0.02639611 0.44933044]
119.3239758,[-1.98146335 -1.12782113  0.53386877],[-2.06998316 -1.28450384  0.01968167],[0.0672962  0.06870013 0.452976  ]
119.4099615,[-1.95818375 -1.07715594  0.5335995 ],[-2.03705694 -1.23882093  0.01884287],[ 0.07052003 -0.00679776  0.4469643 ]
119.4960015,[-1.93851253 -1.0254135   0.53406214],[-2.00765689 -1.19163435  0.01863305],[0.04283004 0.03721264 0.45184266]
119.5839615,[-1.92189184 -0.97028246  0.53416125],[-1.98029209 -1.14066382  0.01816279],[ 0.06606609 -0.00525775  0.49214013]
119.6699545,[-1.9078849  -0.91195689  0.53336548],[-1.95519988 -1.08464537  0.01710669],[ 0.09353525 -0.03617282  0.51406493]
119.7559576,[-1.89546843 -0.8488586   0.53283083],[-1.93210842 -1.02274794  0.01626924],[ 0.09547937 -0.00630219  0.47939942]
119.8419917,[-1.88485658 -0.78012224  0.53145242],[-1.91208502 -0.95393807  0.0145171 ],[0.08193452 0.01473004 0.39488207]
119.9279637,[-1.87556872 -0.70603318  0.53091717],[-1.89553057 -0.87979183  0.0138496 ],[0.07035944 0.03371843 0.3260803 ]
120.0139573,[-1.86760533 -0.62705918  0.52936844],[-1.88171368 -0.79905767  0.01164461],[0.07793955 0.05582592 0.27131016]
120.0999758,[-1.86113654 -0.54463246  0.52890865],[-1.87111629 -0.71651738  0.01128927],[0.05783953 0.03481265 0.1985862 ]
120.1859705,[-1.85602878 -0.45994823  0.52735984],[-1.86303736 -0.63074922  0.00947325],[0.04902663 0.00699628 0.15100772]
120.2719712,[-1.85190323 -0.37415654  0.52656449],[-1.85717426 -0.54466237  0.00863348],[0.03036196 0.00657459 0.07678924]
120.3579757,[-1.84878146 -0.28756328  0.52558697],[-1.85307275 -0.45760002  0.00754417],[0.01706423 0.0884586  0.07705631]
120.443985,[-1.84649385 -0.20059021  0.5250947 ],[-1.84929945 -0.36948451  0.00659398],[0.02416207 0.0019943  0.07262658]
120.5299683,[-1.84509287 -0.11261216  0.52379339],[-1.84643415 -0.28120361  0.00530766],[0.02399984 0.06582355 0.07076931]
120.6159608,[-1.84459659 -0.02289766  0.52263076],[-1.84485499 -0.19056057  0.00408693],[0.02569808 0.05756422 0.07745568]
120.7019715,[-1.8444481   0.06831033  0.52224524],[-1.84391186 -0.09877838  0.00359909],[0.02180177 0.06886924 0.03334058]
120.7879717,[-1.84459981  0.16176065  0.52140638],[-1.84412099 -0.00521142  0.00281654],[4.60544636e-03 7.14570732e-02 1.96192892e-05]
120.8739715,[-1.84469882  0.25741357  0.52108418],[-1.84447211  0.09029779  0.00255981],[-0.00193647  0.02242922  0.0069591 ]
120.9599698,[-1.84485337  0.35591994  0.52021337],[-1.84484635e+00  1.88886235e-01  1.83864011e-03],[ 0.01048951  0.04192816 -0.00262202]
121.0459926,[-1.84492331  0.45863496  0.51925744],[-1.84509404e+00  2.91992661e-01  9.23034259e-04],[-0.00124872  0.02033514 -0.00582712]
121.1319613,[-1.84530812  0.56605742  0.51839056],[-1.84554411e+00  3.99895099e-01  1.79721927e-04],[ 0.00729876  0.07836176 -0.01928934]
121.2179589,[-1.84531723  0.67774308  0.51777263],[-1.84590766e+00  5.11484612e-01 -2.45834322e-04],[-0.00817768  0.0281082  -0.02259696]
121.3039935,[-1.84564819  0.79382357  0.53586299],[-1.84624548  0.62935632 -0.00282031],[ 0.00216783  0.21415463 -0.00386074]
121.3899693,[-1.84603155  0.92743405  0.62309771],[-1.84547173  0.78530874 -0.0099979 ],[0.15916016 2.46313097 0.04344767]
121.4759707,[-1.84834084  1.1749506   0.80397336],[-1.84697206  0.98715631 -0.00907971],[ 0.22798595  6.93486532 -0.22960994]
121.5619731,[-1.84634981  1.34438883  0.97800748],[-1.8520957   1.37864833  0.07222076],[-0.24220075 -0.56283865  0.20735719]
121.6479695,[-1.84978393  1.42328655  1.18945211],[-1.84892593  1.69202813  0.44206667],[ 0.11826634 -5.91301817 -0.23917541]
121.7339723,[-1.8497882   1.61572521  1.35268885],[-1.85332987  1.76473318  0.67643357],[-0.03731116 -1.2931168  -0.03997565]
121.8239801,[-1.85017799  1.83592666  1.49134043],[-1.85757368  1.80584199  0.88327657],[-0.01142303  1.050684   -0.03285402]
121.9101064,[-1.84996321  2.05688036  1.52136307],[-1.85805485  1.98756986  0.94765278],[-9.35454334e-02  5.73757040e+00 -2.55946220e-03]
121.9959688,[-1.84667548  2.24681424  1.5466734 ],[-1.85424757  2.12668206  0.98178028],[-0.15692247  2.08738351 -0.12220423]
122.0819786,[-1.84554171  2.42045618  1.54357746],[-1.84805317  2.27673019  0.98283765],[0.15582862 1.29670488 0.31073758]
122.1679974,[-1.84524375  2.59341658  1.53461338],[-1.84680164  2.43914398  0.98237389],[0.19564595 0.11094647 0.19986517]
122.2539947,[-1.84241224  2.76589393  1.52651291],[-1.84923934  2.60895722  0.98373825],[ 0.0232046   0.31286073 -0.16022753]
122.3399704,[-1.83682959  2.93513192  1.52219754],[-1.85043695  2.77844967  0.98564479],[-0.01014288  0.01971875 -0.19681185]
122.4259703,[-1.82812802  3.09984011  1.52181302],[-1.84690359  2.94392407  0.98721803],[-0.03803305  0.12117598 -0.1819945 ]
122.5119674,[-1.81678327  3.26065376  1.52311836],[-1.83908306  3.10401934  0.98931736],[-0.07129377  0.1939184  -0.207521  ]
122.5979617,[-1.8027869   3.41564525  1.52354685],[-1.82843818  3.25682488  0.99130159],[-0.22234414 -0.01303527 -0.3655785 ]
122.6839855,[-1.78759329  3.56349641  1.52353999],[-1.81248396  3.40172146  0.99142599],[-0.16402566  0.05630219 -0.15443054]
122.7700016,[-1.77383474  3.70611143  1.525306  ],[-1.79256246  3.54258416  0.99265536],[0.02077943 0.07702606 0.24550668]
122.8559713,[-1.76288319  3.83849551  1.52552095],[-1.77621585  3.67531461  0.9925359 ],[ 0.0531576  -0.0100723   0.16333562]
122.941972,[-1.75316297  3.9628394   1.5303945 ],[-1.7635812   3.80558686  0.99320996],[ 0.05651485 -0.56196168  0.11879602]
123.0279729,[-1.74397995  4.08757527  1.53658091],[-1.75218804  3.94441973  0.99080952],[ 0.05507141 -0.309316    0.03993509]
123.1140125,[-1.73468527  4.21790349  1.53670842],[-1.74322401  4.08591045  0.98977255],[ 0.07347578 -0.14799311  0.05517675]
123.1999981,[-1.724113    4.36362819  1.53504377],[-1.73432681  4.2409112   0.98895032],[ 0.07000415 -0.34095846  0.03757731]
123.2859771,[-1.71207681  4.52442318  1.52996277],[-1.72512068  4.40161515  0.99055585],[0.08095569 0.16387253 0.00888268]
123.3719952,[-1.69743829  4.70314414  1.53329961],[-1.7152598   4.57467546  0.97934452],[0.13732472 3.28641864 0.0349869 ]
123.4579718,[-1.6816632   4.8872299   1.48783956],[-1.70642283  4.85700405  0.75596935],[ 0.14463769 -2.65652631 -0.02578615]
123.5439992,[-1.66028126  5.16981004  1.39254823],[-1.69883579  5.15360717  0.41663294],[-0.02350427 -3.96900133 -0.03622615]
123.6299965,[-1.66348106  5.15567241  1.03688841],[-1.69003101  5.38891362  0.06025937],[-0.18019339  0.88739134  0.08815645]
123.7159662,[-1.64770153  5.37995955  0.80796065],[-1.69144388  5.36495383 -0.01525993],[ 0.6388538   2.74089252 -0.01850878]
123.8020031,[-1.61950314  5.58999552  0.66990862],[-1.68255628  5.42185941 -0.00882534],[ 0.32824019  0.62954722 -0.11569778]
123.8879983,[-1.58061527  5.74172364  0.58626854],[-1.65899766  5.58960878 -0.00668504],[-0.49141135  0.34247192 -1.01915551]
123.9739697,[-1.52732443  5.90120711  0.52764561],[-1.61563163e+00  5.75937478e+00 -5.21361781e-03],[-0.94213483 -0.57407682 -1.56412544]
124.0599673,[-1.47240042  6.05181589  0.50854738],[-1.55491311e+00  5.90200503e+00 -3.51104242e-03],[-0.7441489  -0.35361594 -0.33362002]
124.1459606,[-1.4258129   6.19879582  0.51394559],[-1.48295294e+00  6.02505461e+00 -3.19658792e-04],[-0.2401713   0.24776102  0.65354039]
124.2319961,[-1.38779613  6.34322263  0.51866759],[-1.41883439e+00  6.15531341e+00  2.13539432e-03],[-0.1109253  -0.1521951   0.64095936]
124.3179758,[-1.35868707  6.4838349   0.51382879],[-1.36791367e+00  6.28983719e+00  4.29564250e-04],[-0.06879259 -0.22083556  0.52007093]
124.4039726,[-1.34071476  6.62188908  0.51101491],[-1.32951924e+00  6.42511413e+00 -8.73021215e-04],[-0.05037604 -0.10350224  0.53439555]
124.489964,[-1.33417664  6.75778258  0.50980904],[-1.30329993e+00  6.55973756e+00 -1.23500558e-03],[-0.05515461 -0.03181925  0.54252011]
124.5759578,[-1.34021195  6.89248867  0.50782618],[-1.28832253e+00  6.69422341e+00 -1.49273642e-03],[-0.00842332 -0.08672942  0.63891912]
124.6619635,[-1.36035182  7.02508869  0.50683944],[-1.28624041e+00  6.83095030e+00 -1.43336711e-03],[ 0.03285121 -0.1305277   0.71374547]
124.7479682,[-1.39443313  7.15651692  0.50579006],[-1.29877960e+00  6.96984058e+00 -1.29100079e-03],[ 0.04967236 -0.09936987  0.73780713]
124.8339708,[-1.44050981  7.28553251  0.50589572],[-1.32740337e+00  7.10958922e+00 -1.11350798e-03],[ 0.08124335 -0.20620699  0.76395973]
124.9199758,[-1.50001038  7.41160473  0.50583257],[-1.37149565e+00  7.24942747e+00 -1.37018199e-03],[ 0.09912647 -0.2310617   0.7481828 ]
125.0059729,[-1.5741313   7.53134134  0.50539028],[-1.43203046e+00  7.38432387e+00 -2.03344797e-03],[ 0.07111555 -0.08297416  0.65232765]
125.0919702,[-1.65876107  7.64612726  0.50595853],[-1.50581127e+00  7.51317446e+00 -1.35892776e-03],[ 0.05792118 -0.11314191  0.6383023 ]
125.1779695,[-1.75484327  7.75305038  0.50585126],[-1.59314405e+00  7.63607934e+00 -1.84879910e-03],[ 0.07268392 -0.20021024  0.65831404]
125.2639711,[-1.86177113  7.849439    0.50553988],[-1.69250919e+00  7.74972207e+00 -2.58987901e-03],[ 0.06001914 -0.1838379   0.64606462]
125.3499763,[-1.97825197  7.93665665  0.50625429],[-1.80338201e+00  7.85448487e+00 -2.30371389e-03],[ 0.06514721 -0.14654238  0.63887988]
125.4359922,[-2.10433669  8.01193519  0.50677954],[-1.92382454e+00  7.94733175e+00 -1.73917157e-03],[ 0.06477386 -0.17627723  0.6592893 ]
125.5220015,[-2.23832437  8.07551028  0.50749896],[-2.05364671e+00  8.02932375e+00 -9.79471394e-04],[ 0.05751603 -0.07849207  0.63729144]
125.6079967,[-2.38024517  8.12517521  0.50923584],[-2.19308881e+00  8.09779927e+00  2.52300296e-04],[ 0.0560027  -0.07052983  0.6706774 ]
125.6940155,[-2.52798616  8.16221071  0.5102988 ],[-2.34238655e+00  8.15476692e+00 -5.84237055e-04],[ 0.08912395 -0.18556002  0.7016851 ]
125.7800086,[-2.68265766  8.18351433  0.51015055],[-2.50092084e+00  8.19653602e+00 -1.07535275e-03],[ 0.11798529 -0.21933819  0.72347504]
125.8659589,[-2.8418656   8.19024303  0.51024969],[-2.66673488e+00  8.22182261e+00 -1.68926108e-03],[ 0.17118118 -0.25065169  0.72758509]
125.9519956,[-3.00708752  8.18290885  0.50983127],[-2.83826567e+00  8.23042626e+00 -2.10458600e-03],[ 0.21490221 -0.01531819  0.7138413 ]
126.0379958,[-3.17431351  8.16200532  0.51121732],[-3.01275264e+00  8.22311922e+00 -1.99905118e-03],[ 0.23114698 -0.04108559  0.66139013]
126.1240005,[-3.33857503  8.13016436  0.51224923],[-3.18257258e+00  8.20167339e+00 -1.44117048e-03],[ 0.20938908 -0.04093005  0.59284169]
126.2099774,[-3.49495506  8.08900064  0.50801533],[-3.34410281e+00  8.16797229e+00 -3.10852787e-03],[0.1897505  0.06832676 0.51293662]
126.2959778,[-3.64225779  8.0403975   0.4986919 ],[-3.49517533e+00  8.12330002e+00 -3.05714978e-03],[ 0.05131363 -0.4359105   0.13774244]
126.3819721,[-3.77514235  7.98690282  0.48758909],[-3.63280408e+00  8.07156450e+00 -6.89209323e-03],[-0.00747467 -0.14331118  0.27025589]
126.4679692,[-3.89251762  7.92768431  0.4889749 ],[-3.75720235e+00  8.02149761e+00 -7.51152915e-03],[0.09648667 0.29269332 0.62306552]
126.5539711,[-3.99440525  7.86321737  0.49136417],[-3.8687773   7.96734594 -0.00861494],[ 0.07180722 -0.05412806  0.56163725]
126.6399677,[-4.08464258  7.79569182  0.49125906],[-3.96890017  7.90920315 -0.00921529],[ 0.07970835 -0.08392193  0.55176672]
126.7259703,[-4.16291727  7.72250088  0.49181071],[-4.05815464  7.84405889 -0.00985466],[ 0.06726124 -0.04219861  0.52315563]
126.811985,[-4.23196332  7.64573604  0.492764  ],[-4.13873354  7.77468415 -0.01014499],[ 0.06061777 -0.1092227   0.5587826 ]
126.8979733,[-4.29196331  7.5663916   0.4934397 ],[-4.21172503  7.70215519 -0.01062854],[ 0.09464106 -0.09317216  0.62775329]
126.9839711,[-4.344668    7.48241382  0.4947655 ],[-4.27812189  7.62420768 -0.01102382],[ 0.11805275 -0.17085285  0.67948184]
127.0699761,[-4.38982021  7.39535524  0.49523312],[-4.33745681  7.54190796 -0.01167341],[ 0.13687747 -0.06298819  0.65534874]
127.1559727,[-4.42542805  7.30249722  0.49560786],[-4.38712142  7.45255246 -0.01241447],[ 0.14752981 -0.09994968  0.66352717]
127.2419753,[-4.4543373   7.20754018  0.49670551],[-4.42819341  7.36087913 -0.012349  ],[ 0.17101554 -0.00350706  0.62571479]
127.3279836,[-4.47647048  7.10724852  0.49831272],[-4.46024662  7.26263985 -0.01184484],[0.14160106 0.02349629 0.4770964 ]
127.4139733,[-4.49366109  7.00134353  0.49940058],[-4.48515082  7.1577296  -0.01163708],[0.12688013 0.03334884 0.40461178]
127.4999695,[-4.50805705  6.88971415  0.5006067 ],[-4.50518077  7.04701881 -0.01107512],[0.11963133 0.00829675 0.34832643]
127.5859733,[-4.51953176  6.77067194  0.50162301],[-4.51944023  6.92953116 -0.01032842],[0.10471867 0.02822456 0.25470657]
127.6720006,[-4.52889755  6.64575501  0.50299906],[-4.53010996  6.80490526 -0.00974668],[ 0.07789074 -0.01539131  0.15790885]
127.7579908,[-4.5361016   6.51359723  0.50316237],[-4.53756525  6.67277369 -0.01009857],[0.05597902 0.10984761 0.06293308]
127.8440006,[-4.54163375  6.37530383  0.50396419],[-4.54306552  6.534359   -0.00982216],[0.03652631 0.0920175  0.04843051]
127.9300072,[-4.5460738   6.2309252   0.50463898],[-4.54782179  6.39088901 -0.00890829],[0.03131122 0.12060047 0.04314628]
128.0159819,[-4.54974338  6.08197302  0.50552685],[-4.5520315   6.24357007 -0.00742973],[0.02996787 0.10760186 0.04865109]
128.1019666,[-4.55190894  5.92992397  0.50626927],[-4.55470141  6.09274147 -0.0063118 ],[0.03088952 0.08618123 0.05588653]
128.1879952,[-4.55379494  5.77667763  0.50756517],[-4.55682739e+00  5.94114495e+00 -4.55311109e-03],[0.02495753 0.04443984 0.04737883]
128.2739637,[-4.55409325  5.62201087  0.5082716 ],[-4.55754813e+00  5.78602045e+00 -4.50492141e-03],[0.02958577 0.04796955 0.03770051]
128.3600016,[-4.55562963  5.46767714  0.5077072 ],[-4.55854151e+00  5.63126156e+00 -5.51277061e-03],[0.02703871 0.05554713 0.02899092]
128.4459972,[-4.55727017  5.3125186   0.50809103],[-4.55920049e+00  5.47645522e+00 -5.31441508e-03],[0.02718851 0.04319336 0.01563917]
128.5319977,[-4.55806182  5.15643948  0.50800955],[-4.55883149  5.32020828 -0.00577051],[0.02782183 0.07306567 0.00372492]
128.6180074,[-4.56077399  5.00017204  0.50940154],[-4.55983793e+00  5.16483003e+00 -4.64984402e-03],[ 0.03780419  0.08226757 -0.00486907]
128.7049708,[-4.56381824  4.84344277  0.51080602],[-4.56041573e+00  5.00932172e+00 -3.43209239e-03],[ 0.02830411  0.04918651 -0.02033844]
128.7909744,[-4.56886219  4.68658838  0.51171997],[-4.56290435e+00  4.85290433e+00 -2.83827599e-03],[ 0.01968048  0.08215992 -0.04666169]
128.8769703,[-4.57350006  4.5282671   0.51226027],[-4.56520425e+00  4.69504013e+00 -2.42249907e-03],[ 0.00389525  0.08262935 -0.06994667]
128.9629729,[-4.57984615  4.36907475  0.51356539],[-4.56916316e+00  4.53675672e+00 -1.27986114e-03],[-0.00497471  0.13778708 -0.08036546]
129.0489738,[-4.58738832  4.20787569  0.51415706],[-4.57463477e+00  4.37606803e+00 -6.32284180e-04],[-0.01537368  0.10179875 -0.08484217]
129.1349754,[-4.59624618  4.04513572  0.51494716],[-4.58182821e+00  4.21317571e+00  1.02737543e-04],[-0.02381127  0.13516947 -0.09591664]
129.2209735,[-4.60626038  3.88016299  0.51609643],[-4.59095192e+00  4.04765313e+00  5.14971174e-04],[-0.04195295  0.11334677 -0.09679774]
129.3069715,[-4.61770041  3.71322445  0.5159837 ],[-4.60210285e+00  3.87977332e+00 -2.72007732e-04],[-0.04815911  0.17848077 -0.05952105]
129.3969722,[-4.63023978  3.53347227  0.51694282],[-4.61543571e+00  3.70014606e+00  3.91679697e-04],[-0.03160329  0.1895101   0.00264729]
129.4829762,[-4.64188317  3.36460253  0.51725394],[-4.62827255e+00  3.53085171e+00  5.48249210e-04],[-0.02001288  0.10808059 -0.00374237]
129.5689697,[-4.65397857  3.1943875   0.51663497],[-4.64129949e+00  3.36031673e+00  3.00104846e-04],[-0.00187508  0.07778693  0.00769261]
129.6549714,[-4.66553825  3.02746598  0.51767921],[-4.65359258e+00  3.19357856e+00  1.28835715e-03],[0.00568488 0.10394273 0.01810573]
129.740972,[-4.67723156  2.86345173  0.51761589],[-4.66582717e+00  3.02939928e+00  1.86701692e-03],[-0.00082573  0.07515137  0.01776942]
129.8269758,[-4.6882786   2.70319981  0.51701508],[-4.67703954e+00  2.86986257e+00  2.65456707e-03],[-0.00020087  0.16459124  0.00067364]
129.912967,[-4.69933994  2.5466076   0.51798567],[-4.68802792e+00  2.71426380e+00  4.09954717e-03],[-0.00786462  0.14831873 -0.00383489]
129.9989719,[-4.71005535  2.39173379  0.51830892],[-4.69880597e+00  2.55969434e+00  4.55848419e-03],[-0.01212031  0.07930877 -0.02348026]
130.0849814,[-4.72087186  2.2369348   0.51890044],[-4.70971362  2.40480978  0.00508997],[-0.01571931  0.10367269 -0.02388044]
130.1709709,[-4.73145228  2.08178249  0.51957041],[-4.72124572  2.24879647  0.00530816],[-0.03052699  0.07849367 -0.00747213]
130.2569718,[-4.74124377  1.92520939  0.51933085],[-4.73254016e+00  2.09039945e+00  4.45070024e-03],[-0.02403908  0.07241929  0.03294362]
130.342977,[-4.75039144  1.76678852  0.51986079],[-4.74392745  1.93144949  0.00483383],[-0.01032958  0.0760833   0.06947504]
130.4289787,[-4.75805297  1.60680911  0.52014843],[-4.75359941  1.7709252   0.00490982],[0.00157724 0.10341557 0.0668525 ]
130.5149753,[-4.76442663  1.44459708  0.52056305],[-4.76183621  1.6084892   0.00523753],[0.01094135 0.09653914 0.05968467]
130.6009963,[-4.77012256  1.2802334   0.5220748 ],[-4.76882364  1.44420184  0.00671305],[0.00879239 0.06138608 0.05899548]
130.6869705,[-4.77505147  1.11362246  0.52299016],[-4.77468769  1.27692972  0.00712997],[0.0051691  0.04168166 0.03513255]
130.7729719,[-4.77915164  0.94504544  0.52389627],[-4.7796034   1.10797533  0.00778788],[0.00056369 0.11165396 0.04025345]
130.8589709,[-4.78201023  0.77425578  0.52494454],[-4.78344871  0.93790014  0.00916753],[-0.00048714  0.21862795  0.04110463]
130.9449713,[-4.78372783  0.60308666  0.52583198],[-4.78636652  0.7674175   0.01037778],[0.01609435 0.13957747 0.07920735]
131.0309708,[-4.78439174  0.4333737   0.52725756],[-4.78787112  0.59907562  0.01230942],[0.03045684 0.09364777 0.07296206]
131.1169715,[-4.78410039  0.26688171  0.52861597],[-4.78810109  0.43247403  0.01312426],[0.03979727 0.07927257 0.05807553]
131.2029762,[-4.78363506  0.10465736  0.52597089],[-4.78698096  0.26798718  0.01363538],[-0.19952742 -0.01758529 -0.57185412]
131.2889707,[-4.78395827 -0.05194477  0.52467757],[-4.7869593   0.10602406  0.01400712],[-0.28963599  0.12185023 -0.23597363]
131.3749712,[-4.77928242 -0.20151305  0.52594233],[-4.79570297 -0.04643852  0.01591726],[-0.13576679  0.12762443  0.30304441]
131.460973,[-4.76831534 -0.34451594  0.5260461 ],[-4.80013542 -0.19327211  0.01694603],[-0.14312626  0.02287389  0.25069146]
131.5469708,[-4.74968542 -0.48157859  0.52669068],[-4.79737652 -0.33574804  0.01828015],[-0.12433853 -0.01170028  0.35060454]
131.632978,[-4.72186566 -0.61343894  0.52795487],[-4.78802694 -0.47548387  0.01913906],[-0.08056531 -0.02784052  0.50342283]
131.7189748,[-4.68404876 -0.74055388  0.52792876],[-4.76925609 -0.61345374  0.01913558],[-0.05558772 -0.09165034  0.56233419]
131.8049719,[-4.63505551 -0.86395271  0.52852838],[-4.73916049 -0.74840288  0.02015232],[-0.038097   -0.04907594  0.631372  ]
131.890974,[-4.57287863 -0.98287302  0.53156551],[-4.69617579 -0.88222716  0.02211772],[ 0.02300434 -0.09349802  0.73836219]
131.9769742,[-4.49779059 -1.09775603  0.53308264],[-4.63808099 -1.01320564  0.0236467 ],[ 0.05040366 -0.17140219  0.74383347]
132.0629745,[-4.41060471 -1.20587008  0.53292366],[-4.56483479 -1.13900024  0.02430055],[ 0.06851099 -0.16647707  0.74164234]
132.1489761,[-4.31162201 -1.30580235  0.53348255],[-4.47714136 -1.2568203   0.0254744 ],[ 0.0608273  -0.18215865  0.69947012]
132.2349896,[-4.2010947  -1.39640986  0.5330844 ],[-4.3747652  -1.36724046  0.02502415],[ 0.06819164 -0.16240287  0.69391241]
132.3209753,[-4.08039563 -1.47633711  0.53298389],[-4.26061688 -1.46694758  0.02494528],[ 0.06573317 -0.16101688  0.71248613]
132.4069815,[-3.94983774 -1.54429792  0.53322799],[-4.13435867 -1.55587604  0.02481561],[ 0.07178768 -0.17659631  0.69885907]
132.4929745,[-3.81084875 -1.59966207  0.53326161],[-3.99621561 -1.63258312  0.02406137],[ 0.08093312 -0.258366    0.7388553 ]
132.578974,[-3.66353248 -1.64172885  0.5334605 ],[-3.846432   -1.69494701  0.02346425],[ 0.11989517 -0.215102    0.76447669]
132.6649699,[-3.50743393 -1.67000005  0.53464907],[-3.6849844  -1.7418579   0.02324161],[ 0.18335536 -0.27185208  0.79950097]
132.7509708,[-3.34287443 -1.6850426   0.53538734],[-3.51462365 -1.77031648  0.02289302],[0.22538332 0.0091909  0.76435844]
132.8369694,[-3.17405559 -1.68536728  0.53814591],[-3.34029298 -1.7793519   0.02447712],[ 0.26318562 -0.07491892  0.69588687]
132.9229617,[-3.00744153 -1.67273984  0.53928539],[-3.16882056 -1.77039987  0.02514519],[ 0.27298358 -0.13646675  0.62842951]
133.0091143,[-2.84691353 -1.65067224  0.53507606],[-3.00460797 -1.74737198  0.02598032],[0.18009141 0.37584988 0.40775416]
133.0949636,[-2.6949745  -1.62188712  0.52639983],[-2.85154137 -1.71693788  0.02621315],[ 0.04577397 -0.49048172  0.12763929]
133.180999,[-2.56192159 -1.5870696   0.52198142],[-2.71573588 -1.68513608  0.02351845],[0.05827761 0.26287626 0.28784278]
133.2669594,[-2.44895954 -1.54776639  0.52820958],[-2.59938191 -1.65333233  0.02554456],[ 0.11581419 -0.06980875  0.48559335]
133.3529975,[-2.35275412 -1.50505914  0.53011359],[-2.4974513  -1.61831819  0.02577513],[ 0.16246467 -0.00878544  0.6634922 ]
133.4389932,[-2.27329074 -1.45953707  0.53362697],[-2.41033707 -1.58002878  0.02549808],[0.1691427  0.0633251  0.61747633]
133.5249925,[-2.20656384 -1.41328455  0.53533498],[-2.33601568 -1.53872737  0.02442242],[ 0.16212601 -0.05041883  0.54244817]
133.6109772,[-2.15058881 -1.36684182  0.53674704],[-2.2728969  -1.49648456  0.02318798],[ 0.12561292 -0.04431299  0.48032858]
133.69697,[-2.10274368 -1.31988703  0.53633164],[-2.21801976 -1.45424613  0.02198521],[ 0.09417633 -0.00521229  0.4281276 ]
133.7829759,[-2.06115041 -1.2726319   0.53527061],[-2.16996057 -1.41196047  0.02089679],[0.07792224 0.02074494 0.40651439]
133.8689699,[-2.02558882 -1.22509698  0.53567865],[-2.12764544 -1.36983552  0.02079892],[0.07062472 0.03075113 0.40620442]
133.9549687,[-1.99525793 -1.17669063  0.53522985],[-2.08971063 -1.32712136  0.01997965],[0.06670274 0.01014565 0.42429168]
134.0409703,[-1.96948677 -1.12768311  0.53453794],[-2.05537904 -1.28382557  0.0192291 ],[0.05389373 0.02847819 0.42239049]
134.1269717,[-1.94687555 -1.07756505  0.53419057],[-2.02387673 -1.23891554  0.01861203],[0.04951067 0.06693538 0.41726986]
134.2129769,[-1.92794663 -1.02532075  0.5345106 ],[-1.99531254 -1.19138079  0.01805672],[0.04276956 0.08481633 0.46284981]
134.2989705,[-1.91151527 -0.96961581  0.53400572],[-1.96841094 -1.14006558  0.01748474],[ 0.04929721 -0.00906834  0.46761558]
134.3849702,[-1.89706315 -0.90952614  0.53308786],[-1.94297207 -1.08271644  0.01646352],[ 0.09833383 -0.01445404  0.49434851]
134.4709704,[-1.88478849 -0.8442476   0.53217564],[-1.91988245 -1.01880184  0.01547536],[0.10896773 0.01085393 0.48618013]
134.5569701,[-1.87420177 -0.77377819  0.5313611 ],[-1.9002198  -0.94815435  0.01434506],[ 0.09019462 -0.04718418  0.41241629]
134.6429849,[-1.86522632 -0.69832844  0.5300282 ],[-1.88427306 -0.87197088  0.01262165],[ 0.06731701 -0.00592014  0.32239183]
134.7289848,[-1.85778295 -0.61877478  0.52929271],[-1.87116835 -0.79097384  0.01131528],[0.05637121 0.0148269  0.27906544]
134.8149757,[-1.8516989  -0.53662666  0.52859142],[-1.86111771 -0.7077259   0.01025829],[0.03879149 0.04284128 0.18779366]
134.9009938,[-1.84677523 -0.45262744  0.52743384],[-1.85371751 -0.62266803  0.0088008 ],[ 0.02534467 -0.00494339  0.12666657]
134.9869785,[-1.84271983 -0.36729312  0.52699515],[-1.84814057 -0.53709649  0.00836099],[0.01138113 0.03509029 0.08262176]
135.0729742,[-1.83950076 -0.2805573   0.52531009],[-1.8434721  -0.4493029   0.00647186],[0.01993974 0.0425898  0.08408986]
135.1589711,[-1.83716878 -0.19222677  0.52458734],[-1.83974025 -0.36061291  0.0058008 ],[ 0.0231374  -0.00463338  0.09665721]
135.2449708,[-1.83570181 -0.10162224  0.52267788],[-1.83699939 -0.26976381  0.00436266],[0.0265028  0.03103969 0.07960441]
135.3309729,[-1.83503165 -0.00917435  0.52229419],[-1.83525098 -0.17713522  0.00400366],[0.0270146  0.13677867 0.03643638]
135.4169993,[-1.83476992  0.08480952  0.52179907],[-1.83460691 -0.08314802  0.00362475],[0.01368594 0.10483469 0.0160607 ]
135.5029953,[-1.83480536  0.17965424  0.52129472],[-1.83444599  0.01189898  0.00307055],[0.01011533 0.08790797 0.02669773]
135.5889611,[-1.83494429  0.2754292   0.5204834 ],[-1.8345264   0.10829686  0.00219019],[0.02184753 0.04758972 0.0257715 ]
135.674998,[-1.8350728   0.37250962  0.52017516],[-1.83487902  0.20555777  0.00189191],[0.00826105 0.00043121 0.00286949]
135.7610009,[-1.83504093  0.47213522  0.51911498],[-1.83563256e+00  3.06142877e-01  6.25591720e-04],[-0.0020379   0.0585594  -0.02724634]
135.8469915,[-1.83471937  0.57555243  0.51917233],[-1.83598895e+00  4.09937308e-01  4.76708783e-04],[-0.01112068  0.03602897 -0.03524757]
135.9329669,[-1.83444374  0.68430629  0.51739327],[-1.83584789e+00  5.19021349e-01 -9.65796826e-04],[-0.02206336  0.05003695 -0.03380982]
136.0189669,[-1.83426039  0.79912546  0.54139708],[-1.83569635  0.63734503 -0.00732385],[0.10255793 0.35201784 0.01058907]
136.105006,[-1.83498888  0.94192308  0.65059275],[-1.83397872  0.79814006 -0.009331  ],[0.09969985 2.61469771 0.03288956]
136.1909916,[-1.83510761  1.20910502  0.85639976],[-1.83577177  1.03819849 -0.01125838],[ 0.36318794  6.46740717 -0.34383547]
136.2770026,[-1.83330709  1.34462848  1.02076859],[-1.83728941  1.41926622  0.13025501],[ 0.03415903 -2.33077296 -0.06449244]
136.362967,[-1.83536617  1.42512094  1.21435515],[-1.83696434  1.70330628  0.47021858],[-0.19462359 -2.0101483   0.19935291]
136.4499834,[-1.83863463  1.60129147  1.34340408],[-1.83562418  1.77263272  0.67357485],[-0.01574275  0.22630302 -0.14467212]
136.5359948,[-1.84015619  1.81848757  1.46872554],[-1.83693215  1.79312458  0.86184552],[-0.07279277  2.07279588 -0.01358891]
136.6220067,[-1.83959858  2.02823335  1.4840642 ],[-1.83543201  1.95821997  0.91438627],[ 0.01027992  5.33943261 -0.01661718]
136.7080135,[-1.84090184  2.18791369  1.52954205],[-1.83606134  2.07849981  0.97068214],[-0.17679383  2.55947824 -0.08852008]
136.7939987,[-1.84134384  2.34662939  1.54928194],[-1.83194971  2.21606856  0.97580666],[-0.26322026  2.31876319 -0.06949212]
136.8799894,[-1.84611138  2.51495426  1.55975941],[-1.83187957  2.3558482   0.98402105],[ 0.61367735 -0.29782196  1.35990099]
136.9659994,[-1.85562512  2.67544222  1.55424401],[-1.83590032  2.51763874  0.98427247],[0.54041812 0.31217923 0.24424225]
137.0519857,[-1.86092809  2.83980728  1.54602647],[-1.85543423  2.67995438  0.98788662],[ 0.14836297 -0.2292079  -0.35042104]
137.1379976,[-1.861621    3.00553079  1.53911628],[-1.87015626  2.84660455  0.99103392],[-0.05009616 -0.12739691 -0.44946472]
137.2239952,[-1.85822062  3.16738899  1.53412944],[-1.87639109  3.00899365  0.99336244],[-0.0757472   0.04320922 -0.34163629]
137.3099961,[-1.85060983  3.3278065   1.53332394],[-1.87464888  3.16788408  0.99809439],[-0.18150612  0.06186918 -0.43556405]
137.3979993,[-1.83940084  3.47985833  1.53254825],[-1.86622965  3.31962573  0.99863992],[-0.23138914  0.096773   -0.38176519]
137.4839625,[-1.82751227  3.62866352  1.53179202],[-1.85136093  3.46558908  0.99829992],[-0.07631726  0.0977992   0.02765239]
137.5699997,[-1.8166006   3.7699271   1.53446839],[-1.83467694  3.60481032  1.00071869],[ 0.0149945  -0.10660575  0.13906315]
137.6559963,[-1.80730551  3.89938668  1.53237017],[-1.82162309  3.73747108  0.99850369],[ 0.01184726 -0.60017888  0.11009965]
137.7419991,[-1.79831646  4.02305916  1.53842007],[-1.80985323  3.87501433  0.99721544],[ 0.08327283 -0.77811054  0.11975536]
137.8279693,[-1.7888952   4.15340204  1.54034519],[-1.80084108  4.01476316  0.99500339],[ 0.01554326 -0.60823087  0.00982482]
137.9139729,[-1.77863784  4.29332168  1.53524754],[-1.79155406  4.15969282  0.99279859],[ 0.03427048 -0.03165228 -0.00128486]
137.999975,[-1.76625336  4.44821827  1.53131209],[-1.78000186  4.32687146  0.99141031],[ 0.02013367 -0.41123123 -0.02742084]
138.0859733,[-1.7514358   4.62629226  1.52414503],[-1.76841579  4.49647514  0.99197892],[4.87042690e-02 8.45529907e-01 6.36258726e-04]
138.1719713,[-1.7332967   4.81854226  1.54654235],[-1.75273968  4.72952131  0.87687795],[ 0.01165626 -0.35626357 -0.03432225]
138.257993,[-1.71290935  5.03929633  1.46134004],[-1.73632382  5.02080044  0.5894858 ],[ 0.1547758   7.90728736 -0.07197735]
138.3440025,[-1.70654063  5.14104456  1.18600461],[-1.71391436  5.36196147  0.18461836],[ 8.66262699e-03 -1.60525083e+01  8.15399485e-02]
138.429991,[-1.69861646  5.27010826  0.8364955 ],[-1.71307756  5.40802272 -0.03061745],[-7.73169798e-03  1.08939311e+01 -5.34651249e-01]
138.5159764,[-1.67268309  5.5050308   0.70761831],[-1.7102686   5.40413023 -0.01631776],[ 0.44125745  4.97354991 -0.06143046]
138.601963,[-1.64259949  5.68683451  0.6092543 ],[-1.69280088e+00  5.52824526e+00 -4.67692452e-03],[-0.18897445 -1.024044   -0.95481246]
138.6879957,[-1.60738561  5.84966662  0.53567689],[-1.66382462  5.69204845 -0.00589724],[-0.25669474 -0.9164175  -0.73362679]
138.7739718,[-1.5704782   6.00963557  0.50284279],[-1.62255711  5.84677289 -0.00736869],[-0.46808544  0.07149344 -0.41971815]
138.8599741,[-1.54096876  6.1624814   0.50309012],[-1.57423611e+00  5.98495011e+00 -5.07540295e-03],[-0.26940437  0.23647882  0.45339382]
138.9459636,[-1.52072374  6.31077786  0.51090899],[-1.53028136e+00  6.12190423e+00 -1.27324804e-03],[-0.16434322  0.09523856  0.52895405]
139.0320067,[-1.50929938  6.4539208   0.50912361],[-1.49747969e+00  6.26163289e+00 -2.86540046e-03],[-0.09916286 -0.12187257  0.48058393]
139.1180129,[-1.50802065  6.59355687  0.50652074],[-1.47639833e+00  6.39967064e+00 -4.23834512e-03],[-0.09743761 -0.00966268  0.48159556]
139.2039707,[-1.5176345   6.73042037  0.50558597],[-1.46585487e+00  6.53556207e+00 -3.52938158e-03],[-0.05146397 -0.07271985  0.60471396]
139.2900069,[-1.54051684  6.86413687  0.50410323],[-1.46683743e+00  6.67249389e+00 -3.41241547e-03],[-0.00747524 -0.12774761  0.68043532]
139.3759563,[-1.57690731  6.99480763  0.5027776 ],[-1.48179443e+00  6.81053202e+00 -3.82148921e-03],[ 0.00508281 -0.15959633  0.71140385]
139.4619589,[-1.62641349  7.12242791  0.50288395],[-1.51227915e+00  6.94918379e+00 -3.33489077e-03],[ 0.03989565 -0.12977131  0.74545836]
139.5480006,[-1.68865849  7.24623625  0.50415898],[-1.55800848e+00  7.08593633e+00 -2.42783568e-03],[ 0.07045497 -0.17993429  0.7629575 ]
139.6339939,[-1.76598844  7.36414227  0.503788  ],[-1.61994972e+00  7.21976498e+00 -2.67747638e-03],[ 0.08954615 -0.14202828  0.74787418]
139.7199664,[-1.85502939  7.47606161  0.50411122],[-1.69779316e+00  7.34905733e+00 -2.86295871e-03],[ 0.07591927 -0.19496375  0.70381927]
139.8059785,[-1.95598512  7.57923285  0.50461501],[-1.78955566e+00  7.46952661e+00 -2.79472877e-03],[ 0.08827119 -0.18026891  0.67799395]
139.8919742,[-2.06744798  7.67394616  0.50405817],[-1.89411389e+00  7.58162790e+00 -3.44972353e-03],[ 0.05865011 -0.12820306  0.6464525 ]
139.9779959,[-2.18931725  7.75707348  0.50446576],[-2.00985018e+00  7.68193010e+00 -2.82945645e-03],[ 0.06474023 -0.04084885  0.64748787]
140.0639615,[-2.31966061  7.82826569  0.50575848],[-2.13626175e+00  7.77186729e+00 -2.59867379e-03],[ 0.05439184 -0.13574837  0.67453882]
140.1500003,[-2.45811104  7.88609113  0.50631035],[-2.27196727e+00  7.84876729e+00 -2.53281326e-03],[ 0.05354742 -0.24763344  0.66174842]
140.2359593,[-2.60450831  7.93087543  0.50683285],[-2.41904024e+00  7.91389799e+00 -3.24921818e-03],[ 0.08791555 -0.12203643  0.69163813]
140.3219757,[-2.7583941   7.96144148  0.50664243],[-2.57579819e+00  7.96466510e+00 -3.74114153e-03],[ 0.11432197 -0.27137671  0.73210344]
140.4080021,[-2.91907998  7.9767148   0.50624779],[-2.74272125e+00  7.99966655e+00 -4.70771990e-03],[ 0.15817456 -0.18985979  0.74740983]
140.4939616,[-3.08568749  7.97570078  0.50735881],[-2.91435180e+00  8.01595229e+00 -3.59240229e-03],[ 0.21564958 -0.23484005  0.74621521]
140.5799928,[-3.25553848  7.96412867  0.50791664],[-3.09056314e+00  8.01850017e+00 -3.99735398e-03],[ 0.26284482 -0.05758107  0.73143385]
140.6659956,[-3.42181526  7.93740648  0.50675565],[-3.26275049e+00  8.00362492e+00 -3.02788816e-03],[ 0.26839794 -0.11038515  0.66894017]
140.7519965,[-3.57909683  7.90330077  0.50078107],[-3.42441577e+00  7.97553605e+00 -3.04753524e-03],[ 0.10856733 -0.04160538  0.22012048]
140.8379612,[-3.7244337   7.86312183  0.48836597],[-3.57338929e+00  7.93627670e+00 -7.51275792e-03],[-0.00861894 -0.36593259  0.20768596]
140.9239645,[-3.85363918  7.81482327  0.48913031],[-3.70821989  7.89595173 -0.0089712 ],[0.08274554 0.70349944 0.51448136]
141.0099657,[-3.96875397  7.76000897  0.49099232],[-3.83221769  7.85141035 -0.00876522],[0.0947964  0.24486297 0.53173332]
141.0959945,[-4.07104684  7.69786369  0.4909679 ],[-3.9437872   7.79953646 -0.00985943],[ 0.07901746 -0.49445254  0.54251311]
141.1819983,[-4.1626006   7.63060305  0.49196497],[-4.04606175  7.74185201 -0.01008585],[ 0.0904899  -0.01915432  0.55954132]
141.2679951,[-4.24478437  7.5578176   0.49342355],[-4.13956516  7.67817538 -0.01003462],[ 0.08315779 -0.38274547  0.58472193]
141.3540041,[-4.31774225  7.47955969  0.49459668],[-4.22509497  7.6076627  -0.01005107],[0.06186687 0.08838922 0.57779949]
141.4399939,[-4.38156335  7.39736486  0.49671362],[-4.30237358  7.53230005 -0.01031757],[0.08416702 0.30511138 0.5897303 ]
141.526011,[-4.43746764  7.31030216  0.49585802],[-4.3717969   7.45159686 -0.01127348],[ 0.11916452 -0.12925317  0.66404745]
141.6119993,[-4.48543795  7.21980476  0.49873788],[-4.4339932   7.36638599 -0.01089278],[0.14299677 0.24109522 0.63965027]
141.6980007,[-4.5267535  7.1240657  0.4978046],[-4.48704995  7.27550161 -0.01139509],[ 0.1411367  -0.41722522  0.6500309 ]
141.7839663,[-4.55931173  7.02439421  0.49930528],[-4.53161376  7.17887707 -0.01195882],[0.19452233 0.07376867 0.62217147]
141.8699698,[-4.58536081  6.92249948  0.49979377],[-4.56738236  7.07901881 -0.01124031],[ 0.15849695 -0.64811869  0.44018234]
141.9559691,[-4.60496758  6.8161177   0.50201855],[-4.59401957  6.97434211 -0.01043594],[0.14789254 0.42183894 0.40908235]
142.0419793,[-4.6214914   6.70512283  0.5023197 ],[-4.61653889  6.86371413 -0.01063276],[ 0.11245309 -0.2359329   0.37016175]
142.1339731,[-4.63484447  6.58695782  0.50371702],[-4.6330811   6.74593184 -0.01086743],[0.09020844 0.05814236 0.24361568]
142.2209752,[-4.64634648  6.4552801   0.50285764],[-4.64634116  6.61328198 -0.0120032 ],[ 0.05823214 -0.02150528  0.14696961]
142.306993,[-4.65521822  6.32415952  0.50364842],[-4.65555692  6.48183486 -0.01244736],[ 0.0440184  -0.24793617  0.08845387]
142.3929703,[-4.66218995  6.18661009  0.50243356],[-4.6632376   6.3449927  -0.01209298],[0.01547364 0.00913511 0.082128  ]
142.4789705,[-4.66765897  6.04340683  0.50455672],[-4.66938074  6.20354254 -0.01042808],[0.03470523 0.25655929 0.06823459]
142.5649717,[-4.67188749  5.89538416  0.50541274],[-4.674612    6.05764042 -0.00797316],[ 0.01520369 -0.06437456  0.05313887]
142.6509728,[-4.67474279  5.74412152  0.50878866],[-4.67873353  5.90738112 -0.0063494 ],[0.02729061 0.29752711 0.06057647]
142.7369721,[-4.6765921   5.59048884  0.50843841],[-4.68161855  5.75342107 -0.00642727],[ 0.0265313  -0.31236008  0.05919093]
142.8229749,[-4.67794184  5.43597293  0.50997885],[-4.6835027   5.59826444 -0.00608814],[0.01333504 0.27340273 0.05603229]
142.9089835,[-4.6779554   5.27986017  0.50926531],[-4.68387147  5.44212043 -0.00624696],[ 0.04166861 -0.50743615  0.06035861]
142.9949725,[-4.67741818  5.12315529  0.5104206 ],[-4.68352076e+00  5.28597172e+00 -4.90415806e-03],[0.02270491 0.36533342 0.04594445]
143.0809896,[-4.67598736  4.96490933  0.51293486],[-4.68179808e+00  5.12935151e+00 -2.52031911e-03],[0.03778523 0.08493896 0.04058095]
143.1669781,[-4.67532558  4.80560903  0.51421254],[-4.68005244e+00  4.97130464e+00 -1.75121738e-03],[0.01086671 0.37921856 0.01929459]
143.252995,[-4.67459153  4.64586801  0.51634007],[-4.67794280e+00  4.81190997e+00 -1.42779537e-03],[ 0.03367544  0.2389676  -0.00522145]
143.3389986,[-4.67329251  4.48480179  0.51606436],[-4.67515324e+00  4.65070477e+00 -1.03029375e-03],[ 0.00926181 -0.20457801 -0.01712818]
143.4249711,[-4.67237909  4.32141775  0.5175068 ],[-4.67300997e+00  4.48816673e+00 -8.25225384e-04],[-0.00312217  0.17655548 -0.02864768]
143.5109811,[-4.67159007  4.15562586  0.5170271 ],[-4.67133876e+00  4.32358563e+00  6.14113493e-04],[ 0.00364736 -0.22481576 -0.03074377]
143.5969844,[-4.67082567  3.98779305  0.5194817 ],[-4.67008059e+00  4.15651298e+00  1.67828433e-03],[ 0.00063076  0.46840995 -0.01618629]
143.6829712,[-4.66984946  3.81724226  0.51900349],[-4.66947070e+00  3.98592013e+00  1.53345323e-03],[ 0.00396536 -0.06540303  0.00271281]
143.7689757,[-4.66931949  3.64542197  0.52024281],[-4.66866204e+00  3.81462883e+00  1.57150162e-03],[ 0.00286184  0.59553055 -0.00481117]
143.8549819,[-4.66903673  3.47162135  0.51969552],[-4.66818578e+00  3.64128972e+00  1.05668015e-03],[ 0.02939429 -0.11410868  0.00590359]
143.9409714,[-4.66910212  3.29706416  0.51843608],[-4.66751914e+00  3.46750907e+00  4.18958773e-04],[-0.00090061  0.24259313  0.00428478]
144.027976,[-4.66960926  3.1224699   0.51804144],[-4.66696421e+00  3.29373878e+00  5.85567854e-04],[ 0.03751151 -0.2263358   0.02002278]
144.1139805,[-4.67066853  2.9521916   0.51663307],[-4.66647608e+00  3.12467546e+00  8.51214958e-04],[ 0.0274679  -0.00490749  0.01165639]
144.1999702,[-4.67268625  2.78715366  0.51770386],[-4.66600899e+00  2.95986657e+00  2.19509998e-03],[ 0.04425732  0.0886085  -0.06464377]
144.2859712,[-4.67642252  2.62392698  0.51718378],[-4.66610142e+00  2.79610254e+00  3.37181490e-03],[-0.03961515  0.07080586 -0.16832868]
144.3719714,[-4.68191963  2.46664346  0.51904744],[-4.66922101e+00  2.63799327e+00  4.18794703e-03],[-0.05899931  0.33089885 -0.11652236]
144.4579771,[-4.68869697  2.30821957  0.51888191],[-4.67523945  2.47889767  0.00484489],[-0.05465107 -0.09339866 -0.07291451]
144.5439699,[-4.69587601  2.15106668  0.51947293],[-4.68314555e+00  2.32029646e+00  4.54279731e-03],[-0.04283451  0.24401461 -0.03847544]
144.6300092,[-4.70337571  1.99311146  0.52020913],[-4.69170279  2.16101887  0.00474523],[-0.03781271  0.0146633  -0.01053834]
144.7159922,[-4.71131963  1.83487816  0.52046348],[-4.70042475  2.001986    0.00483201],[-0.03188874  0.03650425 -0.01178548]
144.8029976,[-4.71868711  1.6756258   0.52031759],[-4.70929506e+00  1.84073984e+00  4.03818216e-03],[-0.03224536  0.05794944 -0.00958557]
144.8889918,[-4.7259292   1.51478999  0.52065681],[-4.71850127e+00  1.67934443e+00  4.33678976e-03],[-0.02230061  0.05727105  0.03269084]
144.9750123,[-4.73223548  1.35206082  0.52168463],[-4.72711592  1.51674429  0.00554336],[-0.01083496  0.08259062  0.05216068]
145.0609632,[-4.73882298  1.18679837  0.52250227],[-4.73534409  1.35102093  0.00614787],[6.84534384e-06 1.16347272e-01 4.65098440e-02]
145.1469965,[-4.74433385  1.01996408  0.52387459],[-4.74219816  1.18349113  0.00713988],[0.01004421 0.12562336 0.04379625]
145.2329977,[-4.74868208  0.85066066  0.5248922 ],[-4.74794451  1.01361133  0.00789559],[0.00159584 0.10477482 0.04645296]
145.3189845,[-4.75206046  0.67982075  0.52549292],[-4.75254359  0.84384423  0.00905625],[1.01901759e-04 1.47098071e-01 4.12544967e-02]
145.4049916,[-4.75457532  0.50900522  0.52696524],[-4.75611453  0.67426502  0.01119339],[0.020868   0.18911086 0.06008729]
145.4910088,[-4.75615012  0.34033401  0.52778191],[-4.75868052  0.50676031  0.0122378 ],[0.0424746  0.13576585 0.08277387]
145.576993,[-4.75676493  0.17635803  0.52726762],[-4.76032312  0.3415591   0.01342913],[-0.13829575  0.14822945 -0.24590732]
145.6630075,[-4.75901568  0.01673179  0.52419159],[-4.75959325  0.17752939  0.01430029],[-0.33408413 -0.0412489  -0.51739166]
145.7490017,[-4.75755023 -0.13515196  0.52625105],[-4.76709009  0.02023801  0.01536131],[-0.22971086  0.32589765  0.18391588]
145.8349719,[-4.74991036 -0.28129476  0.52788142],[-4.77597731 -0.12955669  0.0164892 ],[-0.11910753 -0.24980494  0.27541569]
145.9209757,[-4.73507865 -0.42133342  0.52907182],[-4.77654356 -0.27425851  0.01744596],[-0.13354675  0.07176437  0.30699302]
146.0069959,[-4.7119242  -0.55582424  0.5292092 ],[-4.77102132 -0.41557602  0.01819607],[-0.0779834  -0.1453596   0.47523936]
146.0929863,[-4.67912109 -0.68546278  0.52919915],[-4.7567867  -0.55395726  0.01914173],[-0.05308293 -0.06236504  0.53480282]
146.1789627,[-4.63554157 -0.81087501  0.52905091],[-4.73158273 -0.69014696  0.0198928 ],[-0.03707444 -0.061311    0.60444757]
146.2650001,[-4.57988818 -0.93145706  0.5303777 ],[-4.6944588  -0.82499433  0.02108475],[-0.00818016 -0.13776145  0.67181726]
146.3509943,[-4.51154274 -1.0481511   0.53106957],[-4.64364764 -0.95664236  0.02231052],[ 0.00386247 -0.11153258  0.70623746]
146.4370008,[-4.42988215 -1.1591759   0.53248298],[-4.57813384 -1.08477544  0.02418383],[ 0.02390919 -0.1030725   0.7323761 ]
146.5230103,[-4.33529602 -1.2634392   0.53308309],[-4.49723486 -1.2075598   0.0250717 ],[ 0.05583658 -0.20443543  0.7649524 ]
146.6090045,[-4.22896543 -1.35864263  0.53357256],[-4.4012937  -1.32301013  0.02566373],[ 0.08062713 -0.21424876  0.76817845]
146.6949599,[-4.11138299 -1.44303227  0.53373006],[-4.29054076 -1.42823293  0.0256358 ],[ 0.07973216 -0.24477702  0.72202166]
146.7809603,[-3.98416321 -1.51548947  0.53382089],[-4.16682355 -1.52206228  0.0246475 ],[ 0.09289335 -0.20567726  0.70922607]
146.8669624,[-3.84830342 -1.57571264  0.53324   ],[-4.0327926  -1.60244467  0.0237966 ],[ 0.09373603 -0.18735733  0.73652146]
146.9529593,[-3.70385859 -1.62236486  0.53346016],[-3.88784528 -1.66896942  0.02378078],[ 0.12185122 -0.21325616  0.74003222]
147.0389755,[-3.5513728  -1.65557381  0.53388339],[-3.73073975 -1.72084231  0.02308902],[ 0.16766463 -0.25009885  0.77655754]
147.1249855,[-3.39043578 -1.67507172  0.53544612],[-3.56337267 -1.75518325  0.02305835],[ 0.22408748 -0.13537095  0.76211163]
147.2109869,[-3.22419248 -1.6805263   0.53778694],[-3.39029922 -1.77024108  0.02349121],[ 0.24990526 -0.06240144  0.69570127]
147.2969995,[-3.05745979 -1.67342096  0.53815427],[-3.21975109 -1.76733025  0.0239936 ],[0.24655102 0.03064015 0.62325882]
147.3829625,[-2.89550486 -1.65538876  0.53540311],[-3.05487485 -1.75011264  0.02463357],[ 0.22486571 -0.22202129  0.4543366 ]
147.468997,[-2.74041389 -1.62960616  0.52961256],[-2.89891949 -1.72373078  0.0271103 ],[ 0.14696981 -0.14579958  0.19606917]
147.5550053,[-2.60072379 -1.59850554  0.52298391],[-2.75655419 -1.69298273  0.0255529 ],[0.04028569 0.07015109 0.27062529]
147.6410079,[-2.48299439 -1.56168247  0.52674394],[-2.63668522 -1.66194591  0.02741968],[0.08442332 0.00958163 0.3857168 ]
147.726965,[-2.3828239 -1.5219851  0.5284246],[-2.53068042 -1.62877726  0.02595174],[ 0.10817538 -0.07517479  0.48479705]
147.8129909,[-2.29901433 -1.47992326  0.52979889],[-2.44055717 -1.59401455  0.02490863],[0.13048217 0.1370752  0.54151708]
147.8989952,[-2.22963762 -1.43578465  0.53220944],[-2.36374318 -1.5565781   0.02361368],[ 0.10957936 -0.01388658  0.52632338]
147.9849625,[-2.17102985 -1.39020517  0.53418164],[-2.29750443 -1.51795948  0.02291067],[0.11791222 0.04083835 0.53180539]
148.0710015,[-2.12092943 -1.34297072  0.53441687],[-2.23940243 -1.47750567  0.02161708],[0.12635387 0.03637665 0.5459365 ]
148.1569638,[-2.07783864 -1.29435053  0.53465487],[-2.18842005 -1.43547919  0.02108059],[ 0.11667961 -0.05192114  0.53269464]
148.2440009,[-2.04087413 -1.24468064  0.53444214],[-2.14326955 -1.39215326  0.02044571],[0.10363391 0.01002649 0.51123569]
148.3300009,[-2.00909299 -1.19314877  0.5340597 ],[-2.10189587 -1.34624915  0.01984273],[ 0.087453   -0.00778814  0.49117569]
148.4159601,[-1.98252662 -1.14221194  0.53351514],[-2.06652654 -1.30048242  0.01942752],[ 0.08807477 -0.00273659  0.47084233]
148.5019784,[-1.95993524 -1.09136684  0.5332004 ],[-2.0347183  -1.25387472  0.01878875],[0.07569316 0.01548116 0.44718722]
148.5879738,[-1.94197743 -1.04004307  0.53349834],[-2.00718171 -1.20629454  0.01849786],[ 0.07102327 -0.01555736  0.45186643]
148.6739748,[-1.92646755 -0.98703339  0.53332819],[-1.98213826 -1.15627632  0.01811759],[8.50638031e-02 3.88087977e-04 4.47893075e-01]
148.7599695,[-1.9133613  -0.93094971  0.53276138],[-1.95956472 -1.10215692  0.01750509],[0.07560272 0.03462837 0.4153788 ]
148.8459711,[-1.90125258 -0.87024008  0.53240281],[-1.93879405 -1.04265379  0.01690166],[0.06910512 0.02393554 0.36671566]
148.9319725,[-1.89038437 -0.80389544  0.53097142],[-1.9199841  -0.9759107   0.01487172],[0.06877183 0.03662209 0.35032284]
149.0179768,[-1.88056249 -0.73190325  0.52990095],[-1.90367237 -0.90381477  0.01361478],[0.0541183  0.01536511 0.27984595]
149.1039703,[-1.87185424 -0.65482986  0.52817616],[-1.88990904 -0.82620127  0.01160597],[0.05356706 0.01077152 0.2113515 ]
149.1899679,[-1.86434261 -0.57454154  0.5275813 ],[-1.87844652 -0.74617895  0.01108506],[0.04413354 0.07520184 0.18220039]
149.2759721,[-1.85810358 -0.49196001  0.52655928],[-1.86900051 -0.66272188  0.00974283],[0.0405522  0.06881017 0.13310803]
149.3619661,[-1.85308121 -0.40841634  0.52639378],[-1.8616712  -0.57920861  0.00943885],[0.02134611 0.02282689 0.08161449]
149.4479957,[-1.84873301 -0.32420185  0.5247897 ],[-1.85561539 -0.49377122  0.00735741],[0.02640853 0.01338633 0.08498728]
149.5339954,[-1.84545134 -0.23887905  0.52418475],[-1.85059761 -0.40802466  0.00659326],[0.01707414 0.06204443 0.07596376]
149.619967,[-1.84260593 -0.15247452  0.52338956],[-1.84624756 -0.31995519  0.00520172],[0.02797417 0.09100701 0.08888682]
149.7059734,[-1.84066263 -0.06439567  0.52296271],[-1.84329308 -0.2315705   0.00475321],[0.02153235 0.0409582  0.04812147]
149.7919822,[-1.83903735  0.02537502  0.52229285],[-1.84123675 -0.14272087  0.0045542 ],[ 0.01053078 -0.00060502  0.02390812]
149.8779724,[-1.83755468  0.11679734  0.52117473],[-1.83946253 -0.05048164  0.00315926],[0.01564556 0.04840788 0.02946168]
149.9639728,[-1.83648947  0.21026298  0.5205994 ],[-1.83810071  0.04292328  0.00266611],[0.00671111 0.03673463 0.02708879]
150.0499701,[-1.83563533  0.30596808  0.51968963],[-1.83688644e+00  1.38960464e-01  1.75839614e-03],[0.01777796 0.06205239 0.0359616 ]
150.1359735,[-1.83491286  0.40439484  0.5197046 ],[-1.83617104e+00  2.37493820e-01  1.81416082e-03],[0.00955932 0.020062   0.00650759]
150.2219787,[-1.8342379   0.50662555  0.51883698],[-1.83578152e+00  3.39879842e-01  9.43396963e-04],[ 0.003197    0.02862951 -0.0061158 ]
150.307961,[-1.83321705  0.61289575  0.51787541],[-1.83520250e+00  4.47234646e-01 -2.60032328e-04],[-0.00363138  0.05311815 -0.01505401]
150.3939593,[-1.83229132  0.72392848  0.51822415],[-1.83448102e+00  5.58671954e-01 -9.84353158e-04],[-0.00924897  0.09150483 -0.01847361]
150.4799962,[-1.83111301  0.84346824  0.55902989],[-1.83401176  0.68747938 -0.01100529],[0.02270354 0.3833665  0.04645413]
150.565964,[-1.83014504  1.01389337  0.69674032],[-1.83305566  0.85579484 -0.01183812],[-0.00949052  4.02104862  0.00549125]
150.6519594,[-1.82534176  1.32517616  0.8972646 ],[-1.83561096  1.1390178  -0.01061784],[ 0.3806283  -9.40887198 -0.324999  ]
150.7379987,[-1.82571781  1.39045502  1.07636384],[-1.82795805  1.51104792  0.22852486],[-0.00633482 -5.31552697 -0.01223104]
150.823998,[-1.82213734  1.4773184   1.24845769],[-1.82266617  1.7352405   0.53853441],[ 0.02324998 -4.2675491  -0.01900833]
150.909965,[-1.81815353  1.68201601  1.38701497],[-1.81474429  1.76557228  0.74352956],[-0.11629407  3.07373228  0.07379389]
150.995997,[-1.81465604  1.91067643  1.49962631],[-1.80821858  1.85897197  0.89529286],[-0.18263503 -0.92947107 -0.20448535]
151.0819685,[-1.81018776  2.10506611  1.52644365],[-1.80636984  2.00321916  0.97038715],[-0.07177553 -0.0129684  -0.12816976]
151.1679633,[-1.80665714  2.26988242  1.55059417],[-1.80170059  2.14226462  0.98512522],[-0.24099703  1.49035991 -0.13345931]
151.253974,[-1.80757439  2.43554759  1.55523942],[-1.79684964  2.2824097   0.98681741],[0.40546373 0.24462588 1.04794507]
151.3399711,[-1.81121586  2.60097733  1.54868547],[-1.79775285  2.44123385  0.98695493],[0.2516178  0.69028585 0.31756816]
151.425971,[-1.81279063  2.76760935  1.53744103],[-1.80825518  2.60700449  0.98636094],[ 0.02168156  0.16469391 -0.1465127 ]
151.5119843,[-1.81235853  2.933946    1.52952955],[-1.81722451  2.77369305  0.98718723],[-0.0060094   0.03124343 -0.20072557]
151.5979693,[-1.80921434  3.0979205   1.52539957],[-1.82172374  2.93819111  0.98826434],[-0.0055455   0.10520847 -0.20934618]
151.6839705,[-1.80305898  3.26002867  1.52387685],[-1.82125755  3.10011379  0.98927673],[-0.09001614  0.22278874 -0.24656662]
151.7699788,[-1.79332639  3.41539704  1.52230121],[-1.81623139  3.25400643  0.98924399],[-0.23491977 -0.01267586 -0.42091524]
151.8569789,[-1.78143777  3.56670018  1.52280089],[-1.80500698  3.40270903  0.99038275],[-0.20474757  0.06111786 -0.12845776]
151.9429741,[-1.77083007  3.71004104  1.52342505],[-1.78779146  3.54457417  0.9902171 ],[-0.00583566  0.06447779  0.24760772]
152.0289698,[-1.76217308  3.84476614  1.52305124],[-1.77381668  3.68033936  0.99029027],[ 0.04445294 -0.02264655  0.1268435 ]
152.1149893,[-1.75462669  3.96940633  1.52601798],[-1.76351755  3.81303823  0.98939448],[ 0.05201641 -0.46815634  0.11512515]
152.2010005,[-1.74693673  4.09879376  1.53152817],[-1.75444013  3.9549002   0.98758874],[ 0.06919959 -0.12108748  0.02800249]
152.2869625,[-1.73942427  4.23342078  1.53122643],[-1.74746915  4.09847923  0.98764178],[0.08716695 0.33060249 0.0539007 ]
152.3729944,[-1.73040936  4.38344694  1.53056563],[-1.74038112  4.25770751  0.98646333],[ 0.07728776 -0.05513993  0.05603903]
152.4590092,[-1.71990845  4.55027681  1.52303292],[-1.73263232  4.42260007  0.98807159],[ 0.04976803 -0.02695622  0.01062253]
152.5449641,[-1.70625145  4.73516657  1.54675978],[-1.72431609  4.60494729  0.96420253],[0.19442042 2.89196022 0.045445  ]
152.6309762,[-1.69070116  4.93735184  1.48815713],[-1.71790751  4.89473652  0.71238485],[-0.00235351  1.94469951 -0.06226677]
152.71701,[-1.67184393  5.22932459  1.35386735],[-1.71184125  5.21505393  0.33883237],[-3.24298463e-02 -2.01699016e+01  7.36659390e-03]
152.8029995,[-1.67515835  5.20385778  0.98688458],[-1.70510385  5.3814662   0.0201482 ],[ 0.05281661 -1.30952852  0.02175784]
152.8889916,[-1.66173277  5.41889702  0.78591034],[-1.70701615  5.39019036 -0.02579999],[-0.11485564  9.31603469 -0.04892465]
152.9749546,[-1.63970652  5.6240928   0.65225339],[-1.70231776  5.43934107 -0.01885441],[ 0.47746442  0.34751948 -0.24457451]
153.0609918,[-1.60472728  5.77270745  0.57422708],[-1.68193215  5.6033099  -0.01297004],[-0.31830005 -1.43170692 -0.9394635 ]
153.1469629,[-1.55502092  5.9320014   0.51798937],[-1.64156527  5.7825888  -0.01287846],[-0.7814591  -2.05592035 -1.59048007]
153.2329941,[-1.49925665  6.08276008  0.49790258],[-1.580046    5.93327702 -0.01327596],[-0.66963067 -0.11699623 -0.5031059 ]
153.318974,[-1.45193612  6.22994869  0.5068154 ],[-1.51063305e+00  6.05751792e+00 -5.89645418e-03],[-0.1597858   0.0935347   0.57836629]
153.404985,[-1.41333581  6.37208241  0.5128695 ],[-1.44702870e+00  6.18593922e+00 -2.02893300e-03],[-0.11499123 -0.08122425  0.5248671 ]
153.4909601,[-1.38331331  6.51075666  0.51115612],[-1.39593040e+00  6.31760545e+00 -1.64857877e-03],[-0.09053915 -0.09110254  0.46933402]
153.5769944,[-1.36429374  6.64713771  0.51112964],[-1.35600113e+00  6.45000207e+00 -9.33657820e-04],[-0.08037938 -0.00970367  0.50528807]
153.6629581,[-1.35641029  6.78244932  0.51060773],[-1.32775284e+00  6.58260522e+00 -3.89014367e-05],[-0.04496494 -0.07188688  0.57534975]
153.7489738,[-1.36154394  6.91701886  0.51076777],[-1.31090496e+00  6.71702954e+00  1.72683607e-03],[-0.01533291 -0.05294712  0.65936081]
153.8349702,[-1.38134385  7.05042019  0.51038498],[-1.30748476e+00  6.85481253e+00  2.23058488e-03],[ 0.03154382 -0.17389991  0.73202347]
153.9209788,[-1.41446403  7.18304432  0.51073618],[-1.31902796e+00  6.99533155e+00  3.36479352e-03],[ 0.06258343 -0.15553107  0.74326891]
154.0069752,[-1.46000349  7.31493713  0.51120811],[-1.34719640e+00  7.13843396e+00  3.89098885e-03],[ 0.09511261 -0.18143039  0.75398436]
154.0929594,[-1.5202982   7.44372562  0.51145732],[-1.39212493e+00  7.28100176e+00  3.90704755e-03],[ 0.09569439 -0.19358549  0.74491809]
154.1789634,[-1.5944132   7.56773659  0.5114548 ],[-1.45301520e+00  7.41871520e+00  3.92041149e-03],[ 0.0853702  -0.10981629  0.66305222]
154.2649608,[-1.68052123  7.68662764  0.51166634],[-1.52842174e+00  7.55153383e+00  3.83475765e-03],[ 0.08536236 -0.12450707  0.651709  ]
154.3509634,[-1.77754052  7.79833106  0.51180196],[-1.61748083e+00  7.67951189e+00  2.98753932e-03],[ 0.07210174 -0.20377764  0.62575295]
154.4369972,[-1.88528817  7.9000449   0.51157594],[-1.71864939e+00  7.79778428e+00  1.97023620e-03],[ 0.06953464 -0.19436521  0.60490825]
154.5229671,[-2.00239753  7.99193072  0.51189984],[-1.82981699e+00  7.90494286e+00  2.08070649e-03],[ 0.04990611 -0.09232748  0.57874876]
154.6089823,[-2.12859536  8.07442212  0.51198631],[-1.94957326e+00  8.00245954e+00  2.39501906e-03],[ 0.02343875 -0.04418944  0.55951077]
154.6949956,[-2.26346444  8.14457209  0.51183373],[-2.07847531e+00  8.08940924e+00  2.56989209e-03],[ 0.01888836 -0.09573517  0.58685028]
154.7809563,[-2.40541495  8.20178235  0.51416288],[-2.21697667e+00  8.16557327e+00  3.08510542e-03],[ 0.03351621 -0.10059879  0.66701471]
154.8669939,[-2.55455748  8.2461143   0.51537319],[-2.36712415e+00  8.23125891e+00  1.44730701e-03],[ 0.07128413 -0.18636301  0.69141396]
154.9529686,[-2.70978202  8.27521988  0.51459408],[-2.52567417e+00  8.28116008e+00  1.03372005e-04],[ 0.0933185  -0.24353869  0.70518396]
155.0389771,[-2.86981446  8.28588202  0.51407435],[-2.69079393e+00  8.31253296e+00  1.25610400e-04],[ 0.10487147 -0.13319785  0.70885156]
155.1249759,[-3.03385192  8.28494818  0.5125057 ],[-2.86139511e+00  8.32895753e+00 -1.50495780e-03],[ 0.13104885 -0.17919037  0.73944443]
155.2109768,[-3.20123574  8.26803476  0.51325319],[-3.03586955e+00  8.32826803e+00 -7.56879090e-04],[ 0.14741243 -0.08448466  0.72703145]
155.2969711,[-3.36903778  8.237023    0.51363825],[-3.21271619e+00  8.31140329e+00 -1.18699095e-03],[ 0.17537288 -0.18220474  0.71122904]
155.3829722,[-3.53171752  8.19125981  0.51179546],[-3.38488450e+00  8.27779367e+00 -2.23583586e-03],[ 0.24507541 -0.26833536  0.67196748]
155.4689779,[-3.68418885  8.13543767  0.50502407],[-3.54649569e+00  8.23033958e+00 -3.95830665e-03],[ 0.23482157 -0.37555214  0.63433987]
155.55497,[-3.82484337  8.07288986  0.49304732],[-3.69319012e+00  8.17250237e+00 -6.66218095e-03],[ 0.06830927 -0.24614681  0.26613698]
155.640975,[-3.95053294  8.00415662  0.48586714],[-3.82373232  8.10708915 -0.00952962],[-0.00300782 -0.0167581   0.32167749]
155.7269704,[-4.05998727  7.92988236  0.48745487],[-3.94053786  8.04184019 -0.00891007],[ 0.09215763 -0.06319308  0.62251353]
155.8129683,[-4.15437691  7.85215731  0.48879748],[-4.04766715  7.97377819 -0.00994061],[ 0.10651166 -0.06103291  0.6084452 ]
155.8989739,[-4.23500127  7.77002742  0.48900985],[-4.14085217  7.89929212 -0.01094035],[ 0.08361027 -0.07852045  0.57711847]
155.9849701,[-4.30426084  7.68631472  0.48999831],[-4.22251638  7.82197785 -0.0114508 ],[0.0807163  0.0061041  0.57833577]
156.0709705,[-4.36385436  7.59834415  0.49067073],[-4.2951605   7.74006441 -0.01237991],[ 0.1192315  -0.05702817  0.67408767]
156.1569731,[-4.41537435  7.50785675  0.49135845],[-4.36076545  7.65446094 -0.01308744],[ 0.13609063 -0.0986914   0.6762322 ]
156.2429695,[-4.45778748  7.41280689  0.49252178],[-4.41562605  7.56359295 -0.0130655 ],[ 0.15283642 -0.08231329  0.65983119]
156.3289704,[-4.48997128  7.31513437  0.49384563],[-4.46039575  7.46850726 -0.01296204],[ 0.16673267 -0.05048085  0.61003151]
156.4149742,[-4.51540415  7.21669466  0.49537228],[-4.49620937  7.37209235 -0.01290322],[ 0.15853964 -0.06596591  0.52195374]
156.5009716,[-4.53395057  7.11416231  0.49702359],[-4.52337007  7.27048572 -0.01289622],[0.13910452 0.01394007 0.43751166]
156.5869768,[-4.54885739  7.00708526  0.49893728],[-4.54475123  7.16411544 -0.01218781],[0.12548153 0.00422472 0.38114102]
156.6729717,[-4.56024503  6.89276724  0.50029928],[-4.56013352  7.05118875 -0.0112393 ],[0.09708223 0.05332256 0.282416  ]
156.7589748,[-4.56929233  6.77206268  0.50159046],[-4.57161386  6.93199589 -0.01028514],[0.08179097 0.03438316 0.21362615]
156.8449728,[-4.57575379  6.64402931  0.50185334],[-4.57949809  6.80391889 -0.010629  ],[0.06607683 0.08504208 0.12952792]
156.9309711,[-4.5794691   6.50939697  0.50235846],[-4.58407627  6.66921309 -0.01042828],[0.04765881 0.10774144 0.08477482]
157.0169773,[-4.58195415  6.36858811  0.5036797 ],[-4.58688976  6.52879501 -0.00934113],[0.04940562 0.11340048 0.06919303]
157.1029735,[-4.58348656  6.22268077  0.50419828],[-4.58876412  6.38314934 -0.00894313],[0.04335457 0.12425044 0.05204928]
157.1889679,[-4.58403315  6.07302967  0.5055048 ],[-4.58882466  6.23517413 -0.00743932],[0.04062835 0.11067473 0.04473768]
157.2749696,[-4.58481121  5.92045687  0.50701939],[-4.58887382e+00  6.08454926e+00 -5.75180268e-03],[0.02180322 0.16873435 0.02009334]
157.3609681,[-4.58517683  5.76614073  0.50799686],[-4.58859752e+00  5.93141210e+00 -4.87207860e-03],[ 0.01936803  0.07183828 -0.00152561]
157.4469683,[-4.58462117  5.61092038  0.50797019],[-4.58732738e+00  5.77624929e+00 -4.99824058e-03],[0.01570148 0.03196483 0.0007244 ]
157.5330238,[-4.58540594  5.45643784  0.50825038],[-4.58745596e+00  5.62172142e+00 -4.92477186e-03],[ 0.01634682  0.03760163 -0.00127465]
157.6189761,[-4.58526819  5.30224857  0.5078696 ],[-4.58653222  5.46650541 -0.00595307],[0.02452971 0.03616309 0.00635506]
157.7049744,[-4.58698998  5.14883304  0.50847021],[-4.58723878  5.3129825  -0.00562963],[ 0.02516856  0.04196992 -0.01204484]
157.7909696,[-4.58871889  4.99432247  0.50997439],[-4.58725162e+00  5.15925351e+00 -4.40441769e-03],[ 0.01679316  0.05944671 -0.01293393]
157.8769729,[-4.59318775  4.83822993  0.51051343],[-4.58950914e+00  5.00390580e+00 -3.94379828e-03],[ 0.01421296  0.08512409 -0.03343087]
157.9629753,[-4.5977348   4.68060028  0.51158821],[-4.59231866e+00  4.84710854e+00 -2.80143125e-03],[ 0.00440477  0.14541774 -0.03458992]
158.0489726,[-4.60131043  4.52220227  0.51307813],[-4.59460708e+00  4.68915912e+00 -1.62773718e-03],[ 0.00742994  0.09844203 -0.04111571]
158.1349702,[-4.60631502  4.36296572  0.51354789],[-4.59811922e+00  4.52993877e+00 -1.33063155e-03],[ 0.01006998  0.09697065 -0.04079966]
158.2209787,[-4.61246596  4.20188335  0.51422345],[-4.60226892e+00  4.36975112e+00 -4.60300447e-04],[ 0.00508586  0.10640997 -0.0610184 ]
158.3070054,[-4.62009532  4.03859723  0.51542772],[-4.60790040e+00  4.20710076e+00  2.53530879e-04],[-0.01185576  0.20038574 -0.07091919]
158.3929596,[-4.62857499  3.87317259  0.5157472 ],[-4.61496638e+00  4.04128074e+00 -2.38613889e-05],[-0.02984926  0.18160426 -0.07956844]
158.4789941,[-4.63849639  3.7051822   0.51629746],[-4.62375377e+00  3.87327648e+00  1.79528907e-04],[-0.03764984  0.17773    -0.08153262]
158.5649958,[-4.64908892  3.53494535  0.51636833],[-4.63423122e+00  3.70238534e+00  2.10470714e-04],[-0.0512275   0.11940679 -0.07319889]
158.6510012,[-4.66038687  3.3645934   0.51629022],[-4.64627528e+00  3.53060747e+00  6.43434076e-06],[-0.02458389  0.16052081  0.00364653]
158.7370038,[-4.67160472  3.19488508  0.51725593],[-4.65887582e+00  3.36044837e+00  8.45696837e-04],[-0.0190719   0.05113976  0.018292  ]
158.8229802,[-4.6829252   3.0277159   0.51659427],[-4.67128393e+00  3.19315093e+00  6.05546023e-04],[-0.012007    0.07364537  0.03217526]
158.9089787,[-4.69385442  2.8637992   0.51670309],[-4.68317269e+00  3.03004530e+00  1.73603496e-03],[0.00033223 0.10382854 0.03820147]
158.9949679,[-4.70440991  2.70419402  0.51763292],[-4.69402936e+00  2.87151960e+00  3.30357893e-03],[0.00302766 0.07295078 0.00264237]
159.0809689,[-4.71483494  2.54815044  0.51766053],[-4.70431457e+00  2.71597016e+00  3.87343130e-03],[-0.00285144  0.11184334 -0.01036929]
159.167969,[-4.7249381   2.39447835  0.51844299],[-4.71420738  2.56272599  0.00481359],[-0.01106682  0.10809596 -0.02471112]
159.2539678,[-4.73513466  2.23915354  0.51896458],[-4.72473272  2.40681855  0.0051279 ],[-0.02771318  0.10621784 -0.02164615]
159.3399799,[-4.74498686  2.08420851  0.51875595],[-4.73521674e+00  2.25094041e+00  4.61647569e-03],[-0.03483536  0.09062293 -0.00675419]
159.4259796,[-4.75388062  1.9274494   0.51898292],[-4.74588061e+00  2.09328584e+00  4.51688219e-03],[-0.00908772  0.10105772  0.04266124]
159.5119746,[-4.76224188  1.76871753  0.51948164],[-4.75622462e+00  1.93371584e+00  4.67011536e-03],[-0.01003575  0.09521906  0.04147036]
159.5979726,[-4.76966275  1.60815927  0.51966955],[-4.76543316e+00  1.77209239e+00  4.46042609e-03],[0.00138929 0.03139801 0.04690399]
159.68397,[-4.77625176  1.44563618  0.5208121 ],[-4.77350746  1.60956046  0.00555672],[-0.00769303  0.06158805  0.04520523]
159.7699683,[-4.78127327  1.28088633  0.52160692],[-4.78053431  1.44395482  0.00603054],[-0.00214632  0.10476764  0.04602539]
159.8559811,[-4.78580087  1.11412651  0.52266089],[-4.78663482  1.27671242  0.00682749],[-0.00346722  0.09149608  0.05669151]
159.9419761,[-4.78905017  0.94494501  0.52410047],[-4.79148276  1.10761172  0.00812006],[0.01280339 0.149657   0.08044174]
160.0279775,[-4.79075247  0.77418337  0.52437697],[-4.79471196  0.93725976  0.00866111],[0.014171   0.16663106 0.07466861]
160.1139722,[-4.79118502  0.60326188  0.52620825],[-4.79625712  0.76721513  0.0106112 ],[0.02689346 0.16893688 0.07544022]
160.1999769,[-4.7901441   0.43382209  0.52782246],[-4.79619917  0.5982662   0.01215155],[0.03499992 0.13599698 0.07982961]
160.2859676,[-4.78850602  0.26719568  0.52800686],[-4.79445626  0.43242048  0.01259959],[ 0.037698   -0.11072188  0.05098457]
160.371974,[-4.78673708  0.10451293  0.52562526],[-4.7912334   0.26843689  0.01415125],[-0.2300902  -0.11329751 -0.56508033]
160.4579759,[-4.78570249 -0.05146616  0.52456455],[-4.79006778  0.10602796  0.01407194],[-0.26972968  0.35513671 -0.17866871]
160.5439801,[-4.77961337 -0.20104075  0.52569365],[-4.79792345 -0.04725508  0.01593206],[-0.1100792  -0.18002489  0.30733145]
160.6299856,[-4.76663991 -0.34359339  0.52956131],[-4.80036929 -0.1933658   0.01786251],[-0.14119105  0.31065675  0.2444707 ]
160.715976,[-4.74666324 -0.4802732   0.52953176],[-4.79655019 -0.3368557   0.01829024],[-0.12140952 -0.07475337  0.34231511]
160.8019717,[-4.71821078 -0.61192645  0.52902577],[-4.78576961 -0.47566667  0.01881214],[-0.08468641 -0.05333462  0.47694719]
160.8879745,[-4.67908405 -0.73927238  0.52904896],[-4.76572852 -0.61288534  0.01960348],[-0.04007935 -0.06452402  0.5761951 ]
160.9739714,[-4.62940195 -0.86278961  0.52969643],[-4.73466816 -0.74778175  0.02090374],[-0.014153   -0.12285174  0.64616745]
161.0599778,[-4.56720352 -0.98139198  0.52977969],[-4.69024155 -0.88077724  0.02192961],[-0.00121418 -0.13121698  0.66861334]
161.1459687,[-4.49339074 -1.09443552  0.5301572 ],[-4.63251337 -1.00967298  0.02321082],[ 0.00804612 -0.06804532  0.66568805]
161.2319756,[-4.40619122 -1.20076648  0.53175677],[-4.5599745  -1.13474856  0.02401367],[ 0.03525302 -0.15653335  0.73368186]
161.3179755,[-4.30630249 -1.29996756  0.53297517],[-4.47303054 -1.25351853  0.02469553],[ 0.05538463 -0.15810993  0.75073941]
161.4039752,[-4.19400197 -1.38999418  0.53398742],[-4.37057395 -1.36499121  0.02525004],[ 0.07787302 -0.14798931  0.77073139]
161.489974,[-4.07086881 -1.46887413  0.53473712],[-4.25357575 -1.46554727  0.02544035],[ 0.11015125 -0.28819901  0.79331856]
161.5759718,[-3.93838855 -1.53569317  0.53405883],[-4.12304023 -1.55360765  0.0242212 ],[ 0.11350248 -0.22997391  0.74273838]
161.6619709,[-3.7981288  -1.5890116   0.53435788],[-3.98236621 -1.62630307  0.02384415],[ 0.12570169 -0.26450392  0.74353903]
161.7479684,[-3.65070307 -1.62899265  0.53443934],[-3.8315572  -1.6844958   0.02289999],[ 0.17022946 -0.26713593  0.75759516]
161.8339758,[-3.49471798 -1.65526134  0.53553486],[-3.67004219 -1.72648976  0.02241528],[ 0.20829085 -0.04154948  0.78157594]
161.9200048,[-3.33179123 -1.66825958  0.5376104 ],[-3.5021865  -1.74985296  0.02362206],[ 0.24447347 -0.16505874  0.70568364]
162.0059841,[-3.16663204 -1.66792562  0.53905846],[-3.33104946 -1.75554035  0.0237185 ],[ 0.266348   -0.04072219  0.63169496]
162.0919695,[-3.0036604  -1.65637574  0.539396  ],[-3.16540467 -1.74564323  0.02469619],[0.23322128 0.00836165 0.47960761]
162.1779783,[-2.84631421 -1.63604468  0.53551354],[-3.00565234 -1.72442508  0.02638951],[0.14187056 0.36743099 0.36452128]
162.2639735,[-2.69738005 -1.60992463  0.52534837],[-2.85541293 -1.69753681  0.02572639],[ 0.05774992 -0.24600637  0.24791712]
162.3499942,[-2.56733534 -1.57718171  0.52253232],[-2.72293398 -1.66855797  0.02428461],[0.06123462 0.29815687 0.31600666]
162.4359725,[-2.45770799 -1.54059385  0.52820635],[-2.61107625 -1.63848031  0.02702429],[ 0.08595973 -0.0431896   0.42762693]
162.5219758,[-2.36501437 -1.50237336  0.52813945],[-2.51297684 -1.60621796  0.02498819],[0.10469919 0.03420664 0.4630505 ]
162.6079741,[-2.28886955 -1.46251326  0.53076514],[-2.43075499 -1.57258984  0.0241491 ],[0.1064304  0.14677482 0.47702931]
162.6939707,[-2.22539133 -1.42148993  0.53321314],[-2.36059665 -1.53800407  0.02292763],[ 0.09862707 -0.02284897  0.47833758]
162.7799859,[-2.17148685 -1.37932657  0.53427962],[-2.299672   -1.50209455  0.02175217],[0.10301456 0.01118401 0.47739418]
162.8659713,[-2.12515663 -1.33562075  0.53528198],[-2.24641322 -1.46546671  0.02130569],[ 0.09724313 -0.00735031  0.5092634 ]
162.9519727,[-2.08442549 -1.28978813  0.53526276],[-2.1981745  -1.42723182  0.02079903],[ 0.11373768 -0.02679288  0.51374892]
163.0399714,[-2.04760468 -1.24124831  0.53451944],[-2.15257341 -1.38527397  0.01995232],[ 0.10215722 -0.0335323   0.51889928]
163.1259832,[-2.01613615 -1.19123183  0.53420378],[-2.1120753  -1.34212702  0.01976892],[ 0.09558864 -0.00596367  0.48938014]
163.2119873,[-1.98905521 -1.14007103  0.53367155],[-2.07537359 -1.29693852  0.01920163],[0.08063281 0.00841845 0.47904921]
163.2979751,[-1.96620028 -1.088283    0.53358043],[-2.04287927 -1.25034223  0.01900154],[0.08291969 0.02515724 0.49693348]
163.3839681,[-1.94710758 -1.03647782  0.53386155],[-2.01449312 -1.20269376  0.01884416],[0.08942929 0.0129     0.46956962]
163.4699736,[-1.93163209 -0.98360277  0.53368372],[-1.98884773 -1.15306512  0.01850119],[0.08424545 0.00860495 0.44676089]
163.5559719,[-1.91852776 -0.92846744  0.53351151],[-1.96606699 -1.09985594  0.01813287],[ 0.09130581 -0.00062937  0.42510797]
163.6420038,[-1.90659724 -0.86928105  0.53281157],[-1.94548762 -1.04096339  0.01699943],[0.06664633 0.02287531 0.3472959 ]
163.7279725,[-1.8957897  -0.80482959  0.53206039],[-1.92729502 -0.97666666  0.0157635 ],[ 0.06955569 -0.00424064  0.30135963]
163.8139746,[-1.88557739 -0.73488436  0.53084573],[-1.91106681 -0.90611549  0.01407077],[ 0.05596426 -0.03292367  0.2680764 ]
163.8999724,[-1.87627018 -0.66040336  0.52969524],[-1.89681049 -0.83116394  0.01258058],[0.03739243 0.03012782 0.2014958 ]
163.9859695,[-1.86801508 -0.58197185  0.52856225],[-1.88466297 -0.75221148  0.01117646],[0.03166909 0.06000972 0.16933611]
164.0719666,[-1.86082113 -0.50071903  0.52799159],[-1.87460605 -0.67136141  0.01075821],[0.01693522 0.07285124 0.12768329]
164.1579711,[-1.85434626 -0.41776243  0.52673991],[-1.86560286 -0.587516    0.0091652 ],[0.01832241 0.05836609 0.11550582]
164.2439711,[-1.8489018  -0.33272451  0.52550306],[-1.85808079 -0.50205978  0.00778049],[0.01771807 0.05063635 0.08672358]
164.3299675,[-1.84420293 -0.24624628  0.52421024],[-1.85175101 -0.41515669  0.00635576],[0.02595692 0.01696135 0.09467866]
164.4159737,[-1.84046162 -0.15837427  0.52365925],[-1.84645803 -0.32690121  0.00569929],[0.02655633 0.04433598 0.09426809]
164.5019875,[-1.83736191 -0.06912484  0.52248086],[-1.84189405 -0.23764641  0.00474871],[0.01981188 0.06498823 0.06472923]
164.5879779,[-1.8348704   0.02083719  0.52251875],[-1.83866337 -0.1477865   0.00476061],[0.01096782 0.05705008 0.04606052]
164.6739733,[-1.83270342  0.11192333  0.52125146],[-1.83591243 -0.05586142  0.00323477],[0.00645197 0.04575863 0.04602516]
164.7599823,[-1.83079871  0.20423218  0.52097336],[-1.83355201  0.03658855  0.00293071],[0.01206561 0.02530813 0.03806958]
164.8459742,[-1.82913881  0.29784114  0.51992133],[-1.83163873e+00  1.30970211e-01  1.73400621e-03],[0.01542974 0.0418745  0.02265847]
164.9319756,[-1.82758065  0.39358913  0.5202064 ],[-1.83020534  0.22635607  0.00215813],[-0.0054113   0.0728561  -0.00219146]
165.0179751,[-1.82609489  0.49308606  0.51875011],[-1.82873221e+00  3.26906358e-01  5.07616468e-04],[0.00321633 0.01803681 0.00284729]
165.1039705,[-1.82453469  0.59734967  0.51823038],[-1.82718608e+00  4.31343412e-01 -9.45210441e-05],[-0.00110002  0.04385236 -0.00725009]
165.1899695,[-1.82309677  0.70686356  0.51680408],[-1.82558501e+00  5.41294259e-01 -1.30460616e-03],[-0.00548759  0.07814735 -0.00820481]
165.2769694,[-1.82165607  0.82485946  0.55107485],[-1.82407828  0.66468145 -0.00981851],[0.05253013 0.41311549 0.12088137]
165.3629816,[-1.82118274  0.9765936   0.68174299],[-1.82175242  0.82516022 -0.00918403],[0.03030603 3.33111028 0.03161971]
165.4489708,[-1.81739287  1.28603422  0.88213805],[-1.82358368  1.0733876  -0.01139686],[-0.27115155 -0.43881857  0.04361766]
165.5350001,[-1.81466885  1.40334671  1.03297628],[-1.81972415  1.45924373  0.16589291],[ 0.05930555 -5.17203427 -0.03312946]
165.6209848,[-1.81419402  1.45224243  1.22554157],[-1.81452489  1.73161482  0.50568219],[-0.07700321  3.62814652  0.04680204]
165.7069952,[-1.81370218  1.64459174  1.35353794],[-1.8070602   1.7873056   0.69792775],[ 0.03610952  1.17500679 -0.09464572]
165.792959,[-1.81189178  1.87297404  1.47402334],[-1.80460201  1.85253715  0.86515695],[-0.20763278 -0.08712349 -0.12028762]
165.8790069,[-1.80995429  2.08078235  1.5153225 ],[-1.80309177  1.98504589  0.95863352],[-0.06958818 -0.19267663 -0.02881405]
165.9649782,[-1.80941972  2.25133901  1.54385012],[-1.80163595  2.12319907  0.97861002],[-0.01223676  1.29753195  0.04585575]
166.0509744,[-1.81153671  2.41934308  1.55018397],[-1.80054911  2.26911084  0.98186356],[0.20063825 0.63053349 0.51219033]
166.1369698,[-1.81529789  2.58824501  1.5459341 ],[-1.80415102  2.4291551   0.98438139],[0.24714382 0.70330583 0.20549177]
166.2229755,[-1.81789362  2.75794762  1.5353949 ],[-1.81432136  2.59762234  0.98493925],[ 0.06160492  0.12631649 -0.15667809]
166.3089898,[-1.81783522  2.92717622  1.52840738],[-1.82290673  2.76787795  0.98712634],[ 0.03913847 -0.0801891  -0.19383252]
166.3949738,[-1.81523683  3.09272841  1.52549292],[-1.82721531  2.93414751  0.9896538 ],[ 0.00825926  0.05691174 -0.16668821]
166.4809692,[-1.8093632   3.25476365  1.52413776],[-1.82677551  3.09724542  0.99047932],[-0.05952341  0.30665352 -0.2257688 ]
166.5669742,[-1.80001784  3.41174044  1.52468975],[-1.82270309  3.25254433  0.99304121],[-0.23311638 -0.04766941 -0.46145937]
166.6529722,[-1.78791117  3.5623605   1.5253057 ],[-1.81180271  3.40031802  0.99358351],[-0.19202571  0.08303834 -0.15356592]
166.7390149,[-1.77691965  3.70824072  1.52771322],[-1.79482446  3.54352816  0.99567091],[-0.01175407  0.05674438  0.22338828]
166.8249707,[-1.76786946  3.84292488  1.52691959],[-1.78068275  3.67920753  0.99447071],[ 0.01716481 -0.03825474  0.13650663]
166.9109774,[-1.75988742  3.96875661  1.53174472],[-1.76982854  3.81242132  0.99516416],[ 0.04754988 -0.81118428  0.12947173]
166.996974,[-1.75198303  4.09718854  1.53778341],[-1.76026114  3.95412306  0.99272773],[ 0.03717096 -0.06432371 -0.00070119]
167.0829699,[-1.74402711  4.22955045  1.53481504],[-1.75295512  4.09609825  0.99113413],[ 0.04901021 -0.60027209  0.03227254]
167.1689751,[-1.73457118  4.37887757  1.53440823],[-1.7452847   4.25367869  0.99044468],[0.04960239 0.38686744 0.03067246]
167.2549801,[-1.7233676   4.54292378  1.52844762],[-1.73705368  4.41675938  0.99185061],[0.10349567 0.39386755 0.0323506 ]
167.3409715,[-1.70838399  4.7300423   1.55651918],[-1.72773243  4.60060246  0.96941487],[0.18103473 3.48570384 0.03400944]
167.426975,[-1.69285996  4.92375418  1.49572147],[-1.72057851  4.89413839  0.72072886],[ 0.07252901  3.05726438 -0.05727202]
167.51297,[-1.67177215  5.22658572  1.37069924],[-1.71322671  5.21393592  0.35454011],[ -0.19772883 -24.35905425   0.11639333]
167.5989704,[-1.67493177  5.22108162  1.01965616],[-1.70699563  5.37456644  0.04026259],[-0.06208721 -1.92072484 -0.02452607]
167.6849656,[-1.66098596  5.38733895  0.75445278],[-1.70758393  5.38243279 -0.05958282],[0.26858795 3.83280447 0.33007487]
167.770973,[-1.63517921  5.5704547   0.56278579],[-1.70166687  5.3855018  -0.10655649],[ 0.48048188  2.5940308  -0.17439055]
167.8569713,[-1.60003234  5.70867201  0.4655026 ],[-1.68234341  5.53429072 -0.11639415],[-0.22277568 -0.13155062 -0.88377759]
167.9429746,[-1.54781339  5.85650662  0.40138433],[-1.64179064  5.70297389 -0.12915486],[-0.74926978 -2.12215669 -1.50961827]
168.0289705,[-1.48841802  6.00738583  0.40223814],[-1.58135122  5.86502397 -0.11355624],[-0.7111928  -0.96707086 -0.79372829]
168.1149788,[-1.43216129  6.15398477  0.42769129],[-1.50603833  5.9937801  -0.08677566],[-0.20399844 -0.0313921   0.42798842]
168.2009706,[-1.38246452  6.29442264  0.4444311 ],[-1.43584808  6.11802755 -0.0696386 ],[-0.12363253 -0.04018282  0.43930464]
168.2869847,[-1.34102144  6.43245647  0.46972483],[-1.37609716  6.24795068 -0.04282712],[-0.09226185 -0.11256029  0.42526141]
168.372972,[-1.30848137  6.56908563  0.4894089 ],[-1.32589243  6.37741235 -0.02192275],[-0.09478123 -0.00430298  0.45054177]
168.4589715,[-1.2879636   6.70173864  0.51139666],[-1.28637359e+00  6.50577602e+00  8.58116482e-04],[-0.06779297 -0.07024018  0.52734548]
168.5449545,[-1.27834739  6.83175461  0.52784052],[-1.25687761  6.63394138  0.01804594],[-0.05434409 -0.05832537  0.56651573]
168.6309602,[-1.2803439   6.96495698  0.54463941],[-1.23818573  6.76759287  0.03564344],[-0.03337877 -0.09311103  0.62917319]
168.7170062,[-1.29676758  7.09233004  0.5527238 ],[-1.23271053  6.89785825  0.04437623],[-0.0138431  -0.13845036  0.70055022]
168.8029983,[-1.32701662  7.22388663  0.56553846],[-1.24067561  7.03501711  0.05822681],[ 0.02309636 -0.1356539   0.73920285]
168.8889539,[-1.36985361  7.34862806  0.56707324],[-1.26370724  7.16869193  0.05990143],[ 0.0446739  -0.11563581  0.75854948]
168.9749618,[-1.42804439  7.47470766  0.57531098],[-1.30333446  7.30678749  0.06834937],[ 0.06650569 -0.20831479  0.78327613]
169.0610211,[-1.49936956  7.59033117  0.56943972],[-1.35861114  7.43867551  0.06258003],[ 0.08934607 -0.2226069   0.78881265]
169.1469977,[-1.58321588  7.69907764  0.56231164],[-1.43028821  7.56526537  0.05492337],[ 0.09989518 -0.1924758   0.74138948]
169.233016,[-1.67991768  7.80477046  0.56283848],[-1.51739918  7.68798956  0.05517674],[ 0.08450735 -0.20893847  0.70063897]
169.318984,[-1.78655002  7.89709882  0.55280015],[-1.61673672  7.79861063  0.04462267],[ 0.06636244 -0.12276366  0.67497236]
169.4049952,[-1.90462109  7.98295365  0.55106937],[-1.72863729  7.90135365  0.04285228],[ 0.06841933 -0.13075395  0.66004174]
169.4909601,[-2.0300498   8.05708397  0.54139109],[-1.84884104  7.99245366  0.03355994],[ 0.05487216 -0.17490597  0.63724243]
169.5769575,[-2.16323499  8.11927644  0.53236751],[-1.97823285  8.07287473  0.02518175],[ 0.04108223 -0.06321341  0.61763723]
169.6630042,[-2.30473122  8.16806509  0.52970142],[-2.11770733  8.14022016  0.02197391],[ 0.02111133 -0.06341794  0.63619486]
169.7489774,[-2.45021865  8.20365118  0.52414758],[-2.26407643  8.19572841  0.01400548],[ 0.08459591 -0.23191444  0.7361422 ]
169.8349745,[-2.60432453  8.22346463  0.51938632],[-2.42149934  8.23699353  0.00876445],[ 0.10707634 -0.23803873  0.7599208 ]
169.9209847,[-2.76269281  8.22813057  0.51382245],[-2.58701835e+00  8.26212566e+00  2.78317245e-03],[ 0.16182198 -0.22903827  0.78399025]
170.0069752,[-2.92897119  8.2185511   0.51023378],[-2.76177876e+00  8.27002293e+00 -1.44439608e-03],[ 0.2419947  -0.10831252  0.82141459]
170.0929749,[-3.09730414  8.19531952  0.50832608],[-2.93912429e+00  8.26078520e+00 -5.03731260e-03],[ 0.25448345 -0.07131979  0.7113824 ]
170.1789746,[-3.26536198  8.1606853   0.50785037],[-3.11292698e+00  8.23598262e+00 -6.64021701e-03],[0.24540022 0.01514155 0.57622194]
170.2649846,[-3.42805439  8.11541523  0.5035979 ],[-3.27859754  8.19770486 -0.00972089],[0.23928738 0.00398021 0.49489522]
170.3509626,[-3.57892656  8.06555741  0.4943431 ],[-3.43281736  8.15161278 -0.01008609],[ 0.05045478 -0.21534596  0.16519723]
170.4369717,[-3.71951029  8.01080421  0.48130866],[-3.57666776  8.09531593 -0.01530621],[-0.0684956  -0.37834966  0.11104425]
170.5229983,[-3.84175978  7.95171594  0.48090713],[-3.70461013  8.04256779 -0.01640962],[0.06363186 0.17386654 0.50826341]
170.6089876,[-3.94866287  7.88863187  0.48262738],[-3.82060605  7.98991864 -0.01689079],[ 0.09889382 -0.45647472  0.54293101]
170.6949718,[-4.04171152  7.82179515  0.4823124 ],[-3.92302538  7.93157398 -0.01787993],[0.07440087 0.17615206 0.52209457]
170.7809741,[-4.12365066  7.75009967  0.48494626],[-4.01431773  7.86841011 -0.01661368],[0.05129908 0.00143757 0.48640815]
170.8669732,[-4.1958675   7.67572315  0.48642957],[-4.09708797  7.80169722 -0.01627124],[0.05095629 0.40994987 0.51403123]
170.9529765,[-4.25904008  7.59644565  0.49128531],[-4.17203521  7.73041115 -0.01471408],[0.09283997 0.06115907 0.59505554]
171.0389698,[-4.31387652  7.51477746  0.49285878],[-4.24121997  7.65507016 -0.01500198],[ 0.13097894 -0.10529476  0.66492529]
171.1249754,[-4.36145477  7.4279796   0.49454648],[-4.30277551  7.57347255 -0.01505591],[ 0.16014116 -0.14975136  0.67917194]
171.210994,[-4.40208889  7.33953057  0.49526765],[-4.35639897  7.48861778 -0.01445583],[ 0.16246277 -0.45362668  0.64450876]
171.2969708,[-4.43473594  7.24684681  0.49861264],[-4.39975208  7.39874691 -0.01310556],[0.12203691 0.38895137 0.50294557]
171.3829975,[-4.46167527  7.15076292  0.50067659],[-4.43497926  7.30557657 -0.01176459],[ 0.11951898 -0.14446326  0.47514072]
171.4689608,[-4.48434857  7.05136037  0.50369991],[-4.46539908  7.20830837 -0.01067915],[0.108267   0.61808576 0.39855562]
171.5550144,[-4.50264719  6.94504795  0.50435918],[-4.49003894  7.10356794 -0.0101153 ],[ 0.12570916 -0.31789352  0.32448629]
171.6410036,[-4.51875608  6.83313791  0.50483793],[-4.51060022  6.99259529 -0.00936841],[0.09446543 0.10665056 0.26148273]
171.7270007,[-4.5325343   6.71440033  0.50616736],[-4.52703834  6.87434935 -0.00874614],[ 0.11658555 -0.28315857  0.19670527]
171.8130019,[-4.54493877  6.58978472  0.50458909],[-4.54042918  6.74969523 -0.00898504],[ 0.0674628  -0.21134428  0.10493192]
171.8989604,[-4.55617801  6.45943133  0.50657512],[-4.55158829  6.61876789 -0.00834516],[0.04806656 0.23145641 0.08174276]
171.9850123,[-4.56597303  6.3227131   0.5068408 ],[-4.56126916  6.48266663 -0.0069635 ],[0.02560353 0.16068861 0.04312408]
172.0709593,[-4.57421178  6.18033827  0.5098571 ],[-4.57036117e+00  6.34026444e+00 -6.18411208e-03],[-0.00967725  0.54269144  0.0168879 ]
172.1570101,[-4.58253996  6.03225817  0.50891424],[-4.57951749e+00  6.19323327e+00 -6.04639024e-03],[ 0.00029958 -0.21724222  0.0218658 ]
172.2430027,[-4.58919691  5.88079141  0.51038146],[-4.58776252e+00  6.04335787e+00 -4.67876460e-03],[-0.01022909  0.37905471  0.06079626]
172.3289757,[-4.59434365  5.72773738  0.51177963],[-4.59516067e+00  5.89138909e+00 -3.20803304e-03],[ 0.03083626 -0.35270692  0.10260479]
172.4149773,[-4.59865879  5.57430771  0.51141124],[-4.60090337e+00  5.73738981e+00 -3.76787104e-03],[0.03593965 0.40690099 0.08768199]
172.5009749,[-4.60164693  5.41995623  0.51082694],[-4.60426787e+00  5.58315993e+00 -4.02729781e-03],[0.04795609 0.13756553 0.05896153]
172.5869629,[-4.60403506  5.264432    0.51077111],[-4.60694721e+00  5.42743541e+00 -4.10006890e-03],[0.02070205 0.43132932 0.05316297]
172.6729836,[-4.60557314  5.10700923  0.51278366],[-4.60831628e+00  5.27061340e+00 -3.57078268e-03],[0.0271087  0.42404805 0.03899033]
172.7589989,[-4.60765024  4.94863054  0.51303946],[-4.60990575e+00  5.11352195e+00 -2.45454268e-03],[ 0.02446718 -0.06424835  0.02521946]
172.8450034,[-4.60982682  4.78999092  0.51555696],[-4.61131928e+00  4.95514233e+00 -2.36376834e-03],[0.02003988 0.23675704 0.00492065]
172.9310091,[-4.61123921  4.62824302  0.51438666],[-4.61174726e+00  4.79307235e+00 -1.95072338e-03],[ 0.02753805 -0.46385036  0.01023744]
173.0169613,[-4.61302894  4.46901019  0.51626865],[-4.61206590e+00  4.63524125e+00 -8.45224008e-04],[-0.00216467  0.56924235 -0.02000955]
173.1029651,[-4.61486504  4.30603349  0.51669133],[-4.61288348e+00  4.47326526e+00  1.60884265e-04],[ 0.02422316 -0.20510139 -0.0325881 ]
173.1889942,[-4.61713996  4.14067762  0.51818584],[-4.61421792e+00  4.30888249e+00  6.14087539e-04],[-0.01928988  0.54257009 -0.0277917 ]
173.2749684,[-4.61972193  3.97298617  0.51929346],[-4.61619648e+00  4.14194058e+00  1.53513246e-03],[ 0.00696578 -0.14006839 -0.00488774]
173.360991,[-4.6231091   3.80319039  0.51914752],[-4.61905775e+00  3.97186835e+00  7.28156940e-04],[-0.02065504  0.20682807 -0.02421924]
173.4470041,[-4.62660886  3.63140686  0.51926141],[-4.62186457e+00  3.80029873e+00  5.90462168e-04],[ 0.00911881 -0.05589193 -0.01486326]
173.5329587,[-4.63013704  3.45708243  0.51894627],[-4.62521546e+00  3.62650963e+00  6.80467524e-04],[ 0.00428506  0.25738643 -0.01034888]
173.6190012,[-4.63378303  3.2819733   0.51872025],[-4.62849508e+00  3.45246730e+00  6.63816363e-04],[0.019511   0.28591148 0.02833261]
173.7049973,[-4.63796058  3.10682918  0.51776506],[-4.63183627e+00  3.27905257e+00  1.52248992e-03],[ 0.05049378 -0.04132401  0.04438403]
173.791019,[-4.64215995  2.93702224  0.51806799],[-4.63449379e+00  3.11009170e+00  1.51624419e-03],[0.05397151 0.10128577 0.030883  ]
173.876996,[-4.64767631  2.77194642  0.5167002 ],[-4.63680166e+00  2.94463816e+00  1.87152738e-03],[ 0.00356155 -0.1258782  -0.13740128]
173.963001,[-4.65525473  2.61011466  0.51700381],[-4.64074236e+00  2.78216990e+00  2.44817030e-03],[-0.06888448  0.11916562 -0.17645476]
174.0489912,[-4.66382828  2.450518    0.51660111],[-4.64787663e+00  2.62142113e+00  3.05466523e-03],[-0.04296178 -0.35963216 -0.1001609 ]
174.1349587,[-4.67338111  2.29197711  0.51707915],[-4.65782799e+00  2.46190062e+00  3.61823338e-03],[-0.05375761  0.60012038 -0.03575116]
174.2209742,[-4.68303954  2.13477102  0.51873155],[-4.66867805e+00  2.30384411e+00  4.47961528e-03],[0.00153792 0.08083186 0.0015527 ]
174.3069575,[-4.69332448  1.97764634  0.51911141],[-4.67978955  2.14585637  0.00471503],[-0.01173628  0.26010351 -0.00249239]
174.3929911,[-4.70349263  1.81945612  0.52106862],[-4.69074004e+00  1.98663881e+00  4.61351197e-03],[-0.02573392  0.29644567 -0.02139299]
174.4789975,[-4.71360421  1.65968543  0.52047844],[-4.70235599  1.82571692  0.00475081],[-0.02545256 -0.31739104 -0.00579741]
174.5649691,[-4.72378619  1.49720074  0.52142911],[-4.71422830e+00  1.66222990e+00  4.23769026e-03],[-0.0166982   0.0328931   0.02555584]
174.6509731,[-4.73331761  1.33209685  0.52114533],[-4.72561144  1.49728481  0.00515018],[-5.59186965e-04 -5.65383239e-01  4.85691532e-02]
174.7369723,[-4.74236841  1.16476907  0.52398205],[-4.7365156   1.32976358  0.00661196],[0.00816808 0.24502515 0.05696465]
174.8229764,[-4.75125824  0.99555341  0.52438475],[-4.74636095  1.16022525  0.00703883],[0.01120937 0.11790029 0.05148787]
174.9089861,[-4.7615753   0.75956389  0.52577439],[-4.75776548  0.92400987  0.00831663],[-0.01499446  0.12418571  0.00178129]
174.994972,[-4.76564258  0.65403315  0.52566541],[-4.76283563  0.81873961  0.00863588],[-0.00713298  0.07839929  0.03421275]
175.0809689,[-4.77113203  0.48402406  0.52752955],[-4.77036274  0.64999292  0.01109503],[0.02329765 0.14214153 0.12311833]
175.1669719,[-4.77512619  0.31672986  0.528518  ],[-4.77609884  0.48340933  0.01231415],[0.05349479 0.10611178 0.12434216]
175.2529771,[-4.77807245  0.15450185  0.52715477],[-4.78006334  0.31959655  0.01274225],[-0.10815988  0.17545972 -0.20251473]
175.3389585,[-4.78220879e+00 -2.97462435e-03  5.24992539e-01],[-4.78066175  0.15794807  0.013629  ],[-0.36587832 -0.12958398 -0.55511906]
175.424964,[-4.78395255 -0.15329162  0.52537471],[-4.79032719e+00  3.04719970e-03  1.44650482e-02],[-0.20015332  0.17768134  0.19203263]
175.5109639,[-4.77914902 -0.2979208   0.52651531],[-4.80110624 -0.1441718   0.01645301],[-0.14172608  0.06126072  0.26653596]
175.5970073,[-4.76735632 -0.43721037  0.52645449],[-4.80418879 -0.28754141  0.0176302 ],[-0.14180831  0.051722    0.28557851]
175.6830106,[-4.7466396  -0.57129216  0.52804768],[-4.80122987 -0.42774175  0.01929107],[-0.09594901 -0.02760548  0.46974038]
175.7689586,[-4.71595222 -0.7005181   0.5281777 ],[-4.7898293  -0.56619511  0.01959832],[-0.06467287 -0.10085223  0.5524466 ]
175.8549974,[-4.67511859 -0.82567274  0.52894612],[-4.76778272 -0.70246605  0.02043277],[-0.04306605 -0.11402939  0.60717383]
175.9409723,[-4.62205515 -0.94723604  0.53124486],[-4.73354809 -0.83709021  0.02159264],[-0.00746678 -0.08825133  0.70437078]
176.0269611,[-4.5559362  -1.06511566  0.53320172],[-4.6857615  -0.97032954  0.02316887],[ 0.02765315 -0.14535551  0.74355346]
176.1130054,[-4.47686906 -1.17846495  0.53397479],[-4.62278022 -1.09974334  0.02484336],[ 0.05719485 -0.12801282  0.74947428]
176.1989603,[-4.38490202 -1.28480632  0.53453622],[-4.54418539 -1.22364069  0.02621512],[ 0.07120925 -0.1243981   0.74671585]
176.2849646,[-4.28139817 -1.38301944  0.53470428],[-4.45063786 -1.34044066  0.02664768],[ 0.06368156 -0.14595088  0.72393303]
176.3709967,[-4.16659044 -1.47109589  0.53457568],[-4.34285279 -1.4479665   0.02636146],[ 0.07140281 -0.17552198  0.70035055]
176.4569976,[-4.04209738 -1.54834287  0.53411197],[-4.22395407 -1.54471363  0.02577025],[ 0.04999829 -0.18768312  0.67818002]
176.542963,[-3.90822146 -1.6137091   0.53325776],[-4.09313776 -1.63068725  0.02462309],[ 0.05402882 -0.15384367  0.66381857]
176.6289704,[-3.76558833 -1.66605254  0.53347526],[-3.95143421 -1.70397297  0.02451165],[ 0.07577002 -0.16709149  0.69736986]
176.7150102,[-3.61522804 -1.7050079   0.5344829 ],[-3.79839711 -1.76366106  0.02419673],[ 0.10723414 -0.29397144  0.7478078 ]
176.8009994,[-3.4560076  -1.72975559  0.53510613],[-3.63387955 -1.80791503  0.02369363],[ 0.14822158 -0.26225754  0.75249232]
176.8870158,[-3.28918119 -1.74029595  0.53638312],[-3.46074379 -1.83377023  0.0239578 ],[ 0.21070549 -0.07942605  0.7442951 ]
176.9729743,[-3.11806977 -1.73598927  0.5378604 ],[-3.28248421 -1.84028538  0.02441435],[ 0.26210067 -0.10365197  0.75381292]
177.0589716,[-2.94822828 -1.71731808  0.5390286 ],[-3.10733605 -1.82738456  0.02559426],[0.27397163 0.056833   0.71582811]
177.1449742,[-2.78588051 -1.68802913  0.53591098],[-2.94190645 -1.79841533  0.02880058],[ 0.21289672 -0.0814397   0.52139975]
177.2309697,[-2.63471926 -1.65248388  0.52582657],[-2.78703345 -1.76036097  0.02711601],[ 0.0999024  -0.2032232   0.22087656]
177.3169708,[-2.5021446  -1.61088967  0.52198204],[-2.65093177 -1.72047842  0.02491269],[0.10334581 0.11041944 0.32624555]
177.4029729,[-2.38987237 -1.5658467   0.52838642],[-2.53587682 -1.6814204   0.02804807],[ 0.10424533 -0.05008419  0.48505549]
177.4889729,[-2.29548847 -1.51857514  0.52834164],[-2.43450637 -1.63981609  0.02594513],[ 0.14265523 -0.04612938  0.55720357]
177.5749691,[-2.21771411 -1.47028897  0.52997439],[-2.34942757 -1.59671401  0.02476564],[ 0.13140956 -0.00444497  0.52852606]
177.6609745,[-2.15386903 -1.42120878  0.5323518 ],[-2.27774612 -1.55265557  0.02352103],[ 0.11405464 -0.03791788  0.51606236]
177.7469673,[-2.10052745 -1.37173891  0.53358749],[-2.21720612 -1.50901027  0.02274186],[0.09756338 0.03051454 0.49268329]
177.8329675,[-2.05624493 -1.32205905  0.53457698],[-2.16511609 -1.46545255  0.02168736],[0.10731731 0.04930356 0.53240106]
177.9189737,[-2.01836148 -1.2716682   0.5347144 ],[-2.11881737 -1.42099909  0.02077547],[0.09143846 0.01370502 0.50258271]
178.0049729,[-1.98696418 -1.220269    0.53414712],[-2.07785121 -1.37490256  0.01967583],[ 0.096356   -0.00480213  0.49445341]
178.0909715,[-1.96011255 -1.16800427  0.53398394],[-2.0417722  -1.32801951  0.01917229],[ 0.07643688 -0.00181912  0.4809437 ]
178.1769745,[-1.93724872 -1.11521803  0.53410107],[-2.00959509 -1.27991734  0.01865217],[0.06559133 0.01660961 0.46681664]
178.2629778,[-1.9184776  -1.06061464  0.53389032],[-1.98097247 -1.22960104  0.018115  ],[0.07491253 0.06278387 0.46983256]
178.3489859,[-1.90221318 -1.00312264  0.53393024],[-1.95446521 -1.17523979  0.01821297],[0.07157749 0.0549559  0.5038342 ]
178.434973,[-1.8886351  -0.94229678  0.53316811],[-1.93050717 -1.11634064  0.01742989],[ 0.08948173 -0.0159331   0.52204012]
178.5210114,[-1.87686799 -0.87682216  0.53204236],[-1.90919059 -1.05124074  0.01604039],[ 0.06415926 -0.01086795  0.4347802 ]
178.6070111,[-1.86680869 -0.80620555  0.53098333],[-1.89134741 -0.98068964  0.0146801 ],[0.05977078 0.02703886 0.31458976]
178.6929979,[-1.85792587 -0.73063043  0.52960526],[-1.87621185 -0.9037308   0.01265028],[0.07519637 0.02951976 0.28764285]
178.7789695,[-1.85061532 -0.65134944  0.52872377],[-1.8640301  -0.82384514  0.01160617],[0.06332942 0.01151631 0.2139225 ]
178.8649731,[-1.84461836 -0.56985928  0.52773285],[-1.85446204 -0.74118323  0.01023281],[0.05035555 0.06683194 0.14941497]
178.9509716,[-1.83962755 -0.48707684  0.52757549],[-1.84729223 -0.65806588  0.00997207],[0.03666346 0.03659772 0.10604073]
179.0369699,[-1.83546776 -0.40329372  0.52618526],[-1.84150958 -0.57295436  0.00810466],[0.02254324 0.04616643 0.06313225]
179.1229751,[-1.83218707 -0.31855409  0.52547307],[-1.83700708 -0.48783079  0.00721293],[ 0.00601874 -0.00567724  0.07363528]
179.2089918,[-1.82950568 -0.23254792  0.52419876],[-1.83273114 -0.40126631  0.0058079 ],[0.02525527 0.06393038 0.07529379]
179.2959702,[-1.82766907 -0.14394459  0.52367964],[-1.82987715 -0.3119473   0.00514231],[0.02960022 0.06958038 0.06671776]
179.3819788,[-1.82655056 -0.05449512  0.52345443],[-1.82802117 -0.22261903  0.00503846],[0.02240867 0.04926587 0.03982222]
179.4679728,[-1.82561152  0.03657183  0.52187112],[-1.82650157 -0.13126901  0.00353649],[0.00848393 0.03395838 0.04115268]
179.5539787,[-1.82555358  0.12926121  0.52138892],[-1.82570359 -0.03883392  0.00317734],[0.01333752 0.06970131 0.03195753]
179.6399727,[-1.82562697  0.22352001  0.52028545],[-1.82538342  0.05597609  0.00195306],[0.00409652 0.10690165 0.02247634]
179.7259746,[-1.82611624  0.31896997  0.52047504],[-1.82547291  0.15145274  0.00218878],[0.01896801 0.05248237 0.03135788]
179.8119702,[-1.82686766  0.41600821  0.52033363],[-1.82605094  0.24892209  0.00190399],[0.01171345 0.01963029 0.01522718]
179.8979754,[-1.82745151  0.51629035  0.51912676],[-1.82686222e+00  3.50245910e-01  5.88522985e-04],[ 0.00012672  0.00592159 -0.0041666 ]
179.9839723,[-1.82770004  0.62071532  0.51838897],[-1.82774657e+00  4.55388176e-01 -3.05043587e-04],[-0.00193512  0.03372369 -0.01959262]
180.0699711,[-1.82787908  0.73040414  0.5199817 ],[-1.82870341e+00  5.65259340e-01 -1.27545261e-03],[-0.00520259  1.35535398 -0.03792289]
180.1559696,[-1.82752906  0.85057103  0.56922168],[-1.82975441  0.69626562 -0.01092052],[-0.04051767  0.39332711  0.0607673 ]
180.2419846,[-1.82734793  1.02621766  0.71662075],[-1.8298286   0.86787631 -0.01251696],[1.16231503e-03 4.71649154e+00 1.83368579e-02]
180.3279748,[-1.82579531  1.32750067  0.91747752],[-1.83150343  1.15588202 -0.00772161],[ -0.1172414  -11.63545563   0.13498049]
180.4139729,[-1.8249795   1.39021645  1.10219168],[-1.82799411  1.5429339   0.26626993],[  0.17185432 -11.10267603  -0.06111205]
180.4999712,[-1.82323567  1.48979225  1.27727705],[-1.82744665  1.75447844  0.57231624],[-0.11899248 -5.51903233  0.11130194]
180.5859776,[-1.82265771  1.69259373  1.4101292 ],[-1.82098866  1.77817089  0.77693884],[-0.03598347  2.8846492  -0.05897602]
180.6719918,[-1.8214568   1.916102    1.51767906],[-1.81971985  1.88127606  0.91404076],[-0.03006498 -2.23837932 -0.00479089]
180.7579672,[-1.81886086  2.11667817  1.53616615],[-1.81830876  2.01919465  0.97861948],[-0.02959479  0.28948022  0.0014301 ]
180.8439691,[-1.81563943  2.28649408  1.54713253],[-1.81743929  2.16255944  0.98693142],[-0.12668517  0.93759356 -0.08877086]
180.9299719,[-1.813498    2.45274764  1.54486649],[-1.81557062  2.30681221  0.98693159],[0.02652217 0.46218136 0.14182599]
181.0159807,[-1.81096339  2.61822539  1.53896258],[-1.81378446  2.46401433  0.98747925],[0.12758536 0.63869948 0.10720231]
181.1019764,[-1.80788196  2.78414698  1.5312323 ],[-1.8139681   2.62896697  0.98724196],[ 0.0883487   0.21820699 -0.04432383]
181.1879733,[-1.801799    2.94760224  1.52556619],[-1.81407441  2.79279428  0.98737935],[ 0.01247644 -0.02281153 -0.20363618]
181.2739711,[-1.79322379  3.10800331  1.5239327 ],[-1.81098094  2.95258537  0.98879684],[-0.02450107  0.15945433 -0.18806391]
181.3599708,[-1.78189533  3.26514928  1.52286407],[-1.80369794  3.10876523  0.98935049],[-0.08940479  0.24897388 -0.22513496]
181.4459701,[-1.76808837  3.41532308  1.52129558],[-1.7934899   3.25711109  0.98910832],[-0.23744212  0.04054251 -0.37591667]
181.531971,[-1.75293709  3.56039929  1.52257979],[-1.77767005  3.40012993  0.9898564 ],[-0.18024641  0.06191135 -0.13994667]
181.6179748,[-1.7397281   3.69800268  1.52221473],[-1.75789071  3.53473418  0.98957741],[0.00577022 0.04778453 0.25306464]
181.7039726,[-1.72888998  3.82912067  1.5219192 ],[-1.74112114  3.6665546   0.98886843],[0.0474954  0.13938888 0.17747388]
181.7899735,[-1.72020344  3.95071747  1.5244487 ],[-1.7284685   3.79368399  0.98800815],[ 0.0557383  -0.68666862  0.15034873]
181.8759723,[-1.71186925  4.07550191  1.53283638],[-1.71791387  3.93055089  0.98806854],[0.05772369 0.16203575 0.06845181]
181.962009,[-1.7038947   4.20743781  1.53324569],[-1.71000553  4.07341738  0.98732663],[ 0.07882646 -0.31084379  0.07712292]
182.0479586,[-1.69571196  4.35257881  1.52989073],[-1.70276325  4.22925564  0.98472361],[ 0.09363442 -0.7715211   0.0683309 ]
182.1340089,[-1.68629389  4.51273966  1.52469032],[-1.69572539  4.38910688  0.98676404],[0.10479385 0.6058608  0.03271205]
182.2209911,[-1.67414321  4.69763456  1.54882062],[-1.68827221  4.56384393  0.9767769 ],[0.15491222 3.19815243 0.05980584]
182.3070047,[-1.66118793  4.88522321  1.50610075],[-1.68321176  4.8518198   0.75204956],[ 0.12048011 -0.10420822 -0.04260756]
182.3929644,[-1.6418306   5.20664119  1.41701168],[-1.67986441  5.15405555  0.41525536],[-9.85799710e-02 -1.04886078e+01  6.50129846e-03]
182.4789608,[-1.64468024  5.16014096  1.05127532],[-1.67401593  5.36572992  0.07334281],[ 0.9695126  16.03292834 -0.56914529]
182.5649626,[-1.63505463  5.36014121  0.78502523],[-1.67293103  5.37084949 -0.02284109],[ 0.69305206 -1.56510016 -0.05810629]
182.6509948,[-1.61589799  5.57595238  0.62613965],[-1.66806339  5.42011178 -0.03323004],[ 0.2780041  2.346047  -0.1739812]
182.7369964,[-1.58462713  5.73139865  0.53662776],[-1.65154161  5.58561259 -0.03974473],[-0.08923855  2.06339759 -0.67753356]
182.8229797,[-1.53582854  5.89480782  0.4860523 ],[-1.62006922  5.75255356 -0.03724173],[-0.91668477 -0.21025733 -1.4794345 ]
182.9090307,[-1.48202667  6.04718615  0.47130429],[-1.56588322  5.89938305 -0.03758716],[-0.78523084 -0.30268313 -0.37602388]
182.9949901,[-1.43495684  6.19877851  0.48952663],[-1.49475112  6.02750996 -0.02591121],[-0.40326647  0.31522306  0.59029607]
183.0809968,[-1.39568755  6.34727061  0.50070532],[-1.42913971  6.16198864 -0.01689663],[-0.12528057 -0.1718039   0.63499803]
183.166996,[-1.36444778  6.49082169  0.50031341],[-1.37691645  6.30010272 -0.01407454],[-0.11150027 -0.14824501  0.45987975]
183.2530143,[-1.34418358  6.631348    0.50402062],[-1.33714453  6.43642679 -0.0078996 ],[-0.06883756 -0.02148996  0.49679551]
183.3389645,[-1.33546177  6.76984391  0.50973228],[-1.30852220e+00  6.57192424e+00 -8.40343600e-04],[-0.04778367 -0.08834521  0.58161187]
183.4249666,[-1.34052422  6.90556768  0.51303385],[-1.29205567e+00  6.70835101e+00  3.70955825e-03],[-0.02112655 -0.11424518  0.6058691 ]
183.5109766,[-1.35936893  7.03826219  0.51594277],[-1.28882603  6.84407579  0.00805594],[ 0.0035703  -0.14001299  0.65451982]
183.5969999,[-1.39116075  7.16947861  0.51985831],[-1.29900912  6.98189469  0.01326274],[ 0.04178456 -0.1076676   0.72837643]
183.6830013,[-1.43588106  7.29610544  0.52168122],[-1.32488802  7.12022971  0.01463312],[ 0.06900008 -0.2016213   0.78282739]
183.7689571,[-1.49469326  7.42036935  0.52404173],[-1.36691969  7.25703328  0.01773483],[ 0.09845952 -0.29507116  0.78055185]
183.8549941,[-1.56833977  7.5373802   0.52360654],[-1.42524052  7.38929028  0.01771444],[ 0.10444115 -0.10824622  0.69547927]
183.9410059,[-1.65410033  7.64927547  0.52491801],[-1.49950049  7.51722641  0.01877994],[ 0.10120701 -0.12371923  0.67863501]
184.0269959,[-1.74920164  7.75261914  0.52309226],[-1.58669358  7.63808631  0.01597656],[ 0.0842338  -0.25621643  0.68445695]
184.1129642,[-1.85525872  7.84553848  0.52168297],[-1.6853487   7.74824571  0.01426517],[ 0.06844769 -0.21459766  0.6523227 ]
184.1989653,[-1.97152867  7.92967337  0.52135877],[-1.7963492   7.85030783  0.01330799],[ 0.05149382 -0.12844451  0.62705688]
184.2849967,[-2.09589441  8.00151464  0.51867319],[-1.91487615  7.93903004  0.01123797],[ 0.03900828 -0.14463468  0.64153414]
184.3710079,[-2.22845739  8.06167032  0.51832146],[-2.04314378  8.01706977  0.01096001],[ 0.03368952 -0.12014703  0.64449567]
184.4569719,[-2.36869882  8.10693221  0.51704288],[-2.18186485  8.08289922  0.00849089],[ 0.05419107 -0.15109328  0.6715602 ]
184.5429726,[-2.5159797   8.14028303  0.51691576],[-2.33135659e+00  8.13736383e+00  6.42332852e-03],[ 0.0852368  -0.26632276  0.76030715]
184.6289742,[-2.66986009  8.15645516  0.51505859],[-2.48997647e+00  8.17570576e+00  4.33449185e-03],[ 0.15489371 -0.25875272  0.81938036]
184.7149715,[-2.83047948  8.15873397  0.5121833 ],[-2.65866427e+00  8.19722691e+00  6.61162090e-04],[ 0.21666259 -0.2951945   0.83433271]
184.8009689,[-2.99796363  8.14498823  0.51230765],[-2.83380283e+00  8.20005367e+00 -9.31927783e-05],[ 0.25077331 -0.04387839  0.75483755]
184.8869944,[-3.1670845   8.11963655  0.51198265],[-3.01053592e+00  8.18655419e+00 -2.04276701e-03],[0.26239491 0.06151669 0.65006828]
184.9729822,[-3.33242821  8.082185    0.50974356],[-3.17952441e+00  8.15742959e+00 -3.16799773e-03],[0.23103464 0.07198981 0.48613085]
185.0589709,[-3.48739313  8.03786868  0.50479523],[-3.33786613e+00  8.11782757e+00 -4.19689619e-03],[ 0.20082749 -0.34731889  0.38762004]
185.1449699,[-3.63372589  7.98781521  0.49452795],[-3.48652128e+00  8.06848369e+00 -5.80019668e-03],[ 0.00091308 -0.2590813  -0.03275201]
185.2309682,[-3.76745176  7.93398079  0.48526561],[-3.62387282  8.01593198 -0.01097676],[0.00117056 0.05047583 0.2580769 ]
185.3169711,[-3.88291738  7.87504648  0.48963599],[-3.74482731  7.96663351 -0.00899315],[ 0.08766988 -0.41607634  0.50725443]
185.4029732,[-3.98466288  7.81255822  0.48921451],[-3.85688608  7.91394316 -0.01155261],[ 0.07020591 -0.0019589   0.52824036]
185.4889698,[-4.07317656  7.74472471  0.48972741],[-3.95591485  7.85512746 -0.01204105],[ 0.05216458 -0.36844807  0.533045  ]
185.5749753,[-4.1514725   7.6739629   0.49074412],[-4.04493005  7.79292565 -0.01250527],[0.05766422 0.24744252 0.5527026 ]
185.6609719,[-4.22089212  7.59799407  0.49399868],[-4.12589054  7.72538046 -0.01159697],[ 0.08316043 -0.02311143  0.59680422]
185.7469809,[-4.28260505  7.51760183  0.49554005],[-4.20038081  7.65257216 -0.01128831],[0.06522062 0.35814551 0.6380969 ]
185.8329771,[-4.33593377  7.43301383  0.49686891],[-4.26808053  7.57480568 -0.01215997],[0.12707551 0.09545856 0.68663195]
185.9189742,[-4.38292067  7.34397907  0.49622882],[-4.32881162  7.49094846 -0.01272064],[ 0.14324007 -0.25348475  0.66097619]
186.0049691,[-4.4222696   7.25192294  0.49842122],[-4.38081256  7.40279149 -0.01265587],[ 0.16520914 -0.06030583  0.66187217]
186.090975,[-4.45451494  7.15567706  0.49747569],[-4.42377074  7.30953511 -0.01317061],[ 0.15538489 -0.54791668  0.57325174]
186.1769717,[-4.48042341  7.05672673  0.50023232],[-4.45840488  7.2120873  -0.01300561],[0.08833381 0.41275949 0.40786591]
186.2629719,[-4.50159025  6.95438874  0.50136616],[-4.48659393  7.11118769 -0.01147651],[ 0.13392143 -0.32544172  0.39385507]
186.3489728,[-4.51884013  6.84531712  0.50445662],[-4.50930225  7.00382667 -0.00975334],[0.1013518  0.60369803 0.2918392 ]
186.4349713,[-4.53399788  6.73018327  0.50522843],[-4.52827348  6.88968528 -0.00926183],[ 0.1334934  -0.27607043  0.27894723]
186.5209723,[-4.54731477  6.60790218  0.50462276],[-4.54328296  6.76736432 -0.0100485 ],[0.06469388 0.18834012 0.14949251]
186.6069748,[-4.55908408  6.4794313   0.50514748],[-4.55553793  6.63865218 -0.00998116],[ 0.07306242 -0.30392268  0.08267687]
186.6929686,[-4.56912622  6.34531218  0.5052089 ],[-4.56570817  6.50457295 -0.00934225],[ 0.04273642 -0.10312827  0.08205708]
186.7789598,[-4.57734168  6.20494622  0.50663962],[-4.57483196  6.3641695  -0.00872449],[0.02064356 0.21858335 0.06020432]
186.865,[-4.5847262   6.05940446  0.50686562],[-4.58283952  6.21988876 -0.00702834],[0.02056101 0.08004948 0.04570385]
186.9509788,[-4.59125252  5.90972092  0.51037765],[-4.59031033e+00  6.07177847e+00 -4.85902862e-03],[-0.01614923  0.61190262  0.02071469]
187.0369685,[-4.59642057  5.75679843  0.51055117],[-4.59660094e+00  5.92012830e+00 -4.11806364e-03],[ 0.01598778 -0.37209462  0.05060089]
187.1229761,[-4.60089919  5.60224734  0.51156392],[-4.60258466e+00  5.76573151e+00 -4.07206758e-03],[0.01617366 0.2256199  0.06170428]
187.2089832,[-4.60401977  5.44625209  0.51020999],[-4.60666557e+00  5.60972393e+00 -4.63295400e-03],[ 0.0504116  -0.31491847  0.084206  ]
187.2949698,[-4.60616665  5.29038857  0.50899991],[-4.60980817  5.45325439 -0.00580094],[0.02832587 0.32380486 0.06939532]
187.3809681,[-4.60755813  5.13477227  0.5102943 ],[-4.61164624  5.29780194 -0.00550929],[0.04866435 0.14544292 0.06958835]
187.4669731,[-4.6083406   4.97808492  0.51160934],[-4.61199057e+00  5.14189122e+00 -3.88448678e-03],[0.01834253 0.51594002 0.04635843]
187.5529964,[-4.60989959  4.81982411  0.51327657],[-4.61231547e+00  4.98523175e+00 -3.50840584e-03],[0.01622187 0.08036292 0.01796547]
187.6389956,[-4.6108042   4.65995086  0.51288559],[-4.61185732e+00  4.82587183e+00 -3.37650341e-03],[ 0.02304855 -0.12596774 -0.0224775 ]
187.7249653,[-4.61165461  4.49939388  0.51545589],[-4.61130018e+00  4.66592947e+00 -2.67991290e-03],[-0.01484225  0.27217533 -0.02672196]
187.8110147,[-4.61305185  4.33708067  0.51444817],[-4.61133655e+00  4.50376558e+00 -2.34013040e-03],[ 0.02773843 -0.25660787 -0.01261669]
187.8969967,[-4.61449708  4.17206204  0.51682155],[-4.61166639e+00  4.34022250e+00 -1.01847546e-03],[-0.01320084  0.80194866 -0.04265721]
187.9829588,[-4.61712431  4.00596587  0.51780711],[-4.61297273e+00  4.17469048e+00  5.43385301e-04],[ 0.01430729  0.03093373 -0.027222  ]
188.0690033,[-4.62012619  3.83708656  0.51850283],[-4.61499871e+00  4.00616861e+00  9.61428982e-04],[-0.00969736  0.2432385  -0.04144717]
188.1549947,[-4.62426015  3.66651872  0.51872376],[-4.61788855e+00  3.83632696e+00  1.51112889e-03],[-0.01199398  0.04215266 -0.03312746]
188.2409983,[-4.62875138  3.49396925  0.51821319],[-4.62170922e+00  3.66348629e+00  1.07186337e-03],[-0.00344803  0.11354446 -0.02949364]
188.3269956,[-4.63347006  3.32085384  0.51830074],[-4.62599234e+00  3.48986084e+00  1.21960904e-03],[0.00552339 0.16303057 0.00583052]
188.4129763,[-4.6381206   3.14949286  0.5190441 ],[-4.63024954e+00  3.31845196e+00  1.79357890e-03],[0.01368277 0.11675106 0.00360544]
188.4990077,[-4.64372585  2.98050984  0.51793327],[-4.63498585e+00  3.14993038e+00  1.54379622e-03],[ 0.0186728   0.09532246 -0.00321815]
188.5849972,[-4.64989229  2.81551235  0.51845978],[-4.63949359e+00  2.98615970e+00  2.82996506e-03],[ 0.00975069  0.11382909 -0.06691002]
188.6709979,[-4.65727558  2.65434915  0.51859288],[-4.64486676e+00  2.82507323e+00  3.20766683e-03],[-0.02354146  0.11104923 -0.10543605]
188.7569573,[-4.6653628   2.49577711  0.51909608],[-4.65177050e+00  2.66662322e+00  4.00504930e-03],[-0.04418747  0.09054911 -0.08929333]
188.8429725,[-4.67434957  2.33930604  0.51974229],[-4.66062136e+00  2.50946176e+00  4.65966731e-03],[-0.04044079  0.12979374 -0.04595224]
188.9289703,[-4.68335209  2.18403181  0.52020961],[-4.67037817  2.35285385  0.00473449],[-0.03392469  0.14590614 -0.01812012]
189.0149765,[-4.69254169  2.02900514  0.51995855],[-4.68056135e+00  2.19711496e+00  4.35674498e-03],[-0.02385599  0.06536659 -0.01248338]
189.1009717,[-4.70204691  1.87323408  0.52036922],[-4.69115837e+00  2.04061118e+00  4.58410042e-03],[-0.01489072  0.07695995 -0.01134855]
189.1869731,[-4.71091382  1.71577063  0.52034659],[-4.70162918e+00  1.88172211e+00  4.01434992e-03],[-0.01323836  0.09028082  0.01934505]
189.272959,[-4.71938747  1.55621493  0.52074538],[-4.71191829e+00  1.72138142e+00  4.22368856e-03],[-0.01571019  0.10232393  0.03226569]
189.3589959,[-4.72693982  1.39415942  0.52192102],[-4.72144497  1.5592573   0.00546922],[-0.00412184  0.09575597  0.06383434]
189.4450009,[-4.73393328  1.22995745  0.52297487],[-4.73014532  1.39418739  0.00611946],[-0.00150496  0.12133078  0.05099043]
189.5309746,[-4.74045123  1.06337571  0.52407732],[-4.73783129  1.22749569  0.00710037],[0.00855951 0.12996323 0.04010337]
189.6169775,[-4.74618338  0.89435414  0.52489868],[-4.74442701  1.05856352  0.00789345],[-0.00529624  0.07641392  0.02293935]
189.7029715,[-4.75072177  0.72303801  0.52537257],[-4.75025461  0.88777959  0.00875933],[-0.0043849   0.17220723  0.03738447]
189.7889709,[-4.75422508  0.55202723  0.5272005 ],[-4.7552954   0.71748382  0.01103021],[0.02522657 0.13088248 0.09689548]
189.874974,[-4.75625767  0.38355571  0.5285365 ],[-4.75869402  0.54920127  0.01240916],[0.05104356 0.0826894  0.09782676]
189.9609704,[-4.75756482  0.21830941  0.52786097],[-4.76022843  0.3841384   0.01272098],[ 0.05977666 -0.02989475  0.08774669]
190.0469782,[-4.75926551  0.05770549  0.52657715],[-4.75920234  0.22183627  0.01436234],[-0.27700745  0.03505481 -0.59629829]
190.1329708,[-4.76107334 -0.09689109  0.52509828],[-4.76299822  0.06091664  0.01399482],[-0.26930424  0.13034051 -0.06867646]
190.2189732,[-4.75721384 -0.24482934  0.5266861 ],[-4.77380289 -0.08950886  0.01627549],[-0.13159813  0.06468075  0.32358832]
190.3049726,[-4.74678019 -0.38659279  0.52740736],[-4.77855554 -0.23524682  0.01798871],[-0.15676131  0.06893266  0.25012097]
190.3909707,[-4.72859357 -0.52245639  0.5276591 ],[-4.77693966 -0.37757788  0.01864531],[-0.11751043  0.01312903  0.38442135]
190.4769702,[-4.70092151 -0.65321388  0.52808021],[-4.76813815 -0.51584222  0.01941042],[-0.06931907  0.01285916  0.50802076]
190.5629718,[-4.66309572 -0.78031405  0.52896595],[-4.7496097  -0.65289682  0.02029941],[-0.04338519 -0.06042851  0.57635836]
190.6489694,[-4.61412987 -0.9041528   0.5297911 ],[-4.71950556 -0.78877088  0.02125002],[-0.02152128 -0.07196469  0.64237335]
190.7349722,[-4.55202389 -1.02377149  0.53061565],[-4.67582801 -0.92327633  0.02221857],[ 0.01671656 -0.10872909  0.70234329]
190.8209784,[-4.47748492 -1.13865831  0.53261822],[-4.61795679 -1.0541738   0.02417482],[ 0.03264533 -0.0890615   0.72277687]
190.9069705,[-4.38973345 -1.24681284  0.53423613],[-4.54439539 -1.18049506  0.02528299],[ 0.05947889 -0.20017923  0.74768183]
190.9929693,[-4.29015593 -1.34777847  0.5338366 ],[-4.45670482 -1.29959879  0.02573138],[ 0.07695172 -0.15738165  0.75021551]
191.0789721,[-4.17903187 -1.43925628  0.53378096],[-4.35391343 -1.41050456  0.02563655],[ 0.09385557 -0.12884857  0.72220214]
191.1649718,[-4.05673396 -1.51982332  0.53378871],[-4.23746213 -1.51134298  0.02498721],[ 0.0808712  -0.22366942  0.68213318]
191.250973,[-3.92524611 -1.58904386  0.53336706],[-4.10904423 -1.60085251  0.02418984],[ 0.07723555 -0.20788185  0.66748214]
191.336973,[-3.78564518 -1.64474791  0.53347344],[-3.97090604 -1.67730157  0.02427246],[ 0.07260225 -0.22828956  0.67498997]
191.4229736,[-3.6388388  -1.68734511  0.53397822],[-3.8221026  -1.74075979  0.02371989],[ 0.08614223 -0.20239999  0.69771377]
191.5091345,[-3.48276802 -1.71636985  0.53415961],[-3.66198626 -1.78922313  0.02330117],[ 0.13380412 -0.2391544   0.74649004]
191.5949697,[-3.31808521 -1.73105841  0.53545861],[-3.49179516 -1.82046566  0.02358186],[ 0.17151688 -0.2541135   0.76249306]
191.6809711,[-3.14787205 -1.73080181  0.5370232 ],[-3.31412972 -1.83264126  0.02390063],[ 0.25288543 -0.20050515  0.76647179]
191.7669802,[-2.97767563 -1.71624712  0.53898733],[-3.13815701 -1.82514241  0.025658  ],[ 0.2978749  -0.08896839  0.74778757]
191.8529696,[-2.81433525 -1.69056218  0.53568166],[-2.96955363 -1.80006547  0.02689093],[0.27944823 0.12476054 0.56882441]
191.9389689,[-2.66015631 -1.65660928  0.52704289],[-2.81310606 -1.76475112  0.02717166],[ 0.10356301 -0.2187168   0.22838065]
192.0249825,[-2.5236318  -1.6167675   0.52245834],[-2.6739896  -1.725925    0.02503301],[0.05309431 0.00644026 0.30720285]
192.1109741,[-2.40802518 -1.57316611  0.52584307],[-2.55485549 -1.68685294  0.02627548],[ 0.11013175 -0.34213034  0.44973173]
192.1969714,[-2.31016918 -1.52669205  0.52968312],[-2.45031123 -1.64631975  0.02641682],[ 0.14087633 -0.07962663  0.55208862]
192.2829728,[-2.22935078 -1.47892051  0.53053705],[-2.36264089 -1.60386648  0.02528898],[ 0.15581237 -0.01573409  0.53491365]
192.3690004,[-2.16264282 -1.43068593  0.53257549],[-2.28809314 -1.56023055  0.02428758],[0.11923533 0.0120487  0.4993199 ]
192.4549949,[-2.10734549 -1.38227269  0.53437957],[-2.22562981 -1.51694859  0.02354339],[0.10726536 0.0143189  0.47812685]
192.5409982,[-2.06046258 -1.33310203  0.53444146],[-2.17145176 -1.47351842  0.0220917 ],[0.11079649 0.00140486 0.50265656]
192.6269765,[-2.02038295 -1.28323797  0.53489204],[-2.12360133 -1.42929317  0.02112431],[ 0.11960893 -0.01408444  0.51575028]
192.7129731,[-1.98637741 -1.23231492  0.53488111],[-2.0814235  -1.38414629  0.02025897],[0.09456578 0.00211604 0.50220227]
192.7989693,[-1.95777506 -1.18095865  0.53445731],[-2.04399032 -1.33840743  0.01972604],[0.08435938 0.01756408 0.46526741]
192.8849721,[-1.93350904 -1.12917428  0.53393231],[-2.01041275 -1.29121313  0.01896921],[0.0787951  0.01830384 0.44989419]
192.9709733,[-1.91366235 -1.07641899  0.53383324],[-1.98127001 -1.2430995   0.01872457],[0.07510686 0.01525917 0.46179136]
193.0569694,[-1.89719714 -1.0221622   0.53409357],[-1.95492088 -1.19270244  0.01849925],[0.06624875 0.02368297 0.46643724]
193.1429703,[-1.8834031  -0.96481197  0.53345629],[-1.93055863 -1.13777594  0.01764357],[ 0.09854055 -0.02785744  0.49722207]
193.2289762,[-1.8713124  -0.90343074  0.53260354],[-1.90840614 -1.0770456   0.01646171],[0.09165138 0.01434952 0.42792264]
193.3149719,[-1.86093904 -0.8367772   0.53180141],[-1.88952168 -1.01027527  0.01516044],[ 0.07188713 -0.0116642   0.34018253]
193.4009693,[-1.85169267 -0.76483648  0.53029061],[-1.87337817 -0.93745393  0.01322068],[0.07134307 0.01003121 0.30388629]
193.4869747,[-1.84375955 -0.68802339  0.52935581],[-1.85990939 -0.86025498  0.01207826],[0.07179581 0.00302519 0.25514421]
193.5729673,[-1.83709017 -0.60760845  0.52824049],[-1.84894355 -0.77923961  0.01091557],[0.05001132 0.1022499  0.18498922]
193.6589708,[-1.83166986 -0.52491984  0.52781679],[-1.84050068 -0.69607997  0.01027842],[0.03342721 0.02666455 0.13387322]
193.744972,[-1.82715032 -0.44101325  0.52654861],[-1.83396184 -0.61118732  0.00865221],[0.01855244 0.09091067 0.08332513]
193.8309741,[-1.8233836  -0.3560177   0.52579307],[-1.82878465 -0.52586513  0.00778061],[0.01986845 0.05572139 0.07613859]
193.9169724,[-1.82061189 -0.26999521  0.52452338],[-1.82431972 -0.43897545  0.00621704],[0.02514396 0.08109212 0.08597455]
194.0029714,[-1.81853645 -0.18294731  0.5242631 ],[-1.82107856 -0.35129726  0.00581696],[0.01817921 0.03337992 0.07898005]
194.0889699,[-1.81722342 -0.09475765  0.52337509],[-1.81876141 -0.26353767  0.00526226],[ 0.02354906 -0.02086255  0.0655435 ]
194.1749723,[-1.81641065 -0.00520976  0.52228632],[-1.81701795 -0.17317946  0.00402503],[0.020752   0.08547162 0.05749598]
194.2609739,[-1.81619038  0.08579727  0.52177326],[-1.81631026 -0.08159401  0.00337656],[0.01302546 0.06969458 0.02240458]
194.3469732,[-1.81605331  0.17820614  0.52101658],[-1.81606773  0.01147092  0.00239805],[ 0.00499956  0.07533821 -0.00335808]
194.4329693,[-1.81597447  0.27237162  0.52079742],[-1.81606569  0.10586867  0.00215315],[0.00964305 0.03501056 0.00961822]
194.5189793,[-1.8159066   0.36955496  0.52048343],[-1.81617592  0.20258653  0.0021381 ],[0.00449363 0.06814948 0.00947745]
194.6049848,[-1.8156823   0.47086921  0.51905136],[-1.81620024e+00  3.04823070e-01  6.80883951e-04],[ 0.00400104  0.08661947 -0.00148039]
194.6910129,[-1.81519621  0.57692542  0.51856619],[-1.81620856e+00  4.11362728e-01  5.42575630e-05],[-0.00032195  0.06545316 -0.0179083 ]
194.7769718,[-1.81482327  0.68798784  0.51736865],[-1.81632096e+00  5.22765684e-01 -8.94675525e-04],[-0.00703763  0.10521556 -0.02814663]
194.8629701,[-1.81434608  0.80404621  0.54532263],[-1.8162473   0.6412142  -0.00549567],[ 0.08380969  0.39120584 -0.01920993]
194.9489751,[-1.81389747  0.9452446   0.65595038],[-1.81546453  0.80104922 -0.01053149],[0.09048679 3.57736159 0.06752767]
195.0349674,[-1.81383255  1.23381823  0.8491299 ],[-1.81617071  1.0209559  -0.01185658],[ 0.70776617  8.9009141  -0.3944431 ]
195.1209714,[-1.81038867  1.37664764  0.99805138],[-1.8165905   1.40767571  0.10675787],[-0.05941117 -1.00812242  0.03518273]
195.2070322,[-1.81101322  1.42000828  1.18118716],[-1.81452235  1.71180469  0.46404491],[ 0.30621718 -4.21965048 -0.17951341]
195.2929981,[-1.80894113  1.62338133  1.33536624],[-1.80979059  1.77157143  0.68332653],[ 0.10707301 -0.47945354 -0.08114885]
195.3789711,[-1.80735656  1.84842712  1.47250824],[-1.80721353  1.8201703   0.86879523],[-0.05044626  0.75266121 -0.00278244]
195.4649765,[-1.80457282  2.06729732  1.50884154],[-1.80288803  1.97769419  0.94445415],[-0.01369421  4.63593613 -0.05793422]
195.5509727,[-1.80132616  2.24217155  1.54412637],[-1.8008569   2.12175209  0.97801652],[-0.25995848  1.48520109 -0.20279892]
195.6369686,[-1.79915963  2.41429931  1.54594801],[-1.79715737  2.26036768  0.97961023],[0.13012923 0.81202484 0.55654045]
195.7229633,[-1.80184245  2.58233404  1.54199257],[-1.79329822  2.42156958  0.98166659],[0.29086854 0.11458126 0.44138047]
195.8089864,[-1.80380623  2.7539308   1.5348127 ],[-1.79878169  2.59226269  0.98361135],[0.11715976 0.16116564 0.01206613]
195.8949714,[-1.80380224  2.92494853  1.52793837],[-1.80561023  2.76418902  0.98614532],[ 0.02439834 -0.06900966 -0.0870392 ]
195.9809701,[-1.80183098  3.09279536  1.52509415],[-1.8099878   2.93293554  0.98893097],[ 0.01645873  0.09712888 -0.12949973]
196.0669751,[-1.79701912  3.25832731  1.525936  ],[-1.8109765   3.09928488  0.99209666],[-0.05845158  0.24465893 -0.2326896 ]
196.1529677,[-1.78888154  3.41573762  1.52484463],[-1.80858532  3.25514836  0.99291721],[-0.22921878 -0.01032217 -0.44271332]
196.2389643,[-1.77833971  3.56950002  1.52779964],[-1.79900459  3.40577332  0.99584535],[-0.18940463  0.09957177 -0.12591439]
196.3249691,[-1.76924142  3.71460408  1.52821348],[-1.78421296  3.54891444  0.99597621],[0.02014941 0.1120668  0.23537657]
196.4109864,[-1.76196842  3.85081833  1.52936187],[-1.77200767  3.68674645  0.9968433 ],[0.02776626 0.00314302 0.1205507 ]
196.4969757,[-1.75561652  3.97531876  1.5329454 ],[-1.76315258  3.81986358  0.99577812],[ 0.05610147 -0.7172043   0.13641302]
196.582973,[-1.74944124  4.1049019   1.53833256],[-1.7560356   3.96258533  0.99318149],[ 0.08521023 -0.13250248  0.02058829]
196.6689756,[-1.74307947  4.23934627  1.53893724],[-1.75069341  4.10648863  0.99299908],[0.0948994  0.92873738 0.01281764]
196.7549579,[-1.73537054  4.3885613   1.53534087],[-1.7458061   4.26371944  0.99134919],[ 0.06978919 -0.67967662  0.02888121]
196.8409979,[-1.72577212  4.55509379  1.52836977],[-1.73947477  4.42855446  0.99306587],[ 0.0487672   0.02024668 -0.00281241]
196.9269953,[-1.71214903  4.74350635  1.56201702],[-1.73304198  4.61530503  0.96118788],[0.22841831 2.4026823  0.03990123]
197.0130086,[-1.69806296  4.93958466  1.49210931],[-1.73052259  4.91138498  0.69962475],[ 0.09842281  0.82834394 -0.09222308]
197.0989718,[-1.68195067  5.21547101  1.34288445],[-1.728133    5.23812977  0.32177256],[ -0.06372165 -27.09590816   0.05512395]
197.1849699,[-1.68437955  5.23305066  0.99507954],[-1.72415572  5.36906277  0.02562257],[-0.08552807 -9.27007572  0.01003875]
197.2709708,[-1.6736751   5.40632529  0.75289728],[-1.72993494  5.38541132 -0.04919743],[ 0.1169582   7.54279997 -0.14603143]
197.3569691,[-1.65226812  5.60649127  0.59991928],[-1.72682736  5.41794783 -0.05872009],[ 0.53295534  0.10477972 -0.31670639]
197.4429922,[-1.61464393  5.74646209  0.51121105],[-1.70559444  5.57546967 -0.06791342],[-0.44683643 -1.29470346 -1.04362867]
197.5290115,[-1.55844721  5.90199178  0.46424978],[-1.65571659  5.75429609 -0.06543206],[-0.90503415 -1.79057604 -1.61788039]
197.6149759,[-1.49556141  6.05126009  0.45772484],[-1.58525859  5.90499644 -0.05666897],[-0.6619301  -0.67481039 -0.35270119]
197.7009678,[-1.44085436  6.19411293  0.46475175],[-1.50858718  6.02635822 -0.04933137],[-0.25541775  0.19064916  0.52240971]
197.7869737,[-1.39407508  6.33560917  0.48157362],[-1.43813605  6.15200121 -0.03240611],[-0.11725185 -0.063897    0.5740642 ]
197.872957,[-1.35654697  6.47282353  0.48781844],[-1.37968095  6.28186144 -0.02400323],[-0.07988787  0.00337804  0.49876656]
197.9589956,[-1.32957172  6.60822815  0.50059808],[-1.333112    6.41225555 -0.01028475],[-0.08636998 -0.04379832  0.51132302]
198.0469973,[-1.31391474  6.74316801  0.51097046],[-1.29759069e+00  6.54495212e+00  5.62056898e-04],[-0.05477209 -0.05666085  0.53270904]
198.1329653,[-1.31033959  6.87712648  0.52042836],[-1.27331705  6.67824258  0.01105189],[-0.03231128 -0.10420862  0.5965638 ]
198.2190039,[-1.32146615  7.00824001  0.52680533],[-1.26257664  6.81061834  0.01873312],[ 0.00141281 -0.11346761  0.6822428 ]
198.3049996,[-1.34637062  7.14065371  0.53429097],[-1.26474344  6.94858307  0.02729551],[ 0.0325213  -0.16641781  0.73732911]
198.3909962,[-1.38548351  7.26908869  0.53626237],[-1.28351205  7.0856023   0.03006392],[ 0.06983649 -0.15896657  0.77802955]
198.4770081,[-1.4372902   7.39818665  0.54197881],[-1.31781002  7.22613938  0.03639675],[ 0.08593889 -0.1474534   0.76796911]
198.5629954,[-1.50420835  7.52038306  0.5404771 ],[-1.36957365  7.36343708  0.03461357],[ 0.08605285 -0.16669641  0.71659426]
198.6489577,[-1.58400387  7.63633844  0.53830681],[-1.43673017  7.49478552  0.03183854],[ 0.07627632 -0.14070895  0.67182814]
198.7350006,[-1.67467621  7.7489902   0.53969096],[-1.51745848  7.62214184  0.03300435],[ 0.06383435 -0.15050437  0.65809709]
198.8209648,[-1.77643645  7.85055928  0.53482459],[-1.61130453  7.74078871  0.0273965 ],[ 0.06336128 -0.18398507  0.65381179]
198.9069943,[-1.8899222   7.94298819  0.53384406],[-1.71759442  7.85061722  0.02629483],[ 0.0590565  -0.19612941  0.63836427]
198.9929931,[-2.01201243  8.02476454  0.5293411 ],[-1.83357     7.94924975  0.02168881],[ 0.07276131 -0.15106159  0.63616349]
199.0789609,[-2.142521    8.09544678  0.52438844],[-1.95956954  8.03828225  0.01682063],[ 0.06124021 -0.10803716  0.6283096 ]
199.1650095,[-2.28124258  8.15358377  0.52335769],[-2.09505757  8.11461763  0.01545391],[ 0.0519385  -0.09027945  0.64155285]
199.2519608,[-2.42667601  8.19725177  0.52140431],[-2.23898395  8.17757227  0.01188127],[ 0.05721509 -0.16070333  0.67345073]
199.3399589,[-2.58002943  8.22938134  0.51945635],[-2.39524643e+00  8.23005281e+00  7.79316499e-03],[ 0.07982879 -0.17093769  0.68678252]
199.4259996,[-2.7401099   8.24568571  0.51540938],[-2.56060428e+00  8.26651821e+00  3.43062386e-03],[ 0.10048073 -0.16567023  0.6965469 ]
199.5120041,[-2.90277571  8.24494811  0.51244075],[-2.72890726e+00  8.28398899e+00  1.04647170e-03],[ 0.13841888 -0.16115147  0.73207056]
199.5979695,[-3.0692383   8.23097678  0.51093059],[-2.90417067e+00  8.28646633e+00 -1.66160616e-03],[ 0.16644594 -0.11489785  0.72131468]
199.6839762,[-3.23715419  8.20462741  0.51093718],[-3.07904946e+00  8.27333667e+00 -2.64826482e-03],[ 0.21140134 -0.09400763  0.69912324]
199.7699709,[-3.40163647  8.16335041  0.50930377],[-3.25046201e+00  8.24361409e+00 -4.34022455e-03],[0.23882287 0.12477737 0.65910348]
199.855968,[-3.55572022  8.11357479  0.50216352],[-3.41073673e+00  8.20127835e+00 -6.43395876e-03],[0.19335195 0.28261874 0.5165718 ]
199.9419777,[-3.70082624  8.05783715  0.49036732],[-3.56062104  8.14805283 -0.00963441],[ 0.01798081 -0.22608394  0.13155381]
200.0279717,[-3.83034102  7.9964527   0.48221278],[-3.6953092   8.08942113 -0.01318831],[ 0.02989989 -0.59342831  0.33599401]
200.1139758,[-3.94310088  7.92997791  0.48375414],[-3.81615161  8.03201941 -0.01330327],[0.06357619 0.10256252 0.54532175]
200.1999905,[-4.04270781  7.85961238  0.4863636 ],[-3.92540111  7.97154076 -0.01387862],[ 0.09835271 -0.10371481  0.5618299 ]
200.28597,[-4.12847524  7.78417361  0.4871341 ],[-4.02216433  7.90474988 -0.01418339],[ 0.07953423 -0.18600067  0.5424612 ]
200.3719714,[-4.20356052  7.7063273   0.48734311],[-4.1089489   7.83441758 -0.01479371],[ 0.0752128  -0.08429003  0.54992804]
200.457974,[-4.26861204  7.62409907  0.48869634],[-4.18601735  7.75899121 -0.01420176],[ 0.08714922 -0.11807527  0.59697188]
200.5439725,[-4.32507458  7.53968705  0.49023046],[-4.25570752  7.68061531 -0.01426063],[ 0.11832314 -0.10461713  0.67448565]
200.6299734,[-4.37447846  7.45138433  0.49194808],[-4.3184322   7.59684196 -0.01400391],[ 0.12369845 -0.07180973  0.65657888]
200.7159739,[-4.41368724  7.35852721  0.49328133],[-4.37118028  7.50767397 -0.01384691],[ 0.14125729 -0.05518349  0.62785208]
200.8019731,[-4.44559692  7.2642357   0.49486923],[-4.41527543  7.41614325 -0.01348649],[ 0.1591955  -0.06139703  0.63096855]
200.8879709,[-4.47007214  7.16615116  0.49721593],[-4.44960419  7.32107786 -0.01246349],[ 0.13367895 -0.04942202  0.52634712]
200.9739704,[-4.49015426  7.06450092  0.49905942],[-4.47740782  7.22098179 -0.01166118],[ 0.12090785 -0.01750168  0.41411266]
201.0599775,[-4.50541055  6.95536633  0.50030108],[-4.49900294  7.11301881 -0.01079672],[0.11013908 0.03030478 0.37444373]
201.1459703,[-4.51840279  6.84000332  0.5013799 ],[-4.51609101  6.99867208 -0.01011855],[0.11224563 0.02708216 0.2742365 ]
201.2319703,[-4.52908839  6.71864771  0.50354819],[-4.52861838  6.87867687 -0.00844144],[0.08819126 0.01758949 0.19592993]
201.3179789,[-4.53791032  6.59047072  0.50379205],[-4.5383154   6.74996328 -0.00907365],[0.05954311 0.06535395 0.09542975]
201.4039934,[-4.54441026  6.45593385  0.504556  ],[-4.54503997  6.61549814 -0.0086438 ],[0.04810183 0.10968113 0.05970348]
201.4899681,[-4.54985002  6.31521786  0.5051198 ],[-4.55086051  6.47496032 -0.00822149],[0.03285629 0.113255   0.04365297]
201.575964,[-4.55424058  6.16927562  0.50607807],[-4.55542619  6.33003582 -0.00725748],[0.02686324 0.1110335  0.04515177]
201.6620023,[-4.55784464  6.01908168  0.50683752],[-4.55973165e+00  6.18138523e+00 -6.11460521e-03],[0.03084957 0.15010141 0.0475045 ]
201.7479963,[-4.56020941  5.8661159   0.50806652],[-4.56238303e+00  6.03021777e+00 -4.31274865e-03],[0.02738416 0.19081123 0.04646268]
201.8339574,[-4.56288786  5.71274216  0.50895641],[-4.56547936e+00  5.87757583e+00 -3.39828004e-03],[0.02499064 0.05294712 0.0413072 ]
201.9200151,[-4.56439775  5.55841061  0.50864176],[-4.56724141e+00  5.72248033e+00 -4.18485562e-03],[0.02955265 0.0818099  0.03779466]
202.0059607,[-4.56527179  5.4033311   0.50884259],[-4.56752088e+00  5.56733178e+00 -4.39847270e-03],[0.03002645 0.07030564 0.02142032]
202.0919666,[-4.56714859  5.24780457  0.50841627],[-4.56830168e+00  5.41144603e+00 -5.26817151e-03],[0.02887994 0.06735225 0.00249705]
202.1779971,[-4.56851427  5.09094126  0.50927139],[-4.56832264e+00  5.25532947e+00 -4.58118912e-03],[ 0.03118234  0.14591312 -0.00216936]
202.2639968,[-4.57222738  4.93412337  0.51063278],[-4.56979421e+00  5.09970383e+00 -3.25766334e-03],[ 0.0229372   0.11619304 -0.00413275]
202.3499582,[-4.5769748   4.77731888  0.51122499],[-4.57232119e+00  4.94338731e+00 -3.03375299e-03],[ 0.02312565  0.04857296 -0.02486435]
202.436007,[-4.58139894  4.61976606  0.51206403],[-4.57444762e+00  4.78650800e+00 -2.27643131e-03],[ 0.01349104  0.10844273 -0.04927546]
202.5219741,[-4.58675976  4.46140082  0.51329116],[-4.57761626e+00  4.62865434e+00 -1.28921266e-03],[ 0.00534864  0.13786094 -0.08210136]
202.6079578,[-4.59364798  4.30120815  0.51365693],[-4.58202962e+00  4.46907290e+00 -1.05169678e-03],[-0.01280679  0.12771003 -0.08038888]
202.69397,[-4.6024288   4.13957266  0.51406789],[-4.58861792e+00  4.30788072e+00 -4.59050592e-04],[-0.02390234  0.15057002 -0.08336015]
202.7799709,[-4.61241791  3.97566955  0.51547318],[-4.59714051e+00  4.14396061e+00  4.80986119e-04],[-0.03575253  0.08873528 -0.09028133]
202.8659701,[-4.62326667  3.80983305  0.51587008],[-4.60753969e+00  3.97667036e+00 -2.40593394e-04],[-0.04351241  0.13444618 -0.06834303]
202.951973,[-4.63516898  3.6411727   0.51585178],[-4.61954600e+00  3.80786484e+00 -3.25178592e-04],[-0.02889531  0.19626803 -0.04479309]
203.0379729,[-4.6475276   3.47085942  0.51640187],[-4.63302346e+00  3.63738316e+00  8.79905219e-05],[-0.01304795  0.13334876  0.00389587]
203.1239731,[-4.65950481  3.29987265  0.51619845],[-4.64637357e+00  3.46580196e+00 -1.12093728e-05],[-0.01969236  0.11036788  0.00316975]
203.2099814,[-4.67174204  3.13106568  0.51696475],[-4.65944657e+00  3.29690362e+00  7.09812245e-04],[-0.01260249  0.06920243  0.01056734]
203.2959728,[-4.68317686  2.96500617  0.51651616],[-4.67198504e+00  3.13085926e+00  9.82692154e-04],[0.00733051 0.10158712 0.03862348]
203.3819735,[-4.69443878  2.80290244  0.5161271 ],[-4.68384344e+00  2.96900847e+00  1.77772094e-03],[0.01554283 0.12240504 0.02591731]
203.4679933,[-4.7053305   2.64478075  0.51692211],[-4.69477382e+00  2.81196674e+00  3.20055523e-03],[ 0.00176028  0.13729568 -0.0078521 ]
203.5539913,[-4.71599508  2.48939138  0.5175316 ],[-4.70537327e+00  2.65741652e+00  4.14868957e-03],[-0.01495595  0.09353261 -0.00755687]
203.6399989,[-4.72640355  2.33527157  0.51775753],[-4.71606044e+00  2.50314059e+00  4.30891998e-03],[-0.01267737  0.10784181 -0.01006462]
203.7259748,[-4.73642758  2.18081139  0.51906032],[-4.72658131  2.34867003  0.00536913],[-0.01743379  0.03077004  0.00712436]
203.8119638,[-4.74611882  2.02510209  0.51850484],[-4.73749683e+00  2.19154507e+00  4.42076340e-03],[-0.02089156  0.01015195  0.00770508]
203.8979869,[-4.75493238  1.86760773  0.51890132],[-4.74789838e+00  2.03279787e+00  4.34990928e-03],[-0.01112206  0.1169204   0.04426536]
203.9860003,[-4.76275182  1.70698252  0.51961945],[-4.75775454  1.87159003  0.0048    ],[-0.00626333  0.11170051  0.05320406]
204.0719612,[-4.76988984  1.54599122  0.51970144],[-4.76656734e+00  1.71003726e+00  4.70608388e-03],[-0.00118731  0.06992221  0.05226517]
204.1579638,[-4.77540237  1.38284286  0.52076634],[-4.77364542  1.54706033  0.00584137],[-0.00313926  0.11325771  0.04916093]
204.2439656,[-4.7802787   1.21770886  0.52207559],[-4.78028583  1.38128695  0.0067894 ],[0.00381467 0.07499303 0.05838913]
204.3299596,[-4.78432204  1.05037043  0.52306644],[-4.78542429  1.21322982  0.00731892],[0.00819659 0.05455973 0.05090294]
204.4159708,[-4.78669258  0.8806565   0.52417612],[-4.78914283  1.04389698  0.0085529 ],[0.01006631 0.15842395 0.0563039 ]
204.5019746,[-4.78816523  0.70970467  0.5247896 ],[-4.7917127   0.87378854  0.00955731],[0.00760848 0.15588387 0.05219346]
204.5879712,[-4.78816884  0.53878334  0.52586978],[-4.79281001  0.70366421  0.01100905],[0.02727941 0.20383388 0.07443702]
204.6739969,[-4.7870483   0.36982933  0.52785536],[-4.79255572  0.53573821  0.01279619],[0.04130607 0.10350458 0.08959632]
204.7599688,[-4.78510324  0.20478538  0.52643278],[-4.79074853  0.3702631   0.01282556],[-0.01343983 -0.06469613 -0.00067249]
204.8459735,[-4.78416937  0.04453711  0.52575407],[-4.78681252  0.20644418  0.01413013],[-0.36022874  0.09323378 -0.58489364]
204.9319711,[-4.78236594 -0.10915487  0.52580366],[-4.79008287  0.04763565  0.01486177],[-0.25799458  0.08901524  0.10298419]
205.0179737,[-4.77467697 -0.25621867  0.52686254],[-4.79806042 -0.10219145  0.0167696 ],[-0.14569161  0.0735272   0.32427739]
205.1039715,[-4.76022616 -0.3970116   0.52650362],[-4.79836683 -0.2473897   0.01743271],[-0.13801736  0.05004736  0.2774688 ]
205.189971,[-4.73761533 -0.53195808  0.52810284],[-4.79238463 -0.38888576  0.01882731],[-0.11905522 -0.12887642  0.39412404]
205.2759714,[-4.70560995 -0.662273    0.52804992],[-4.7791345  -0.52819911  0.01905392],[-0.0564232  -0.09588631  0.52229325]
205.3619742,[-4.66378846 -0.78820991  0.52867059],[-4.75616838 -0.66518305  0.01972464],[-0.04169979 -0.08145387  0.58395995]
205.4479744,[-4.60990393 -0.91001668  0.53025487],[-4.72118524 -0.79914265  0.02131609],[-0.00897796 -0.16746909  0.65947151]
205.533973,[-4.54320185 -1.02750571  0.5326141 ],[-4.67298389 -0.93252188  0.02290451],[ 0.02876596 -0.13501228  0.73287853]
205.619976,[-4.46370942 -1.14011281  0.53328621],[-4.60971756 -1.06192529  0.02419254],[ 0.04755285 -0.18720353  0.74057213]
205.7059734,[-4.37149047 -1.24550912  0.53340275],[-4.53080038 -1.18491241  0.02522198],[ 0.08357706 -0.19717137  0.74942538]
205.7919717,[-4.26784695 -1.34251865  0.53309238],[-4.4371074  -1.30112369  0.02512429],[ 0.08007635 -0.17777792  0.69489252]
205.8779647,[-4.15256119 -1.42925916  0.53320104],[-4.32937716 -1.40791182  0.02515594],[ 0.05624676 -0.14293875  0.65460196]
205.9639933,[-4.0273246  -1.50495701  0.53375637],[-4.20988324 -1.50409987  0.02526386],[ 0.0810877  -0.19392091  0.6967524 ]
206.0500026,[-3.8930221  -1.56911707  0.53312627],[-4.07833488 -1.58895427  0.02407869],[ 0.07494424 -0.16337389  0.69972471]
206.1359708,[-3.74998195 -1.61955891  0.53290644],[-3.93511086 -1.66077812  0.02342524],[ 0.10176727 -0.19942464  0.74199149]
206.2219751,[-3.59872576 -1.65674329  0.53386846],[-3.78031424 -1.71799128  0.02320446],[ 0.13415431 -0.261691    0.77245388]
206.3079736,[-3.43851313 -1.68026927  0.53489012],[-3.61385462 -1.75898012  0.02267501],[ 0.17987811 -0.18617103  0.79240361]
206.393975,[-3.27094286 -1.68978864  0.53647749],[-3.44104316 -1.78073747  0.02362396],[ 0.23805839 -0.13287514  0.76399866]
206.4799726,[-3.10155314 -1.6850731   0.53818326],[-3.26571715 -1.78318692  0.02442123],[ 0.27515    -0.04660661  0.72004376]
206.5659699,[-2.93497895 -1.6679866   0.53800842],[-3.09473892 -1.76838193  0.02484674],[ 0.28758998 -0.13399485  0.60010776]
206.6519723,[-2.77650802 -1.64255043  0.53109172],[-2.93415094 -1.74157857  0.02711341],[ 0.1086334  -0.3832705   0.25219954]
206.7389717,[-2.63085323 -1.6113612   0.52302489],[-2.78608418 -1.70820094  0.02553059],[ 0.02717093 -0.00328949  0.1851088 ]
206.8249786,[-2.50475676 -1.57393888  0.52553756],[-2.65876036 -1.67659608  0.02712715],[0.04013642 0.18985531 0.34098349]
206.9109778,[-2.39775616 -1.53216517  0.52792314],[-2.54622476 -1.64259506  0.02663577],[ 0.15141899 -0.01637291  0.54274994]
206.9969704,[-2.30841152 -1.488376    0.52915695],[-2.45000492 -1.60544647  0.02513793],[0.15037166 0.00090394 0.59967347]
207.0829577,[-2.23466758 -1.44294618  0.53164308],[-2.36866921 -1.56607253  0.02421795],[ 0.13429371 -0.0158199   0.54135562]
207.1689558,[-2.17319657 -1.3966722   0.53332774],[-2.29948919 -1.52469002  0.02284267],[ 0.11983199 -0.02346995  0.49482295]
207.2549932,[-2.1211689  -1.34966146  0.53403321],[-2.24000335 -1.48311187  0.02180617],[0.11243602 0.00581734 0.49220686]
207.3409631,[-2.07690677 -1.30154622  0.53416261],[-2.18860367 -1.44112664  0.02119832],[0.09494485 0.06507519 0.50344683]
207.4269965,[-2.03911317 -1.25289401  0.53461912],[-2.14301667 -1.39869682  0.02053311],[0.07751574 0.05155073 0.47074042]
207.5129719,[-2.00652805 -1.20319029  0.5345468 ],[-2.1016548  -1.35440236  0.01978957],[0.0891871  0.01554433 0.48944094]
207.5989978,[-1.97870687 -1.15222491  0.53434073],[-2.06492668 -1.3092581   0.01956765],[0.07551568 0.02329071 0.46869509]
207.6849718,[-1.95538313 -1.10081436  0.53399921],[-2.03249629 -1.26277591  0.01888117],[0.06416211 0.0580797  0.45387234]
207.7709756,[-1.93528939 -1.04812496  0.53394696],[-2.00286404 -1.21470471  0.01855414],[0.05708013 0.05075572 0.45894392]
207.8569686,[-1.9189283  -0.99336865  0.53407156],[-1.97640946 -1.16360083  0.01838528],[0.07418089 0.0277672  0.50630272]
207.9429712,[-1.90456719 -0.9354717   0.53313347],[-1.95177256 -1.10788633  0.01730455],[0.08260302 0.01397767 0.50802744]
208.0289717,[-1.89232845 -0.8734368   0.53271284],[-1.92979264 -1.04755517  0.01696491],[ 0.06888519 -0.00280766  0.46093061]
208.1149721,[-1.88142867 -0.80656377  0.53152145],[-1.91051065 -0.98024273  0.01525749],[0.06185286 0.01137176 0.3570244 ]
208.2009706,[-1.87177825 -0.73443329  0.53057847],[-1.89411143 -0.90738805  0.01380655],[0.05494879 0.0104901  0.29679118]
208.2869706,[-1.86326373 -0.65816578  0.52929051],[-1.88041745 -0.83041112  0.01220699],[ 0.04781657 -0.00965189  0.24272457]
208.3729689,[-1.85603228 -0.57844056  0.52849782],[-1.86930764 -0.7498374   0.01105055],[0.0467813  0.049901   0.18449861]
208.4589725,[-1.84999275 -0.49680124  0.5274358 ],[-1.86017872 -0.66752179  0.0097804 ],[0.03393422 0.05709653 0.12906283]
208.5449731,[-1.84485946 -0.41371329  0.52725805],[-1.85327233 -0.58418156  0.00942503],[0.02045329 0.01881285 0.07671605]
208.6309705,[-1.8406457 -0.3292672  0.5252925],[-1.84743134 -0.49870839  0.00724953],[0.02713853 0.01154385 0.08695124]
208.7169735,[-1.83714941 -0.24340661  0.52465943],[-1.84227713 -0.4124049   0.00644559],[0.01748309 0.05550879 0.09566323]
208.802973,[-1.83456046 -0.15511477  0.52331103],[-1.83811082 -0.32300287  0.00484881],[0.02827077 0.06787281 0.08802123]
208.8890011,[-1.83260111 -0.06452929  0.5228736 ],[-1.83483547 -0.23255492  0.0045562 ],[0.02491692 0.0426486  0.06931986]
208.9749768,[-1.83103963  0.02813022  0.52204886],[-1.83294916 -0.14004016  0.00396802],[0.00322835 0.05366022 0.02972286]
209.0609722,[-1.82973033  0.12195483  0.52143209],[-1.8314242  -0.04624113  0.00342002],[0.01057506 0.06363731 0.02616808]
209.1469736,[-1.82882708  0.21678372  0.52058111],[-1.83033391  0.04913638  0.00235065],[0.00883895 0.12166938 0.01617772]
209.232969,[-1.82802193  0.31252784  0.52025303],[-1.8293343   0.14507194  0.00200783],[0.01056656 0.04012221 0.01487629]
209.3189762,[-1.82717367  0.40962447  0.51985678],[-1.82867551e+00  2.42677179e-01  1.46600958e-03],[0.01364526 0.02425995 0.00872204]
209.4049737,[-1.82627591  0.50937355  0.51949058],[-1.82803411e+00  3.42762511e-01  9.88959590e-04],[ 0.00604417 -0.00686666 -0.00405965]
209.4909697,[-1.82504064  0.61326809  0.51801132],[-1.82715716e+00  4.47798771e-01 -5.35736000e-04],[-0.00796063  0.04103019 -0.01461589]
209.5769706,[-1.82415638  0.72256845  0.51791122],[-1.82633291e+00  5.57177557e-01 -1.33593549e-03],[-0.01226547  0.03949767 -0.0183827 ]
209.6629696,[-1.82284609  0.84124361  0.55995985],[-1.82552037  0.6840013  -0.0121844 ],[0.01046561 0.43224408 0.13844663]
209.7489736,[-1.82264406  1.0107451   0.69769559],[-1.82294693  0.84487623 -0.01034407],[0.06829557 6.98924435 0.01668538]
209.8349693,[-1.81916114  1.33493404  0.88572182],[-1.82390362  1.11606536 -0.01128702],[ 0.1594353  -2.29680165 -0.13536021]
209.920965,[-1.81907617  1.39773995  1.05158551],[-1.81776975  1.4989591   0.20418426],[-0.06223441 -5.3951205  -0.03055951]
210.0069723,[-1.81771245  1.46422242  1.22012509],[-1.81130764  1.73155261  0.51601749],[ 0.1014606  -2.75345804  0.07126605]
210.0929763,[-1.8140196   1.67515818  1.36750077],[-1.81203857  1.75914467  0.71528798],[-0.15104982  2.90230342 -0.0072484 ]
210.1789942,[-1.81035895  1.90083443  1.46562441],[-1.80958447  1.88859778  0.8687363 ],[-0.20038187 -6.17433878 -0.12306278]
210.264997,[-1.80655982  2.09640868  1.54207754],[-1.80440916  2.02712793  0.9704629 ],[-0.22344374  2.16532798 -0.20430536]
210.3510022,[-1.80459768  2.25951189  1.58018141],[-1.79527831  2.18202922  0.97752533],[-0.23768183  1.02800886 -0.17735177]
210.4369757,[-1.80467242  2.42332559  1.59578604],[-1.78826185  2.30272051  0.98275773],[-0.31432322  2.83937698 -0.03654491]
210.5229766,[-1.8047808   2.59588832  1.57963723],[-1.78350256  2.40925021  0.98657158],[0.40350232 2.76485001 0.83129237]
210.6090384,[-1.82493845  2.74156168  1.57610667],[-1.78850539  2.56854437  0.98519064],[0.40236077 0.64075548 0.71497551]
210.6949589,[-1.83575701  2.89922637  1.56509223],[-1.81208816  2.72916144  0.98673639],[-0.15465612  0.62569546 -0.36448785]
210.7809594,[-1.84275076  3.05868986  1.55217865],[-1.8348531   2.89169151  0.98841429],[-0.16941811 -0.18970712 -0.39770401]
210.8670025,[-1.84969577  3.22027064  1.53825421],[-1.84897323  3.05555385  0.98849547],[ 0.14929951  0.01186814 -0.19094269]
210.9529965,[-1.85400192  3.38165128  1.52858294],[-1.85962726  3.2158062   0.99038163],[-0.01729503 -0.25587855 -0.42227495]
211.0389581,[-1.85481852  3.53723626  1.52354026],[-1.86427572  3.3712713   0.99111878],[-0.12067724 -0.02801932 -0.25706583]
211.1249824,[-1.85489623  3.69008932  1.52320264],[-1.86252173  3.5245065   0.99197211],[0.04364229 0.03199622 0.08228326]
211.2109852,[-1.85471753  3.83093207  1.52400998],[-1.86065206  3.66704992  0.99176156],[0.0081252  0.10893211 0.03246146]
211.2989595,[-1.85379969  3.96470334  1.52950906],[-1.85854263  3.80987406  0.99124321],[ 0.04400684 -0.61579069  0.09400852]
211.3849576,[-1.85245205  4.10045674  1.53580716],[-1.85789918  3.95889157  0.98979852],[0.1125784  0.00674098 0.00698935]
211.4709592,[-1.85037053  4.2381761   1.53548337],[-1.85939172  4.10790784  0.98824347],[0.10781085 0.4322767  0.02789159]
211.5569611,[-1.8467347   4.39084442  1.53217952],[-1.85991971  4.26886964  0.98759717],[ 0.10418266 -0.83338632 -0.01140389]
211.6429629,[-1.84061435  4.56089051  1.52370275],[-1.86001707  4.43458751  0.98986198],[ 0.1091461  -0.1501236  -0.05582107]
211.729002,[-1.82722871  4.76065797  1.56606145],[-1.86060189  4.62650957  0.95275695],[0.32512773 1.87377373 0.01284795]
211.8149941,[-1.81281072  4.97490631  1.50639092],[-1.87544191  4.91890752  0.69093606],[ 0.17292278  2.27913661 -0.12208135]
211.9009974,[-1.80549462  5.18102566  1.3130836 ],[-1.89328862  5.26109259  0.29395068],[  0.06951877 -30.20156476  -0.10111712]
211.9869664,[-1.81390549  5.22498859  0.97140876],[-1.89813103  5.35858286  0.01946011],[-1.51292874e-03 -3.78483165e+01 -5.99002207e-02]
212.0729623,[-1.80255758  5.41460659  0.73647047],[-1.90609037  5.36865504 -0.05914575],[ 0.81134817  7.19833176 -0.44553148]
212.1590044,[-1.77177288  5.61227911  0.56016032],[-1.89623224  5.45112379 -0.08827393],[ 0.53835277 -3.4286249  -0.6354124 ]
212.2449725,[-1.70902464  5.7751661   0.46630608],[-1.84923994  5.64711281 -0.09426109],[-0.44368123 -2.48680702 -1.60241563]
212.3309615,[-1.62208796  5.92690245  0.41443486],[-1.77071373  5.83179794 -0.10337297],[-1.03871759 -2.39754702 -2.46872353]
212.4169695,[-1.52173081  6.06542906  0.42490682],[-1.66162815  5.97632388 -0.09189692],[-0.88939988  0.5965819  -1.18310963]
212.502996,[-1.42528746  6.19833721  0.45570173],[-1.54637087  6.07590743 -0.06661654],[-0.18255256  0.19881656  0.5252659 ]
212.5890012,[-1.33770778  6.32533691  0.4694433 ],[-1.43828076  6.17582445 -0.05126438],[-0.11918319 -0.31232399  0.55893854]
212.6749716,[-1.25893439  6.45193841  0.48425563],[-1.34020819  6.28714723 -0.03065307],[-0.10657296 -0.16398232  0.40651866]
212.7609701,[-1.18955134  6.57827394  0.49696079],[-1.25263111  6.40133214 -0.01507334],[-0.08719671 -0.07268416  0.4545605 ]
212.8469694,[-1.133044    6.70290547  0.51552658],[-1.17831468e+00  6.51622553e+00  4.06315398e-03],[-0.06718546 -0.06269506  0.50033791]
212.9330044,[-1.08795676  6.82717667  0.52725687],[-1.11422524  6.63344612  0.01656098],[-0.04214856 -0.08198019  0.56674805]
213.0190105,[-1.05246546  6.95577971  0.54050166],[-1.05932832  6.75676133  0.03075552],[-0.03447412 -0.05171135  0.60537013]
213.1049962,[-1.03076333  7.08207832  0.54621434],[-1.01763688  6.88047765  0.03756068],[-0.00472788 -0.08260275  0.67584922]
213.1909676,[-1.02176943  7.21333586  0.55734369],[-0.98741647  7.01097781  0.04962981],[-0.00565618 -0.05958535  0.67716941]
213.2769578,[-1.02816128  7.34100807  0.55651803],[-0.97257849  7.14091122  0.04997103],[ 0.00422759 -0.09506426  0.71685771]
213.3629594,[-1.04832948  7.47174013  0.56217399],[-0.97033924  7.27657117  0.05667959],[ 0.02086614 -0.20382085  0.76412891]
213.4489961,[-1.08512567  7.59599517  0.55767999],[-0.98548399  7.40971265  0.05268999],[ 0.06189516 -0.22798234  0.84185322]
213.5349863,[-1.13578493  7.7165396   0.55144329],[-1.01659895  7.54473413  0.04611366],[ 0.09997263 -0.26454755  0.84210376]
213.6209686,[-1.20118875  7.83540238  0.55082687],[-1.06520607  7.6807629   0.04527425],[ 0.13933629 -0.26282161  0.83913815]
213.7069743,[-1.28156374  7.94330159  0.54322039],[-1.13087067  7.80590195  0.03799586],[ 0.11529877 -0.19634506  0.75185776]
213.7929711,[-1.37202253  8.04639237  0.54181109],[-1.21170117  7.92682288  0.03609319],[ 0.11100148 -0.19617696  0.74511814]
213.8789713,[-1.47286076  8.13667819  0.53445422],[-1.30506204  8.03588017  0.02796147],[ 0.11440004 -0.12790926  0.68740162]
213.9649711,[-1.58207286  8.21776882  0.52807284],[-1.40803332  8.13400859  0.02154156],[ 0.09779697 -0.14156322  0.67521916]
214.0509751,[-1.70104431  8.28920404  0.52455231],[-1.52318331  8.22290889  0.01779071],[ 0.09963277 -0.11329923  0.67545002]
214.13697,[-1.82640309  8.34753793  0.51907786],[-1.64477986  8.29933107  0.01293871],[ 0.07759554 -0.13259279  0.6605776 ]
214.2229881,[-1.96001585  8.3924663   0.51697435],[-1.77564983  8.36248537  0.01130201],[ 0.09107777 -0.13905369  0.6616716 ]
214.3089802,[-2.09743941  8.42978131  0.51366947],[-1.91303341e+00  8.41758805e+00  7.86727606e-03],[ 0.10771086 -0.16765284  0.67406964]
214.3949778,[-2.24087611  8.4523885   0.5110278 ],[-2.05877959e+00  8.45816121e+00  4.56140196e-03],[ 0.12771066 -0.17111849  0.68767602]
214.4809735,[-2.3854114   8.46183195  0.5090024 ],[-2.20700652e+00  8.48485593e+00  2.40338905e-03],[ 0.14760256 -0.16541762  0.70506219]
214.5669715,[-2.53307105  8.46233474  0.50766784],[-2.36217892e+00  8.50089849e+00 -9.93260387e-04],[ 0.19468502 -0.1930479   0.70951241]
214.652972,[-2.68561302  8.44933633  0.50619541],[-2.52281766e+00  8.50131126e+00 -4.55762526e-03],[ 0.22779933 -0.12790712  0.6847152 ]
214.738955,[-2.8390129   8.42612171  0.50753966],[-2.68349643e+00  8.48756403e+00 -5.71257303e-03],[ 0.21792412 -0.00717257  0.53086182]
214.8249738,[-2.99591604  8.39185047  0.5067846 ],[-2.84492357e+00  8.45954312e+00 -7.65662410e-03],[0.16099289 0.01161191 0.39348373]
214.9129758,[-3.15216385  8.35041554  0.50708823],[-3.00301062e+00  8.42248386e+00 -7.53030728e-03],[0.10219494 0.21132235 0.27444472]
214.9989736,[-3.30321789  8.30191252  0.50619873],[-3.15501517e+00  8.37791355e+00 -7.73202526e-03],[0.06120694 0.09385208 0.23641459]
215.0849693,[-3.44967062  8.24773247  0.50504365],[-3.30299627  8.32834711 -0.00834534],[0.04659319 0.12971447 0.23097563]
215.1709683,[-3.58914939  8.18922563  0.50394636],[-3.44412506  8.27344795 -0.00947198],[0.04071039 0.08513112 0.25855972]
215.2569754,[-3.72369248  8.12670433  0.50322748],[-3.58251513  8.21552655 -0.01089462],[0.04802184 0.01596753 0.30964051]
215.3429735,[-3.85051125  8.05552395  0.50249165],[-3.71463526  8.14917108 -0.01239372],[0.0536798  0.06492617 0.32089449]
215.4289737,[-3.97279861  7.9817072   0.50238267],[-3.84088198  8.08226264 -0.0119603 ],[0.07966572 0.12484746 0.3475309 ]
215.5149691,[-4.08647239  7.90092343  0.5022094 ],[-3.96007748  8.00868298 -0.01192405],[0.11472341 0.0975692  0.41493716]
215.6009774,[-4.19101009  7.81780457  0.50289981],[-4.06962682  7.93179729 -0.01138415],[0.14491759 0.05417591 0.40177305]
215.686969,[-4.28640269  7.73709606  0.50364893],[-4.16932109  7.85579938 -0.01116253],[0.14319689 0.05448584 0.36616376]
215.7729707,[-4.37045613  7.65621473  0.50553714],[-4.25609978  7.77870483 -0.00987096],[0.13216333 0.00501033 0.26765175]
215.8589733,[-4.44462911  7.58283507  0.5060731 ],[-4.33249984  7.706787   -0.01036599],[0.10217203 0.00026244 0.19033391]
215.9449704,[-4.50770025  7.51557636  0.50715889],[-4.3966993   7.64020252 -0.01048601],[0.08423317 0.01016389 0.11677302]
216.0309796,[-4.56133264  7.45825236  0.50803901],[-4.45039997  7.58284724 -0.01055906],[ 0.05039186 -0.00460685  0.0327117 ]
216.1169777,[-4.60478674  7.40970902  0.50893062],[-4.49329686  7.53386449 -0.01026815],[0.05666184 0.02456832 0.06308814]
216.2029767,[-4.63752057  7.37267395  0.51036291],[-4.52653322  7.49808145 -0.00997144],[0.09599722 0.06116036 0.23974188]
216.2889791,[-4.65782116  7.35026608  0.51140169],[-4.5464322   7.47920148 -0.01016044],[0.12075416 0.48196265 0.22919402]
216.3749762,[-4.66624935  7.34398488  0.51764245],[-4.55134317  7.47734175 -0.0121525 ],[0.02695824 0.7290271  0.02558174]
216.4609718,[-4.66039507  7.35587304  0.53205998],[-4.53821384  7.49388993 -0.0110251 ],[-0.13499791  0.75991279 -0.30340883]
216.5469682,[-4.64659027  7.37898247  0.54494308],[-4.51430172  7.51689056 -0.01330297],[-0.25923911  0.85208009 -0.47727498]
216.6329634,[-4.6261249   7.40712776  0.55543837],[-4.48279359  7.54214921 -0.01337505],[-0.26130113  0.23970817 -0.54444207]
216.7190011,[-4.60202355  7.43615361  0.55594557],[-4.45239119  7.56272371 -0.01389678],[-0.09833045 -0.28136386 -0.40961147]
216.8049986,[-4.57856579  7.46073201  0.54642835],[-4.43009366  7.577558   -0.01457646],[-0.04990012 -0.89695651 -0.25586552]
216.8909936,[-4.56559603  7.47334552  0.53478785],[-4.42208758  7.5833306  -0.01473823],[-0.01983956 -0.46783438 -0.04534367]
216.977962,[-4.56650834  7.47351939  0.5215973 ],[-4.4290785   7.58035946 -0.01520604],[ 0.07605124 -0.80145274  0.19607718]
217.0639608,[-4.57703719  7.46305984  0.51233909],[-4.44542543  7.57019125 -0.01523903],[ 0.17794549 -0.50150109  0.33936946]
217.1499925,[-4.59543993  7.44457028  0.49213019],[-4.46458017e+00  7.55950963e+00 -6.55785889e-03],[-0.00775035 -0.53049183  0.21635341]
217.2359974,[-4.61251829  7.42671864  0.4649718 ],[-4.48818862  7.54589417 -0.02417041],[0.13590029 0.28189556 0.31848674]