timestamps,h_com_hist,h_clear_hist,angmom_wb_hist,motor_timestamps,motor_current,motor_voltage,motor_power
0,0.5211999777,0.003631678669,[0.0077469  0.03331458 0.06476073],0,2.839999972,56.42450078,160.2455806
0.001003026962,0.5212030879,0.003630448846,[0.00763955 0.04133106 0.06901136],0.001008033752,2.879999964,56.42683411,162.5092802
0.002026319504,0.521206163,0.003588529294,[0.01065027 0.03576387 0.06704332],0.002060890198,2.899999965,56.43550046,163.6629494
0.003000020981,0.5212091544,0.003586013973,[0.01227822 0.03072098 0.05763401],0.003118038177,2.799999971,56.44033305,158.0329309
0.004009723663,0.5212120159,0.003582464726,[0.01204511 0.02240821 0.05043351],0.00412106514,2.870000003,56.42983309,161.9536211
0.005003213882,0.5212147041,0.003578004464,[0.01016728 0.02059982 0.05097717],0.005081892014,2.869999994,56.42266655,161.9330526
0.006014347076,0.5212171789,0.003572629721,[0.00814147 0.02469849 0.0563022 ],0.00618314743,2.900000034,56.42200025,163.6238026
0.007003545761,0.5212194038,0.003567014413,[0.00727985 0.02931797 0.06413298],0.007194042206,2.960000006,56.41650073,166.9928425
0.008001089096,0.5212213461,0.003561305002,[0.00683367 0.03142935 0.06845052],0.008249998093,2.939999996,56.41466649,165.8591193
0.008998394012,0.5212229774,0.003555874432,[0.0084105  0.02930445 0.06873395],0.008249998093,2.909999995,56.41799927,164.1763776
0.01004695892,0.5212242734,0.003550089623,[0.01112695 0.03609683 0.06245455],0.009308099747,2.900000004,56.42083232,163.6204139
0.01104784012,0.5212252139,0.003543986158,[0.01223774 0.03845618 0.05422226],0.01037788391,2.880000008,56.42583338,162.5064006
0.0120511055,0.5212257829,0.00353751668,[0.00927199 0.05258574 0.05055533],0.01137399673,2.909999995,56.42766635,164.2045088
0.0130469799,0.521225968,0.003531083866,[0.00609542 0.04194057 0.05466201],0.01232504845,2.930000035,56.43050003,165.3413671
0.01404118538,0.5212257608,0.003524194763,[0.00486484 0.02852633 0.06192172],0.01332807541,2.930000005,56.43549983,165.3560148
0.01504468918,0.5212251559,0.003516571873,[0.00589308 0.03319247 0.06550403],0.01450490952,2.939999996,56.43199984,165.9100793
0.01604151726,0.5212241507,0.00350846174,[0.01129302 0.0290216  0.06508867],0.01550793648,2.930000005,56.43599955,165.357479
0.0170443058,0.5212227453,0.003499588622,[0.01453783 0.02947966 0.05896699],0.01651382446,2.939999996,56.44049962,165.9350687
0.01804828644,0.5212209415,0.003490192011,[0.01432779 0.0238133  0.05242406],0.01752114296,2.930000005,56.43500074,165.3545525
0.01900720596,0.5212187429,0.003479903276,[0.01007622 0.03239714 0.0494051 ],0.01852297783,2.920000015,56.43949954,164.8033395
0.02003860474,0.5212161539,0.003469002808,[0.00441252 0.02724977 0.05428559],0.01962208748,2.960000006,56.43400002,167.0446404
0.02103996277,0.5212131796,0.003458255844,[0.00179924 0.02315184 0.06020638],0.020622015,2.939999996,56.43816694,165.9282106
0.02204203606,0.5212098251,0.003446303885,[0.00413123 0.02026965 0.06491175],0.02166891098,2.890000014,56.43749936,163.1043739
0.02303433418,0.5212060952,0.003434669817,[0.0081425  0.02536236 0.06430669],0.02274298668,2.859999968,56.4331665,161.3988544
0.02400946617,0.5212019943,0.003422459438,[0.01148029 0.02664836 0.05902269],0.02374601364,2.820000006,56.43716749,159.1528126
0.0250082016,0.5211975256,0.003409653498,[0.01366002 0.02247802 0.05323783],0.02474784851,2.829999981,56.42316564,159.6775577
0.02604055405,0.521192691,0.00339658539,[0.01091653 0.02683934 0.05008574],0.02568387985,2.819999991,56.43933296,159.1589184
0.02706217766,0.5211874914,0.003382924092,[0.00537285 0.01240011 0.0529881 ],0.02687096596,2.809999971,56.43633334,158.586095
0.0280444622,0.5211819259,0.00336879452,[0.00198302 0.01699869 0.05797865],0.02786874771,2.789999975,56.43433317,157.4517881
0.02899909019,0.5211759923,0.003355099038,[0.00376018 0.0248505  0.06259129],0.02880597115,2.779999975,56.43449974,156.8879079
0.03004741669,0.5211696867,0.003342088479,[0.00797455 0.02571416 0.06147015],0.02999591827,2.759999959,56.4431661,155.7831361
0.03104567528,0.521163004,0.003329480516,[0.01213051 0.02713857 0.05722785],0.03100585938,2.779999984,56.44083214,156.9055125
0.03200292587,0.5211559378,0.003315308378,[0.01377348 0.01887565 0.04992488],0.03195095062,2.789999975,56.43649991,157.4578333
0.03300642967,0.521148481,0.003301110277,[0.01105256 0.02303291 0.046177  ],0.03312301636,2.789999975,56.4311676,157.4429562
0.0340359211,0.5211406256,0.003286844577,[0.004685   0.01263043 0.04628962],0.03412294388,2.799999965,56.43316714,158.012866
0.03503656387,0.5211323633,0.003320241522,[0.00145943 0.01618564 0.05222133],0.03506493568,2.78999996,56.44299952,157.4759664
0.0360019207,0.5211236857,0.003303781424,[0.00556039 0.01942852 0.05786373],0.03619909286,2.78999996,56.44866625,157.4917766
0.03700208664,0.521114585,0.003287853709,[0.01060073 0.02303919 0.05847605],0.0372569561,2.829999952,56.44666672,159.7440641
0.0380423069,0.521105054,0.003272324914,[0.01394118 0.02121717 0.05682102],0.03824591637,2.839999972,56.44866625,160.3142106
0.03904366493,0.5210950868,0.003255828095,[0.01549637 0.01818505 0.05198906],0.03918790817,2.869999973,56.44550006,161.9985836
0.04004430771,0.5210846789,0.003238600687,[0.01268574 0.02250638 0.04840167],0.03918790817,2.859999953,56.44433276,161.430789
0.04104280472,0.5210738277,0.003222172057,[0.00687759 0.03368058 0.04902474],0.04037809372,2.829999952,56.44666608,159.7440623
0.04200410843,0.521062533,0.003205869256,[0.00359474 0.0413047  0.0532891 ],0.04137587547,2.839999972,56.44783274,160.3118434
0.04304885864,0.5210507967,0.003189621944,[0.0055651  0.03607042 0.05730896],0.04230594635,2.819999961,56.44099998,159.1636178
0.04400372505,0.5210386236,0.003173855931,[0.01140467 0.0301848  0.05611485],0.04350495338,2.839999942,56.45050049,160.3194181
0.04504203796,0.5210260215,0.003156229919,[0.01545346 0.03525423 0.05262841],0.04451799393,2.829999981,56.43883324,159.721897
0.04604434967,0.5210130009,0.003139714583,[0.01595941 0.04449274 0.05055857],0.04553103447,2.819999991,56.45499992,159.2030993
0.04704236984,0.5209995755,0.003121278561,[0.01480976 0.04029652 0.04934873],0.04651904106,2.730000032,56.45599937,154.1248801
0.04803776741,0.5209857617,0.003102704657,[0.00867989 0.03812726 0.05131437],0.04752087593,2.730000023,56.46249962,154.1426252
0.04905366898,0.5209715792,0.00308362524,[0.0049012  0.03171481 0.05609051],0.04852604866,2.750000013,56.46633275,155.2824158
0.05004549026,0.5209570501,0.00306452197,[0.00704718 0.03753268 0.05921935],0.04952383041,2.739999993,56.46166674,154.7049665
0.05103826523,0.5209421992,0.003045445953,[0.01153599 0.03774225 0.05833469],0.05052781105,2.759999989,56.46066602,155.8314376
0.05203509331,0.5209270534,0.003027231661,[0.01550882 0.04250484 0.05156016],0.05162382126,2.759999994,56.45683289,155.8208584
0.0530359745,0.5209116417,0.003008930054,[0.01378949 0.03494945 0.04619827],0.05261898041,2.79999998,56.44933383,158.0581336
0.05404782295,0.5208959944,0.002990109595,[0.00888118 0.03576909 0.04628816],0.05366897583,2.800000001,56.44983292,158.0595322
0.05504179001,0.5208801434,0.002970861062,[0.00560278 0.03679365 0.05081442],0.05474710464,2.769999994,56.44349988,156.3484943
0.05600094795,0.5208641211,0.002951483044,[0.00402948 0.03696701 0.05456589],0.05574798584,2.760000004,56.4514993,155.8061383
0.05703854561,0.5208479602,0.002932681185,[0.00835648 0.0417109  0.05720079],0.05668187141,2.780000029,56.44733365,156.9235892
0.05803990364,0.5208316934,0.002914878779,[0.01482558 0.0402768  0.05565036],0.05787396431,2.80000004,56.44099998,158.0348022
0.05903792381,0.5208153531,0.002895724899,[0.01971048 0.02872903 0.05262205],0.05886793137,2.820000021,56.44516754,159.1753736
0.06001853943,0.5207989706,0.002877208452,[0.01939066 0.03731384 0.04986605],0.05980992317,2.819999982,56.44333394,159.1702007
0.06104207039,0.5207825761,0.002858740881,[0.01444663 0.037265   0.04959743],0.06099486351,2.750000013,56.44216601,155.2159573
0.06202125549,0.520766198,0.002840632665,[0.00902262 0.0377667  0.05184614],0.06200003624,2.740000023,56.44816717,154.6679793
0.06301426888,0.520749863,0.002821288194,[0.00673965 0.0330102  0.05716811],0.06293702126,2.760000004,56.4393336,155.7725609
0.06401824951,0.5207335958,0.002802911631,[0.00942297 0.02728156 0.05995597],0.06412005424,2.78999999,56.43766721,157.4610909
0.0650165081,0.5207174187,0.002783775874,[0.01333125 0.0259414  0.0580608 ],0.06512713432,2.819999952,56.41583379,159.0926486
0.06601500511,0.5207013514,0.002763937911,[0.01609917 0.02230505 0.05308555],0.06612586975,2.889999984,56.41650009,163.0436844
0.06701612473,0.5206854115,0.002743489167,[0.01658693 0.0263247  0.05013864],0.06716680527,2.870000003,56.43650055,161.9727567
0.06801962852,0.5206696137,0.002722450192,[0.01333272 0.03287163 0.04994191],0.06824684143,2.849999983,56.43649991,160.8440238
0.06901144981,0.5206539706,0.002714539098,[0.00945229 0.03517356 0.05390696],0.06924986839,2.809999947,56.43933296,158.5945226
0.0700109005,0.5206384923,0.002693974133,[0.00546578 0.03789761 0.05978229],0.07025384903,2.849999933,56.43700027,160.845447
0.0710105896,0.5206231868,0.002674698795,[0.00716612 0.03987123 0.06305494],0.07125496864,2.879999954,56.43549983,162.5342369
0.07201099396,0.5206080599,0.002656354033,[0.0126879  0.04013074 0.05959167],0.07220602036,2.929999996,56.43100039,165.3428309
0.07300972939,0.5205931158,0.002638265889,[0.01551763 0.04178118 0.0519646 ],0.07220602036,2.939999986,56.43033346,165.9051796
0.07401227951,0.5205783574,0.002620017289,[0.01324824 0.04332795 0.04838156],0.07337284088,2.859999944,56.43150012,161.3940871
0.07501292229,0.5205637861,0.002601404505,[0.00928971 0.04301942 0.05047571],0.07437396049,2.840000002,56.43666712,160.2801347
0.07601428032,0.5205494026,0.002582257929,[0.00731531 0.04478671 0.05405787],0.07537198067,2.870000003,56.44149907,161.9871025
0.07701134682,0.5205352069,0.002562932909,[0.00755515 0.04337589 0.05824828],0.07641577721,2.869999994,56.44433339,161.9952365
0.07801055908,0.520521199,0.002544140649,[0.01073692 0.04296035 0.05954446],0.07750701904,2.879999934,56.44266701,162.5548772
0.07901263237,0.5205073785,0.002526082599,[0.01448932 0.04681333 0.05874875],0.07850694656,2.869999973,56.44733302,162.0038442
0.08001184464,0.5204937458,0.002508535446,[0.01690279 0.05518201 0.05353388],0.07951498032,2.879999934,56.44833374,162.5711974
0.08101058006,0.5204803014,0.002491327065,[0.01497928 0.0378572  0.05078921],0.08051586151,2.849999933,56.45283381,160.8905726
0.08201336861,0.5204670469,0.002474552128,[0.01110614 0.03902355 0.05202566],0.08155798912,2.819999997,56.44766617,159.1824184
0.08301138878,0.5204539848,0.002458205852,[0.00696305 0.05005374 0.05608196],0.08262395859,2.800000001,56.44366646,158.0422661
0.08401823044,0.5204411185,0.002442858357,[0.00520171 0.04101003 0.06054434],0.08362317085,2.819999937,56.44699987,159.1805361
0.08501458168,0.5204284527,0.002428544328,[0.00589279 0.04545711 0.06413648],0.08467507362,2.839999933,56.43050067,160.2626181
0.08601140976,0.5204159932,0.002414884806,[0.00954508 0.04773866 0.06078191],0.08574795723,2.879999934,56.43533325,162.533756
0.08701205254,0.5204037472,0.002401753861,[0.01374494 0.04805362 0.05479095],0.0867497921,2.819999952,56.44583384,159.1772487
0.08801031113,0.5203917227,0.002389033705,[0.01449393 0.04913747 0.05128775],0.0877468586,2.839999942,56.4488341,160.3146856
0.08901166916,0.5203799288,0.002376473979,[0.01102795 0.0527489  0.05384105],0.08868503571,2.799999936,56.44616699,158.0492639
0.09001064301,0.5203683756,0.002363901528,[0.00722619 0.04773377 0.05923292],0.08987307549,2.830000002,56.44449933,159.7379332
0.09101104736,0.5203570736,0.002351639085,[0.00729556 0.04455246 0.06506126],0.09087300301,2.849999962,56.43983332,160.8535228
0.09201622009,0.5203460339,0.002339534352,[0.00932346 0.04349048 0.06692188],0.09181404114,2.859999944,56.43916702,161.4160145
0.0930185318,0.5203352674,0.002327046889,[0.01127477 0.04042726 0.06249209],0.0929980278,2.859999944,56.4405009,161.4198294
0.09401154518,0.5203247853,0.002314019753,[0.01296774 0.04088294 0.05609763],0.09399485588,2.799999941,56.44216728,158.0380651
0.09501385689,0.520314598,0.00230063676,[0.01151224 0.04424584 0.05081975],0.09493708611,2.819999946,56.44633293,159.1786558
0.0960111618,0.5203047153,0.002287339252,[0.0080523  0.05056831 0.05329153],0.09594798088,2.859999953,56.4483331,161.44223
0.09701061249,0.5202951461,0.002273726733,[0.0049597  0.05172211 0.05764602],0.09713768959,2.839999972,56.44550006,160.3052186
0.09801030159,0.5202858976,0.002260274361,[0.00448189 0.04971182 0.06203237],0.09812283516,2.869999973,56.43666776,161.973235
0.09901046753,0.5202769759,0.002247438014,[0.00663415 0.03879491 0.06473361],0.09907984734,2.889999954,56.44116592,163.1149669
0.1000130177,0.5202683851,0.002235124998,[0.01021507 0.04574344 0.06423059],0.1000709534,2.859999953,56.43150012,161.3940877
0.1010117531,0.5202601271,0.002223058203,[0.01520429 0.05315461 0.0593058 ],0.1012489796,2.839999933,56.43033282,160.2621414
0.1020104885,0.520252202,0.002210991236,[0.0158885  0.06326566 0.05524076],0.1022489071,2.839999942,56.4350001,160.275397
0.1030097008,0.5202446075,0.002285008676,[0.0124201  0.05923433 0.05608308],0.1032071114,2.819999982,56.44666672,159.1795991
0.1040177345,0.520237339,0.00227317962,[0.00642227 0.05456013 0.05894993],0.1032071114,2.839999972,56.44299952,160.2981171
0.1050126553,0.5202303896,0.00226111546,[0.00392703 0.05459533 0.06142712],0.1043698788,2.829999981,56.43983396,159.7247291
0.1060109138,0.5202237503,0.002249116431,[0.00559707 0.05543814 0.06273684],0.1053769588,2.789999975,56.44266637,157.4750378
0.1070098877,0.52021741,0.002237627449,[0.01121044 0.06563857 0.06047342],0.1063730717,2.720000042,56.45783361,153.5653098
0.108011961,0.5202113554,0.002226953118,[0.01474691 0.05533582 0.05719734],0.1073241234,2.709999992,56.45516713,152.9935025
0.1090147495,0.5202055717,0.002217396429,[0.01699261 0.05179903 0.05587792],0.1085059643,2.750000037,56.45633252,155.2549165
0.1100103855,0.5202000427,0.002209219787,[0.01430665 0.05410438 0.05551488],0.1095118523,2.730000032,56.45366669,154.1185119
0.1110105515,0.5201947509,0.002202152596,[0.0089349  0.0557814  0.05933415],0.1105158329,2.770000009,56.44783274,156.3604972
0.1120140553,0.5201896782,0.002196297973,[0.00621115 0.06453501 0.06133091],0.1115128994,2.750000028,56.4483331,155.2329176
0.1130235195,0.5201848059,0.002191503029,[0.00787453 0.0699745  0.06038127],0.1125209332,2.730000041,56.43866666,154.0775623
0.114027977,0.5201801152,0.002187754972,[0.0116237  0.07038107 0.05868431],0.1136059761,2.750000037,56.43533389,155.1971703
0.1150214672,0.520175588,0.002185142801,[0.01471119 0.0754614  0.05746012],0.1145660877,2.760000018,56.43833288,155.7697998
0.1160166264,0.5201712065,0.002183984701,[0.01737815 0.08347457 0.05495085],0.1156229973,2.740000047,56.44099998,154.6483426
0.1170222759,0.5201669544,0.00218456748,[0.01696287 0.08471737 0.05429588],0.1166250706,2.780000029,56.44666672,156.9217351
0.118019104,0.5201628167,0.002186011647,[0.01223415 0.07744355 0.05740809],0.1176700592,2.760000048,56.45166651,155.8066023
0.1190168858,0.5201587802,0.002187735926,[0.00901711 0.07313278 0.06055973],0.1187489033,2.730000047,56.45099958,154.1112315
0.1200165749,0.5201548339,0.002189331797,[0.00972855 0.07477101 0.06094351],0.1197509766,2.740000037,56.45183372,154.6780265
0.1210169792,0.5201509692,0.002190950883,[0.0142484  0.07505342 0.06084174],0.1207489967,2.720000036,56.45399984,153.5548816
0.1220154762,0.5201471797,0.002192863333,[0.01841353 0.08304463 0.05989652],0.1217467785,2.700000055,56.45049922,152.416351
0.1230266094,0.5201434622,0.002195101208,[0.02048366 0.07379462 0.05667507],0.1226799488,2.790000029,56.45400047,157.506663
0.1240177155,0.5201398157,0.002197384837,[0.01830318 0.07152815 0.05380224],0.1238749027,2.83000005,56.44833374,159.7487873
0.1250083447,0.5201362423,0.002199351092,[0.01302657 0.06861722 0.0545139 ],0.1248729229,2.780000059,56.43600082,156.8920856
0.1260008812,0.5201327467,0.002200271621,[0.00885842 0.06864342 0.05580839],0.1259298325,2.819999967,56.44599978,159.1777175
0.1270012856,0.5201293358,0.002200249937,[0.0082461  0.07326888 0.0566901 ],0.1269989014,2.769999985,56.4476668,156.3600362
0.1279993057,0.5201260193,0.002199752632,[0.01058315 0.07534476 0.05796388],0.1279969215,2.759999994,56.45383263,155.8125777
0.1290032864,0.5201228085,0.002199633339,[0.01610485 0.07897338 0.05837152],0.12895298,2.789999995,56.44699987,157.4871294
0.1299993992,0.5201197165,0.002199724118,[0.01867972 0.07060307 0.05619336],0.1301250458,2.85000005,56.44783338,160.8763279
0.1310038567,0.5201167578,0.002199747373,[0.01749461 0.06088324 0.05536913],0.1311399937,2.880000044,56.44433339,162.5596826
0.1320073605,0.5201139478,0.002199524106,[0.01334938 0.06812265 0.05422505],0.132142067,2.860000003,56.44383303,161.4293627
0.1330053806,0.520111302,0.002198050617,[0.0095579  0.06877524 0.05467482],0.1331489086,2.830000002,56.44383367,159.7360494
0.1340079308,0.5201088361,0.002195019441,[0.00773571 0.04710403 0.05434128],0.1340520382,2.830000002,56.43733406,159.7176555
0.135014534,0.5201065649,0.002190403781,[0.01006751 0.05299334 0.05332262],0.1350560188,2.860000033,56.43166669,161.3945686
0.1360051632,0.5201045024,0.00218496665,[0.01568391 0.05529569 0.05466379],0.1360599995,2.830000002,56.43833351,159.7204839
0.137005806,0.5201026607,0.002186903703,[0.0179216  0.05657569 0.05582431],0.1371817589,2.84999999,56.43766721,160.847351
0.1380059719,0.5201010498,0.002181219543,[0.01744238 0.05388095 0.05467169],0.1382040977,2.879999992,56.44200007,162.5529597
0.1390004158,0.5200996772,0.002175756348,[0.01412483 0.06149527 0.05363301],0.1391968727,2.819999989,56.44450061,159.1734911
0.1399989128,0.5200985474,0.002170717529,[0.01053219 0.07057799 0.05194343],0.1402509212,2.830000039,56.45283254,159.7615183
0.141002655,0.5200976614,0.002165891426,[0.0091265  0.06021587 0.05185458],0.1411910057,2.800000045,56.45350075,158.0698047
0.142002821,0.5200970169,0.002161451129,[0.00879187 0.05872124 0.04867971],0.1411910057,2.819999982,56.44316673,159.1697292
0.1430108547,0.5200966076,0.002157392184,[0.00940425 0.05779762 0.04738736],0.1423749924,2.850000042,56.4388326,160.8506753
0.144005537,0.5200964231,0.002153794865,[0.00900707 0.0599151  0.04784498],0.1433780193,2.890000034,56.44349988,163.1217166
0.145036459,0.5200964492,0.00215038778,[0.00872657 0.06106221 0.04974517],0.1443150043,2.850000005,56.42766635,160.8188494
0.1460328102,0.5200966678,0.002147634907,[0.0094336  0.06299432 0.04943731],0.1455111504,2.869999994,56.43533325,161.9694061
0.1470384598,0.5200970569,0.002145773827,[0.01015705 0.0577864  0.04778401],0.1465167999,2.869999949,56.44400024,161.9942778
0.1480515003,0.5200975909,0.002144816081,[0.01192808 0.06737719 0.04979166],0.1475260258,2.909999963,56.43799973,164.2345771
0.1490168571,0.5200982412,0.002144923491,[0.01480383 0.06741109 0.04971583],0.1486260891,2.949999947,56.4424998,166.5053714
0.1500439644,0.5200989761,0.002145662578,[0.01464443 0.07860198 0.04992043],0.1496260166,2.959999975,56.43433317,167.0456247
0.1510419846,0.5200997618,0.002146706785,[0.01322819 0.08388634 0.05013929],0.1506700516,2.939999986,56.43866666,165.9296792
0.1520302296,0.5201005625,0.002148239689,[0.01026383 0.06838272 0.04967822],0.1517500877,2.899999965,56.43816694,163.6706821
0.1530418396,0.5201013413,0.002150227976,[0.00714493 0.06344625 0.04777957],0.1527519226,2.920000006,56.43366623,164.7863057
0.1540396214,0.5201020609,0.002152388544,[0.00615176 0.05636452 0.04570642],0.1536858082,2.919999983,56.43149948,164.7799775
0.1550266743,0.5201026839,0.002154587486,[0.00821736 0.0636318  0.04281065],0.154876709,2.949999984,56.42483393,166.4532592
0.1560394764,0.520103174,0.0021571097,[0.01144345 0.07798365 0.04394402],0.1558728218,2.980000015,56.42599932,168.1494789
0.1570034027,0.520103496,0.002159930293,[0.01135963 0.07863717 0.0443609 ],0.1568109989,2.949999955,56.43099976,166.4714467
0.1580221653,0.5201036174,0.002162490773,[0.00805011 0.07254114 0.0436395 ],0.1579968929,2.889999952,56.43083318,163.0851052
0.1590139866,0.5201035082,0.00216435433,[0.00511936 0.06394164 0.04160909],0.1590108871,2.879999947,56.43150012,162.5227173
0.1600012779,0.5201031417,0.002165792014,[0.00379939 0.06134664 0.04276476],0.1600050926,2.899999995,56.43383344,163.6581167
0.161044836,0.5201024954,0.002166754467,[0.00430849 0.07119436 0.04224878],0.1610600948,2.920000058,56.43716621,164.7965286
0.1619989872,0.5201015508,0.00216735015,[0.00565691 0.06607986 0.04208188],0.1621239185,2.930000003,56.43416659,165.3521083
0.163002491,0.5201002944,0.002167677261,[0.0090231  0.07037779 0.03883153],0.1631238461,2.930000003,56.43033346,165.3408772
0.1640045643,0.5200987173,0.002167332967,[0.01106413 0.07016183 0.0385258 ],0.1641247272,2.890000012,56.43216642,163.0889616
0.1650004387,0.5200968159,0.002165978865,[0.00964462 0.07017904 0.03926914],0.1651818752,2.839999985,56.43716621,160.2815512
0.1659986973,0.5200945915,0.002163723406,[0.00643934 0.07269906 0.04111729],0.1661937237,2.779999983,56.44749959,156.9240479
0.1669986248,0.5200920504,0.002160525984,[0.00397552 0.07169602 0.03905293],0.1672480106,2.779999983,56.44583257,156.9194136
0.1680021286,0.5200892035,0.002156313726,[0.00328871 0.06082203 0.03911691],0.1682479382,2.799999993,56.44883347,158.0567333
0.1690022945,0.5200860662,0.002151365872,[0.00390831 0.06838526 0.0384784 ],0.1692488194,2.85000002,56.45066706,160.8844023
0.1699995995,0.5200826578,0.002145896017,[0.00688704 0.06284872 0.03656871],0.1702020168,2.830000024,56.44716708,159.7454842
0.1710104942,0.5200790012,0.002140280426,[0.0088305  0.06280881 0.03363116],0.1702020168,2.809999954,56.44366646,158.6067001
0.1720478535,0.5200751216,0.002134071064,[0.00781226 0.06712238 0.0321402 ],0.1713759899,2.779999968,56.43916702,156.9008825
0.1730422974,0.5200710466,0.0021271329,[0.00414485 0.06618786 0.03366   ],0.1733179092,2.759999987,56.4406662,155.776238
0.174049139,0.520066805,0.002119162639,[0.00018426 0.06775428 0.03474538],0.1733179092,2.809999984,56.44149971,158.6006133
0.1750383377,0.5200624261,0.002143532785,[-0.00113968  0.06802952  0.03280775],0.174505949,2.799999978,56.4495004,158.0585999
0.1760356426,0.5200579387,0.00213572898,[0.00147592 0.0640002  0.03341523],0.1755068302,2.83999997,56.45116679,160.321312
0.1770408154,0.5200533705,0.002128307076,[0.00374654 0.07142983 0.03408844],0.1765120029,2.799999993,56.45850054,158.0838011
0.1780438423,0.5200487472,0.002121251886,[0.00571283 0.06798418 0.03531863],0.1775579453,2.799999963,56.45783361,158.081932
0.1790339947,0.5200440914,0.002114553561,[0.00734133 0.06825019 0.03468001],0.1786248684,2.789999973,56.45683352,157.514564
0.180008173,0.5200394226,0.002108257729,[0.00614059 0.07069061 0.03488199],0.179623127,2.799999963,56.45799955,158.0823967
0.1809990406,0.5200347558,0.002102355911,[0.00468804 0.06773453 0.03432193],0.1806681156,2.82999998,56.45433299,159.7657612
0.1819975376,0.5200301014,0.002096713144,[0.00240229 0.06393106 0.03280473],0.1817510128,2.879999992,56.44733302,162.5683186
0.1830093861,0.5200254644,0.002091227806,[0.00122585 0.06123445 0.02951762],0.1827471256,2.880000021,56.44050026,162.5486419
0.1840295792,0.5200208445,0.00208603035,[0.00133542 0.0687199  0.02965375],0.1836898327,2.820000026,56.43950017,159.159392
0.1849970818,0.5200162357,0.002081303056,[0.00044401 0.07740868 0.03011081],0.1848859787,2.810000021,56.42916743,158.5659617
0.1860070229,0.5200116261,0.002077634822,[0.00036328 0.08015301 0.03015217],0.1858699322,2.839999951,56.43500074,160.2753994
0.1870017052,0.5200069982,0.002075008601,[0.00141903 0.07797539 0.03040917],0.1868708134,2.899999995,56.43149948,163.6513482
0.1880021095,0.5200023291,0.002073154683,[0.00256766 0.08215057 0.03039135],0.1878199577,2.880000003,56.43783379,162.5409615
0.1890010834,0.519997591,0.002072047735,[0.00346934 0.07991518 0.03144575],0.1889979839,2.869999982,56.44216665,161.9890173
0.1900103092,0.5199927514,0.002071480641,[0.00436778 0.07484614 0.02812588],0.1900017262,2.829999976,56.44050026,159.7266144
0.1910007,0.5199877741,0.002071033404,[0.00229263 0.08401362 0.02540551],0.1910140514,2.809999995,56.44316673,158.6052982
0.1920001507,0.51998262,0.002070197932,[-0.00010352  0.08810101  0.02554565],0.192060709,2.78000002,56.43599892,156.8920781
0.1929993629,0.5199772476,0.0020688039,[-0.00188062  0.07869398  0.02608416],0.1930658817,2.819999997,56.43666649,159.1513993
0.1940019131,0.5199716144,0.002066657872,[-0.00216794  0.0749477   0.02588177],0.194067955,2.850000001,56.43099976,160.8283494
0.1949980259,0.5199656778,0.002064181833,[-0.00233497  0.08888652  0.02483467],0.1951239109,2.879999924,56.43433253,162.5308734
0.1960077286,0.519959396,0.002061500191,[-0.00028268  0.08392378  0.02460451],0.1960790157,2.820000015,56.43950017,159.1593913
0.1969985962,0.5199527294,0.002058508148,[0.00201689 0.08430406 0.02354143],0.1971890926,2.81000001,56.43883324,158.593122
0.1980001926,0.5199456415,0.002055214277,[0.00399764 0.07819423 0.02428984],0.1982059479,2.81000001,56.43866603,158.5926521
0.1989991665,0.5199381,0.002051322234,[0.00458606 0.08059085 0.02631372],0.1991977692,2.860000003,56.43716749,161.4102992
0.1999993324,0.519930078,0.002046347695,[0.00131793 0.0817937  0.02647152],0.2002489567,2.879999954,56.42533302,162.5049565
0.2009983063,0.5199215547,0.002040176902,[-0.003003    0.07040279  0.02589943],0.2012488842,2.929999996,56.42699941,165.331108
0.2020015717,0.5199125163,0.002032280874,[-0.00432678  0.06237269  0.0255951 ],0.2012488842,2.910000004,56.43549983,164.2273047
0.2030031681,0.519902957,0.002076967116,[-0.0022442   0.04815151  0.02425504],0.202300787,2.869999994,56.4361674,161.9718001
0.2040076256,0.5198928791,0.002065211035,[-0.00011008  0.06496712  0.02378492],0.2033829689,2.859999977,56.44316673,161.4274556
0.2050344944,0.5198822939,0.0020521427,[-7.61022487e-05  6.06890189e-02  2.23262112e-02],0.2053089142,2.879999993,56.44216728,162.5534414
0.2059986591,0.5198712216,0.002038430093,[0.00017738 0.05237123 0.02404027],0.2053089142,2.860000012,56.44216665,161.4245973
0.207038641,0.5198596916,0.002023619635,[-0.00106547  0.04312561  0.0249037 ],0.206510067,2.930000005,56.44733302,165.390686
0.2080039978,0.5198477422,0.002008581737,[-0.00337551  0.03477255  0.02391558],0.2075140476,2.920000015,56.44166629,164.8096664
0.2090032101,0.5198354207,0.001991002306,[-0.00532104  0.030298    0.0229075 ],0.2085208893,2.869999958,56.44166629,161.9875799
0.2100429535,0.5198227822,0.001973264489,[-0.004625    0.02469406  0.02045728],0.2095201015,2.859999953,56.44483376,161.4322219
0.2110085487,0.5198098897,0.001953549529,[-0.00278712  0.02434552  0.02004009],0.2105278969,2.870000003,56.44200007,161.9885404
0.2120046616,0.519796813,0.001932174905,[-0.00120954  0.01596456  0.01867133],0.2115697861,2.839999957,56.44633293,160.3075831
0.2130432129,0.5197836273,0.001911851587,[-0.00043668  0.01103314  0.01784648],0.2126250267,2.880000008,56.44533348,162.5625609
0.2140433788,0.5197704127,0.001890665121,[-0.00149783  0.0131379   0.01848347],0.2136228085,2.939999996,56.44049962,165.9350687
0.21504426,0.5197572527,0.001868433382,[-0.00216798  0.00623823  0.01981297],0.2146689892,2.950000046,56.43050003,166.4699777
0.2160379887,0.5197442325,0.001847047335,[-0.00306629  0.0072222   0.02010505],0.2157549858,2.869999958,56.43433444,161.9665375
0.2170431614,0.5197314381,0.001825377309,[-0.00278506 -0.00241975  0.01822876],0.2167489529,2.870000048,56.429334,161.9521913
0.2180008888,0.5197189548,0.001803980928,[-0.00170601  0.00885263  0.01632467],0.2176868916,2.840000007,56.42650096,160.2512631
0.2190415859,0.5197068652,0.001782818882,[-0.00163282  0.02024606  0.01507028],0.2186899185,2.849999977,56.42200025,160.8026994
0.2200024128,0.5196952484,0.001763408144,[-0.00222371  0.02004088  0.01704207],0.2198739052,2.829999981,56.42433357,159.680863
0.221000433,0.5196841779,0.001742875142,[-0.00364138  0.01686954  0.01754873],0.2208759785,2.900000004,56.42650032,163.6368512
0.2220008373,0.5196737209,0.001724713573,[-0.00317702  0.01695     0.01843922],0.2218737602,2.849999962,56.42650096,160.8155256
0.2230246067,0.5196639366,0.001706688019,[-0.00215675  0.02532644  0.01868499],0.2229239941,2.809999986,56.44550006,158.6118543
0.2240219116,0.5196548753,0.001689637137,[0.00015717 0.01884598 0.01901731],0.2240159512,2.779999999,56.44050026,156.9045907
0.2250015736,0.5196465771,0.001673781999,[0.00219696 0.01821411 0.01979196],0.2250080109,2.810000006,56.43533389,158.5832886
0.22600317,0.5196390716,0.001658663466,[0.0033349  0.02140308 0.0209463 ],0.2260069847,2.78999998,56.44433339,157.4796891
0.2270004749,0.5196323768,0.00164455128,[0.00124222 0.02686449 0.02175996],0.2269668579,2.809999991,56.45016607,158.6249662
0.2280097008,0.5196264987,0.00163081204,[-0.00239489  0.02123894  0.0213449 ],0.2281267643,2.759999979,56.44883347,155.7987792
0.2290010452,0.5196214315,0.001617703044,[-0.00388824  0.01423451  0.0191688 ],0.229131937,2.779999975,56.45116742,156.934244
0.2299997807,0.5196171571,0.001604816619,[-0.00231338  0.02018105  0.01810599],0.230134964,2.76999997,56.44833374,156.3618828
0.2309994698,0.5196136454,0.001592605951,[0.00063929 0.01317501 0.02058851],0.2311449051,2.76999997,56.44666672,156.3572651
0.2320039272,0.5196108551,0.001581270104,[0.00430147 0.0248134  0.02189439],0.2320780754,2.789999966,56.44200007,157.4731783
0.2330098152,0.5196087337,0.001571282451,[0.00661783 0.03225639 0.02238029],0.2331650257,2.800000001,56.44900068,158.0572019
0.2340192795,0.519607219,0.001562436562,[0.0054088  0.03590683 0.02233724],0.2340641022,2.769999994,56.43716621,156.3309501
0.235006094,0.5196062394,0.001554474509,[0.00288134 0.02485883 0.02230807],0.2352507114,2.759999994,56.43266678,155.75416
0.2360019684,0.5196057156,0.001546747922,[0.00058053 0.00974274 0.01925284],0.2362589836,2.76999997,56.43983396,156.3383384
0.2370009422,0.5196055618,0.001539276201,[0.00109513 0.01352992 0.01910787],0.2372021675,2.799999971,56.44500033,158.0459993
0.2380514145,0.5196056869,0.001637407929,[0.00205532 0.00804388 0.01986365],0.2372021675,2.799999971,56.45583344,158.076332
0.2390377522,0.5196059961,0.001629967329,[0.00323631 0.01599181 0.02192308],0.2383768559,2.810000001,56.45949999,158.651195
0.2400379181,0.5196063927,0.001621422414,[0.0022066  0.01027774 0.02412132],0.2393808365,2.749999998,56.45983251,155.2645393
0.2410373688,0.5196067793,0.001612494893,[0.00204809 0.00288337 0.02646893],0.2404358387,2.750000013,56.45783297,155.2590414
0.2420420647,0.5196070598,0.001602458865,[ 0.00197159 -0.00651168  0.0268906 ],0.2415089607,2.749999983,56.46066602,155.2668306
0.2430384159,0.5196071405,0.001591635408,[ 0.00289812 -0.00540992  0.0273964 ],0.2425189018,2.76999997,56.45600001,156.3831183
0.2440056801,0.5196069322,0.00158009276,[0.00482871 0.00032253 0.02614465],0.2435178757,2.810000001,56.45599937,158.6413583
0.2450048923,0.519606351,0.001568219546,[ 0.00509069 -0.00177804  0.02590833],0.2445209026,2.760000009,56.45333417,155.8112028
0.2460439205,0.5196053201,0.001556217164,[0.00306315 0.0068928  0.02705294],0.2455289364,2.67000002,56.4628334,150.7557663
0.2470386028,0.5196037709,0.00154330503,[-0.00057598  0.00564689  0.02835066],0.2465298176,2.690000046,56.46799978,151.898922
0.2480354309,0.5196016436,0.001529214544,[-0.00390193  0.00585195  0.02721943],0.2476267815,2.700000051,56.46233304,152.4483021
0.2490346432,0.5195988885,0.00151474399,[-0.00533692  0.00274261  0.02632317],0.2486250401,2.710000042,56.4576664,153.0002783
0.2500009537,0.5195954667,0.001499226453,[-0.00319665  0.00412157  0.02727175],0.2496738434,2.720000032,56.4601663,153.5716541
0.2510244846,0.5195913502,0.001483080941,[ 2.88355765e-05 -2.25900285e-03  2.79580951e-02],0.2507481575,2.720000032,56.45399984,153.5548814
0.2520518303,0.5195865222,0.001467123657,[ 0.00309077 -0.00393155  0.02861731],0.2517528534,2.690000031,56.45733261,151.8702265
0.2530360222,0.5195809778,0.001450059445,[0.00285198 0.00907611 0.03139636],0.2527530193,2.740000023,56.45299975,154.6812206
0.2540390491,0.5195747228,0.001432080695,[0.00252444 0.01192022 0.03236037],0.2537529469,2.720000032,56.45549965,153.5589609
0.2550458908,0.5195677743,0.001414865275,[0.00062718 0.00916309 0.03181721],0.2547497749,2.67000005,56.45600001,150.7375229
0.2559993267,0.5195601596,0.001397006672,[-0.00176471  0.00957794  0.02951939],0.2556869984,2.710000042,56.45616659,152.9962138
0.257039547,0.5195519158,0.001378621107,[-0.00376018  0.00309782  0.02699269],0.2566928864,2.730000038,56.45233409,154.1148742
0.258026123,0.5195430886,0.001361699614,[-0.00391461  0.00472557  0.02641868],0.2578730583,2.730000038,56.45516713,154.1226084
0.2590000629,0.5195337319,0.001343570536,[-0.00296978  0.01700098  0.02944315],0.2588760853,2.720000032,56.46016693,153.5716559
0.2600400448,0.519523906,0.001326908272,[-0.00259464  0.02231207  0.03241845],0.2598798275,2.710000042,56.46000036,153.0066033
0.261002779,0.5195136768,0.001309583441,[-0.00157595  0.01427     0.03466331],0.2608149052,2.710000042,56.45600001,152.9957624
0.2620055676,0.5195031142,0.001292343387,[0.00024551 0.02092013 0.03592347],0.2620000839,2.740000028,56.45166651,154.6775678
0.2630217075,0.5194922911,0.001276135398,[0.00248967 0.02041182 0.03714583],0.2630031109,2.730000038,56.45333354,154.1176027
0.2640082836,0.5194812819,0.00126063702,[0.00281045 0.02355076 0.03546888],0.2640180588,2.770000029,56.44850032,156.3623475
0.2650015354,0.5194701612,0.00124596411,[0.00114149 0.02550738 0.03414641],0.264952898,2.720000032,56.43933296,153.5149875
0.2660040855,0.5194590021,0.001232295909,[-0.00225388  0.01944623  0.03389852],0.2660639286,2.740000013,56.44683329,154.664324
0.2670040131,0.5194478757,0.001218673435,[-0.00597296  0.02606237  0.03396147],0.2670779228,2.739999998,56.43833288,154.641032
0.2679994106,0.5194368489,0.00120483343,[-0.0063554   0.02679985  0.03425751],0.2681248188,2.760000009,56.43199921,155.7523183
0.2690007687,0.5194259843,0.001190769542,[-0.0044367   0.02214316  0.03307706],0.2691309452,2.79000001,56.43983332,157.4671356
0.2700066566,0.5194153387,0.001202756056,[-0.00211061  0.02869465  0.03420409],0.2701370716,2.820000011,56.44600042,159.1777218
0.2710027695,0.519404962,0.001188896455,[0.00199502 0.02612457 0.03820502],0.2711389065,2.750000004,56.45066706,155.2393346
0.2720062733,0.5193948972,0.001175154109,[0.00366947 0.03399072 0.03990977],0.2721450329,2.730000023,56.44383303,154.0916655
0.2730076313,0.5193851793,0.001162171344,[0.00484878 0.03218519 0.04168506],0.2731540203,2.730000023,56.44550006,154.0962164
0.274002552,0.5193758351,0.001149533487,[0.00295476 0.04238497 0.04039643],0.274050951,2.77,56.44283358,156.346649
0.2750477791,0.519366883,0.001137185653,[0.00111133 0.05155607 0.03873818],0.2751648426,2.819999982,56.44216728,159.1669107
0.276004076,0.519358333,0.001125101281,[0.00024461 0.04256473 0.03541104],0.2762527466,2.839999992,56.4413325,160.2933839
0.2770035267,0.5193501867,0.001112782356,[-0.0004916   0.04684357  0.03372382],0.2772579193,2.800000001,56.44499969,158.0459992
0.2780017853,0.5193424375,0.001101668986,[-0.00167518  0.04803396  0.03583869],0.2782688141,2.78999998,56.44483312,157.4810833
0.2790033817,0.5193350714,0.001090312318,[-0.00308746  0.05063333  0.03677716],0.2782688141,2.749999989,56.44550006,155.2251245
0.2800045013,0.5193280672,0.001079057335,[-0.00299069  0.05187626  0.03749448],0.279323101,2.769999985,56.44166692,156.3434165
0.2810406685,0.5193213973,0.00106827564,[-0.00043741  0.05522208  0.03875751],0.2803759575,2.800000001,56.44766617,158.0534653
0.2820293903,0.5193150285,0.001058138532,[0.00322632 0.05480054 0.03849798],0.2813830376,2.820000011,56.45000013,159.189001
0.2830519676,0.5193089233,0.001048468285,[0.0069278  0.06313573 0.03684065],0.2833168507,2.800000001,56.44716708,158.0520679
0.2840263844,0.5193030401,0.001040072081,[0.0088135  0.07334602 0.03756091],0.2833168507,2.77999999,56.44516691,156.9175634
0.2850060463,0.519297335,0.00103263384,[0.00854048 0.0774015  0.03799001],0.2845118046,2.739999989,56.44716644,154.6652354
0.2860031128,0.5192917623,0.00102628701,[0.0058601  0.06806876 0.03950572],0.2855210304,2.759999994,56.44783211,155.7960163
0.2870395184,0.5192862762,0.001020522652,[0.00207903 0.06747049 0.04011188],0.2865300179,2.78999998,56.45100021,157.4982895
0.2880012989,0.5192808313,0.001015372954,[-0.00149216  0.07569266  0.03881358],0.2875299454,2.809999991,56.45216688,158.6305884
0.2890048027,0.5192753839,0.001010605202,[-0.0016198   0.08296139  0.03522073],0.2885301113,2.79000001,56.4563338,157.5131719
0.2900440693,0.5192698933,0.001007025655,[0.0001935  0.08581995 0.03336367],0.2896270752,2.759999994,56.46100044,155.8323609
0.2910385132,0.5192643222,0.001004408032,[0.00165058 0.08861352 0.03220035],0.290626049,2.750000004,56.45949936,155.2636234
0.2920382023,0.519258638,0.001002895132,[0.00321204 0.08612017 0.03442013],0.2916269302,2.760000009,56.45616659,155.8190203
0.2930297852,0.5192528133,0.001002470272,[0.00411118 0.08790366 0.037677  ],0.2926807404,2.78999998,56.44683329,157.4866638
0.2940425873,0.5192468269,0.001002412204,[0.00587981 0.08240848 0.03946377],0.2937529087,2.819999982,56.43266678,159.1401193
0.2950370312,0.5192406639,0.001002068864,[0.00675101 0.08010248 0.03897864],0.294754982,2.809999991,56.43649991,158.5865643
0.2960047722,0.5192343162,0.001001121435,[0.00685514 0.07097218 0.03738716],0.2956938744,2.77999999,56.44150035,156.9073704
0.2970056534,0.5192277831,0.0009993883529,[0.00618482 0.0739645  0.03545034],0.296875,2.759999979,56.43883324,155.7711786
0.2980029583,0.5192210709,0.0009969403384,[0.00503669 0.07913962 0.03479907],0.2978868484,2.77,56.44616636,156.3558808
0.2990031242,0.5192141932,0.0009939386268,[0.00431967 0.07816921 0.03434832],0.2989399433,2.79000001,56.43899981,157.4648101
0.3000276089,0.5192071706,0.0009906605259,[0.00362297 0.07419295 0.03267292],0.3000018597,2.800000001,56.43416723,158.0156683
0.3010513783,0.5192000303,0.0009869144226,[0.001362   0.07411663 0.03121827],0.3009240627,2.800000001,56.43249957,158.0109988
0.3020107746,0.5191928056,0.000982525649,[0.00036196 0.07598743 0.02965218],0.3019418716,2.77,56.44483312,156.3521877
0.3030054569,0.5191855356,0.001017301531,[0.00244842 0.07652708 0.02991659],0.3029549122,2.77999999,56.44150035,156.9073704
0.3040044308,0.5191782641,0.001011934522,[0.00511418 0.07161213 0.03190063],0.3039610386,2.739999998,56.44433403,154.6574752
0.3050005436,0.519171039,0.001005908672,[0.00617063 0.06654653 0.03347346],0.3050708771,2.710000027,56.43766658,152.9460779
0.3060026169,0.5191639114,0.0009994122364,[0.00379378 0.06317953 0.0340998 ],0.3061418533,2.710000027,56.45049985,152.9808561
0.3070001602,0.5191569346,0.000992248187,[0.00128871 0.0659286  0.03271341],0.3071348667,2.739999998,56.45399984,154.6839595
0.3080046177,0.5191501632,0.0009843246575,[-0.00104465  0.05955257  0.02954042],0.3081467152,2.720000047,56.45566686,153.5594165
0.3090002537,0.519143652,0.0009760334947,[-0.00233921  0.06421311  0.02626793],0.3091497421,2.670000065,56.45766576,150.7419713
0.3100016117,0.5191374547,0.0009675483274,[-0.00223008  0.07033868  0.02510731],0.3101580143,2.649999965,56.45966657,149.6181144
0.3110017776,0.5191316236,0.0009596031506,[-0.00130619  0.0721519   0.02733603],0.3110640049,2.689999957,56.46133296,151.8809832
0.3120019436,0.5191262078,0.0009523690366,[0.00026628 0.07457004 0.03083948],0.3121640682,2.699999947,56.45733388,152.4347985
0.3130047321,0.5191212531,0.0009458116535,[-0.0011131   0.08242599  0.03331254],0.3130710125,2.729999948,56.45866648,154.1321566
0.3140015602,0.5191168003,0.0009398647753,[-0.00277963  0.07162929  0.02963693],0.3140769005,2.709999958,56.45900091,153.0038901
0.3149986267,0.5191128853,0.0009344134214,[-0.00281494  0.07433929  0.02710729],0.3150939941,2.699999968,56.45666758,152.4330006
0.3160383701,0.5191095379,0.0009297194669,[-0.00203287  0.07756519  0.02520766],0.3162720203,2.709999967,56.46283277,153.014275
0.3169984818,0.5191067814,0.0009260480776,[-0.00084465  0.0767627   0.02419562],0.3172531128,2.679999957,56.46500015,151.326198
0.3180053234,0.5191046325,0.000923700344,[-0.00136472  0.07443227  0.02539379],0.3172531128,2.689999957,56.46499952,151.8908463
0.3190066814,0.5191031007,0.0009234380859,[-0.0027288   0.08134424  0.0277526 ],0.3183028698,2.679999966,56.46483294,151.3257504
0.3200414181,0.5191021883,0.0009252440265,[-0.00428651  0.07740948  0.02776772],0.3193769455,2.740000028,56.46733348,154.7204953
0.3210477829,0.5191018907,0.000928760963,[-0.00555166  0.07424033  0.02692071],0.3203799725,2.700000007,56.46166674,152.4465006
0.3220231533,0.5191021961,0.0009335753508,[-0.00517086  0.09029353  0.02539313],0.3213191032,2.699999947,56.45849927,152.437945
0.3230211735,0.5191030864,0.0009392059273,[-0.0036672   0.08640374  0.02425475],0.3225119114,2.65999997,56.44783274,150.1512334
0.3242223263,0.5191045373,0.0009458427854,[-0.00174066  0.08303926  0.02501951],0.323513031,2.679999957,56.43783379,151.2533921
0.3250119686,0.5191065187,0.0009538433751,[-0.00057407  0.08753267  0.02544829],0.3245239258,2.709999958,56.4375,152.9456226
0.3260235786,0.519108996,0.0009646447932,[-0.00182531  0.08299216  0.02702485],0.3255288601,2.729999999,56.43349902,154.0634522
0.3270037174,0.5191119303,0.0009721754069,[-0.00400263  0.08035451  0.02549146],0.3265357018,2.720000023,56.43700027,153.508642
0.3280410767,0.5191152793,0.0009818375475,[-0.00635074  0.08385592  0.02263052],0.3276278973,2.730000013,56.44450061,154.0934874
0.3290417194,0.5191189986,0.0009913228886,[-0.00567878  0.07196416  0.02169443],0.3286309242,2.700000027,56.4476668,152.4087019
0.3300266266,0.5191230422,0.001001248643,[-0.00304227  0.07748811  0.02354094],0.329679966,2.730000028,56.44383303,154.0916658
0.3310148716,0.5191273638,0.001010848935,[-0.00165159  0.07827981  0.02687609],0.3306820393,2.750000039,56.44083341,155.2122941
0.3320384026,0.5191319172,0.001019968181,[-0.00150987  0.07364494  0.02913757],0.3317539692,2.76000003,56.43200048,155.752323
0.3330070972,0.5191366578,0.001028327462,[-0.00322924  0.07349433  0.02775759],0.3327689171,2.710000038,56.42716662,152.9176237
0.3340289593,0.5191415431,0.001035906831,[-0.004978    0.06683373  0.02489133],0.3337628841,2.720000038,56.44099998,153.5195221
0.3350269794,0.5191465335,0.001076739576,[-0.00594793  0.06785177  0.020204  ],0.3347671032,2.700000042,56.4361674,152.3776544
0.3360006809,0.5191515931,0.00108139528,[-0.0031899   0.05627017  0.02079999],0.3358230591,2.740000049,56.43666649,154.6364689
0.3370029926,0.5191566902,0.001085286646,[-0.00057974  0.04370276  0.02382494],0.3368768692,2.780000011,56.43249957,156.8823494
0.3380036354,0.5191617977,0.001088591013,[0.00034174 0.05028822 0.02714024],0.3378889561,2.820000002,56.43383344,159.1434104
0.3390257359,0.5191668937,0.001091620842,[-8.17736961e-05  5.22060309e-02  2.95222625e-02],0.3389418125,2.800000021,56.42716599,157.996066
0.3400123119,0.5191719612,0.001093936974,[-0.00181501  0.0505502   0.02913237],0.3400030136,2.76000002,56.43600019,155.7633617
0.3410181999,0.5191769889,0.001095033937,[-0.00305292  0.04148685  0.02439238],0.3410060406,2.740000019,56.43549983,154.6332706
0.3420176506,0.5191819704,0.001094746287,[-0.00279282  0.04205868  0.01997091],0.3420159817,2.710000023,56.43600019,152.9415618
0.3430111408,0.5191869044,0.001093383945,[-0.00173078  0.03425155  0.01865405],0.3430309296,2.780000031,56.43600019,156.8920823
0.3440167904,0.5191917944,0.001091527057,[0.00075619 0.03479129 0.02276255],0.3441300392,2.780000031,56.44333331,156.9124683
0.3450124264,0.5191966479,0.001089643088,[0.00137785 0.03058085 0.02690903],0.3451318741,2.75,56.43783379,155.2040429
0.346013546,0.5192014762,0.001087578593,[0.00059051 0.03493256 0.0304479 ],0.3461418152,2.829999954,56.43533389,159.7119923
0.347012043,0.5192062935,0.001085535488,[-0.00058359  0.03727443  0.03038797],0.3471498489,2.739999995,56.43816694,154.6405771
0.348013401,0.5192111164,0.00108327738,[-0.00059637  0.04338751  0.02688124],0.3480618,2.75,56.43649991,155.2003748
0.3490123749,0.5192159627,0.001081049589,[0.00123203 0.03407385 0.02485993],0.3490679264,2.799999982,56.43133291,158.0077311
0.350012064,0.519220851,0.001079601292,[0.00305351 0.03255193 0.02553699],0.3501620293,2.829999983,56.4343338,159.7091637
0.3510117531,0.5192257995,0.001078963027,[0.00388067 0.04434484 0.0262973 ],0.351172924,2.799999982,56.43249957,158.0109978
0.3520140648,0.5192308255,0.001078859934,[0.00356016 0.04433622 0.02708208],0.3522539139,2.769999981,56.44266701,156.3461865
0.3530163765,0.5192359442,0.001079084612,[0.00259078 0.04245532 0.0274991 ],0.3532557487,2.769999981,56.44150035,156.3429549
0.3540122509,0.519241168,0.00107971815,[0.0011116  0.04364846 0.02780274],0.3542129993,2.719999999,56.44499969,153.5303991
0.35501647,0.519246506,0.001080771761,[0.00224688 0.04058708 0.0268242 ],0.3542129993,2.769999981,56.44783274,156.3604956
0.3560113907,0.5192519631,0.001082335878,[0.00563709 0.04102433 0.02785759],0.3553168774,2.779999971,56.44100062,156.9059801
0.3570125103,0.5192575397,0.001084745582,[0.00853449 0.04164201 0.03009929],0.356320858,2.770000011,56.44150035,156.3429566
0.3580245972,0.519263231,0.001088286512,[0.00704025 0.04639425 0.0312548 ],0.3573229313,2.75999999,56.44150035,155.7785404
0.3590097427,0.5192690267,0.001092522691,[0.00374204 0.04345325 0.03114023],0.358383894,2.769999981,56.44483376,156.3521884
0.3600115776,0.5192749113,0.00109680098,[0.00108679 0.04259335 0.02767844],0.3593780994,2.709999979,56.45500056,152.9930503
0.3610138893,0.5192808634,0.001100526691,[0.00080491 0.04310182 0.0266306 ],0.3604309559,2.769999966,56.45233345,156.3729617
0.3620150089,0.5192868562,0.001104010499,[0.00221514 0.04638502 0.02663566],0.3615128994,2.769999981,56.45066643,156.3683449
0.3630137444,0.5192928576,0.001107529916,[0.00621678 0.04160485 0.0289828 ],0.3625199795,2.759999976,56.45216751,155.807981
0.3640151024,0.5192988308,0.001111645847,[0.00920052 0.05201685 0.03248545],0.3635249138,2.719999999,56.45616659,153.560773
0.3650135994,0.5193047343,0.001116549885,[0.00879642 0.05355236 0.0336198 ],0.3645279408,2.75,56.44683329,155.2287916
0.366011858,0.5193105231,0.001121414867,[0.00712464 0.05378256 0.03233773],0.3655359745,2.720000014,56.46166674,153.5757343
0.3670229912,0.5193161489,0.00112558924,[0.00471189 0.05308392 0.02955757],0.3666248322,2.710000068,56.4653333,153.0210571
0.3680086136,0.5193215612,0.001128999891,[0.00403953 0.04628717 0.02815003],0.3676300049,2.740000069,56.45916684,154.6981211
0.3690116405,0.519326708,0.001131868635,[0.00381931 0.04354187 0.02900736],0.3686277866,2.75000003,56.45549965,155.2526257
0.3700118065,0.5193315369,0.001134372681,[0.00346632 0.0567891  0.02917049],0.3696758747,2.710000023,56.45283381,152.9871809
0.3710122108,0.5193359957,0.001136627684,[0.00191902 0.0561938  0.031378  ],0.3707549572,2.710000038,56.44733365,152.9722764
0.3720314503,0.5193400336,0.001138250544,[7.99653885e-05 4.85436129e-02 3.22125994e-02],0.3717548847,2.730000019,56.44250043,154.0880273
0.3730130196,0.519343602,0.001138859723,[-0.00046403  0.04479581  0.03225588],0.372800827,2.770000011,56.43600019,156.3277211
0.3740148544,0.5193466555,0.001138316457,[0.00078061 0.05588022 0.03057016],0.3738789558,2.770000041,56.43533325,156.3258754
0.3750140667,0.5193491525,0.001172290477,[0.0026909  0.06505517 0.03026472],0.3748788834,2.76000005,56.43366623,155.7569216
0.3760139942,0.5193510563,0.001170919764,[0.00350729 0.06146483 0.03387885],0.3758850098,2.680000052,56.44916662,151.2837695
0.3770127296,0.5193523353,0.001169462102,[0.00259998 0.06024555 0.03679975],0.3768279552,2.720000058,56.44883347,153.5408303
0.3780121803,0.5193529639,0.001167397508,[0.00036766 0.06729052 0.03802151],0.3780047894,2.720000029,56.45600001,153.5603216
0.3790152073,0.5193529229,0.001164588185,[-0.00147838  0.06054371  0.03667326],0.3790099621,2.740000039,56.44483312,154.658845
0.3800144196,0.5193521996,0.001160781983,[-0.00330068  0.04137121  0.0329224 ],0.3799519539,2.740000039,56.44616636,154.662498
0.3810136318,0.5193507883,0.001155744752,[-0.00259344  0.05500854  0.0296498 ],0.3810639381,2.76000005,56.44266637,155.781762
0.3820202351,0.5193486898,0.001150159995,[-0.00158579  0.06835972  0.03145582],0.3820729256,2.700000048,56.44483312,152.4010521
0.3830149174,0.519345912,0.001144737793,[-0.00135393  0.07456888  0.03516795],0.383125782,2.690000042,56.45783297,151.8715731
0.3840205669,0.5193424691,0.001139388533,[-0.00218032  0.07074062  0.03734697],0.3841369152,2.680000052,56.45050049,151.2873442
0.3850140572,0.5193383816,0.00113384819,[-0.00271982  0.06307385  0.03796533],0.3851287365,2.710000008,56.44216728,152.9582738
0.3860156536,0.5193336755,0.001127716206,[-0.00480369  0.06267332  0.03490896],0.3861820698,2.700000018,56.45050049,152.4163523
0.3870134354,0.5193283821,0.001121262639,[-0.00646989  0.06652598  0.03211331],0.3870708942,2.700000077,56.45150057,152.4190559
0.3880138397,0.5193225368,0.001114378526,[-0.00599511  0.06279174  0.03173252],0.3882539272,2.680000067,56.45500056,151.2994053
0.3890137672,0.5193161789,0.00110729787,[-0.00515026  0.06329686  0.03388817],0.3892540932,2.660000026,56.45049985,150.1583311
0.3900127411,0.5193093504,0.001100359199,[-0.00395405  0.06355553  0.03738126],0.3902029991,2.640000075,56.44949977,149.0266836
0.3910136223,0.5193020956,0.001093070942,[-0.00463421  0.07186801  0.03974978],0.3902029991,2.700000018,56.45000013,152.4150014
0.392015934,0.5192944595,0.001085211801,[-0.0063024   0.06648316  0.03736989],0.3913807869,2.710000008,56.4483331,152.9749832
0.3930139542,0.5192864875,0.001077146198,[-0.00722066  0.04879219  0.03412586],0.3923869133,2.75000006,56.45183372,155.2425461
0.3940117359,0.5192782246,0.001069189616,[-0.00714787  0.06162088  0.03253638],0.3934309483,2.730000049,56.4488341,154.1053199
0.3950185776,0.5192697142,0.001061879279,[-0.00665255  0.07242973  0.0333446 ],0.3945109844,2.700000077,56.45216624,152.4208532
0.3960118294,0.5192609975,0.001055037925,[-0.00484144  0.07579813  0.03562618],0.3955149651,2.690000087,56.45800018,151.8720254
0.3970115185,0.5192521129,0.001048462863,[-0.00405921  0.07183663  0.03723065],0.3965139389,2.690000087,56.45566686,151.8657488
0.3980112076,0.5192430955,0.001041930052,[-0.00491514  0.07608585  0.03775357],0.3975179195,2.699999988,56.45316569,152.4235467
0.3990132809,0.5192339763,0.001035027818,[-0.00574613  0.07525283  0.03489618],0.3985168934,2.75000003,56.45299975,155.245751
0.40001297,0.5192247818,0.001027881015,[-0.00546994  0.07793134  0.03253559],0.3995261192,2.7700001,56.4483331,156.3618884
0.4010145664,0.5192155342,0.001020667076,[-0.00591708  0.07762239  0.03327052],0.4005360603,2.76000008,56.45216688,155.8079851
0.4020135403,0.5192062508,0.001013847352,[-0.00513397  0.07614608  0.03659678],0.4015309811,2.750000089,56.45166651,155.242088
0.4030144215,0.519196944,0.001007500956,[-0.0053043   0.08535738  0.03884138],0.4025359154,2.75,56.44766617,155.231082
0.4040207863,0.5191876216,0.001001432577,[-0.00512357  0.08871157  0.03953734],0.4036278725,2.780000001,56.44333394,156.9124684
0.4050142765,0.5191782866,0.0009955182726,[-0.00457216  0.08458007  0.0372774 ],0.4046299458,2.799999982,56.42599932,157.9927971
0.4060139656,0.5191689381,0.0009896201461,[-0.0041607   0.08683729  0.03486605],0.4056811333,2.830000043,56.43366687,159.7072796
0.4070129395,0.519159571,0.0009835845358,[-0.00413378  0.09341962  0.03402129],0.4066767693,2.889999986,56.43666712,163.1019672
0.4080171585,0.519150177,0.001012772589,[-0.00425053  0.09079957  0.03593529],0.4077517986,2.810000032,56.43933296,158.5945274
0.4090147018,0.5191407451,0.001007076343,[-0.00339361  0.09194583  0.03935389],0.4087548256,2.810000002,56.44216728,158.6024902
0.4100232124,0.5191312619,0.001001376284,[-0.00282189  0.09027488  0.04108198],0.4096927643,2.840000004,56.4393336,160.2877076
0.4110143185,0.5191217124,0.0009954849611,[-0.00305785  0.09160875  0.03893233],0.410877943,2.840000004,56.4338328,160.2720854
0.4120118618,0.5191120809,0.0009890394292,[-0.00337378  0.08849442  0.03612692],0.4118769169,2.870000005,56.42649968,161.9440544
0.4130134583,0.5191023514,0.0009823889131,[-0.00292306  0.08247588  0.03387683],0.412927866,2.840000004,56.43099976,160.2640395
0.4140148163,0.5190925085,0.000975224818,[-0.00177991  0.08350799  0.03390638],0.4140048027,2.819999993,56.43249957,159.1396484
0.4150130749,0.5190825376,0.0009677999657,[-0.00022675  0.08095369  0.03429214],0.4150047302,2.75999999,56.43100039,155.7495605
0.4160132408,0.5190724263,0.0009600410296,[9.35466506e-05 7.95571451e-02 3.66331373e-02],0.4160048962,2.770000011,56.43100039,156.3138717
0.4170126915,0.5190621641,0.0009513714633,[-0.00061846  0.07197142  0.03778675],0.4169509411,2.800000012,56.4325002,158.0110012
0.4180128574,0.5190517434,0.0009414196969,[-0.00127894  0.06280168  0.03688589],0.4179728031,2.810000002,56.43283335,158.5762619
0.4190115929,0.5190411599,0.0009299541849,[-0.00017628  0.06050543  0.03401075],0.4190790653,2.789999992,56.43716749,157.4596968
0.4200139046,0.5190304126,0.0009173752714,[0.00176926 0.06262728 0.03165761],0.420071125,2.739999995,56.44449997,154.6579296
0.4210140705,0.5190195042,0.0009043473907,[0.00349484 0.05835775 0.03252096],0.4211270809,2.739999995,56.44583321,154.6615827
0.4220142365,0.5190084415,0.0008912829742,[0.00417718 0.05783297 0.03503895],0.4221308231,2.75999999,56.44349988,155.7840591
0.4230127335,0.5189972349,0.0008787171044,[0.00369497 0.04712149 0.03694333],0.4231469631,2.780000001,56.43983332,156.9027367
0.4240186214,0.5189858986,0.0008662900076,[0.00367799 0.04824561 0.03815173],0.4241578579,2.790000021,56.42816671,157.4345863
0.4250180721,0.5189744505,0.0008536487562,[0.00365087 0.05075758 0.03674714],0.4251539707,2.76000002,56.4248333,155.732541
0.4260149002,0.5189629118,0.0008404409582,[0.00307628 0.05334075 0.03580246],0.4262559414,2.730000049,56.42900085,154.0511751
0.4270129204,0.5189513067,0.000827099634,[0.00194377 0.04895795 0.03604808],0.4272580147,2.650000066,56.43416659,149.5505452
0.4280126095,0.5189396622,0.0008137814843,[0.00217183 0.05606887 0.03659415],0.4282619953,2.700000077,56.43216705,152.3668554
0.4290134907,0.518928007,0.0008004070232,[0.00243778 0.05793576 0.03624411],0.4292669296,2.74000001,56.42249997,154.5976505
0.4300136566,0.5189163717,0.000786973813,[0.00267478 0.0558844  0.03644696],0.4302740097,2.76000005,56.42366664,155.7293227
0.4310176373,0.5189047878,0.0007736232441,[0.00277367 0.0537745  0.0342428 ],0.4312727451,2.74000001,56.42366664,154.6008471
0.4320139885,0.5188932875,0.0007602152054,[0.00243452 0.05687469 0.03199299],0.4322779179,2.720000058,56.42683283,153.4809886
0.4330127239,0.5188819024,0.0007470150566,[0.00297242 0.06371229 0.03177926],0.4332809448,2.700000077,56.42366664,152.3439043
0.4340157509,0.5188706639,0.0007344099025,[0.00515364 0.06184058 0.03529011],0.4332809448,2.75000006,56.42966652,155.1815863
0.4350187778,0.5188596017,0.0007222206991,[0.00581267 0.04940868 0.03510272],0.4343798161,2.780000061,56.4331665,156.8842063
0.4360136986,0.5188487439,0.0007315822103,[0.00554881 0.05539623 0.03359779],0.4353809357,2.76000008,56.43816694,155.7693453
0.4370136261,0.5188381162,0.0007196458373,[0.00354119 0.05582144 0.03165532],0.4364330769,2.740000069,56.44666735,154.6638725
0.4380123615,0.5188277417,0.0007077313871,[0.00396177 0.05101997 0.03046824],0.4375128746,2.740000069,56.45616722,154.6899021
0.439012289,0.5188176404,0.0006957316046,[0.00501147 0.04503919 0.03048156],0.4385230541,2.75000006,56.4571654,155.2572082
0.4400165081,0.5188078286,0.0006845787994,[0.00412978 0.05827103 0.03033007],0.4395289421,2.730000049,56.45583344,154.124428
0.441018343,0.5187983194,0.0006746925509,[0.00436554 0.06464932 0.03138428],0.4405319691,2.75000006,56.45466677,155.250337
0.4420137405,0.5187891218,0.0006659527149,[0.00422569 0.06423836 0.0324295 ],0.4415359497,2.800000072,56.4526666,158.0674705
0.4430131912,0.5187802412,0.0006580763222,[0.00425812 0.06564082 0.03388926],0.442535162,2.770000011,56.45149994,156.3706554
0.4440176487,0.5187716791,0.0006504655258,[0.00295163 0.05333274 0.03204987],0.4436330795,2.75000006,56.45583344,155.2535453
0.4450161457,0.5187634333,0.0006427674075,[0.00268204 0.05730697 0.03086545],0.4446308613,2.680000037,56.4424998,151.2659015
0.4460148811,0.518755498,0.0006345955365,[0.00226863 0.05224476 0.03165816],0.4456288815,2.680000067,56.45733388,151.3056586
0.447013855,0.518747864,0.0006264172015,[0.00291739 0.04844584 0.03413107],0.4466757774,2.679999948,56.46200053,151.3181585
0.4480133057,0.5187405195,0.0006184211846,[0.00245462 0.04354755 0.03696334],0.4477570057,2.73999995,56.45216688,154.6789344
0.4490141869,0.5187334495,0.0006109015372,[0.00077783 0.04904023 0.0367102 ],0.4487547874,2.73999995,56.4551665,154.6871534
0.4500136375,0.5187266371,0.0006040116863,[-0.00053724  0.04035356  0.03520767],0.4497509003,2.689999938,56.45000076,151.8504986
0.4510173798,0.5187200636,0.000597763498,[-0.0017983   0.04962708  0.03367752],0.450688839,2.669999957,56.45400047,150.7321788
0.4520130157,0.5187137087,0.0005921666789,[-0.00216341  0.04813965  0.03278044],0.4518790245,2.689999938,56.44733429,151.8433257
0.4530127048,0.5187075517,0.0005868287175,[-0.00307631  0.05681741  0.03388992],0.4528799057,2.730000019,56.44583384,154.0971275
0.4540138245,0.5187015712,0.0005819236539,[-0.00337405  0.06033025  0.03411292],0.4538798332,2.74000001,56.44266701,154.6529081
0.4550142288,0.518695746,0.0005772667262,[-0.00458301  0.06380691  0.03303737],0.454818964,2.729999959,56.44216665,154.0871127
0.4560127258,0.5186900557,0.0005726336111,[-0.00580076  0.05706113  0.03159128],0.4560039043,2.709999979,56.44599978,152.9686582
0.4570147991,0.518684481,0.0005680513329,[-0.00460534  0.05413283  0.03293897],0.4570069313,2.639999986,56.45000013,149.0279995
0.4580140114,0.5186790039,0.0005637555424,[-0.00270637  0.05725473  0.03469602],0.4580099583,2.730000019,56.44699987,154.1003107
0.4590156078,0.5186736086,0.000560133768,[-0.0011115   0.06254285  0.03558193],0.4589548111,2.719999969,56.4375,153.5099983
0.4600133896,0.5186682815,0.0005570756865,[-0.00143133  0.06506888  0.03744448],0.4600689411,2.75,56.43766721,155.2035848
0.4610152245,0.5186630116,0.0005544983669,[-0.00331949  0.07117278  0.03718904],0.4611299038,2.759999961,56.43900045,155.771639
0.4620125294,0.5186577907,0.0005519833095,[-0.00685536  0.07263765  0.03522557],0.4621317387,2.679999977,56.43816694,151.2542861
0.4630126953,0.5186526136,0.0005491548624,[-0.00797128  0.06747119  0.03335948],0.4631328583,2.719999999,56.44149971,153.5208791
0.4640932083,0.5186474782,0.0005459925081,[-0.00693383  0.06382608  0.0326021 ],0.4641418457,2.730000019,56.43066724,154.0557226
0.4650161266,0.5186423857,0.0005426509003,[-0.00663293  0.07155648  0.03291917],0.4651470184,2.799999991,56.42083359,157.9783336
0.4660153389,0.5186373406,0.0005391740955,[-0.00670578  0.07891418  0.03442849],0.4661500454,2.900000045,56.41750018,163.6107531
0.4670162201,0.5186323501,0.0005364596781,[-0.00611592  0.07288454  0.03608618],0.4671547413,2.900000015,56.42033386,163.6189691
0.4680213928,0.518627425,0.0005334955588,[-0.00554912  0.07408605  0.03666003],0.468059063,2.839999983,56.42483393,160.2465274
0.4690134525,0.5186225783,0.0005302088018,[-0.00497129  0.07057562  0.03651029],0.4692559242,2.810000041,56.4223334,158.5467592
0.4700143337,0.5186178261,0.0005267084501,[-0.00329547  0.06514913  0.03654412],0.4702687263,2.820000041,56.42650032,159.1227332
0.4710156918,0.5186131866,0.0005506882851,[-0.0034255   0.06815765  0.03586281],0.4702687263,2.830000002,56.43266678,159.7044471
0.4720127583,0.5186086799,0.0005473264138,[-0.00411476  0.07263078  0.0366105 ],0.4713110924,2.849999983,56.43166669,160.8302491
0.4730143547,0.518604328,0.0005442507728,[-0.00517501  0.07010827  0.03752461],0.4723801613,2.830000002,56.43216642,159.7030311
0.4740140438,0.518600154,0.0005411692194,[-0.00666879  0.05701983  0.03768732],0.4733839035,2.820000011,56.43383344,159.1434109
0.4750123024,0.5185961819,0.0005375799066,[-0.0077401   0.05402626  0.03631638],0.4743888378,2.809999991,56.43666585,158.5870306
0.4760186672,0.5185924361,0.0005332547364,[-0.00520745  0.05646191  0.03672734],0.4753808975,2.77999999,56.43916639,156.900882
0.477013588,0.5185889412,0.0005292606351,[-0.0031643   0.0614587   0.03570439],0.4763338566,2.79000001,56.44550069,157.4829475
0.4780132771,0.5185857214,0.0005257319215,[-0.00083086  0.05751628  0.03709936],0.4775190353,2.809999991,56.44416555,158.6081047
0.4790132046,0.5185827999,0.000523137069,[-0.00013519  0.06186125  0.03840138],0.4785168171,2.830000002,56.44733302,159.7459526
0.4800133705,0.518580199,0.0005216177672,[-0.00141114  0.06362023  0.03913462],0.4795238972,2.800000001,56.44783274,158.0539317
0.481017828,0.5185779392,0.0005210960947,[-0.00288357  0.06741234  0.03617095],0.4805290699,2.77999999,56.45050049,156.9323908
0.4820139408,0.5185760394,0.0005209332698,[-0.00274784  0.0649218   0.03511609],0.4815309048,2.760000009,56.44316673,155.7831407
0.4830145836,0.5185745161,0.0005207774293,[-0.00299876  0.05572906  0.03515678],0.4825320244,2.800000001,56.43983332,158.0315333
0.4840195179,0.5185733833,0.0005209992994,[-0.00282476  0.0591344   0.03697196],0.4836299419,2.869999964,56.44150035,161.9871039
0.4850161076,0.5185726525,0.0005222344544,[-0.00348375  0.07398307  0.03759438],0.4846308231,2.850000013,56.42916616,160.8231243
0.4860162735,0.5185723319,0.0005243858434,[-0.00464839  0.08221838  0.03666069],0.4856779575,2.78000002,56.43983269,156.902736
0.4870126247,0.5185724271,0.0005271240089,[-0.00398588  0.06781381  0.03811528],0.48675704,2.840000002,56.43783379,160.283448
0.4880120754,0.5185729402,0.0005301205132,[-0.00216317  0.0572742   0.03811605],0.4877588749,2.870000003,56.43816694,161.9775393
0.4890124798,0.5185738702,0.0005332150671,[0.00296146 0.05475972 0.04078327],0.4887537956,2.879999993,56.43433317,162.5308791
0.4900147915,0.5185752129,0.0005366058133,[0.00548782 0.06519002 0.04022164],0.4898040295,2.889999984,56.43350029,163.0928149
0.4910144806,0.5185769609,0.0005403153704,[0.00596729 0.07170581 0.03893081],0.4908797741,2.900000004,56.42683347,163.6378173
0.4920148849,0.5185791036,0.0005442116855,[0.00530903 0.07094567 0.03869494],0.4918808937,2.849999992,56.43466695,160.8388004
0.4930169582,0.5185816274,0.0005480937826,[0.00204827 0.06447359 0.03764979],0.4928827286,2.820000021,56.43133354,159.1363618
0.4940159321,0.5185845161,0.0005520267201,[-0.00024434  0.05494288  0.03719246],0.4938879013,2.830000011,56.42650032,159.6869965
0.4950129986,0.5185877507,0.0005557779837,[0.00164138 0.05517371 0.03615965],0.4948289394,2.840000002,56.43383408,160.2720889
0.496014595,0.5185913098,0.0005592039542,[0.00487836 0.06075526 0.03653644],0.4959478378,2.840000002,56.43533389,160.2763483
0.497013092,0.5185951698,0.0005624542741,[0.00783424 0.05099636 0.03587233],0.4970080853,2.839999992,56.4356664,160.2772922
0.4980151653,0.5185993055,0.0005650949003,[0.00757264 0.04484407 0.03777557],0.4980099201,2.840000002,56.43450038,160.2739812
0.4990170002,0.51860369,0.0005666004893,[0.00698272 0.03977684 0.03871944],0.4990129471,2.779999999,56.43050003,156.87679
0.5000193119,0.5186082949,0.0005669234772,[0.00684665 0.0293112  0.0382642 ],0.5000209808,2.810000001,56.42700005,158.5598702
0.50101614,0.5186130914,0.0005659898881,[0.00747606 0.03027216 0.03600376],0.5010290146,2.840000002,56.42533366,160.2479477
0.5020155907,0.5186180495,0.0005642125473,[0.00902087 0.03152932 0.03632603],0.5020358562,2.869999994,56.42466672,161.9387931
0.5030167103,0.5186231394,0.0005625052983,[0.0089525  0.03207451 0.03907953],0.5029389858,2.820000021,56.43833288,159.1560999
0.5040202141,0.5186283309,0.0005339789508,[0.00485115 0.02801154 0.04091987],0.5041320324,2.78999998,56.43833351,157.4629494
0.5050144196,0.5186335943,0.0005322624287,[0.00053734 0.0311562  0.04063081],0.5051319599,2.760000009,56.43933296,155.7725595
0.5060138702,0.5186389005,0.0005304070406,[-0.00016088  0.03226615  0.03998522],0.50608778,2.749999929,56.44650014,155.2278714
0.5070199966,0.518644221,0.0005284454094,[0.00241442 0.02839396 0.03883929],0.507256031,2.739999939,56.44266637,154.6529024
0.5080137253,0.5186495282,0.0005264089987,[0.00586268 0.02794223 0.04012036],0.5082600117,2.739999998,56.45499929,154.686698
0.5090138912,0.518654796,0.0005244390776,[0.00806685 0.02064831 0.0409413 ],0.5092749596,2.719999978,56.45066643,153.5458115
0.5100367069,0.5186599993,0.0005229961176,[0.00934928 0.0240811  0.0432428 ],0.5101909637,2.749999959,56.44949977,155.236122
0.5110161304,0.5186651144,0.0005216803779,[0.00773335 0.02060742 0.0435344 ],0.5101909637,2.739999969,56.45116679,154.6761952
0.5120134354,0.5186701191,0.0005201071504,[0.00604486 0.03332785 0.04395441],0.5113840103,2.77999999,56.44666672,156.9217329
0.5130119324,0.5186749926,0.0005185742663,[0.00697994 0.03714364 0.0433922 ],0.5123870373,2.76999999,56.44050026,156.3401852
0.5140161514,0.5186797156,0.0005174550697,[0.00561052 0.0307209  0.04221081],0.5133149624,2.769999931,56.44666735,156.3572647
0.5150125027,0.5186842699,0.0005168629004,[0.00520218 0.02434955 0.04222941],0.5145158768,2.729999969,56.44716708,154.1007644
0.5160121918,0.5186886386,0.0005166648767,[0.00501726 0.03145106 0.04154861],0.5155208111,2.709999988,56.44683393,152.9709193
0.5170145035,0.5186928058,0.0005169404133,[0.00434606 0.02482502 0.0425844 ],0.5165290833,2.719999919,56.45166651,153.5485283
0.5180168152,0.5186967566,0.0005173378688,[0.00466965 0.02743922 0.04495148],0.5175409317,2.739999969,56.45266724,154.6803065
0.519015789,0.5187004763,0.0005178481721,[0.00768365 0.03175487 0.04580958],0.5185358524,2.750000019,56.4501667,155.2379595
0.5200166702,0.5187039509,0.0005180996082,[0.01047599 0.03080301 0.04700467],0.5195338726,2.76999996,56.45199966,156.3720368
0.5210273266,0.5187071664,0.0005189179036,[0.00952144 0.04561338 0.04659589],0.5206298828,2.77999996,56.45349948,156.9407263
0.522012949,0.5187101083,0.0005204553652,[0.00529638 0.0444385  0.04335356],0.5216298103,2.729999918,56.44666672,154.0993955
0.5230121613,0.518712762,0.0005220501676,[0.0012189  0.04169676 0.0439873 ],0.5226318836,2.740000019,56.43933296,154.6437734
0.5240199566,0.5187151118,0.000523275,[-0.00173643  0.04913175  0.04356445],0.5236730576,2.760000009,56.43799973,155.7688798
0.5250153542,0.518717141,0.0005238722,[-0.003584    0.04284912  0.04451709],0.5247578621,2.819999982,56.42416636,159.1161481
0.5260140896,0.5187188316,0.0005237998924,[-0.00112833  0.04724779  0.04441928],0.5257599354,2.880000014,56.42233276,162.4963191
0.5270133018,0.518720164,0.0005224753298,[0.00209641 0.04905735 0.04484602],0.5267009735,2.850000042,56.43033346,160.8264527
0.528011322,0.5187211169,0.0005201043072,[0.00377471 0.04179008 0.04490382],0.5278840065,2.830000032,56.43050003,159.6983169
0.5290131569,0.518721667,0.0005163408112,[0.00312217 0.03127115 0.04696357],0.5288817883,2.880000014,56.42300034,162.4982417
0.5300149918,0.5187217894,0.0005111646473,[0.00292832 0.03704072 0.04982041],0.5298249722,2.910000015,56.42200025,164.1880216
0.5310130119,0.5187214568,0.0005048976989,[0.00232195 0.03207412 0.05093439],0.531003952,2.910000015,56.41350047,164.1632872
0.5320146084,0.5187206405,0.0004981919326,[0.00160033 0.03674874 0.05261253],0.532006979,2.910000045,56.4028333,164.1322474
0.533012867,0.5187193098,0.0004911277916,[0.00017072 0.03523357 0.0513956 ],0.5330688953,2.880000044,56.39549955,162.4190412
0.534017086,0.5187174325,0.0004835189173,[-0.00249522  0.03905784  0.04980971],0.5340709686,2.870000023,56.39783414,161.8617853
0.5350153446,0.5187149754,0.0004654374533,[-0.00600028  0.03981592  0.04842243],0.535077095,2.880000044,56.40350024,162.4420832
0.5360145569,0.5187119043,0.0004564774788,[-0.00751228  0.03959272  0.04906603],0.5361309052,2.920000035,56.40116692,164.6914094
0.5370140076,0.5187081849,0.0004463745093,[-0.00559742  0.03809462  0.05045846],0.5371398926,2.930000026,56.40633392,165.2705598
0.5380148888,0.518703783,0.0004353504648,[-0.0043035   0.0432028   0.05224307],0.538146019,2.920000006,56.42066701,164.748348
0.5390160084,0.5186986654,0.0004237543798,[-0.00289084  0.04374968  0.05399854],0.5391559601,2.880000014,56.42433357,162.5020815
0.5400178432,0.5186928004,0.0004121053055,[-0.00212054  0.05554619  0.05529841],0.540156126,2.830000002,56.43033282,159.697842
0.5410280228,0.5186861585,0.0004009867295,[-0.00266926  0.06586932  0.05478422],0.5411670208,2.800000031,56.42199961,157.9816006
0.5420124531,0.5186787134,0.0003900703913,[-0.00365393  0.06618832  0.05409653],0.5421719551,2.840000052,56.42783356,160.2550502
0.5430130959,0.5186704426,0.0003788571527,[-0.00426016  0.05641122  0.05154834],0.5430619717,2.880000044,56.42066638,162.4915216
0.5440189838,0.5186613281,0.0003677670077,[-0.00536934  0.05831945  0.05052452],0.5440690517,2.830000032,56.42700005,159.6884119
0.545014143,0.5186513575,0.0003563680455,[-0.00675219  0.07167779  0.04968911],0.5450720787,2.820000021,56.4191672,159.1020527
0.5460157394,0.5186405243,0.0003451023868,[-0.00767072  0.07836915  0.05004656],0.5461931229,2.870000033,56.42183367,161.9306645
0.5470249653,0.5186288288,0.0003341009624,[-0.00722895  0.07998923  0.05221561],0.5472569466,2.890000043,56.42649968,163.0725865
0.5480129719,0.5186162786,0.0003230934732,[-0.00538036  0.06706528  0.05152102],0.5482568741,2.900000064,56.42199961,163.6238025
0.5490148067,0.5186028893,0.0003117871284,[-0.00246303  0.07486523  0.05149426],0.5492639542,2.940000026,56.42266719,165.882643
0.5500171185,0.5185886845,0.000300605026,[-0.00238243  0.08770501  0.05184196],0.5502729416,2.880000023,56.4350001,162.5328016
0.5510132313,0.5185736962,0.0002895914098,[-0.00253226  0.07164832  0.05082608],0.5512087345,2.880000032,56.43199984,162.5241614
0.552012682,0.5185579649,0.0002786303168,[-0.00356787  0.07053781  0.05134401],0.5512087345,2.880000023,56.42883364,162.5150422
0.5530126095,0.5185415395,0.000267734431,[-0.00487432  0.06869552  0.05013509],0.5523838997,2.910000024,56.43216705,164.2176075
0.5540139675,0.518524477,0.000256129835,[-0.00589528  0.0746678   0.05067402],0.5533847809,2.920000024,56.4331665,164.7848476
0.5550127029,0.5185068418,0.0002436329958,[-0.00536586  0.08253692  0.05054049],0.5543370247,2.900000034,56.43499947,163.6615004
0.5560131073,0.5184887055,0.000229957581,[-0.00340953  0.06961306  0.05132483],0.5555150509,2.880000053,56.43983269,162.5467211
0.5570261478,0.518470146,0.0002154877867,[-0.00060524  0.05656771  0.05134588],0.5565190315,2.790000049,56.43983332,157.4671378
0.5580143929,0.518451246,0.0002003105085,[0.00038404 0.0598475  0.05250685],0.557528019,2.780000059,56.43316714,156.884208
0.559014082,0.5184320925,0.0001844820978,[0.00133192 0.05678069 0.05347086],0.558536768,2.870000033,56.44099998,161.9856718
0.5600163937,0.5184127751,0.0001684041293,[0.00237558 0.05925202 0.05334377],0.5595388412,2.870000033,56.43366687,161.9646257
0.5610134602,0.5183933849,0.0001515868145,[0.00342668 0.05817579 0.05187877],0.5605368614,2.900000043,56.43333308,163.6566684
0.5620121956,0.5183740124,0.000134289416,[0.00555901 0.05600318 0.0505257 ],0.5616309643,2.870000012,56.43199984,161.9598402
0.5630147457,0.5183547466,0.0001167187286,[0.00568943 0.05076666 0.05036362],0.5626358986,2.849999992,56.43266678,160.8330999
0.5640182495,0.5183356729,9.86E-05,[0.00458603 0.04780832 0.05178838],0.5636799335,2.810000001,56.42816671,158.5631485
0.5650136471,0.5183168716,8.00E-05,[0.00325894 0.04984722 0.05316454],0.5647568703,2.879999993,56.41250038,162.4680007
0.5660135746,0.5182984164,6.13E-05,[0.00138304 0.04876105 0.05165467],0.5657567978,2.839999942,56.41933314,160.2309029
0.56701231,0.5182803728,4.24E-05,[0.00231159 0.04832668 0.05112003],0.5666930676,2.869999973,56.41966629,161.9244407
0.5680122375,0.5182627964,2.35E-05,[0.00443916 0.04861678 0.0504837 ],0.5678818226,2.809999941,56.42450015,158.5528421
0.5690140724,0.5182457321,-2.96E-06,[0.00580992 0.04408901 0.05022908],0.568901062,2.78999999,56.43333371,157.4490005
0.5700159073,0.5182292127,-2.23E-05,[0.00733629 0.05773898 0.04988673],0.5700089931,2.829999922,56.43099976,159.6997249
0.5710127354,0.5182132581,-4.15E-05,[0.00787963 0.04912655 0.05072892],0.5710098743,2.79999995,56.43483353,158.0175311
0.5720121861,0.5181978749,-6.05E-05,[0.00811644 0.05312562 0.05165342],0.571947813,2.839999992,56.42750041,160.2541007
0.5730125904,0.5181830554,-7.94E-05,[0.00737517 0.05500144 0.04981262],0.5729498863,2.840000002,56.42766698,160.2545743
0.5740120411,0.5181687785,-9.81E-05,[0.00928779 0.05998245 0.05075469],0.5741319656,2.759999949,56.42650032,155.737138
0.5750117302,0.5181550091,-0.0001158946349,[0.01111063 0.06033219 0.05188234],0.5751378536,2.749999939,56.42816671,155.177455
0.5760149956,0.5181416992,-0.0001325155782,[0.01066605 0.0498577  0.0509849 ],0.576146841,2.79999998,56.42016665,157.9764655
0.5770170689,0.5181287886,-0.0001484520752,[0.00995586 0.05087965 0.04981105],0.5771980286,2.829999913,56.42133331,159.6723683
0.5780134201,0.5181162063,-0.0001642306599,[0.00840096 0.04841159 0.04816363],0.5782570839,2.819999931,56.423666,159.1147342
0.5790154934,0.5181038717,-0.0001801567419,[0.00757215 0.03899322 0.0473596 ],0.5792579651,2.79999998,56.42983309,158.0035315
0.5800154209,0.5180916969,-0.000196223184,[0.00786642 0.03725647 0.04902988],0.5802559853,2.799999971,56.43616613,158.0212635
0.5810136795,0.5180795881,-0.0002125249599,[0.0092338  0.04772176 0.05162759],0.5812599659,2.799999941,56.42933337,158.0021301
0.582013607,0.5180674486,-0.0002287224493,[0.00881187 0.04200603 0.05206919],0.5822660923,2.819999952,56.42533302,159.1194364
0.5830154419,0.5180551807,-0.0002452028029,[0.00838915 0.03201746 0.05244257],0.5832679272,2.889999945,56.4279995,163.0769154
0.5840175152,0.5180426884,-0.0002621287667,[0.00779464 0.02084316 0.05265646],0.5832679272,2.890000004,56.42216746,163.0600642
0.5850133896,0.5180298802,-0.0002794085273,[0.00847088 0.02870476 0.05297393],0.584321022,2.810000021,56.41283417,158.5200652
0.5860142708,0.5180166716,-0.0002968827689,[0.00911474 0.02907815 0.05392801],0.5853238106,2.839999992,56.41866684,160.2290134
0.587012291,0.5180029877,-0.0003145236914,[0.01035524 0.02877445 0.0524799 ],0.5863237381,2.869999964,56.42316691,161.934487
0.5880129337,0.5179887656,-0.0003323373459,[0.00971851 0.01548244 0.0513528 ],0.587387085,2.880000014,56.42383385,162.5006423
0.5890135765,0.5179739568,-0.0003501881161,[0.00921333 0.01309167 0.05271353],0.5883858204,2.890000055,56.42350006,163.0639183
0.5900123119,0.5179585292,-0.000368165379,[0.01014079 0.00865569 0.05433278],0.5893878937,2.839999983,56.42683347,160.2522061
0.591012001,0.5179424689,-0.0003860630019,[0.00928289 0.02009977 0.05284914],0.5904390812,2.840000022,56.42933273,160.2593062
0.5920116901,0.5179257815,-0.0004034994628,[0.00812364 0.01920236 0.05116366],0.5915167332,2.830000032,56.42800013,159.6912422
0.5930137634,0.5179084934,-0.0004206295236,[0.00819737 0.01483347 0.05262459],0.5925190449,2.849999953,56.42983373,160.8250235
0.5940132141,0.5178906518,-0.000437154982,[0.00651265 0.01829611 0.05604921],0.5935249329,2.860000033,56.42933464,161.3878989
0.5950126648,0.5178723255,-0.0004528653903,[0.0052134  0.02316963 0.05819601],0.5945289135,2.920000035,56.42316691,164.7556494
0.5960149765,0.5178536041,-0.0004681750543,[0.00517667 0.02243001 0.05883247],0.5955350399,2.930000026,56.4356664,165.356504
0.5970129967,0.5178345971,-0.0004835868281,[0.0040819  0.01770284 0.05755309],0.5965349674,2.869999954,56.43833288,161.9780128
0.598013401,0.517815433,-0.0004988412899,[0.00185408 0.02201748 0.05725615],0.5975368023,2.899999995,56.43783315,163.6697158
0.5990171432,0.5177962569,-0.0005138982812,[0.00114728 0.02032119 0.05643981],0.5985357761,2.880000014,56.43549983,162.5342403
0.6000144482,0.5177772284,-0.0005287492929,[0.00080058 0.02833583 0.05617553],0.5996329784,2.919999916,56.42916679,164.7731623
0.6010124683,0.5177585194,-0.0005432102379,[-0.00137091  0.0162104   0.05640967],0.6006340981,2.929999966,56.42716662,165.3315963
0.6020207405,0.5177403103,-0.0005567243519,[-0.00176036  0.02726597  0.05746101],0.6016819477,2.880000014,56.4229997,162.4982399
0.6030170918,0.5177227871,-0.0005689342769,[-0.00108865  0.03431227  0.05936895],0.6027607918,2.809999961,56.4128329,158.5200583
0.6040198803,0.517706138,-0.0005802185595,[0.00080972 0.04155727 0.06072153],0.6037609577,2.820000011,56.42050044,159.1058119
0.6050143242,0.5176905491,-0.0006021562595,[0.00175666 0.05160957 0.06030179],0.6047608852,2.840000022,56.41199938,160.2100795
0.606013298,0.5176762013,-0.0006119714432,[0.00114412 0.05332806 0.06084543],0.6057019234,2.859999914,56.42133395,161.3650102
0.6070132256,0.5176632662,-0.0006210729656,[-0.00042444  0.04647307  0.06085503],0.6068809032,2.960000006,56.42033386,167.0041886
0.6080152988,0.5176519027,-0.0006294088649,[-0.00102723  0.04027502  0.06053894],0.6078798771,2.889999945,56.42216682,163.060059
0.6090168953,0.5176422535,-0.0006371790673,[-0.00062959  0.03931977  0.06149893],0.608825922,2.889999945,56.41850026,163.0494626
0.6100132465,0.5176344421,-0.0006443289573,[0.00026305 0.04753271 0.06418289],0.6100049019,2.869999964,56.41183408,161.9019618
0.6110136509,0.5176285701,-0.0006505946684,[0.00139245 0.05739526 0.06417482],0.6110057831,2.889999945,56.41300011,163.0335672
0.61201334,0.5176247155,-0.000655785559,[0.0012783  0.05341925 0.06308138],0.6119468212,2.909999926,56.40950012,164.1516412
0.6130149364,0.5176229303,-0.0006601475796,[-0.00031422  0.04276022  0.06109004],0.6131329536,2.889999945,56.40233358,163.0027409
0.6140155792,0.5176232406,-0.0006636717076,[-0.00218968  0.05713867  0.05954162],0.614137888,2.880000023,56.41016706,162.4612824
0.6150159836,0.5176256454,-0.0006662833661,[-0.00313399  0.06443842  0.05913933],0.6151459217,2.880000014,56.41349983,162.4708803
0.6160163879,0.5176301176,-0.0006682559025,[-0.00296304  0.06298476  0.05931295],0.616052866,2.899999935,56.41133372,163.5928641
0.6170134544,0.5176366051,-0.0006696721308,[-0.00187955  0.05845052  0.05867729],0.6171708107,2.949999947,56.41483307,166.4237546
0.6180121899,0.5176450327,-0.000670532162,[-0.001057    0.05960188  0.0622878 ],0.6180667877,2.999999968,56.41966693,169.258999
0.6190149784,0.517655305,-0.0006707805618,[-0.00056978  0.05265106  0.06341104],0.6192560196,2.919999976,56.42483393,164.7605137
0.6200096607,0.5176673093,-0.000670476022,[-0.00055785  0.04434635  0.06265836],0.6202609539,2.919999976,56.42533366,164.7619729
0.6210098267,0.5176809202,-0.0006698338783,[0.0003081  0.03791649 0.06176033],0.6212608814,2.940000026,56.42866643,165.9002808
0.6220111847,0.5176960038,-0.0006688010942,[0.00146319 0.04186228 0.06119729],0.6222629547,2.959999997,56.42516645,167.0184925
0.6230139732,0.5177124229,-0.0006677850327,[0.00331424 0.05336219 0.06250751],0.623267889,2.999999968,56.41283417,169.2385007
0.6240153313,0.5177300427,-0.0006666145252,[0.0037091  0.0510286  0.06193635],0.623267889,3.540000049,56.34833336,199.4731029
0.625013113,0.5177487363,-0.0006649768472,[0.0042794  0.053597   0.06018269],0.6243197918,4.270000041,56.25650024,240.2152583
0.6260125637,0.5177683908,-0.0006632213554,[0.00404591 0.05297059 0.05858532],0.6253240108,4.769999966,56.17633311,267.961107
0.6270143986,0.5177889131,-0.000661365507,[0.00597417 0.07149038 0.05972228],0.6263840199,5.800000027,56.06316694,325.1663697
0.6280114651,0.517810236,-0.0006593169609,[0.00922706 0.12205241 0.06484744],0.6273860931,5.820000008,56.03166644,326.1042991
0.6290121078,0.5178323238,-0.0006571046158,[0.01002123 0.21998246 0.06760199],0.6284329891,5.729999974,56.02050082,320.9974683
0.6300106049,0.5178551771,-0.0006547126315,[0.0090935  0.33800721 0.06676456],0.6295199394,5.529999986,56.03849983,309.8929033
0.6310107708,0.5178788382,-0.0006525404186,[0.00910702 0.42220515 0.06513559],0.630521059,5.229999915,56.07316653,293.2626562
0.6320111752,0.5179033946,-0.0006509831006,[0.01210678 0.44542497 0.06157172],0.6314511299,5.060000017,56.10300001,283.881181
0.6330118179,0.5179289825,-0.000651481227,[0.01591724 0.43727627 0.05785337],0.6326320171,4.930000007,56.14233398,276.7817069
0.6340117455,0.5179557893,-0.0006566685372,[0.01756829 0.35723418 0.05826744],0.633633852,4.949999988,56.15249952,277.9548719
0.6350109577,0.517984055,-0.0006684079663,[0.0167925  0.24976273 0.06263292],0.6346788406,5.090000033,56.15550041,285.831499
0.6360220909,0.5180140729,-0.0006895059711,[0.01640755 0.13644775 0.0694143 ],0.6357569695,5.210000023,56.15499942,292.5675483
0.6370110512,0.5180461887,-0.0007212826468,[0.01733169 0.05696012 0.07353419],0.6367619038,5.349999949,56.12649981,300.2767711
0.6380143166,0.5180807992,-0.0007664989261,[0.01860316 0.0101632  0.07581531],0.6376979351,5.510000154,56.09466616,309.0816192
0.6390166283,0.5181183493,-0.0008202615056,[0.02352661 0.00111558 0.07646561],0.6388828754,5.659999907,56.05799929,317.2882708
0.6400148869,0.5181593284,-0.0008831599194,[ 0.02670739 -0.00304701  0.08058364],0.6398808956,5.639999911,56.04516665,316.0947349
0.6410138607,0.5182042658,-0.0009513437582,[0.02660197 0.00635758 0.08653648],0.640819788,5.509999916,56.03566615,308.7565158
0.6420128345,0.5182537246,-0.001022312763,[0.02595169 0.03516064 0.09365128],0.6420068741,5.330000028,56.04966672,298.7447252
0.643014431,0.5183082956,-0.001093258781,[0.02781298 0.05340442 0.09993536],0.6430151463,7.290000081,55.93416723,407.7600836
0.6440870762,0.5183685901,-0.00116131241,[0.03005071 0.04817386 0.10344185],0.6439499855,7.299999997,55.93100039,408.2963027
0.6450154781,0.5184352318,-0.001224424394,[0.03589389 0.04134703 0.10697303],0.6449508667,9.640000015,55.63983281,536.3679892
0.6460146904,0.518508849,-0.001285427256,[0.04036635 0.03218603 0.10676663],0.6461308002,12.25000003,55.20716667,676.2877934
0.6470136642,0.5185900658,-0.001334040176,[0.04337427 0.05385854 0.1072956 ],0.6471459866,12.40999988,55.07716688,683.5076342
0.648014307,0.5186794941,-0.001382185588,[0.04156851 0.1564952  0.10428257],0.6481308937,12.23999989,55.02549934,673.5121059
0.6490163803,0.5187777246,-0.00142699425,[0.04194104 0.31253629 0.1002048 ],0.6490688324,11.96999991,54.97383245,658.0367694
0.6500124931,0.518885319,-0.001469045615,[0.04285293 0.41630025 0.09675799],0.6502571106,11.38,55.03666623,626.3172615
0.6510131359,0.5190028023,-0.00150799423,[0.05149191 0.52013224 0.09739448],0.651268959,10.8800001,55.10716629,599.5659747
0.6520140171,0.5191306556,-0.001546064027,[0.05976766 0.56303835 0.09859856],0.6521949768,10.21999989,55.19099935,564.0520075
0.6530156136,0.51926931,-0.001587346911,[0.06718581 0.57702669 0.09872364],0.6521949768,9.900000066,55.26549975,547.1284512
0.6540155411,0.5194191408,-0.001635211213,[0.07082923 0.51072146 0.10015804],0.6533849239,9.620000109,55.34399986,532.4092847
0.6550126076,0.5195804635,-0.001692132218,[0.07297299 0.41194187 0.10364038],0.6543879509,9.749999985,55.38366636,539.9907461
0.6560132504,0.5197535305,-0.001760796172,[0.07521958 0.27338147 0.10803281],0.6553208828,10.20000003,55.3870004,564.9474059
0.6570117474,0.5199385288,-0.001843432578,[0.08166523 0.11756701 0.1143285 ],0.6565170288,10.55999993,55.36033312,584.6051138
0.6580145359,0.5201355795,-0.0019426908,[0.08803421 0.00017557 0.12620585],0.6575238705,11.01999985,55.28833326,609.277424
0.6590168476,0.5203447381,-0.002057306422,[ 0.08943588 -0.07276925  0.13924467],0.6584589481,11.24000001,55.2058328,620.5135612
0.6600148678,0.5205659964,-0.002184241189,[ 0.08744542 -0.06484664  0.15107057],0.6596310139,11.91000007,55.12050056,656.4851656
0.6610121727,0.520799285,-0.002319761738,[ 0.08526093 -0.00899845  0.15839248],0.6606330872,11.64999984,55.08133316,641.6975226
0.6620156765,0.521044478,-0.002460114219,[0.08400706 0.0590286  0.16639262],0.66167593,11.63999984,55.05783399,640.8731786
0.6630132198,0.521301398,-0.002601859644,[0.08214091 0.13122343 0.17525867],0.6627559662,20.20000038,54.53783353,1101.664258
0.6640183926,0.5215698217,-0.002742728225,[0.08224871 0.17993597 0.18226458],0.6637568474,27.46999964,53.93616676,1481.626482
0.6650180817,0.5218494877,-0.002879286129,[0.08550547 0.19625072 0.19048605],0.6646950245,29.75999938,53.45900027,1590.939815
0.6660172939,0.5221401035,-0.003011534775,[0.0879445  0.16906735 0.19769201],0.6658809185,34.93999962,51.90483348,1813.554862
0.6670145988,0.5224413538,-0.0031397985,[0.08875377 0.2762231  0.20230533],0.6668848991,37.02999976,51.33133316,1900.799255
0.6680164337,0.5227529091,-0.003343418512,[0.08884984 0.53357289 0.20121952],0.6678819656,36.36000016,51.14116669,1859.492829
0.6690135002,0.5230744337,-0.003468049779,[0.09065348 0.84251745 0.19664372],0.6688928604,34.97999933,51.12399991,1788.317483
0.6700139046,0.523405595,-0.003592812469,[0.09709285 1.12069312 0.19280793],0.6699440479,32.54999998,51.31216685,1670.21103
0.6710116863,0.523746071,-0.00371819941,[0.11144379 1.32251109 0.19692147],0.6710047722,31.15000012,51.55500031,1605.938266
0.6720137596,0.5240955584,-0.003846173703,[0.12827138 1.37841541 0.21447823],0.6720049381,28.81000021,51.94133313,1496.429818
0.6730122566,0.5244537803,-0.003979772182,[0.14400675 1.30096438 0.23001755],0.6729457378,28.43999961,52.26316643,1486.364433
0.6740152836,0.5248204918,-0.004124537235,[0.15110616 1.11083765 0.23116518],0.6739509106,27.9199994,52.42949994,1463.831607
0.6750128269,0.5251954865,-0.004285727635,[0.16363853 0.78756893 0.20914398],0.6749711037,28.77999978,52.58566602,1513.415457
0.6760129929,0.5255786005,-0.004473674948,[0.16038535 0.42406615 0.21510339],0.6761288643,28.0200005,52.62099965,1474.440436
0.6770138741,0.5259697165,-0.00469287719,[0.15129465 0.12484638 0.22136568],0.6771318913,30.37999967,52.45716604,1593.648687
0.6780173779,0.526368766,-0.004942457798,[ 0.1446052  -0.12967181  0.23014572],0.6781299114,30.75000004,52.36083412,1610.095651
0.6790165901,0.5267757305,-0.005218455151,[ 0.14104348 -0.3035569   0.23093618],0.6791300774,32.52000027,52.1331679,1695.370634
0.6800143719,0.5271906417,-0.005516829856,[ 0.12502468 -0.41178722  0.23906494],0.6801319122,32.89999991,51.91383425,1707.965142
0.6810126305,0.5276135808,-0.005831739279,[ 0.10809686 -0.43184649  0.25046271],0.6810698509,33.66999966,51.75583331,1742.61889
0.6820178032,0.5280446758,-0.006156426904,[ 0.099252   -0.38561524  0.25982545],0.682256937,33.43000012,51.62333361,1725.768049
0.683013916,0.5284840986,-0.006483522211,[ 0.09304326 -0.31933561  0.27279706],0.6832590103,34.97999984,51.12333361,1788.294201
0.6840174198,0.5289320609,-0.006807738319,[ 0.08951558 -0.23191951  0.2869512 ],0.6832590103,35.44999963,51.0296669,1809.001673
0.6850140095,0.5293888093,-0.007119500815,[ 0.09237296 -0.1899501   0.30194664],0.6843039989,37.94999983,50.37316704,1911.66168
0.6860134602,0.5298546194,-0.007419996992,[ 0.10138412 -0.15236593  0.31464159],0.6853837967,39.80000021,49.82083321,1982.869172
0.6870148182,0.5303297897,-0.00770408891,[ 0.1118818  -0.16025063  0.32546975],0.6863877773,51.55999996,48.73883375,2512.974266
0.6880171299,0.530814635,-0.007972747249,[ 0.11914378 -0.07015339  0.33299524],0.6873888969,52.84999897,48.5915006,2568.060757
0.689011097,0.5313094797,-0.008224199448,[0.12416692 0.17783293 0.34021553],0.6884300709,52.57000042,48.52883339,2551.160792
0.6900146008,0.5318146504,-0.008457548302,[0.12838745 0.54754684 0.34192585],0.6895179749,52.49000097,48.53716723,2547.715955
0.6910128593,0.5323304692,-0.00867107142,[0.13675789 0.83665008 0.34657115],0.6905179024,51.32000042,48.65316709,2496.880555
0.6920146942,0.5328572473,-0.008866452471,[0.14484885 1.04415344 0.35027199],0.6914539337,49.8400004,48.9009997,2437.225845
0.6930127144,0.5333952783,-0.009042771131,[0.15037218 1.14775797 0.35048971],0.6926319599,48.93999983,49.08650017,2402.29331
0.6940155029,0.5339448325,-0.009203408609,[0.15247941 1.12447959 0.34101365],0.6936318874,47.00000025,49.27416674,2315.885849
0.6950261593,0.5345061519,-0.009354405394,[0.15097834 0.98174845 0.32727972],0.6946730614,45.93000008,49.51083374,2274.032597
0.6960117817,0.5350794454,-0.009505588727,[0.15098591 0.73567399 0.31451138],0.6957600117,45.09000015,49.65583293,2238.981514
0.6970143318,0.5356648855,-0.009663223149,[0.15237096 0.45248247 0.30628302],0.6967558861,44.87999941,49.75216675,2232.877214
0.6980164051,0.5362626055,-0.009818813888,[0.15587874 0.16115582 0.29822798],0.6976900101,45.22000051,49.77049955,2250.622015
0.6990139484,0.5368726971,-0.009978222841,[ 0.15175603 -0.13913985  0.29450518],0.6988830566,46.1600001,49.71783384,2294.975215
0.7000133991,0.5374952103,-0.01013458811,[ 0.1389655  -0.37734455  0.29938311],0.6998829842,47.31000019,49.57299995,2345.298637
0.7010133266,0.5381301529,-0.0104177805,[ 0.12412957 -0.49151941  0.30890042],0.7009267807,48.89000059,49.38133303,2414.253401
0.7020149231,0.5387774916,-0.010558192,[ 0.11523271 -0.56452806  0.31659514],0.7020089626,48.72000051,49.25016658,2399.468141
0.7030131817,0.5394371538,-0.01068474521,[ 0.1079266  -0.56332278  0.33152027],0.7030198574,49.62000013,49.06849988,2434.778971
0.7040185928,0.5401090304,-0.01079448513,[ 0.1059495  -0.52476929  0.34725164],0.7039530277,48.6799996,48.96999931,2383.859547
0.7050163746,0.5407929794,-0.01088732057,[ 0.10594716 -0.48551745  0.36061304],0.7051320076,47.69999981,48.72833316,2324.341482
0.7060146332,0.5414888295,-0.01096567917,[ 0.11321983 -0.44896421  0.36619166],0.7061300278,50.65000021,48.48433367,2455.731511
0.7070126534,0.5421963855,-0.0110303676,[ 0.119854   -0.40410708  0.37110601],0.7070670128,53.37999952,48.20416705,2573.138414
0.7080159187,0.5429154332,-0.01108314769,[ 0.12155248 -0.36544759  0.37633724],0.7082557678,53.61000079,48.11550013,2579.472
0.70901227,0.543645745,-0.01112513789,[ 0.12075451 -0.27316265  0.37793297],0.7092549801,53.74999893,48.03316625,2581.782634
0.7100129128,0.544387086,-0.01115897754,[ 0.11479801 -0.16588973  0.37491429],0.7102577686,54.66000068,47.98383268,2622.796327
0.7110130787,0.5451392196,-0.01118645511,[ 0.10825658 -0.09131453  0.3657627 ],0.7111918926,55.1000005,47.98283323,2643.854135
0.7120146751,0.545901914,-0.01120904159,[ 0.1020941  -0.0735127   0.35654996],0.7111918926,54.77000034,47.93983396,2625.664722
0.7130124569,0.5466749478,-0.01122813506,[ 0.09253742 -0.02810792  0.34294078],0.7123827934,55.7700001,47.85983404,2669.142949
0.7140116692,0.5474581159,-0.01124530998,[0.08517785 0.0026556  0.32243205],0.7133848667,55.03999913,47.77350044,2629.453423
0.7150125504,0.5482512351,-0.01126289331,[0.09216764 0.00807355 0.30520428],0.7143828869,55.34999949,47.70233281,2640.324097
0.7160112858,0.5490541488,-0.01128249523,[ 0.10597873 -0.00867343  0.29568862],0.7153248787,57.19000107,47.652167,2725.227482
0.7170126438,0.5498667318,-0.0113043218,[ 0.12442938 -0.01563127  0.29690256],0.7165179253,57.86999947,47.56666692,2752.682989
0.7180168629,0.5506888946,-0.01132730059,[ 0.14947919 -0.01661932  0.31457754],0.7175168991,57.81000096,47.53066699,2747.747904
0.7190110683,0.5515205862,-0.01135003016,[ 0.17171113 -0.00673302  0.32982591],0.7184491158,57.19000107,47.46516673,2714.532936
0.7200109959,0.5523617976,-0.01137145571,[0.17692407 0.00391527 0.33931217],0.7196309566,57.51000124,47.42366664,2727.335127
0.7210114002,0.5532125634,-0.0113914379,[0.17941286 0.01166378 0.33909767],0.7206308842,58.30000114,47.43366623,2765.382795
0.7220134735,0.5540729635,-0.01141034638,[0.167976   0.00963964 0.32565446],0.7216308117,56.38000035,47.43816694,2674.563869
0.7230126858,0.5549431236,-0.01142804772,[0.14957681 0.01696844 0.31042125],0.7226319313,55.84999987,47.69266701,2663.635446
0.7240195274,0.5558232154,-0.011443918,[0.12724361 0.02663043 0.29929783],0.7236709595,56.87000129,47.98249944,2728.764805
0.7250132561,0.5567134559,-0.01145713904,[0.11603003 0.02684839 0.2993727 ],0.7247600555,55.39000028,48.25400035,2672.789093
0.726013422,0.557614106,-0.01146853226,[0.11520643 0.01771456 0.3002412 ],0.7257599831,45.8100003,49.09433301,2249.01141
0.7270176411,0.5585254684,-0.01147956929,[ 0.12199107 -0.08118157  0.29588451],0.7266979218,46.16000116,49.32600085,2276.888256
0.7280163765,0.5594478856,-0.01149234291,[ 0.13830075 -0.38549209  0.29281863],0.7278828621,45.06000057,49.39400037,2225.693685
0.7290174961,0.5603817363,-0.01150728321,[ 0.16115087 -0.70195362  0.29103525],0.7288959026,46.26999989,49.41616567,2286.48598
0.7300143242,0.5613274323,-0.01152304339,[ 0.17989584 -0.99460476  0.28611074],0.7298219204,47.79000029,49.36133321,2358.978128
0.731013298,0.5622854143,-0.01153919975,[ 0.191233   -1.21080794  0.28401936],0.7310078144,47.08000001,49.13483365,2313.267969
0.732013464,0.5632561477,-0.01155496654,[ 0.18691438 -1.29651391  0.28118163],0.732006073,50.53000033,48.93733406,2472.803506
0.7330162525,0.5642401183,-0.01156835193,[ 0.16866874 -1.24691983  0.27546001],0.7330079079,50.45000085,48.74933306,2459.403895
0.7340121269,0.5652378273,-0.01157582651,[ 0.13893473 -1.10529191  0.2658465 ],0.734017849,49.49000007,48.57016691,2403.737564
0.735014677,0.5662497863,-0.01157259987,[ 0.1226624  -0.85202859  0.2609299 ],0.7349560261,49.77999958,48.40433311,2409.567682
0.7360146046,0.5672765124,-0.01155148242,[ 0.12382753 -0.52681931  0.26874983],0.7361357212,53.12000021,48.34516652,2568.095256
0.7370145321,0.5683185232,-0.01150518181,[ 0.13646803 -0.14935745  0.27571871],0.7371349335,53.02000079,48.22466596,2556.871827
0.738016367,0.5693763313,-0.0113973297,[0.14799998 0.14902158 0.28311337],0.7380828857,51.42999962,48.34933408,2486.606233
0.7390143871,0.5704504396,-0.01129252602,[0.16780211 0.38508883 0.28350857],0.7392568588,49.39000037,48.32783381,2386.91173
0.7400138378,0.571541336,-0.01115954212,[0.18350794 0.62247689 0.27893267],0.7402558327,51.61000043,48.30716642,2493.13288
0.7410151958,0.5726494888,-0.01100450386,[0.20356253 0.75748693 0.26242178],0.7402558327,50.62000111,48.32066536,2445.992134
0.7420127392,0.5737753417,-0.01082992091,[0.21647688 0.89938309 0.24957227],0.7413117886,48.90000036,48.28200022,2360.989828
0.7430140972,0.5749193095,-0.01064072655,[0.22353626 0.92420353 0.23923672],0.7423877716,51.23000002,48.32416662,2475.647057
0.7440178394,0.5760817735,-0.01044114578,[0.23240206 0.87366056 0.22864257],0.7433819771,52.62000084,48.2746671,2540.213024
0.7450144291,0.5772630776,-0.01023323537,[0.24626898 0.78955587 0.22480946],0.7443139553,53.27999854,48.21833356,2569.072742
0.7460136414,0.5784635245,-0.0100216086,[0.25570201 0.66198926 0.22846398],0.7455189228,49.32999958,48.19133377,2377.278475
0.747014761,0.5796833722,-0.009812456122,[0.25685004 0.56143805 0.2216505 ],0.746516943,49.91000199,48.25666618,2408.490305
0.7480163574,0.5809228306,-0.009607098136,[0.24977083 0.40835902 0.20926763],0.7475168705,52.14999925,48.15600014,2511.335371
0.7490129471,0.582182059,-0.00940827423,[0.24671009 0.16337062 0.20704891],0.7485659122,54.81999966,48.05666733,2634.466486
0.7500178814,0.5834611635,-0.009219640203,[ 0.25337561 -0.1542942   0.21947842],0.7496328354,50.279999,47.97766749,2412.317073
0.7510147095,0.5847601953,-0.009045155863,[ 0.25991165 -0.40468528  0.23486823],0.7506389618,55.90000014,47.85516675,2675.103828
0.7520132065,0.5860791485,-0.008885174337,[ 0.26105775 -0.61564449  0.24383294],0.7516767979,53.23999938,47.80766678,2545.28015
0.7530128956,0.5874179598,-0.008742203785,[ 0.23594029 -0.75946995  0.24531451],0.7527599335,57.15000077,47.5309995,2716.396658
0.7540154457,0.5887765078,-0.008617189241,[ 0.19770583 -0.78418156  0.23607109],0.7537589073,54.80000004,47.5195001,2604.068607
0.7550153732,0.5901546125,-0.008507830957,[ 0.14556933 -0.69613074  0.2176227 ],0.7546908855,57.39999897,47.36833318,2718.942276
0.7560133934,0.5915520367,-0.008410736628,[ 0.10873695 -0.50354103  0.20039175],0.7558817863,54.22999994,47.12983386,2555.850887
0.7570209503,0.5929684867,-0.00832139375,[ 0.10208946 -0.29831977  0.19694142],0.7568879128,58.67000012,47.11200015,2764.061054
0.7580165863,0.5944036142,-0.008237981117,[ 0.11723607 -0.07086594  0.20313876],0.7578208447,58.94999932,47.0303332,2772.43811
0.7590136528,0.5958570191,-0.008160950202,[0.15184411 0.11906471 0.20990972],0.7590098381,54.71000077,47.00650024,2571.725664
0.7600128651,0.5973282524,-0.008090868005,[0.17887198 0.31693302 0.20971734],0.7600078583,56.81000043,46.89166641,2663.915589
0.7610166073,0.5988168198,-0.008027734916,[0.19255486 0.45847856 0.20394906],0.7610089779,55.38000053,46.80933317,2592.300895
0.7620122433,0.6003221869,-0.007972525074,[0.19264246 0.55886541 0.18741866],0.7620279789,57.71999951,46.70599937,2695.870261
0.7630119324,0.6018437834,-0.007922753882,[0.19031945 0.58956403 0.17523179],0.7630791664,57.77000042,46.56583341,2690.108216
0.7640171051,0.6033810094,-0.007878757086,[0.20313716 0.5268439  0.18012948],0.7641408443,59.50999997,46.46199989,2764.953612
0.76501441,0.6049332415,-0.007840893846,[0.22110053 0.49646356 0.18994662],0.7651369572,51.6800006,46.08366648,2381.603912
0.7660157681,0.6064998393,-0.007810910494,[0.22652637 0.40874545 0.19433457],0.7661468983,62.21000075,45.6615003,2840.601968
0.7670154572,0.6080801531,-0.007790143003,[0.21601846 0.54880114 0.18699499],0.7671918869,62.9699998,45.54033343,2867.674787
0.7680139542,0.6096735311,-0.00777880441,[0.20476223 0.81093755 0.18216024],0.7682578564,66.88000013,45.56400045,3047.320356
0.7690126896,0.6112793273,-0.007704316293,[0.19825963 1.29995965 0.18115574],0.7692620754,64.53999903,45.58416621,2942.002043
0.770011425,0.6128969097,-0.00770976141,[0.19624042 1.75550076 0.18570917],0.7702057362,60.41999962,46.02100054,2780.588835
0.7710127831,0.6145256682,-0.00772216922,[0.21570345 2.10609976 0.20064389],0.7702057362,59.58000138,46.38866679,2763.836831
0.7720103264,0.6161650228,-0.007739633407,[0.24408411 2.49468414 0.22021614],0.771381855,57.4400008,46.86366717,2691.84908
0.7730131149,0.6178144316,-0.007761129006,[0.26702308 2.6106699  0.23541352],0.7723817825,54.79999926,47.22666613,2588.021269
0.7740149498,0.6194733981,-0.007794447589,[0.25994753 2.48456076 0.22763924],0.7733848095,54.19999816,47.5795002,2578.808823
0.7750122547,0.621141479,-0.007854438577,[0.22519488 2.09061829 0.20768872],0.774381876,53.73999931,47.90133349,2574.217629
0.7760155201,0.6228182902,-0.007951802859,[0.19718036 1.63173437 0.19436502],0.775318861,53.18000105,48.0466671,2555.121807
0.7770178318,0.6245035134,-0.008086105758,[0.17758115 1.05821224 0.1904358 ],0.7765219212,55.30999854,48.06450017,2658.447434
0.7780117989,0.6261969011,-0.008251057419,[0.1775425  0.46290253 0.18475582],0.777518034,55.55999979,47.88683383,2660.592477
0.7790145874,0.6278982812,-0.008453432622,[ 0.19831773 -0.05960931  0.1894764 ],0.7784481049,55.86000027,47.70683352,2664.903733
0.7800147533,0.6296075603,-0.008688121666,[ 0.2144919  -0.51043624  0.20454239],0.7796330452,58.03000119,47.41649946,2751.57952
0.7810163498,0.6313247265,-0.008956261302,[ 0.20368261 -0.8010535   0.20044847],0.7806360722,58.74999968,47.18816694,2772.304792
0.7820138931,0.6330498501,-0.009247226048,[ 0.161663   -0.90118266  0.18796147],0.7816359997,57.8600016,46.99866613,2719.342897
0.7830133438,0.6347830845,-0.009549827378,[ 0.1214506  -0.86952618  0.17906253],0.7826368809,63.37999967,46.51366679,2948.036186
0.7840185165,0.6365246647,-0.009853586292,[ 0.09760498 -0.74783654  0.17731795],0.78363204,65.58000031,46.09250005,3022.746168
0.7850136757,0.6382749054,-0.01015201034,[ 0.0934323  -0.56120096  0.18110048],0.7846748829,64.24999896,45.73300044,2938.34523
0.7860150337,0.6400341975,-0.0104396063,[ 0.10413738 -0.3323278   0.18430261],0.7857608795,71.73000079,44.66633352,3203.916139
0.7870156765,0.6418030036,-0.01070987924,[0.11176862 0.06982953 0.18384484],0.7867598534,74.80999979,44.3161672,3315.292459
0.7880148888,0.6435818527,-0.01096389349,[0.11009121 0.67691753 0.17780365],0.7877590656,73.86999872,44.24766668,3268.575081
0.7890126705,0.6453713331,-0.01120040127,[0.11349174 1.36877475 0.16771817],0.7887940407,73.90999936,44.27349917,3272.254295
0.7900145054,0.6471720853,-0.01141624834,[0.12931668 2.04757744 0.16613222],0.7898857594,72.60999866,44.39949926,3223.847582
0.7910192013,0.6489847933,-0.01160893461,[0.15546319 2.50953668 0.18337573],0.7908818722,71.35000107,44.6831665,3188.143978
0.7920129299,0.650810176,-0.01177709203,[0.20131475 2.81921908 0.2013609 ],0.7918157578,68.26000069,45.09166781,3077.957276
0.7930145264,0.6526489769,-0.0119218362,[0.24928966 2.90807759 0.21538611],0.7930090427,67.68999885,45.44400024,3076.104324
0.7940125465,0.6545019547,-0.01204732096,[0.26789871 2.75090423 0.20530828],0.7940080166,65.32999848,45.73400052,2987.802185
0.7950122356,0.6563698726,-0.01216412954,[0.26697595 2.44202967 0.18094211],0.794960022,65.68999931,46.0018336,3021.860417
0.7960135937,0.6582534881,-0.01227766824,[0.24900009 1.95447546 0.15742891],0.7961330414,61.54999919,46.36399968,2853.704143
0.7970182896,0.6601535427,-0.01239224848,[0.24964321 1.43201726 0.14476148],0.7971379757,61.33000059,46.52166621,2853.173816
0.798012495,0.6620707518,-0.0125104254,[0.28123515 1.07939061 0.1554321 ],0.7981779575,60.06999989,46.7026666,2805.429177
0.7990121841,0.6640057951,-0.01263712939,[0.31871694 0.41437613 0.18472491],0.7992608547,59.79999991,46.85016696,2801.63998
0.8000133038,0.6659593075,-0.01277139111,[ 0.32692349 -0.15554097  0.208204  ],0.8002579212,57.96000023,46.96800041,2722.265315
0.8010156155,0.6679318706,-0.01290383065,[ 0.28203005 -0.6438596   0.20696131],0.8012630939,59.65999836,46.96800041,2802.110827
0.8030278683,0.6699240056,-0.0130309462,[ 0.23439381 -1.12097037  0.18702656],0.8022990227,59.67000049,46.91200002,2799.239064
0.8040189743,0.6719361666,-0.01314478613,[ 0.1618787  -1.41534698  0.15405612],0.8033828735,74.17999858,46.23283323,3429.551503
0.8050134182,0.6739687349,-0.01324066479,[ 0.14613765 -1.50228421  0.15608467],0.8043828011,86.03999871,45.52866681,3917.286434
0.8060135841,0.6760220153,-0.01345376276,[ 0.12249086 -1.44602861  0.16441446],0.805382967,86.1300015,44.66916656,3847.355383
0.8070173264,0.6780962327,-0.01351006104,[ 0.10424686 -1.22256385  0.16893393],0.8064260483,90.29000039,42.79116631,3863.614423
0.8080129623,0.6801915305,-0.01354369521,[ 0.09446088 -0.77237238  0.16786754],0.8075199127,91.07000084,42.07216644,3831.512233
0.8090131283,0.6823079704,-0.01354927771,[ 0.10723621 -0.20299547  0.16485849],0.8085269928,96.44999927,41.65450096,4017.576587
0.8100142479,0.6844455332,-0.01352329891,[0.07802917 0.39429046 0.14951694],0.8095190525,94.37000199,41.33550072,3900.831285
0.8110148907,0.6866041209,-0.01346542428,[0.09688941 0.83192018 0.12593707],0.8105177879,91.87999958,41.15766716,3781.566441
0.8120126724,0.6887835605,-0.01337838553,[0.12881724 1.23763178 0.11241363],0.8115599155,94.2300002,41.24383291,3886.406383
0.8130130768,0.6909836081,-0.01326935079,[0.13756951 1.49139717 0.08928038],0.8126349449,89.94000046,41.53399976,3735.567958
0.8140125275,0.6932039552,-0.01314205503,[0.14012148 1.56876741 0.06860895],0.8136329651,88.85999936,41.76949946,3711.637695
0.8150148392,0.6954442352,-0.01300241782,[0.14502138 1.52401714 0.0494545 ],0.8146710396,90.63000099,42.13666662,3818.846137
0.8160147667,0.6977040308,-0.01285447125,[0.15370687 1.31303723 0.03548949],0.8157627583,90.10999936,42.26699956,3808.679303
0.8170156479,0.6999828825,-0.01270413411,[0.18796298 0.97321393 0.03269827],0.8167610168,88.5099992,42.36949984,3750.124397
0.8180148602,0.7022802974,-0.01255618913,[0.26725733 0.62088449 0.05299011],0.8176920414,93.47000019,42.31566683,3955.245387
0.8190162182,0.7045957584,-0.01242052409,[0.33250667 0.23389809 0.07961251],0.8188807964,90.49999993,42.20366669,3819.431832
0.8200142384,0.7069287341,-0.01230177455,[ 0.32962301 -0.03134623  0.08752887],0.8198809624,91.85999909,41.90399933,3849.30134
0.8210167885,0.7092786881,-0.01220120015,[ 0.35112399 -0.21015872  0.07168971],0.8208129406,91.2900013,41.73866717,3810.32298
0.8220143318,0.7116450884,-0.01211749539,[ 0.37187583 -0.27176081  0.06786909],0.822010994,95.37000123,41.49266688,3957.155691
0.8230133057,0.7140274174,-0.01204708028,[ 0.31755435 -0.22817466  0.06805552],0.8230099678,95.33999959,41.10633405,3919.077871
0.8240180016,0.7164251803,-0.01198803774,[ 0.29164875 -0.10551549  0.05673253],0.8240098953,102.3899998,40.73899968,4171.266169
0.8250160217,0.718837914,-0.01193407964,[ 0.18606968 -0.03427475  0.05589761],0.8250339031,102.6100011,40.60483297,4166.461956
0.8260188103,0.7212651946,-0.01188232792,[ 0.173037   -0.00313194  0.05174962],0.8259727955,107.1099994,39.78933334,4261.835471
0.8270158768,0.7237066444,-0.01183467969,[0.22444486 0.03373641 0.06191613],0.827133894,108.3199999,39.4115003,4269.053709
0.8280134201,0.7261619387,-0.01179518231,[0.23190316 0.13937769 0.08538608],0.8281350136,102.4199986,39.51800028,4047.433535
0.8290133476,0.72863081,-0.0117603665,[0.15246558 0.21146274 0.10266063],0.8291370869,106.2999999,39.58366648,4207.743744
0.8300135136,0.7311130533,-0.01173089248,[0.10676307 0.26808643 0.0864072 ],0.8300719261,103.9500003,39.79333369,4136.517048
0.8310141563,0.7336085285,-0.01170977405,[0.07043971 0.26038145 0.07023175],0.8312568665,101.6899993,40.05566724,4073.260774
0.8320128918,0.7361171625,-0.01169632984,[0.05002087 0.23899577 0.09003246],0.8322610855,100.9899995,40.29633331,4069.526681
0.833013773,0.7386389504,-0.01169385069,[0.04906474 0.15915825 0.10815825],0.8331999779,99.42000122,40.46099981,4022.63265
0.8340134621,0.7411739549,-0.0117087598,[0.09008862 0.12019862 0.09618395],0.8331999779,97.15000077,40.59450022,3943.755728
0.8350145817,0.7437223052,-0.01174189795,[0.16082065 0.06535323 0.06963853],0.8343830109,97.66999763,40.71450043,3976.58516
0.8360157013,0.7462841947,-0.01178364127,[0.19474733 0.01284132 0.06943579],0.8353860378,96.15000004,40.78616714,3921.589972
0.8370165825,0.748859877,-0.01185243146,[0.2034163  0.05380228 0.06272743],0.8363859653,98.70999974,40.74366633,4021.807293
0.8380126953,0.7514496622,-0.01193860507,[0.22078917 0.18052506 0.04543545],0.8373329639,95.24000114,40.73849996,3879.934783
0.8390126228,0.754053911,-0.01203537747,[0.19875213 0.25609794 0.00559951],0.8385219574,95.8200018,40.86066691,3915.269177
0.840013504,0.7566730293,-0.012133261,[ 0.12423033  0.36215922 -0.02128047],0.8395199776,95.56000203,40.97466787,3915.539345
0.8410151005,0.7593074608,-0.01222956853,[ 0.14203066  0.41132045 -0.02482944],0.8405649662,92.61000007,41.19533348,3815.099837
0.8420135975,0.76195768,-0.01231781057,[0.19147633 0.37603839 0.02479102],0.8416349888,91.92999832,41.46983274,3812.321654
0.8430125713,0.7646241841,-0.01239491479,[0.28159274 0.25672672 0.07156674],0.8426368237,93.78999989,41.11200015,3855.894489
0.8440160751,0.7673074852,-0.01245958487,[0.36985325 0.03781336 0.07531703],0.8436777592,110.6899995,40.74516678,4510.082491
0.8450176716,0.7700081012,-0.01251156595,[ 0.3321073  -0.22083092  0.04868841],0.8447620869,110.7599994,40.35733287,4469.978165
0.8460190296,0.7727265477,-0.01255117731,[ 0.19731322 -0.45261774  0.05046674],0.8457598686,113.2299999,38.47483381,4356.505429
0.8470160961,0.7754633289,-0.01258051023,[ 0.16018012 -0.60967457  0.02879925],0.8467581272,118.2200035,37.96549988,4488.281529
0.848013401,0.7782189291,-0.0126001371,[ 0.19944999 -0.62334591  0.02111063],0.8476908207,120.6099993,37.69599978,4546.514508
0.8490133286,0.7809938044,-0.01261107663,[ 0.25070615 -0.56348847  0.04789134],0.848886013,115.1800028,37.49466769,4318.63593
0.8500227928,0.7837883744,-0.01261895444,[ 0.32297981 -0.4689808   0.09265926],0.8498830795,116.33,37.59616725,4373.562137
0.8510158062,0.7866030142,-0.01262846771,[ 0.3817812  -0.26639162  0.11200496],0.850823164,114.8799983,37.86133385,4349.509969
0.8520154953,0.7894380474,-0.01264022424,[0.52181106 0.07244972 0.06298816],0.8520178795,109.6299985,38.36466789,4205.918485
0.8530135155,0.7922937388,-0.0126504573,[0.51380943 0.33364513 0.02611774],0.8530118465,107.8200017,38.87449964,4191.448618
0.8540146351,0.7951702886,-0.01265467526,[ 0.48464364  0.52564369 -0.00335747],0.8540070057,105.4499999,39.31049983,4145.292204
0.8550155163,0.7980678264,-0.01265098979,[ 0.5170921   0.62104215 -0.04662369],0.8549499512,102.87,39.54500008,4067.994158
0.8560163975,0.8009864064,-0.01263944268,[ 0.37764379  0.69166269 -0.00217548],0.8561339378,103.6999992,39.63399951,4110.045717
0.8570151329,0.8039260031,-0.01262302591,[0.24994798 0.6106107  0.03705454],0.8571350574,105.0300008,39.56416702,4155.424494
0.8580131531,0.8068865077,-0.01260689593,[0.07754054 0.54541336 0.0908463 ],0.8581359386,107.1899999,39.47650019,4231.486053
0.8590149879,0.8098677258,-0.012590636,[-0.05178717  0.49697669  0.13578662],0.8590929508,103.270001,39.3738327,4066.135744
0.8600156307,0.8128693747,-0.01256865446,[-0.00258522  0.50194774  0.11820481],0.8602590561,104.6600002,39.34466616,4117.812768
0.8610134125,0.8158910827,-0.01253659017,[0.00650695 0.3851637  0.11050004],0.8612599373,103.4700016,39.35866674,4072.441309
0.8620135784,0.8189323881,-0.01248755555,[-0.04393046  0.27024567  0.09861473],0.862257719,104.1600009,39.49100049,4113.382647
0.8630142212,0.8219927396,-0.0124234783,[0.04411219 0.18443287 0.02790499],0.862257719,109.2699998,39.42333349,4307.787644
0.864017725,0.8250714969,-0.01234486625,[ 0.19814528 -0.23466385 -0.05172633],0.8633029461,106.1299997,39.61183421,4204.003954
0.8650152683,0.8281679324,-0.01226376524,[ 0.35702416 -0.51978648 -0.08138047],0.8643827438,109.07,39.55883344,4314.681965
0.8660235405,0.8312812325,-0.01218372277,[ 0.32618578 -0.78953992 -0.09046318],0.8653831482,102.2600025,39.76983325,4066.863246
0.8670170307,0.8344105009,-0.01210201258,[ 0.14287013 -0.54671235 -0.0094458 ],0.8663868904,99.88000046,39.76566633,3971.794771
0.8680129051,0.8375547611,-0.01202273759,[ 0.22584061 -0.54928204  0.05019371],0.8673839569,97.06000053,40.00466601,3882.852904
0.869017601,0.8407129596,-0.01192085272,[ 0.33670528 -0.56657383  0.05780229],0.8683328629,97.47999893,40.27199999,3925.714516
0.8700137138,0.8438839706,-0.01176766836,[ 0.47849056 -0.71734452 -0.08706688],0.8695220947,97.14000282,40.28433291,3913.220213
0.8710138798,0.847066599,-0.01165252001,[ 0.44799858 -0.65536755 -0.15249711],0.8705220222,96.85000168,40.11333338,3884.976406
0.872014761,0.850259586,-0.01155697553,[ 0.53152019 -0.3934675  -0.22085928],0.87144804,97.86,39.80966759,3895.77407
0.8730173111,0.8534616132,-0.01147004762,[ 0.41812901  0.09137588 -0.13020547],0.872633934,98.88000046,39.625,3918.120018
0.8740212917,0.8566713082,-0.01138074052,[ 0.08145215  0.51538224 -0.04352064],0.8736360073,100.4800001,39.33300018,3952.179863
0.8750145435,0.85988725,-0.01128170421,[ 0.2966442   0.73849822 -0.09165354],0.8746337891,102.1200002,39.20983315,4004.10817
0.8760166168,0.8631079746,-0.01116668091,[0.35672891 1.13748359 0.00322071],0.8756730556,104.2899984,39.24650002,4093.017424
0.8770129681,0.8663319812,-0.01104116269,[-0.30667703  1.37293571  0.23959355],0.876760006,100.2499996,39.63983281,3973.893225
0.8780119419,0.869557739,-0.01089507927,[0.67563282 1.16566789 0.04128066],0.8777599335,98.88000069,40.27783394,3982.672248
0.879011631,0.8727836935,-0.01072904986,[0.55652514 1.02875245 0.12070159],0.8786859512,89.96999989,41.29383341,3715.206188
0.8800144196,0.8760082742,-0.01056071721,[0.53972773 0.69616484 0.15635615],0.8798859119,81.59000096,42.15249952,3439.222476
0.8810124397,0.8792299023,-0.01038620196,[1.06801865 0.43591115 0.04244284],0.8808839321,77.06999931,43.2543335,3333.611453
0.882011652,0.8824469988,-0.01021313288,[ 1.28449753  0.22686902 -0.04705748],0.8818190098,67.45000038,43.97849909,2966.349781
0.883010149,0.8856579934,-0.01003759194,[ 1.0185337  -0.18221238 -0.11207732],0.8830099106,53.26000188,45.31100019,2413.263955
0.8840212822,0.8888613339,-0.009860808049,[ 1.68793403 -0.84159693 -0.33234418],0.8840088844,38.76999985,46.79449972,1814.222747
0.885014534,0.8920554959,-0.009693378919,[ 1.87682923 -1.04453061 -0.29408643],0.8850159645,40.0700005,47.39066569,1898.943998
0.8860156536,0.8952389936,-0.009540273244,[ 1.36671675 -1.13460489 -0.0881188 ],0.8859570026,20.49000049,50.35183271,1031.709077
0.887014389,0.8984103908,-0.009378466789,[ 0.38869484 -1.46317635  0.13235212],0.8871328831,21.0599997,51.97383372,1094.568923
0.8880138397,0.9015683125,-0.009198377688,[ 0.68946543 -2.7939176  -0.05331001],0.8881349564,21.08000016,52.35950025,1103.738274
0.8890128136,0.9047114573,-0.008990546458,[ 0.59374294 -4.00958276 -0.03178534],0.889182806,19.87000012,52.62016678,1045.56272
0.89001441,0.9078386095,-0.008745194243,[-0.14060438 -5.85800703  0.20531775],0.8902750015,19.58999944,52.80066681,1034.365033
0.8910121918,0.9109486527,-0.008454082733,[-0.87180927 -7.3951143   0.46924685],0.8912608624,19.01000012,52.82650057,1004.231782
0.892011404,0.9140405821,-0.008117832038,[-0.41742262 -8.33655492  0.24792843],0.8912608624,18.15999999,52.71383349,957.2832154
0.8930120468,0.9171135184,-0.007731675615,[-0.03161581 -8.75319199  0.09700058],0.892316103,19.38000007,52.4829998,1017.12054
0.8940110207,0.9201667202,-0.007292390191,[-0.03155841 -8.18342184  0.10302317],0.8933858871,22.37000002,52.1370004,1166.3047
0.8950126171,0.9231995969,-0.006791535322,[ 2.85934143e-01 -7.07008938e+00  4.70124572e-03],0.8943850994,24.00999977,51.86050034,1245.170601
0.8960158825,0.9262117204,-0.006216699085,[ 0.1409361  -5.42533008  0.01647467],0.8953258991,25.54000022,51.7518336,1321.741841
0.8970119953,0.9292028368,-0.005563655062,[ 6.25526879e-02 -3.19310542e+00 -4.23063570e-04],0.896520853,25.96000006,51.88916779,1347.042799
0.8980157375,0.9321728759,-0.004821689771,[ 0.32130244 -0.97979198 -0.12635493],0.8975200653,23.73999978,52.38183403,1243.544728
0.8990130424,0.9351219603,-0.003979377973,[ 0.48179656  0.83690684 -0.20057236],0.8985219002,19.39000011,53.11533419,1029.906336
0.9000153542,0.9380504121,-0.003038344644,[ 0.45788481  2.14511342 -0.20022303],0.899520874,14.01999951,53.95800018,756.4911363
0.9010121822,0.9409587581,-0.001989665728,[ 0.1043606  2.7583603 -0.0527381],0.9004530907,7.960000047,54.76250013,435.9095036
0.9020121098,0.9438477331,-0.0008456136311,[ 0.08891989  2.43329275 -0.04297906],0.9016349316,4.230000148,55.27100054,233.7963405
0.9030122757,0.9467182797,0.0006797822206,[-0.16909605  1.35787056  0.05690895],0.9026348591,4.720000098,55.45649974,261.7546842
0.9040181637,0.9495715473,0.002008590316,[-0.06340892 -0.44204595 -0.00624574],0.9036347866,11.25000013,55.25366656,621.6037559
0.9050154686,0.9524088862,0.003394188469,[-0.04212705 -2.52857874 -0.03495815],0.9046850204,16.5500002,54.9418335,909.2873554
0.906017065,0.9552318407,0.004815280177,[ 0.31720871 -4.6030268  -0.21583397],0.9057619572,13.53000015,54.57983335,738.4651534
0.9070155621,0.9580421383,0.006268651274,[ 0.43667335 -6.66384966 -0.27591373],0.9067628384,20.11000007,54.41616694,1094.309121
0.9080123901,0.9608416759,0.007739190802,[ 0.42647769 -9.42719953 -0.21985843],0.9076859951,22.48999971,53.95066706,1213.350487
0.9090156555,0.9636325033,0.009246080484,[ 9.29678960e-03 -1.25867054e+01  8.34482527e-02],0.9088847637,22.06,53.85100047,1187.95307
0.910012722,0.9664168039,0.0107865135,[ -0.39360203 -15.00785072   0.3500986 ],0.9098849297,18.13000041,54.11383311,981.0838166
0.9110119343,0.9691968727,0.01237811963,[ -0.47129554 -16.64650264   0.40384256],0.9108860493,14.16999978,54.36566671,770.3614852
0.9120130539,0.9719750916,0.0140449046,[ -0.65765133 -17.12354675   0.3669024 ],0.9118189812,11.83000003,54.45366669,644.1868784
0.9130117893,0.9747539027,0.01578627922,[ -0.96119874 -15.87193832   0.37932513],0.9130117893,11.32000008,54.25866699,614.2081148
0.9140117168,0.9775357801,0.01763456297,[ -1.25623613 -11.60742804   0.52509275],0.9140138626,16.16000035,53.85600026,870.3129831
0.9150133133,0.9803231993,0.01960780351,[-0.77303185 -6.99147927  0.25324874],0.9150187969,21.96999966,53.16400083,1168.01308
0.9160151482,0.9831186067,0.02173134924,[ 0.07007531 -3.71228671 -0.22499227],0.9160239697,32.32000035,52.61300087,1700.452207
0.9170155525,0.9859243876,0.02401051861,[ 0.36144674 -1.47692464 -0.26874956],0.9169559479,35.0900003,52.34933281,1836.938104
0.9180121422,0.9887428348,0.02645400409,[ 0.35686803  0.04342603 -0.2094314 ],0.9180738926,33.60999984,52.41749954,1761.752151
0.9190146923,0.9915761173,0.02905164539,[ 0.20680741  1.96710898 -0.14684749],0.9191348553,30.72999966,52.64683278,1617.837154
0.9200127125,0.99442625,0.03179622175,[ 0.25040627  2.82028462 -0.24383564],0.9201350212,27.51000071,52.80799993,1452.748115
0.9210133553,0.9972950647,0.03469258279,[ 0.55705908  3.7684405  -0.37201586],0.9210679531,23.45000005,52.72166697,1236.323093
0.9220166206,1.000184184,0.03772312242,[ 0.43128875  2.91790652 -0.2831268 ],0.922262907,29.40999991,51.94800059,1527.790693
0.9230177402,1.003094995,0.0408559429,[ 0.13619879  2.36249937 -0.20769498],0.9232618809,34.57000041,51.12099965,1767.252979
0.9240186214,1.006028632,0.04408049359,[ 0.17171879  2.16907806 -0.24432548],0.9241919518,36.32999963,50.12049929,1820.877721
0.9250161648,1.008985953,0.04737201765,[ 0.65191696  0.47900101 -0.4426673 ],0.9241919518,38.8999992,49.56133334,1927.935827
0.9260146618,1.011967528,0.05071557127,[ 0.45855366 -0.03217643 -0.24049917],0.9253838062,39.24999934,49.21816699,1931.813022
0.9270122051,1.014973631,0.05410456973,[ 0.43100106 -0.77471198 -0.15236739],0.9263858795,41.1699996,49.2979997,2029.598628
0.9280183315,1.018004226,0.05752587784,[ 0.15374388 -0.79219975  0.01547936],0.9273340702,38.96999955,49.55733299,1931.249245
0.9290163517,1.021058973,0.06098456051,[-0.04208309  0.33068802  0.12603721],0.9285197258,34.92999989,49.85166613,1741.318692
0.9300150871,1.024137225,0.0644794753,[0.04290915 1.98602594 0.02066591],0.9295227528,36.29000011,49.82083384,1807.998066
0.9310131073,1.027238037,0.06804366025,[0.01264482 3.68971243 0.02327604],0.9304528236,44.17999977,49.24516741,2175.651485
0.932015419,1.030360176,0.07165630788,[ 0.11085845  5.83840302 -0.03976755],0.9316420555,51.01000115,48.48333295,2473.13487
0.9330132008,1.033502134,0.07533467272,[ 0.11658491  7.61931058 -0.03809458],0.9326388836,58.36999914,47.85783386,2793.461721
0.9340145588,1.03666215,0.07909736064,[ 0.22751101  8.92282805 -0.12454561],0.9336738586,56.14999911,47.73149999,2680.123682
0.9350199699,1.039838229,0.08294738092,[ 0.2108994   9.79921676 -0.08306944],0.9347598553,51.04000014,48.09383329,2454.709258
0.9360125065,1.043028173,0.08861868176,[-0.60814932 10.01156757  0.5645239 ],0.9357600212,41.18999973,48.76299985,2008.547951
0.9370114803,1.046229601,0.09263541355,[-1.16078886  9.2039608   1.1225336 ],0.9367620945,35.47000077,49.30200005,1748.74198
0.9380118847,1.049439987,0.09670678043,[-2.70098115  8.09073557  2.2218291 ],0.937762022,34.49999964,49.26549975,1699.659724
0.9390158653,1.052656689,0.1008141944,[-2.2612713   6.3364747   1.84294515],0.9386920929,38.37000045,48.71800041,1869.309698
0.9400146008,1.055876985,0.1049548929,[-1.18099862  4.49926044  1.04614065],0.939884901,46.19000041,47.81333415,2208.497924
0.9410140514,1.059098104,0.1091381959,[-0.78073297  2.99728537  0.77637395],0.940887928,53.84000048,47.03516642,2532.373383
0.94201231,1.062317265,0.1133565776,[-0.35423577  1.87880821  0.43474842],0.9419329166,52.84,46.98033269,2482.44078
0.9430158138,1.065531712,0.1175840002,[-0.08252303  1.23168667  0.19547708],0.9430098534,47.28000069,47.71449979,2255.941583
0.9440193176,1.068738743,0.1218405643,[-0.28138719  1.14145497  0.33002616],0.9440159798,37.05999991,49.01399994,1816.458833
0.9450170994,1.071935749,0.1261301691,[-0.28948305  1.37003223  0.28661908],0.9450128078,28.6299995,50.29416656,1439.921964
0.9460170269,1.075120239,0.1304721876,[-0.30175443  1.80032799  0.32306988],0.9459481239,11.69000009,52.12683296,609.3626823
0.9470126629,1.078289872,0.1348675275,[-0.47009479  2.27963783  0.3949134 ],0.9471337795,10.92999989,53.14666621,580.8930557
0.9480106831,1.081442484,0.1392944283,[-0.68933127  2.32429565  0.5851441 ],0.9481477737,14.71999983,53.05466588,780.964673
0.9490115643,1.084576108,0.1437867111,[-0.21645838  2.12393793  0.20878459],0.9491508007,18.88999996,52.74416669,996.3373069
0.9500117302,1.087688994,0.1483187778,[ 0.13075555  1.4667053  -0.15517587],0.9502019882,22.58999971,52.64166641,1189.175229
0.9510138035,1.090779627,0.152920284,[ 0.21818498  1.08517005 -0.23580995],0.9512639046,21.85999984,52.93366623,1157.129935
0.9520125389,1.093846739,0.1575666393,[ 0.43407519  0.02378607 -0.31772671],0.9522600174,15.70000023,53.46733284,839.4371377
0.953015089,1.096889315,0.1622443871,[ 0.69650037 -1.32053077 -0.50847498],0.9532749653,9.149999864,54.09533374,494.9722963
0.9540140629,1.0999066,0.1669532764,[ 0.82025654 -2.72367238 -0.66690197],0.9542789459,4.900000419,54.39183235,266.5200013
0.9550163746,1.1028981,0.1716588946,[ 0.62030705 -4.12865921 -0.52904209],0.9552738667,3.519999601,54.25116666,190.964085
0.9560129642,1.105863575,0.1763816639,[ 0.09380149 -5.3044576  -0.06496738],0.9552738667,9.159999967,53.83499972,493.1285956
0.957016468,1.108803035,0.1810985828,[-0.02039086 -6.37354333  0.05405032],0.956346035,14.11000025,53.51833344,755.1436979
0.9580144882,1.111716729,0.1858207619,[ 0.19717239 -7.35945729 -0.10894069],0.95739007,18.26999973,53.33750025,974.4761151
0.9590134621,1.114605129,0.1905231703,[ 0.25775023 -7.61786855 -0.11233677],0.958386898,15.04000042,53.70183309,807.6755924
0.9600124359,1.117468914,0.1952501056,[ 0.23015878 -7.60301303 -0.05542362],0.959335804,10.54000016,54.29366684,572.2552573
0.9610147476,1.120308947,0.1999558809,[ 0.15446417 -7.07002246  0.03825117],0.9605228901,6.579999916,54.87800026,361.0972371
0.9620132446,1.123126255,0.2046619318,[ 0.09709301 -6.38255774  0.09900195],0.9615218639,2.989999756,55.15833282,164.9234017
0.9630124569,1.125922002,0.2093682775,[ 0.10844593 -5.52541627  0.0290035 ],0.9625229836,5.259999856,55.05900065,289.6103355
0.9640192986,1.128697463,0.2140959943,[ 0.10505641 -4.50304885 -0.02508952],0.9635629654,9.209999867,54.98900032,506.4486856
0.965018034,1.131453994,0.2188182752,[ 0.20628313 -3.39476261 -0.17352743],0.9646389484,13.61000021,55.11450068,750.1083657
0.9660134315,1.134193004,0.2235662492,[ 0.3232081  -2.45034564 -0.30300035],0.9656391144,12.62000011,55.98916753,706.5833001
0.9670147896,1.136915923,0.22835686,[ 0.2486654  -1.60721604 -0.19731171],0.9666409492,-5.350000091,57.67616653,-308.5674962
0.968013525,1.139624175,0.2331373065,[ 0.15118988 -1.36731893 -0.03966129],0.9676408768,-8.730000213,58.63616689,-511.8937494
0.9690139294,1.142319147,0.2379240647,[ 0.20027189 -2.01898022 -0.03939764],0.9686808586,-10.76000036,59.7601668,-643.0194165
0.9700145721,1.145002159,0.2427362992,[ 0.18655705 -3.51505891 -0.01954859],0.9697639942,-9.849999972,59.69966634,-588.0417118
0.9710144997,1.147674438,0.2501561597,[ 0.22658149 -5.3094713  -0.11341112],0.9707608223,-6.950000152,59.41816584,-412.9562616
0.9720137119,1.150337093,0.2550040719,[ 0.36896194 -7.167925   -0.33087019],0.9718010426,-3.549999902,59.16350047,-210.0304209
0.9730162621,1.152991088,0.2598573461,[ 0.34497866 -9.12820061 -0.32628231],0.9728858471,-1.999999955,58.96116575,-117.9223289
0.9740159512,1.155637228,0.2647247292,[  0.05738043 -10.49235018  -0.05831733],0.9738869667,-4.380000062,58.95783297,-258.2353121
0.9750158787,1.158276132,0.2695986846,[ 1.12232338e-02 -1.14180724e+01  1.79008513e-02],0.974822998,-6.929999903,59.24699974,-410.5817024
0.976013422,1.160908224,0.2744811299,[ -0.08405374 -11.84626487   0.1947814 ],0.9760138988,-10.80000002,59.77966626,-645.6203968
0.977013588,1.163533723,0.2793612129,[ -0.02794054 -11.71454176   0.16422538],0.9770278931,-10.61000015,59.65133286,-632.9006504
0.9780128002,1.166152628,0.2842329209,[  0.12812648 -11.09727341   0.02284435],0.977960825,-8.240000203,59.79016622,-492.6709818
0.9790129662,1.168764722,0.289105026,[  0.1773443  -10.25131939  -0.0539055 ],0.9791388512,-4.829999998,59.75833321,-288.6327493
0.9800109863,1.171369568,0.293997962,[ 0.03999218 -8.9900683   0.03266969],0.9801368713,-2.770000011,59.72699992,-165.4437904
0.981013298,1.173966514,0.2988899928,[ 0.02942665 -7.60542532  0.00932745],0.981137991,-2.630000144,59.71566772,-157.0522147
0.9820144176,1.176554703,0.3038016047,[ 0.1311988  -6.2376874  -0.07630694],0.9821438789,-4.769999892,59.75883357,-285.0496296
0.9830133915,1.179133083,0.3087081974,[ 0.14451003 -5.16361373 -0.0322571 ],0.9831469059,-4.66000025,59.80033366,-278.6695698
0.9840192795,1.181700427,0.3136369977,[ 0.13792666 -4.39458356  0.07653495],0.9840829372,-5.619999796,59.77733421,-335.9486061
0.9850177765,1.184255348,0.3185527024,[ 0.12542262 -4.14627205  0.1525547 ],0.9852619171,-5.959999971,59.75833384,-356.159668
0.9860146046,1.186796327,0.3234559807,[ 0.1446353  -4.1068029   0.13364727],0.9862630367,-7.349999599,59.74100049,-439.0963297
0.9870138168,1.189321739,0.3283650737,[ 0.16929959 -4.49994939  0.03895876],0.9872617722,-7.879999928,59.70466741,-470.4727749
0.9880151749,1.191829883,0.3332300157,[ 0.19231751 -5.18604524 -0.09959879],0.988214016,-3.530000143,59.61433411,-210.4386079
0.9890151024,1.19431901,0.3380814074,[ 0.21241188 -5.93543647 -0.22813093],0.988214016,-1.96000028,59.61433411,-116.8441116
0.990013361,1.196787363,0.3429121926,[ 0.34102238 -7.40174542 -0.4226145 ],0.9893939495,-2.820000026,59.59533437,-168.0588445
0.991014719,1.199233207,0.3477256389,[ 0.36651386 -8.20194247 -0.41720854],0.9903929234,-4.950000029,59.73199972,-295.6734003
0.9920148849,1.20165487,0.3525141224,[ 0.36942429 -8.89637172 -0.36047891],0.9914290905,-7.610000197,59.76249949,-454.7926329
0.9930131435,1.204050775,0.3572560503,[ 0.37873012 -9.17870997 -0.30563421],0.9925239086,-9.450000029,59.78316625,-564.9509228
0.9940156937,1.206419477,0.361987709,[ 0.39305947 -8.8766455  -0.34301796],0.9935216904,-10.27999986,59.76833344,-614.4184591
0.9950168133,1.2087597,0.3666890372,[ 0.38142011 -8.25059458 -0.36591445],0.9944579601,-7.439999912,59.81266721,-445.0062388
0.9960129261,1.211070368,0.3713625692,[ 0.39802103 -7.24565478 -0.45983626],0.9956378937,-5.639999952,59.73499934,-336.9053934
0.997014761,1.213350635,0.3760500839,[ 0.39803789 -6.03957054 -0.50414654],0.9966368675,-3.729999853,59.72249985,-222.7649157
0.998016119,1.215599916,0.3807145884,[ 0.35288846 -4.82312037 -0.45344804],0.9976768494,-3.850000203,59.72416687,-229.9380546
0.9990127087,1.217817909,0.3853542481,[ 0.34230244 -3.57487802 -0.38387248],0.9987618923,-4.690000169,59.74516741,-280.2048453
1.000016212,1.220004617,0.3899956591,[ 0.30073955 -2.80342991 -0.2320142 ],0.9997611046,-6.569999866,59.72366714,-392.3844851
1.001014709,1.222160363,0.3946258334,[ 0.22711885 -2.24632648 -0.0264692 ],1.000762939,-9.030000173,59.74983342,-539.5410061
1.00201273,1.224285804,0.4007786879,[ 0.20093278 -2.17489161  0.05445401],1.001692057,-10.4800001,59.79016622,-626.600948
1.003012657,1.226381932,0.4053509542,[ 2.19578678e-01 -2.44726686e+00  9.93022460e-04],1.002887726,6.759999491,58.78449949,397.3831866
1.004019022,1.228450082,0.4098720447,[ 0.12548979 -2.93719128  0.03241731],1.003883839,23.95000014,57.28800011,1372.04761
1.005017519,1.230491922,0.4143609195,[ 0.11555387 -3.46093762 -0.0369621 ],1.004888058,23.10000008,55.83216667,1289.723055
1.006015062,1.232509444,0.4188283301,[ 0.30068039 -3.89558003 -0.27031444],1.005893946,28.87000048,52.55700048,1517.320629
1.007013798,1.23450495,0.4232859443,[ 0.4200707  -4.7724212  -0.38612711],1.006887913,31.26000029,51.39566612,1606.628538
1.008014441,1.236481031,0.4276760422,[ 0.3616079  -6.17451348 -0.26892743],1.007823944,26.64999992,51.65683238,1376.654579
1.009013891,1.238440539,0.4320299473,[ 0.1889232  -7.91297279 -0.04719178],1.009013891,19.15000033,52.25583331,1000.699225
1.010012388,1.240386558,0.4363466269,[ 0.1353871  -9.30692932  0.03812602],1.010033131,12.41000009,53.0131677,657.8934157
1.011012316,1.242322368,0.440617846,[ 1.62081313e-01 -1.03132819e+01 -3.27525909e-03],1.011013985,8.580000162,53.76216761,461.2794068
1.012012959,1.244251409,0.4448399965,[  0.1863499  -10.86052763  -0.10403903],1.011964798,9.759999573,54.1868337,528.8634738
1.013011456,1.246177234,0.449028541,[  0.11052328 -10.84747465  -0.11825922],1.013138771,10.96999967,54.43116697,597.1098837
1.014016151,1.248103468,0.4531996602,[ 0.27634988 -9.935698   -0.36210904],1.014144897,13.32999992,54.57350032,727.464755
1.015016317,1.250033763,0.4573417084,[ 0.26383957 -9.131182   -0.35540941],1.015072823,14.13000023,54.67233404,772.5200927
1.016013384,1.251971745,0.4614593506,[ 0.14853256 -7.14584803 -0.17505265],1.016264915,13.83000022,54.86183421,758.7391793
1.017012596,1.253920972,0.4655682818,[ 0.17785396 -5.54703718 -0.10117641],1.017264128,12.83000022,55.04833349,706.2701308
1.018016338,1.255884885,0.4696368276,[ 0.2946561  -4.30650681 -0.11726023],1.018198967,10.3300001,55.15716616,569.7735321
1.019012928,1.257866761,0.4736771675,[ 0.19432013 -3.01953227  0.02226818],1.018198967,11.04999989,55.05566661,608.3651101
1.020014763,1.259869668,0.4776857257,[ 0.20203764 -2.23758568 -0.01845843],1.019393921,9.819999695,54.95999972,539.7071805
1.021012068,1.261896429,0.481669888,[ 0.26179555 -1.87609457 -0.18038092],1.02038908,9.299999952,54.79883321,509.6291463
1.022012234,1.263949577,0.4856020395,[ 0.20531987 -1.7967541  -0.18146742],1.02144289,11.08999979,54.52099991,604.6378778
1.023012638,1.266031329,0.4895134965,[-0.10586332 -1.83261077  0.14243733],1.022524118,12.64000019,54.28300031,686.1371345
1.024019003,1.26814355,0.4933666682,[ 0.01283998 -1.92238421  0.10718838],1.023520947,16.39000028,54.19616699,888.2751924
1.025014162,1.270287736,0.4971650298,[ 0.45916115 -2.00827344 -0.27221117],1.02445507,17.09000021,54.28700002,927.7648419
1.026014805,1.272464988,0.5009066267,[ 0.59625481 -1.78884689 -0.35525499],1.025639772,16.11000025,54.59033267,879.4502731
1.027014971,1.274676004,0.504598763,[ 0.25323157 -1.28827344 -0.04944154],1.026638031,11.55999983,54.84649976,634.0255281
1.028013229,1.276921074,0.5082012794,[ 0.06192643 -0.57799582  0.01392153],1.027676821,7.569999777,55.33066622,418.853131
1.029025555,1.279200072,0.5117291235,[-0.04409556  0.25696093 -0.00577447],1.028767824,4.650000215,55.77283223,259.3436819
1.030012369,1.281512468,0.5151855086,[ 0.0362083   1.18835841 -0.16948208],1.02976203,2.440000296,55.87883313,136.3443694
1.031012774,1.283857333,0.5185639477,[ 0.13658705  2.19588179 -0.26630561],1.030690908,4.240000278,55.80516688,236.6139231
1.032013178,1.286233362,0.5219376055,[ 0.00438579  3.55223371 -0.13556457],1.031887054,7.530000076,55.40216637,417.1783169
1.03301549,1.288638887,0.5251847387,[-0.04204958  4.86587257  0.00718818],1.032886982,12.31,54.95233409,676.4632327
1.034015656,1.29107191,0.5284128098,[ 0.13923452  5.93873838 -0.10012308],1.033820152,14.04000023,54.64533361,767.2204964
1.035014153,1.293530131,0.5315728382,[ 0.44283627  6.7277697  -0.36185339],1.035015106,15.99999991,54.34016673,869.4426628
1.036012411,1.29601098,0.5353209598,[ 0.24350835  7.26007845 -0.35309732],1.03601408,15.65999991,54.29766655,850.3014531
1.037011623,1.298511658,0.5383915256,[-0.1039856   7.44885483 -0.0828102 ],1.036946058,14.28999975,54.410333,777.5236451
1.038014412,1.301029173,0.5414170956,[-0.02925336  6.92286691 -0.14437075],1.03796792,12.04000014,54.58966637,657.2595907
1.039015532,1.303560384,0.544390936,[ 0.14360241  6.35401199 -0.26918062],1.039136887,8.870000064,54.89466667,486.9156969
1.040012836,1.306102041,0.5473620327,[ 0.19046621  5.6870475  -0.28749366],1.040139914,7.500000119,55.13533338,413.5150069
1.041013956,1.30865083,0.5503295838,[ 0.31890138  5.0667803  -0.25209073],1.04113698,4.320000112,55.25700061,238.7102488
1.042012691,1.311203413,0.5532740976,[ 0.36007575  4.57126147 -0.12290426],1.0421381,4.210000038,55.29116631,232.7758123
1.043013811,1.31375647,0.5561830189,[ 0.27389939  4.14184424 -0.03640181],1.043080807,4.130000025,55.33666611,228.5404324
1.04402113,1.316306739,0.5590638731,[0.03873406 4.17036415 0.0620138 ],1.04426384,5.079999909,55.30849965,280.9671732
1.045013428,1.318851053,0.5619232804,[ 0.23840402  4.08144298 -0.10562965],1.045264959,4.019999892,55.48450025,223.047685
1.046020985,1.321386376,0.5647683501,[ 0.48410471  4.11131317 -0.22407102],1.046263933,3.650000006,55.82716624,203.7691571
1.047012806,1.32390983,0.5676120711,[ 0.60327364  3.88139362 -0.31635568],1.047207832,1.380000025,56.19066683,77.54312164
1.048013926,1.326418729,0.5704320665,[ 0.24608277  4.26643355 -0.13840793],1.047207832,0.3300000131,56.56483269,18.66639553
1.049025774,1.328910599,0.5732954054,[ 0.05020215  4.40686494 -0.03865556],1.048391819,-1.48999995,57.12733332,-85.11972379
1.050011873,1.331383198,0.5761172215,[-0.13645047  4.19630637  0.07399199],1.049390078,-3.709999949,57.89466604,-214.789208
1.051012278,1.333834533,0.5789792895,[-0.00498031  4.04221638  0.02441979],1.050439119,-5.78000015,58.70883306,-339.3370639
1.052014828,1.336262871,0.581888839,[-0.13627181  3.63840728  0.15690436],1.051525116,-5.600000262,59.34966787,-332.3581556
1.053014517,1.338666746,0.5847483074,[0.10027035 3.06263431 0.14797661],1.052525997,-5.639999956,59.74950027,-336.9871789
1.05401659,1.341044958,0.5876596941,[-0.07035973  2.28336302  0.15775373],1.053452969,-6.51000011,59.73533312,-388.8770252
1.055013895,1.34339658,0.5905939751,[-0.44937876  1.43835908  0.39155135],1.054642916,-5.570000291,59.72633298,-332.6756921
1.056016684,1.345720942,0.5935564918,[-0.4127187   0.60884027  0.31508154],1.055640936,-5.250000045,59.70683225,-313.460872
1.057014704,1.34801763,0.5965209811,[ 0.18628897 -0.24082822  0.04395602],1.056637764,-5.130000025,59.68883387,-306.2037193
1.058017969,1.35028647,0.5994837684,[ 0.25778076 -0.96256607 -0.26392507],1.057675838,-4.039999813,59.69233386,-241.1570176
1.059014082,1.352527514,0.602467065,[ 0.07549721 -1.62869717 -0.23702909],1.058761835,-3.910000069,59.67816734,-233.3416384
1.060011864,1.354741021,0.6054300269,[ 0.37010641 -2.12018516 -0.36571777],1.059762716,-4.510000125,59.71766726,-269.3266868
1.061013937,1.356927436,0.6083989236,[ 0.50625893 -2.34980157 -0.39468641],1.060767889,-5.989999972,59.75566737,-357.9364459
1.062015533,1.359087372,0.6113378159,[ 0.91386567 -2.44265621 -0.46728511],1.061764956,-6.809999876,59.75949987,-406.9621867
1.063014984,1.361221581,0.6142580271,[ 1.18484259 -2.35571433 -0.33346399],1.062764883,-6.329999875,59.61666616,-377.3734893
1.064023495,1.363330933,0.6171618365,[ 0.92435023 -1.96821799 -0.12124596],1.063690901,-7.579999942,59.15549914,-448.3986801
1.065015316,1.365416393,0.6200429546,[ 0.61971437 -1.27156757  0.07839605],1.064888,-6.899999842,58.35416667,-402.6437408
1.066016436,1.367478992,0.6228880441,[ 0.30997125 -0.72033285  0.19647682],1.065958977,7.409999967,57.22766685,424.0570095
1.067013741,1.369519805,0.6257068484,[ 0.48160243 -0.37153857  0.16412022],1.066887856,9.31000033,55.63033295,517.9184181
1.068016529,1.371539927,0.6284750651,[ 1.01453428 -0.9608044  -0.09606859],1.067815781,11.27000034,54.29766591,611.9347132
1.06901288,1.37354045,0.6312289113,[ 1.00474976 -1.91607769 -0.22475053],1.06901288,11.74000019,53.88099988,632.5629488
1.070012569,1.375522443,0.6342527994,[ 0.67711475 -2.76551421 -0.14453807],1.070013762,14.95000017,53.972833,806.8938623
1.071011782,1.37748693,0.6370211736,[ 0.25180495 -3.4545265   0.06910904],1.070953846,13.48999977,54.17899958,730.874692
1.072014809,1.379434874,0.6397526185,[ 0.19693177 -3.89630302  0.16856593],1.072092056,11.86999995,54.55549939,647.5737748
1.073015213,1.381367159,0.642458104,[ 0.0875123  -4.06241771  0.26497864],1.073137045,9.430000201,55.04449972,519.0696434
1.074018717,1.38328458,0.64513181,[-0.02276757 -3.89471318  0.23456702],1.074139118,8.639999807,55.40666644,478.7135873
1.075013399,1.38518783,0.6477783394,[-0.38493281 -3.51000385  0.19518239],1.075073957,6.610000074,55.55249977,367.2020276
1.07601428,1.38707749,0.6504014025,[-0.57252208 -2.73155779  0.17097973],1.076184988,5.659999967,55.62099965,314.8148562
1.077012062,1.388954025,0.6530077668,[-0.33470161 -2.12812724  0.06343223],1.077278852,5.580000028,55.52450053,309.8267145
1.078015804,1.39081778,0.6555927513,[-0.00673746 -1.34794725 -0.05622721],1.078263998,7.479999751,55.28266589,413.5143271
1.079013348,1.392668978,0.6581846808,[ 0.24097849 -0.72203195 -0.11222052],1.07920599,9.940000206,54.97433345,546.4448858
1.08001399,1.394507724,0.6607687927,[ 0.5549601  -0.27400635 -0.14884634],1.07920599,11.46000034,54.75300026,627.4694014
1.081015825,1.396334005,0.6633603339,[ 0.5168317  -0.00076193 -0.13214227],1.080391884,12.91000021,54.52983284,703.9801531
1.082012177,1.398147698,0.6659295319,[ 0.40930298  0.02441443 -0.09088754],1.081393719,14.28000009,54.43616676,777.3484663
1.083017349,1.399948581,0.6684845408,[ 0.18036424 -0.25321227 -0.03216949],1.082339048,14.98000017,54.44116656,815.5286842
1.08402133,1.401736337,0.6710174829,[ 0.05689631 -0.8036575   0.03466209],1.083523989,14.27999996,54.53149986,778.7098157
1.085018158,1.403510573,0.6735053555,[ 0.00188428 -1.26604562  0.14310675],1.084526062,11.4799997,54.65633329,627.4546897
1.08601284,1.405270828,0.6759798237,[ 0.04499255 -1.66513615  0.15971249],1.085566759,8.690000199,54.84000079,476.5596178
1.087016344,1.407016589,0.6784134783,[ 0.25214514 -1.96590917 -0.02859527],1.086641073,11.98000025,54.91899999,657.9296336
1.088023424,1.40874731,0.680813342,[ 0.20147069 -2.13231053 -0.07758551],1.087641001,9.490000166,55.12083308,523.0967151
1.08901453,1.410462425,0.6831848846,[ 0.19987149 -2.24054406 -0.09901854],1.088640928,8.170000248,55.25650024,451.4456207
1.090011835,1.412161367,0.6855566391,[ 0.13678733 -2.25585255 -0.0756085 ],1.089640856,7.260000082,55.32316653,401.6461935
1.091012716,1.413843586,0.687937716,[ 0.24017987 -2.11599574 -0.12415523],1.090682983,6.929999691,55.30333328,383.2520825
1.092011929,1.415508563,0.6902725741,[ 0.2957289  -1.84412187 -0.14655212],1.091765881,7.24000033,55.1786658,399.4935586
1.093015671,1.417155831,0.6926317613,[ 0.28253724 -1.43656008 -0.09390776],1.092764139,8.030000143,55.08883349,442.3633408
1.094017506,1.418784988,0.6949998827,[ 0.20097753 -1.0567218  -0.05497982],1.093698025,9.1500002,54.94450061,502.7421915
1.095012426,1.420395714,0.6973731772,[ 0.17671842 -0.77751134 -0.04622117],1.094888926,10.01000006,54.8768336,549.3171075
1.096013069,1.421987783,0.6997573191,[ 0.18229593 -0.63510755 -0.04925223],1.095887899,10.28999963,54.85050011,564.411626
1.097013474,1.423561077,0.702148195,[ 0.3060514  -0.61489251 -0.10201097],1.096826077,10.80000009,54.8408343,592.2810156
1.098012447,1.425115597,0.7045307697,[ 0.34876733 -0.7898431  -0.15733925],1.098013878,10.04999977,55.00133387,552.7633928
1.099012852,1.426651467,0.7069276249,[ 0.33530644 -1.0437742  -0.21569147],1.099017859,9.410000317,55.13466708,518.8172347
1.100012302,1.428168945,0.7093290127,[ 0.36342974 -1.3207992  -0.26786103],1.099954844,7.269999932,55.32466698,402.2103252
1.101015568,1.429668424,0.7117232146,[ 0.30667929 -1.62357932 -0.26236109],1.101142883,5.910000067,55.58699989,328.5191731
1.102017403,1.431150432,0.7141139629,[ 0.27583118 -1.8158497  -0.2258824 ],1.102140903,4.580000075,55.77683385,255.4579032
1.103013277,1.432615633,0.7164959527,[ 0.2099202  -1.88141097 -0.1707126 ],1.103189945,2.21000002,55.67849986,123.0494858
1.104016066,1.434064822,0.7188740931,[ 0.2028792  -1.73262546 -0.12990167],1.104269028,1.770000082,55.75800006,98.69166464
1.105010033,1.435498914,0.7209183517,[ 0.17735073 -1.54465425 -0.10344569],1.105266809,0.2100000978,55.4576664,11.64611536
1.106010437,1.43691894,0.7232751385,[ 0.17817826 -1.31314309 -0.11100855],1.106263876,8.939999759,54.80049896,489.9164475
1.107012272,1.438326031,0.7256427508,[ 0.21696946 -1.22859162 -0.1021755 ],1.106263876,16.47999978,54.04049937,890.5874178
1.108011723,1.439721404,0.7279978031,[ 0.24426549 -1.10356859 -0.09899892],1.107313871,16.86000007,53.82483355,907.4866977
1.109014511,1.441106347,0.7303652184,[ 0.27727648 -1.4533737  -0.07970002],1.108391047,17.84000042,53.74316661,958.7781149
1.110011816,1.442482198,0.7327426636,[ 0.27888934 -1.9563897  -0.05994872],1.109395742,17.75000038,53.7178332,953.4915599
1.111012697,1.443850327,0.7351199742,[ 0.23932016 -2.51128622 -0.0295258 ],1.110323906,18.09000082,53.79433314,973.1395304
1.112022638,1.445212114,0.7375033972,[ 0.18546655 -2.99060015  0.00470073],1.111525059,17.15999976,54.01349958,926.8716397
1.113018513,1.446568927,0.7398827182,[ 0.12959738 -3.28256919  0.03257432],1.112526894,15.60000014,54.25566673,846.3884088
1.114014387,1.4479221,0.7422654685,[ 0.08370913 -3.35387849  0.06183836],1.113569975,12.79000038,54.53083229,697.4493657
1.11501193,1.449272912,0.7446764952,[ 0.05795185 -3.18406007  0.0772692 ],1.114640951,11.03999975,54.81449954,605.1520614
1.116013288,1.450622565,0.7470580905,[ 0.04308363 -2.82407386  0.08847041],1.115639925,8.640000254,55.00799942,475.269129
1.117013931,1.451972162,0.7494628431,[ 0.03435367 -2.19671515  0.0758889 ],1.116688013,6.850000113,55.15333303,377.8003375
1.118012667,1.453322693,0.7518853606,[ 0.060589   -1.39862714  0.05471711],1.117766142,6.030000195,55.21899986,332.9705799
1.119012594,1.454675013,0.7543384235,[ 0.09550993 -0.69174539  0.04357783],1.118766069,5.969999954,55.1893336,329.480319
1.12001276,1.456029831,0.7568169411,[ 0.13483474 -0.09714197  0.03532579],1.119763851,7.280000046,55.08250046,401.0006059
1.121012688,1.457387696,0.7593251352,[0.16134617 0.29902885 0.03107113],1.120697021,7.750000132,54.98499997,426.1337571
1.122014046,1.458748993,0.7618698511,[0.17160766 0.30913469 0.03213552],1.121894121,9.279999588,54.89866702,509.4596073
1.12301755,1.460113931,0.7644477463,[0.18464442 0.09224598 0.03969843],1.122888803,9.019999951,54.9223334,495.3994446
1.124018669,1.461482548,0.7670525368,[ 0.19228745 -0.32559147  0.05144171],1.123821974,8.619999778,55.07416662,474.739304
1.125015259,1.462854708,0.769681976,[ 0.20927708 -0.88364283  0.05661529],1.125013828,9.810000092,55.24300067,541.9338416
1.126014709,1.464230109,0.7723283526,[ 0.28475982 -1.45703642  0.03097752],1.126018047,3.920000087,55.48116684,217.4861789
1.127015829,1.465608289,0.774983263,[ 0.53727215 -1.9805543  -0.04620941],1.126954794,3.069999997,55.81833331,171.3622831
1.128012896,1.466988644,0.7776337637,[ 0.68917338 -2.29125302 -0.18528843],1.12814188,1.850000039,55.99350039,103.5879779
1.129014492,1.468370437,0.7802957514,[ 0.44769165 -2.35802535 -0.1679994 ],1.1291399,1.259999961,56.14833323,70.74689766
1.130012989,1.469752819,0.782965955,[ 0.28198404 -2.27468979 -0.12216439],1.13013792,0.4499999881,56.28116671,25.32652435
1.13101244,1.471134851,0.7856348208,[ 0.12004654 -2.02365115 -0.10573314],1.131164074,-0.7800000533,56.48116684,-44.05531315
1.132013321,1.472515526,0.7883195363,[ 0.27808966 -1.74501634 -0.16473621],1.132276773,-1.769999951,56.64499982,-100.2616469
1.133016586,1.473893793,0.7910081945,[ 0.29673742 -1.5409534  -0.22697924],1.133265018,-2.880000025,56.85183398,-163.7332833
1.134012938,1.475268583,0.793712488,[ 0.27857418 -1.47508581 -0.1973115 ],1.134278059,-3.390000075,57.05333328,-193.4108041
1.135012627,1.476638836,0.796430309,[ 0.24764422 -1.19723566 -0.0751721 ],1.135267019,-3.219999984,57.22616704,-184.268257
1.136013269,1.478003525,0.799282809,[ 0.31730372 -0.85431985 -0.04172383],1.136281013,-2.879999917,57.30666669,-165.0431953
1.137012482,1.479361681,0.8020191305,[ 0.3249601  -0.56245416 -0.02210027],1.137273073,-2.39999998,57.3168335,-137.5603992
1.138012409,1.480712421,0.8047748777,[ 0.31732322 -0.35516924 -0.06277358],1.137273073,-2.180000015,57.30050023,-124.9150913
1.139012814,1.482054963,0.8075458841,[-0.10236548 -0.27777673  0.01132621],1.138322115,-1.410000002,57.258166,-80.73401417
1.140012503,1.483388654,0.8103212482,[-0.31947862 -0.446935    0.13613967],1.139394999,-1.459999979,57.22250048,-83.54484948
1.141013145,1.484712978,0.8130981195,[-0.30820512 -0.70584412  0.27415792],1.140391827,-1.329999983,57.23866717,-76.12742638
1.142013788,1.486027576,0.8158824885,[-0.17724914 -0.96654779  0.24682694],1.141325951,-1.440000027,57.2998333,-82.51176152
1.143016577,1.487332254,0.8186596885,[-0.02069921 -1.19563643  0.09679953],1.142529964,-0.8699999303,57.4721667,-50.00078102
1.144017458,1.488626987,0.8214366742,[ 0.0858845  -1.43072956  0.03618392],1.143524885,-0.4200000018,57.8320001,-24.28944014
1.145015001,1.489911921,0.8242218415,[ 0.13603515 -1.70521807  0.03712954],1.144475937,-0.8899999484,58.33383306,-51.91710841
1.146011829,1.491187372,0.8270067789,[ 0.17829353 -1.86109447  0.02412995],1.145639896,-4.219999876,58.96216647,-248.8203352
1.147012234,1.49245382,0.8297891368,[ 0.2154412  -1.88278444  0.01301417],1.146640062,-4.769999817,59.46733348,-283.6591698
1.148010969,1.493711896,0.8325644674,[ 0.24844854 -1.71760849  0.02807258],1.147677898,-5.419999853,59.73149999,-323.7447212
1.149012089,1.494962366,0.8353362743,[ 0.26413785 -1.3655751   0.04453234],1.148765802,-5.569999725,59.72399902,-332.6626581
1.150012732,1.496206118,0.8381125514,[ 0.2413401  -1.01001643  0.0552885 ],1.149765968,-5.899999887,59.71066729,-352.2929303
1.151012182,1.497444135,0.8408864154,[ 0.21257122 -0.68401873  0.05669266],1.1506989,-4.640000097,59.73866653,-277.1874185
1.152011156,1.498677475,0.8436621051,[ 0.19024897 -0.32096847  0.05547041],1.151889086,-4.150000155,59.7450002,-247.9417601
1.153013468,1.49990724,0.8464383871,[ 0.17830461 -0.13291271  0.05546674],1.152892113,-4.239999931,59.74883334,-253.3350493
1.154010773,1.501134551,0.8492168407,[ 0.18026663 -0.14404721  0.06755136],1.153890848,-3.680000074,59.76333364,-219.9290722
1.155009985,1.502360518,0.8519961927,[ 0.21591834 -0.32081458  0.09278647],1.154823065,-2.77,59.76066717,-165.537048
1.156010866,1.503586209,0.8547747427,[ 0.26743293 -0.65183695  0.12498074],1.156018734,-1.469999958,59.75899887,-87.84572582
1.157010794,1.504812621,0.8575380421,[ 0.2753148  -1.03699589  0.13599584],1.157022953,-2.310000006,59.76066589,-138.0471386
1.158013582,1.506040653,0.8602846027,[ 0.23696588 -1.36728708  0.12326535],1.157963991,-2.309999768,59.73300044,-137.9832171
1.159010172,1.507271074,0.8630137083,[ 0.18622815 -1.75503348  0.10355442],1.159141064,-2.990000051,59.75516701,-178.6679524
1.160010338,1.508504502,0.8657146193,[ 0.14503933 -1.9119197   0.07560283],1.160145044,-3.830000017,59.76000086,-228.8808043
1.161010504,1.509741378,0.8683953385,[ 0.12045667 -1.90441671  0.05244585],1.161162853,-4.660000067,59.75,-278.435004
1.162010193,1.510981951,0.8710479331,[ 0.12840046 -1.86826762  0.04223393],1.162266016,-5.040000144,59.73716672,-301.0753289
1.163013458,1.512226257,0.8736892833,[ 0.17070341 -1.72482093  0.06505939],1.163266897,-5.440000098,59.71699905,-324.8604807
1.164015532,1.513474107,0.876313948,[ 0.22417743 -1.38692474  0.09879316],1.163266897,-1.859999886,59.66049957,-110.9685224
1.165015221,1.514725084,0.8789172039,[ 0.26692952 -1.24794597  0.1237891 ],1.164314985,1.57000011,59.65516726,93.65861917
1.166019201,1.515978534,0.881518014,[ 0.28295762 -0.90918868  0.130332  ],1.165391922,0.4099999145,59.66066615,24.46086802
1.167016268,1.51723357,0.8841029047,[ 0.27719989 -0.59272062  0.13045806],1.166390896,-4.140000008,59.67083295,-247.0372489
1.168017864,1.518489076,0.8866694425,[ 0.26638878 -0.22318675  0.12123682],1.167340994,-2.000000026,59.66316668,-119.3263349
1.169011831,1.519743717,0.8895823257,[0.25030543 0.30175015 0.09358162],1.168529034,-2.770000197,59.65516663,-165.2448233
1.170011282,1.520995954,0.8921473363,[0.23355681 0.72182892 0.06245977],1.169528008,-2.249999963,59.66650009,-134.249623
1.171009541,1.52224406,0.8947021027,[0.20594709 0.98332418 0.0316716 ],1.170458078,-2.14999982,59.67533429,-128.301958
1.172011852,1.523486144,0.8972361891,[1.66541137e-01 1.04970814e+00 3.03715841e-04],1.171643972,-1.509999942,59.67766635,-90.11327272
1.173013449,1.524720177,0.8997549538,[ 0.13440696  0.89698036 -0.02344762],1.172642946,-1.549999975,59.68333244,-92.50916378
1.174011469,1.525944016,0.9022535904,[ 0.12232073  0.567956   -0.01971202],1.173682928,-0.9500001296,59.67266655,-56.68904096
1.17501235,1.527155439,0.9047208909,[0.14993155 0.10005986 0.01402552],1.174767971,-0.8199998364,59.69166756,-48.94715763
1.17601347,1.528352172,0.9071472329,[ 0.1958138  -0.37769235  0.05567346],1.175765991,-1.500000115,59.68666649,-89.53000663
1.177010059,1.529531929,0.9095216685,[ 0.22738218 -0.79553316  0.07709356],1.17669487,-1.570000125,59.68900045,-93.71173817
1.178009272,1.530692441,0.9118488098,[ 0.25053387 -1.21168156  0.07959532],1.177895069,-2.290000241,59.68549919,-136.6798075
1.179009438,1.531831493,0.9141304219,[ 0.25024224 -1.40573319  0.07058237],1.178890944,-2.50000051,59.6838328,-149.2096125
1.18000865,1.532946957,0.9163550043,[ 0.23154124 -1.48232377  0.05524217],1.17983675,-2.979999732,59.68033346,-177.8473777
1.181009531,1.534036826,0.9185276834,[ 0.20800784 -1.42694798  0.04542861],1.181015968,-3.429999691,59.69900004,-204.7675517
1.182010412,1.535099243,0.920648169,[ 0.19779272 -1.33973058  0.06179407],1.182015896,-2.920000214,59.6843338,-174.2782675
1.183014631,1.536132531,0.9227123975,[ 0.19807695 -1.21313199  0.08674271],1.183016777,-2.830000022,59.69850032,-168.9467572
1.18401432,1.537135222,0.9247290287,[ 0.21298872 -1.09146033  0.10838551],1.183953047,-2.520000171,59.67216746,-150.3738722
1.185010672,1.538106078,0.9266957748,[ 0.21663206 -1.01401347  0.11604209],1.184952974,-3.530000024,59.67383385,-210.6486349
1.186012983,1.539044112,0.928620148,[ 0.21092835 -0.91836807  0.11135277],1.18614006,-1.409999881,59.62166723,-84.06654369
1.187009811,1.539948604,0.9304972089,[ 0.19150397 -1.05013003  0.09960516],1.187143803,-1.039999995,59.61933327,-62.00410632
1.188009739,1.540819114,0.932334822,[ 0.18437005 -1.31663958  0.08984432],1.18816185,-0.9999998473,59.6093324,-59.6093233
1.189011812,1.541655491,0.9341378763,[ 0.17458203 -1.57965156  0.0919293 ],1.189192772,-0.1599999927,59.62050056,-9.539279655
1.190010786,1.542457876,0.9358955784,[ 0.16309812 -1.93548447  0.09236186],1.190267086,-0.1000000052,59.61533356,-5.961533667
1.191009998,1.543226702,0.9376165117,[ 0.13734663 -2.18549994  0.0761814 ],1.191265821,0.1999999769,59.54083316,11.90816526
1.192013741,1.54396269,0.9392974708,[ 0.10170534 -2.30615014  0.06533157],1.192266941,0.07000013068,59.40616671,4.158439433
1.19301033,1.544666839,0.9409353516,[ 0.05910429 -2.32598503  0.04657523],1.192266941,-0.2299998216,59.25433286,-13.62848599
1.194010735,1.545340414,0.9425336852,[ 0.04703907 -2.32404409  0.02656642],1.193305016,-0.6299998071,59.13983409,-37.25808407
1.195010662,1.545984927,0.9441002838,[ 0.06091045 -2.10351738  0.02964329],1.194391966,-1.150000086,58.97349993,-67.81953
1.19601059,1.546602119,0.9456201626,[ 0.12137495 -1.81485511  0.05861012],1.195392847,-1.800000032,58.82149951,-105.878701
1.197011471,1.547193934,0.9471131478,[ 0.21200877 -1.51406186  0.11519142],1.196439981,-2.03000012,58.71549988,-119.1924718
1.198009968,1.547762491,0.9485721795,[ 0.28051316 -1.14349415  0.16261113],1.197525978,-2.149999982,58.60866674,-126.0086324
1.199010849,1.548310056,0.9500013257,[ 0.32130091 -0.88198886  0.18875548],1.198525906,-1.910000002,58.50749969,-111.7493245
1.200009823,1.548839008,0.9514052485,[ 0.33210994 -0.6868437   0.19642135],1.199532986,-1.709999988,58.39866702,-99.86171989
1.201011896,1.549351806,0.9527861283,[ 0.31731323 -0.646157    0.18222309],1.200574875,-1.579999993,58.28266716,-92.08661368
1.202012062,1.549850955,0.9541499363,[ 0.2803276  -0.79439771  0.15066673],1.20164299,-1.149999989,58.17983373,-66.90680816
1.203013182,1.550338965,0.9554877858,[ 0.25344806 -1.02257734  0.13107607],1.202642918,-0.6200000104,58.06416766,-35.99978455
1.204017162,1.550818323,0.956177962,[ 0.234633   -1.31384211  0.12478225],1.203682899,-0.06000003219,57.93350029,-3.476011882
1.205011368,1.551291448,0.9574671482,[ 0.21987806 -1.61314194  0.12318293],1.204685926,0.3799999356,57.71833356,21.93296304
1.206013203,1.551760666,0.9587334757,[ 0.19892461 -1.89528581  0.11459535],1.205765009,1.090000048,57.4198335,62.58762129
1.207010269,1.552228166,0.9599739648,[ 0.1802119  -2.06801037  0.10459422],1.206769705,0.7600000575,57.03350067,43.34546379
1.208010435,1.552695977,0.9611795306,[ 0.15093228 -2.15571457  0.09105742],1.207699776,0.5400000308,56.65250015,30.59235183
1.209014177,1.553165937,0.9623670483,[ 0.12450841 -2.09888117  0.07340987],1.208890915,-0.2300000992,56.31666692,-12.95283898
1.21001029,1.553639663,0.963524639,[ 0.11332653 -1.96261588  0.06979536],1.209890842,-0.5200000536,56.08116659,-29.16220963
1.211011648,1.554118534,0.9646582152,[ 0.12350975 -1.76457989  0.07523803],1.210892916,-1.270000096,55.96116638,-71.0706867
1.212013245,1.554603669,0.965770762,[ 0.13459254 -1.53311433  0.08142811],1.211933851,-1.07999998,55.99983279,-60.47981827
1.213012218,1.555095912,0.9668532571,[ 0.14029725 -1.28002059  0.08031252],1.213014841,-0.5100000072,56.14666684,-28.6348005
1.214011669,1.555595823,0.9679184758,[ 0.11499556 -1.12428901  0.06922537],1.214030027,0.03999998234,56.28750038,2.251499021
1.215009451,1.556103673,0.9689618548,[ 0.08144456 -1.04293563  0.0465216 ],1.215017796,-0.1199999992,56.40416718,-6.768500015
1.216012478,1.556619441,0.9699823679,[ 0.05178075 -1.03979329  0.02353474],1.216022968,-0.09999999404,56.45566622,-5.645566286
1.217010021,1.557142818,0.9709852322,[ 0.04799072 -1.15188294  0.01706283],1.216959953,-0.1399999969,56.48866653,-7.908413138
1.218011379,1.557673217,0.9719701167,[ 0.07870852 -1.30192226  0.04303236],1.218142748,-0.1699999869,56.50383377,-9.605651
1.219010592,1.558209785,0.9729425858,[ 0.12821232 -1.53409679  0.0793775 ],1.219144821,-0.3300000057,56.51283391,-18.64923551
1.220010757,1.558751421,0.9738919411,[ 0.17214981 -1.68273442  0.10389595],1.220195055,0.4800000116,56.50733248,27.12352025
1.221011162,1.559296795,0.9748239768,[ 0.19221745 -1.8595348   0.11272328],1.221267939,0.2699999884,56.51000023,15.2576994
1.222012758,1.559844379,0.9757357099,[ 0.17654284 -1.97118283  0.1086014 ],1.222268105,0.2800000086,56.53016663,15.82844714
1.223010063,1.560392471,0.9766298792,[ 0.1585974  -2.00237656  0.09534848],1.223268032,0.1399999931,56.54716619,7.916602879
1.224015236,1.560939231,0.9775072889,[ 0.13727771 -1.96358082  0.06909634],1.224195957,1.440000035,56.55200068,81.43488295
1.225011349,1.561482709,0.9783675524,[ 0.13887955 -1.95604954  0.06448748],1.224195957,2.949999996,56.53516642,166.7787407
1.226012468,1.562020888,0.9792065652,[ 0.1656107  -1.80009666  0.07915518],1.225392103,2.169999886,56.51833344,122.6447771
1.227009535,1.562551716,0.9800327333,[ 0.20007362 -1.5441986   0.10521627],1.226397753,-0.2200000696,56.43383344,-12.41544728
1.228012085,1.563073146,0.9808367963,[ 0.24436138 -1.14438256  0.13098863],1.227447033,0.1300000045,56.40383339,7.332498597
1.229013443,1.563583171,0.9816275606,[ 0.26975139 -0.4499784   0.14641263],1.228527069,0.4700000063,56.3799998,26.49860026
1.230009317,1.564079863,0.9823999295,[0.28091827 0.25394307 0.16226664],1.229526997,0.1399999876,56.38033358,7.893246
1.231011391,1.564561405,0.9831603553,[0.27672881 0.89464665 0.17131267],1.230526924,-0.2799999919,56.41400019,-15.7959196
1.232010126,1.565026123,0.9839043953,[0.27302333 1.37319673 0.16872477],1.231456995,-0.3500000108,56.45616722,-19.75965914
1.23301506,1.565472517,0.9846313856,[0.26553642 1.56837772 0.16251962],1.232645035,-0.3899999969,56.49616687,-22.0335049
1.234011173,1.565899286,0.9853475872,[0.25006971 1.40281826 0.15464587],1.233644009,-0.3000000082,56.53266716,-16.95980061
1.235013008,1.566305349,0.986045269,[0.21438942 0.96668864 0.13434414],1.234682083,0.08000001498,56.57383347,4.525907524
1.23601675,1.566689861,0.9867252968,[0.17885085 0.26977755 0.11683167],1.235767841,0.8099999819,56.59300041,45.84032931
1.237010717,1.567052229,0.9863222823,[ 0.15077411 -0.46732774  0.11190824],1.236767769,1.180000046,56.62733269,66.82025519
1.238010645,1.567392115,0.98693314,[ 0.13618831 -1.11115573  0.11425159],1.237766981,0.9599999879,56.65083249,54.38479851
1.23901248,1.567709439,0.9875063024,[ 0.13734146 -1.67944968  0.12607949],1.238812923,0.5900000129,56.64166705,33.41858429
1.24001193,1.56800438,0.9880352427,[ 0.15258821 -2.10545102  0.14858521],1.239891768,0.7100000754,56.62050056,40.20055967
1.241012812,1.568277359,0.988520757,[ 0.16904183 -2.32755189  0.16272922],1.240892887,0.25999997,56.56933339,14.70802498
1.242046356,1.568529034,0.9889541177,[ 0.17306332 -2.34950199  0.16619529],1.241892099,0.09999998845,56.53299967,5.653299315
1.243041754,1.568760276,0.9893308614,[ 0.16752912 -2.19851807  0.16853226],1.242933989,-0.04000004195,56.49150022,-2.259662378
1.244014502,1.56897215,0.9896504463,[ 0.15143    -1.8898894   0.15931418],1.244021893,0.1100000087,56.47516696,6.212268858
1.245009661,1.569165883,0.9899281562,[ 0.13923311 -1.54283204  0.14590821],1.24501586,0.3100000415,56.47683334,17.50782068
1.246011734,1.569342842,0.9901496779,[ 0.1301488  -1.23805508  0.12595629],1.245954037,0.06999997236,56.46800041,3.952758468
1.247009754,1.569504493,0.9903280126,[ 0.12271909 -1.03134294  0.11282779],1.247142076,-0.07000001334,56.49716695,-3.95480244
1.248016119,1.569652374,0.9904799404,[ 0.10658022 -1.02424749  0.1009922 ],1.24814105,-0.09999998473,56.53583336,-5.653582472
1.249012709,1.569788052,0.9906022444,[ 0.0954268  -1.17243525  0.10253522],1.249159098,0.04000001587,56.54816628,2.261927548
1.25001049,1.569913092,0.9906928551,[ 0.08890842 -1.39312463  0.10619376],1.250094891,0.1600000206,56.54533386,9.047254585
1.251012564,1.57002902,0.9907556106,[ 0.07514717 -1.75279089  0.08813095],1.25126791,0.7100000028,56.52850024,40.13523533
1.252015114,1.570137284,0.9907890953,[ 0.05885392 -2.09739439  0.06553277],1.252267838,0.9899999443,56.49783325,55.93285177
1.253012896,1.570239228,0.9907934753,[ 0.04852087 -2.25428362  0.04510982],1.253216982,1.500000002,56.45949999,84.6892501
1.254011154,1.570336054,0.9907709082,[ 0.0381459  -2.36340577  0.03057564],1.253216982,1.68999997,56.43099976,95.36838788
1.255011559,1.570428802,0.9907239669,[ 0.03545603 -2.37502959  0.02101944],1.254394054,1.300000021,56.39716593,73.31631691
1.256016016,1.570518322,0.9906558729,[ 0.04066293 -2.24001555  0.02283105],1.255395889,1.409999939,56.36750031,79.47817197
1.257016659,1.570605256,0.9905650617,[ 0.06361222 -2.02879223  0.04569906],1.256327868,1.110000001,56.36450005,62.56459512
1.258012533,1.570690026,0.9904486326,[ 0.11562041 -1.68358337  0.0768109 ],1.257528067,0.6999999527,56.36066691,39.45246417
1.259010315,1.570772824,0.9903014218,[ 0.17507084 -1.37997298  0.1090855 ],1.258526802,0.2199999951,56.39333407,12.40653322
1.260009766,1.570853607,0.9901212894,[ 0.25409655 -1.09782613  0.15552499],1.259457827,0.02000000142,56.42066701,1.12841342
1.261012077,1.570932105,0.989907916,[ 0.30490867 -0.75094193  0.1937601 ],1.260644913,0.1999999937,56.46433322,11.29286629
1.262013674,1.571007821,0.9896634559,[ 0.34591317 -0.61119818  0.23813746],1.261646032,-0.1300000008,56.49766668,-7.344696714
1.263010502,1.571080049,0.989396422,[ 0.35781883 -0.58154943  0.25862063],1.262646914,0.5299999975,56.52283351,29.95710162
1.264015675,1.571147892,0.989103837,[ 0.35323154 -0.67531326  0.26109672],1.263687849,1.190000001,56.51900037,67.25761052
1.265013695,1.571210283,0.988786511,[ 0.33094635 -0.90821537  0.24042252],1.264767885,1.230000012,56.50449944,69.50053496
1.266011,1.571266014,0.9884493474,[ 0.28802848 -1.24054926  0.19938774],1.265767097,1.100000016,56.48800087,62.13680188
1.26701951,1.571313765,0.9880897596,[ 0.21806234 -1.4750932   0.14269756],1.266698837,1.530000016,56.45966657,86.38329076
1.268010378,1.571352138,0.9877097292,[ 0.13969436 -1.49498743  0.09101848],1.26789093,1.790000051,56.41116587,100.9759898
1.269011259,1.571379696,0.9873088913,[ 0.08006939 -1.34602514  0.06264962],1.268892765,1.729999976,56.38333321,97.54316511
1.270014286,1.571394997,0.9868851646,[ 0.03911998 -1.11794811  0.04486405],1.269891024,1.389999935,56.35816638,78.33784762
1.271010637,1.571396632,0.9864514963,[ 0.026488   -0.81562262  0.0362361 ],1.270908833,1.260000059,56.35983404,71.01339423
1.272018671,1.571383269,0.9859950052,[ 0.03070033 -0.50424472  0.03376527],1.271842003,0.7300000228,56.38883336,41.16384964
1.273010969,1.571353682,0.985518722,[ 0.0411379  -0.16954421  0.03440311],1.272956848,0.5300000198,56.4179999,29.90154107
1.274015427,1.571306794,0.9835735577,[0.05080887 0.03006731 0.04401025],1.27402091,0.3500000127,56.4526666,19.75843403
1.275013208,1.571241704,0.9830542938,[0.04178595 0.07076407 0.04833184],1.275017977,0.07000002079,56.47849909,3.953496111
1.276011229,1.571157721,0.9825169922,[ 0.02753014 -0.05709554  0.05066457],1.276031971,0.3900000025,56.4898332,22.03103509
1.277015448,1.571054387,0.9819456427,[ 0.02461587 -0.30517633  0.05518976],1.277040005,0.4399999697,56.4943339,24.8575052
1.278011799,1.570931498,0.9813479058,[ 0.05225206 -0.68354788  0.07128414],1.278043985,0.6899999771,56.48866653,38.97717862
1.279010057,1.570789124,0.9807247301,[ 0.11218299 -1.02519624  0.10866329],1.27914691,0.849999981,56.472833,48.00190698
1.280012846,1.570627614,0.9800785634,[ 0.18202085 -1.37781257  0.15957405],1.280143023,1.069999972,56.45683289,60.40880963
1.28101325,1.570447605,0.9794245058,[ 0.25115755 -1.55101021  0.19755717],1.281090975,1.23,56.43533389,69.41546071
1.282011747,1.570250022,0.9787687102,[ 0.27397138 -1.62783056  0.20046692],1.282268763,1.55000004,56.41233381,87.43911965
1.283011675,1.570036066,0.9781224525,[ 0.25635974 -1.66069121  0.16962669],1.283268929,1.459999975,56.39783351,82.3408355
1.284017801,1.569807209,0.9774932051,[ 0.21508891 -1.55351643  0.12109718],1.284205914,1.120000008,56.39566612,63.16314654
1.285017252,1.56956517,0.9768848267,[ 0.20381689 -1.38405144  0.10729376],1.284205914,0.8300000243,56.40666707,46.81753504
1.28601408,1.569311897,0.9763072412,[ 0.25596229 -1.11785946  0.14321665],1.28539896,0.8300000243,56.43866666,46.8440947
1.287014008,1.569049536,0.9757632598,[ 0.31797403 -0.78508941  0.1837472 ],1.286398888,0.9800000135,56.47866694,55.34909436
1.288012743,1.568780398,0.9752706666,[ 0.3396275  -0.38878388  0.19245831],1.287345886,1.200000025,56.49983342,67.79980154
1.289022446,1.568506929,0.9748389922,[0.31520619 0.10055964 0.16415788],1.288532972,1.089999998,56.50933329,61.59517318
1.290014982,1.568231667,0.9744759286,[0.28343293 0.51873478 0.12269038],1.2895329,1.110000003,56.52850024,62.74663544
1.29101491,1.567957201,0.9741839976,[0.28463606 0.87090231 0.09883029],1.290533066,1.099999998,56.5328331,62.18611628
1.292015314,1.567686134,0.9739640275,[0.30229479 0.98614715 0.09870831],1.291471004,1.140000001,56.55866623,64.47687954
1.293017149,1.567421037,0.9738295149,[0.34812086 1.02420086 0.13315729],1.292644978,1.040000027,56.56549962,58.82812114
1.294015408,1.56716441,0.9737657087,[0.384743   0.99584973 0.17195425],1.293645859,1.170000009,56.58616702,66.20581593
1.29501605,1.566918639,0.9737821479,[0.39041902 0.85051022 0.18782225],1.294687986,1.260000046,56.58766683,71.30046283
1.296014547,1.566685962,0.9738772657,[0.38567091 0.59370927 0.19146892],1.295768023,1.520000041,56.57999992,86.00160218
1.297012568,1.566468429,0.9740438752,[0.40804546 0.4359082  0.21029741],1.29676795,1.780000061,56.56450017,100.6848137
1.298013687,1.566267874,0.9742751664,[0.44949955 0.24272746 0.24126192],1.297699928,1.85999997,56.55550003,105.1932283
1.299014091,1.566085887,0.9745665384,[0.49057367 0.11070812 0.27148394],1.298894882,1.989999939,56.52516619,112.4850773
1.300014257,1.565923789,0.974911776,[0.51754702 0.12116901 0.29021898],1.299891949,2.139999978,56.50499916,120.920697
1.301017284,1.565782619,0.9753093859,[0.51903392 0.1440101  0.29290399],1.300894976,1.970000021,56.50100009,111.3069714
1.302013636,1.565663119,0.9757554282,[0.50500949 0.17496284 0.28750201],1.301944971,2.140000034,56.4950002,120.8993024
1.303012371,1.565565727,0.9751081175,[0.46249774 0.28080129 0.26261414],1.302948952,2.160000093,56.49700038,122.0335261
1.304018497,1.565490583,0.9756517806,[0.3974969  0.40187655 0.22135415],1.304023981,1.560000025,56.49533399,88.13272242
1.30501771,1.565437526,0.9762439985,[0.32131347 0.45284944 0.1646799 ],1.305021763,1.679999985,56.49033356,94.90375952
1.306020498,1.565406113,0.9768886162,[0.2433129  0.504993   0.09834816],1.305960894,2.500000007,56.47266642,141.1816665
1.307012796,1.565395631,0.9775873694,[0.19499878 0.48761751 0.05541416],1.307073832,2.799999978,56.4891669,158.1696661
1.308013201,1.56540512,0.9783302869,[0.15869805 0.61529667 0.01912133],1.3081429,3.480000019,56.43833288,196.4053995
1.309013367,1.5654334,0.9791118882,[ 0.13288322  0.83081034 -0.01494659],1.309156895,3.770000011,56.3895003,212.5884167
1.310014248,1.565479101,0.9799204813,[ 0.12392787  1.13752861 -0.03891214],1.310172796,4.099999994,56.35016696,231.0356842
1.311015368,1.565540695,0.9807667431,[ 0.13336473  1.24738245 -0.04324883],1.311271906,4.120000035,56.31583405,232.0212382
1.312012196,1.56561653,0.9816421795,[ 0.17012619  1.45650464 -0.02662944],1.312269926,4.420000017,56.29283396,248.8143271
1.313012123,1.565704872,0.982538369,[0.22736282 1.61273678 0.00580156],1.312269926,4.349999905,56.27783394,244.8085723
1.314013004,1.565803939,0.9834460853,[0.29405646 1.64606685 0.04460381],1.313315868,4.340000063,56.28116671,244.2602671
1.315015078,1.565911941,0.984354329,[0.3431297  1.74037338 0.06845777],1.314412832,4.049999908,56.29700025,228.0028458
1.316024065,1.566027114,0.9852588476,[0.37506864 1.73643649 0.08048236],1.31539607,3.800000027,56.31833267,214.0096657
1.317062616,1.566147761,0.9861551647,[0.41382841 1.62441829 0.08990805],1.316340923,3.87999998,56.36083412,218.6800353
1.318041563,1.566272277,0.987047404,[0.46549031 1.42130273 0.10953441],1.317538977,3.509999961,56.39216614,197.9365009
1.319038153,1.566399187,0.9879256861,[0.52283124 1.16548362 0.14023189],1.318532944,3.609999985,56.40299988,203.6148287
1.320044994,1.566527164,0.9888189939,[0.56647707 0.9022847  0.17427596],1.319465876,3.800000012,56.39883296,214.3155659
1.321044683,1.566655056,0.9896414604,[0.59711082 0.6274892  0.2052246 ],1.320646048,3.83000005,56.38500023,215.9545537
1.322038412,1.566781901,0.9904544233,[0.59901301 0.36563833 0.21216356],1.321643829,4.150000073,56.34183311,233.8186115
1.323037624,1.566906936,0.9912514673,[0.58705025 0.20201152 0.20739003],1.322686911,4.430000015,56.26899974,249.2716697
1.324015141,1.567029608,0.9920118643,[0.56630566 0.07149246 0.19476554],1.323771,4.650000013,56.16816648,261.1819749
1.325001478,1.56714957,0.9927403442,[0.54843069 0.06181213 0.18052734],1.324769974,5.190000072,56.06883367,290.9972508
1.326002598,1.567266679,0.9934363487,[0.52627099 0.08650687 0.16261324],1.325773001,6.449999914,55.94200071,360.8258997
1.327032328,1.567380986,0.9940820781,[0.5011569  0.23769034 0.1503968 ],1.326711893,7.200000033,55.89999962,402.4799991
1.3279984,1.567492718,0.9947032724,[0.47535629 0.50628369 0.1453638 ],1.327891827,7.169999972,55.84716606,400.4241791
1.328998566,1.567602266,0.9952853572,[0.45378619 0.76913335 0.14759125],1.328933001,7.159999996,55.81966591,399.6688077
1.330008507,1.567710154,0.9958388817,[0.43578584 1.07136759 0.14527018],1.330033779,6.919999905,55.83283297,386.3631989
1.331002712,1.567817015,0.9963133814,[0.41431635 1.28777604 0.13590874],1.331035137,6.85999991,55.86200015,383.213316
1.332003355,1.567923564,0.996761612,[0.37957785 1.37990199 0.11186168],1.332071781,6.659999959,55.87333298,372.1163953
1.333007574,1.568030563,0.9971689247,[0.34279979 1.34459491 0.0857755 ],1.33314395,6.480000086,55.89000003,362.167205
1.334005594,1.568138792,0.9975248737,[0.31636535 1.2530952  0.06870753],1.334149122,6.470000111,55.91116651,361.7452535
1.335002899,1.568249012,0.9978317191,[0.29361959 1.03916613 0.05495608],1.335164785,6.510000076,55.91166687,363.9849556
1.336003065,1.568361934,0.9976276475,[0.29251099 0.79931997 0.06494063],1.33609581,6.889999824,55.90449969,385.181993
1.3370049,1.568478188,0.9978380605,[0.30752172 0.51925817 0.08471863],1.337275028,7.219999896,55.86966642,403.3789857
1.338004589,1.568598293,0.9979941228,[0.32607605 0.32545769 0.1006636 ],1.33827281,7.480000136,55.83649953,417.6570241
1.339001894,1.568722629,0.9980917737,[0.34098459 0.18983379 0.11340459],1.339223862,7.799999841,55.80300077,435.2633971
1.340042591,1.568851414,0.9981351396,[0.35405643 0.00250322 0.12262532],1.339223862,7.919999879,55.76650047,441.670677
1.341008902,1.568984682,0.9981258273,[ 0.36892934 -0.07012078  0.12917936],1.340396881,7.909999955,55.74249967,440.9231699
1.342041731,1.569122272,0.9980597857,[ 0.38335337 -0.0038305   0.1362011 ],1.341413021,7.599999983,55.72483381,423.508736
1.343037128,1.569263812,0.9979333961,[0.38892089 0.01918349 0.14175195],1.342400789,10.64999988,55.46833293,590.7377388
1.344006538,1.569408714,0.9977731463,[0.37693397 0.07435898 0.1327927 ],1.343333006,13.85999994,55.21266747,765.2475679
1.345049381,1.569556175,0.99756031,[0.35185947 0.16323158 0.11260651],1.344532967,14.62000009,54.91616694,802.8743659
1.346046209,1.569705178,0.9973202373,[0.32307538 0.19799179 0.0930815 ],1.345534801,22.64999983,53.96916707,1222.401625
1.3470397,1.569854503,0.9970591572,[0.28270965 0.45675303 0.05719189],1.346527815,22.78999966,53.89849981,1228.346792
1.348002672,1.57000274,0.9967544146,[0.25084818 1.15120057 0.02456713],1.347466946,21.90000039,53.75833384,1177.307532
1.349034309,1.570148309,0.9964437088,[0.2294895  2.09610787 0.00469743],1.348647118,21.79000002,53.68933296,1169.890566
1.350008011,1.570289479,0.9961180066,[2.23306554e-01 2.88123633e+00 1.73052543e-03],1.349645853,20.92000002,53.81116613,1125.729596
1.351047277,1.570424398,0.9957906733,[2.24894959e-01 3.47262865e+00 2.45099567e-03],1.350687981,18.96000022,54.0751667,1025.265172
1.352045774,1.570551121,0.9954258408,[0.23883291 3.82010591 0.01790623],1.351693869,16.63999981,54.38683383,904.9969044
1.353033543,1.57066764,0.9950714335,[0.27471688 3.91188581 0.05434171],1.352769852,14.96999973,54.68183263,818.5870198
1.354049444,1.57077192,0.9946832616,[0.30511208 3.72830499 0.08340962],1.353771925,13.95000011,54.89549955,765.7922246
1.355044127,1.570861934,0.9943050712,[0.32285229 3.32313277 0.09851058],1.354768991,13.61999983,55.00533295,749.1726252
1.356042147,1.570935697,0.9939245947,[0.33483761 2.74269808 0.11755162],1.355711937,14.03000015,55.05183347,772.3772319
1.357004166,1.570991303,0.9935271534,[0.32670515 1.99591774 0.13810246],1.35689497,15.17999965,54.97833379,834.5710877
1.358001471,1.571026957,0.9931322699,[0.33149745 1.36251114 0.15172494],1.357903004,16.34999993,54.85966619,896.9555386
1.359000683,1.57104101,0.9927318419,[0.36563627 0.80510948 0.16425202],1.358951092,17.77999963,54.7253329,973.0163986
1.36000514,1.571031989,0.9923367462,[0.40796885 0.44190738 0.19085735],1.360023022,18.90999986,54.5158329,1030.894393
1.361001492,1.570998626,0.9919175388,[0.4578282  0.26939516 0.234878  ],1.361020803,19.37000015,54.37400055,1053.224399
1.362002134,1.57093988,0.9914863311,[0.5168739  0.20984712 0.29163633],1.361958981,19.33999997,54.28983307,1049.96537
1.363006592,1.570854964,0.9910398194,[0.58665023 0.34802122 0.35220627],1.363161087,18.83999994,54.25716591,1022.205003
1.364006519,1.570743355,0.9905807784,[0.64177435 0.51075071 0.39968953],1.364142895,16.4500002,54.41949908,895.2007706
1.365007401,1.570604816,0.9901043394,[0.65039877 0.65894825 0.4233204 ],1.365144968,14.90000015,54.70816676,815.1516932
1.366004467,1.570439396,0.9896171768,[0.60166231 0.76268149 0.38824349],1.366084099,11.34000021,55.13833364,625.2687152
1.367007732,1.570247443,0.9891317228,[0.52924327 0.72026121 0.32112546],1.367270947,10.96000007,55.2941672,606.0240763
1.368003845,1.570029599,0.988653463,[0.43533477 0.61890841 0.24374391],1.36827302,10.9799999,55.40299924,608.3249261
1.369001627,1.569786797,0.9870657336,[0.33659891 0.51081536 0.16842122],1.369225979,10.94999969,55.4558328,607.241352
1.370042324,1.569520254,0.9866234534,[0.22485201 0.44460467 0.08494595],1.369225979,11.74000004,55.3908329,650.2883804
1.371037245,1.569231457,0.9862093558,[0.14177883 0.21831044 0.01894869],1.37039876,12.83000031,55.26816686,709.090598
1.372041941,1.568922147,0.9858277959,[ 0.08593212  0.29753732 -0.03778978],1.371399879,13.80999991,55.11116664,761.0852064
1.373039484,1.568594303,0.9854630744,[ 0.07046308  0.49282808 -0.07229609],1.372335911,14.67999986,54.95433362,806.7296098
1.374001503,1.568250112,0.9851568057,[ 0.09332692  0.86272108 -0.07989582],1.373531103,15.56000021,54.85000038,853.4660175
1.375041723,1.567891954,0.9848953973,[ 0.13807324  1.32163336 -0.06819684],1.374531984,15.5099999,54.78599993,849.7308536
1.376008272,1.567522363,0.9846846502,[ 0.16981559  1.76566407 -0.05539972],1.375469923,14.45999996,54.79666646,792.3597951
1.377036572,1.567144008,0.9845269739,[ 0.2005639   2.18684667 -0.0403907 ],1.376643896,13.61999993,54.86966642,747.3248528
1.378000736,1.566759654,0.984397058,[ 0.22329202  2.47666196 -0.03646581],1.377643824,12.68000005,55.00133387,697.4169164
1.379001141,1.566372137,0.9843121439,[ 0.23915621  2.611779   -0.04573145],1.378684759,11.39000003,55.14883423,628.1452235
1.380004406,1.565984328,0.9842588553,[ 0.25902233  2.48313379 -0.04969137],1.379769087,10.28000008,55.2973334,568.4565915
1.381039858,1.5655991,0.9842417407,[ 0.30855285  2.26770863 -0.02337465],1.380773067,10.23000018,55.39716657,566.7130241
1.382005692,1.565219299,0.9842537645,[0.3874118  1.96555921 0.03729598],1.381772995,10.47000007,55.45816739,580.6470167
1.383000374,1.564847713,0.9842938971,[0.48440019 1.56375779 0.1151588 ],1.382706881,8.559999958,55.60299937,475.9616722
1.384004116,1.56448704,0.9843603439,[0.55969616 1.16213455 0.17192763],1.383895874,7.149999976,55.71683311,398.3753554
1.385001659,1.564139861,0.9844411909,[0.61323419 0.93681614 0.20765657],1.384895802,7.699999999,55.76233292,429.3699634
1.386000872,1.563808611,0.9845403336,[0.64434935 0.84739628 0.22539572],1.385839939,5.369999893,56.11783346,301.3527597
1.387002468,1.563495562,0.9846545913,[0.64767006 0.82297353 0.22178395],1.387023926,5.669999935,56.12700017,318.2400873
1.388003111,1.563202792,0.9847840975,[0.61743468 0.74057211 0.20194025],1.388029814,5.909999955,56.11466726,331.637681
1.389001846,1.562932172,0.9849343737,[0.57492543 0.65239935 0.1849896 ],1.389078856,6.04999999,56.10333316,339.425165
1.390006304,1.562685348,0.9851068942,[0.53326245 0.60176285 0.1850922 ],1.390146017,6.189999996,56.04900042,346.9433124
1.39099884,1.562463728,0.9852981359,[0.49752794 0.71891707 0.18732926],1.391144753,6.160000015,55.98100026,344.8429625
1.391998529,1.562268473,0.9855060734,[0.46631246 0.85088094 0.17106079],1.39208293,7.009999949,55.93533389,392.1066877
1.393001318,1.562100488,0.9857305309,[0.41940692 0.95124967 0.12187826],1.393274069,6.360000072,55.91783333,355.637424
1.394003391,1.561960421,0.9859669691,[0.36189735 1.15965672 0.06075868],1.39427495,6.739999972,55.9028333,376.7850949
1.395004988,1.561848664,0.9862156477,[0.31226243 1.35732819 0.01583232],1.395228148,6.399999935,55.92133268,357.8965255
1.396038055,1.561765353,0.9864725261,[ 0.20685574  1.36327634 -0.05813378],1.395228148,5.910000063,55.95000013,330.6645043
1.397008419,1.561710378,0.9867405841,[ 0.03705306  1.4545093  -0.17718114],1.396399021,5.970000014,55.9829998,334.2185096
1.398042202,1.561683393,0.9870133808,[-0.14194295  1.49059809 -0.31334713],1.397395849,5.830000103,56.00983365,326.5373359
1.399047852,1.561683828,0.9872998597,[-0.33965285  1.47366714 -0.47941463],1.398335934,5.98999995,56.01416588,335.5248508
1.400041342,1.561710904,0.9875804674,[-0.46100067  1.50466267 -0.60073376],1.399538755,6.04999987,55.99716695,338.7828528
1.401001692,1.561763654,0.9878984301,[-0.48262314  1.50985072 -0.66142667],1.400530815,6.390000083,55.96733284,357.6312615
1.402030945,1.561840945,0.9882288732,[-0.39259975  1.5205495  -0.6299543 ],1.401534796,6.830000147,55.90883319,381.8573389
1.403017282,1.561941494,0.9885784687,[-0.25042075  1.58924907 -0.53700663],1.402534008,7.110000074,55.81633313,396.8541327
1.404022217,1.562063903,0.9889358306,[-0.11398878  1.72901914 -0.43613496],1.403578043,7.080000073,55.71833293,394.4858012
1.40501833,1.562206677,0.9893341674,[-0.04670453  1.91419014 -0.40069342],1.404647827,7.330000117,55.61749967,407.6762791
1.406016111,1.562368254,0.9892801308,[-0.05303187  1.99652098 -0.44996357],1.405647039,9.710000332,55.49066671,538.8143922
1.407017708,1.562547032,0.9897035327,[-0.08325426  2.14401191 -0.52040068],1.406646013,9.580000378,55.45750046,531.2828754
1.408014536,1.562741395,0.9901310846,[-0.10804333  2.26458052 -0.57654179],1.40769887,9.460000142,55.47316615,524.7761597
1.409015417,1.562949744,0.9905643787,[-0.11396044  2.38105639 -0.60107434],1.408775091,9.389999956,55.48016612,520.9587574
1.410016537,1.563170516,0.9910031406,[-0.09691678  2.40045204 -0.58033708],1.409776926,9.0200001,55.51933352,500.7843939
1.411013126,1.563402214,0.9914332436,[-0.06441511  2.31704066 -0.52494995],1.410720825,8.769999608,55.5321668,487.0170811
1.412014008,1.563643426,0.9918522695,[-0.03296806  2.23209731 -0.47840269],1.411893845,8.730000019,55.54500008,484.9078517
1.413014412,1.563892847,0.9922538848,[ 0.00797731  2.04460553 -0.45112801],1.412900925,8.929999739,55.55850029,496.1373931
1.414014101,1.564149293,0.992641437,[ 0.04318667  1.83633521 -0.45300176],1.413895845,9.270000249,55.51833344,514.6549648
1.415012121,1.56441172,0.99301164,[ 0.06672006  1.61992303 -0.46614028],1.414833069,9.670000166,55.4766674,536.459383
1.416016817,1.56467923,0.9933665463,[ 0.07260889  1.47624692 -0.48037887],1.416021824,9.660000041,55.42333349,535.3894038
1.417014122,1.564951078,0.9937065342,[ 0.02517793  1.34098945 -0.50475643],1.417024851,10.64999987,55.38300006,589.8289435
1.418012619,1.565226679,0.9940275746,[-0.0902032   1.23514284 -0.56349561],1.418055058,10.58999999,55.34666697,586.1212026
1.419013262,1.565505603,0.9943213301,[-0.24632325  1.23013006 -0.65395659],1.419148922,10.76000029,55.30966632,595.1320255
1.420015812,1.56578757,0.9945793179,[-0.39975026  1.18114924 -0.76490208],1.420146942,10.5600003,55.29649989,583.9310554
1.421011925,1.566072443,0.994801027,[-0.49978415  1.25477552 -0.85451233],1.421147108,10.66000015,55.2884992,589.3754095
1.422010422,1.566360216,0.9949904945,[-0.56302648  1.32202617 -0.93506677],1.422086,10.6000002,55.28883235,586.0616341
1.423012018,1.566650992,0.9951568088,[-0.59127208  1.26874992 -0.97998569],1.423271894,10.16000014,55.31149928,561.9648403
1.424017906,1.566944971,0.9953024896,[-0.61433424  1.32863956 -1.01672203],1.424276829,10.21000015,55.30983353,564.7134086
1.425015211,1.567242423,0.995434652,[-0.63741637  1.34062055 -1.04470421],1.425276756,10.67999984,55.33199946,590.9457456
1.426012516,1.567543665,0.9955527004,[-0.69069765  1.39389195 -1.09209921],1.426282883,10.33999983,55.38016637,572.630911
1.427012444,1.567849032,0.9956557786,[-0.78701037  1.43228611 -1.17471139],1.427220821,9.970000036,55.40549914,552.3928284
1.428020477,1.568158854,0.9957402961,[-0.91465903  1.39615513 -1.29532408],1.427220821,10.19999988,55.39600054,565.0391987
1.429011106,1.568473426,0.9958031979,[-1.0177484   1.40406665 -1.39845039],1.428394794,10.66000002,55.36466599,590.1873406
1.430012941,1.568792979,0.9958410624,[-1.06747074  1.38439388 -1.46508073],1.429395914,10.75000018,55.34099897,594.9157486
1.431010246,1.569117657,0.9958508576,[-1.04588325  1.35086693 -1.46308406],1.430393934,10.95999999,55.30916659,606.1884651
1.432012558,1.569447488,0.9958287024,[-0.9155303   1.32177725 -1.36709439],1.431326866,10.87999979,55.28933334,601.5479354
1.433013916,1.569782362,0.9957707898,[-0.74569481  1.3205487  -1.23227216],1.43253088,10.82999957,55.27916654,598.67335
1.434009552,1.570122016,0.9956705909,[-0.55014331  1.30897989 -1.07848873],1.433532715,10.81000007,55.27383359,597.510145
1.435011625,1.570466011,0.9955253918,[-0.3155139   1.30495222 -0.90517461],1.434460878,10.6999999,55.29566701,591.6636313
1.436010599,1.570813725,0.9953322964,[-0.09130774  1.26054906 -0.75886803],1.435645819,10.38999995,55.31983376,574.7730702
1.43701005,1.571164345,0.9946520299,[ 0.0943895   1.20269245 -0.65021305],1.436647892,10.21000024,55.34916687,565.1150068
1.438009977,1.571516862,0.9943539018,[ 0.204872    1.21859402 -0.58692344],1.437645912,10.02999963,55.37849998,555.4463345
1.439010143,1.571870077,0.9940008171,[ 0.29308519  1.20284051 -0.52819072],1.438688993,9.760000078,55.40783374,540.7804616
1.440018892,1.572222605,0.9936014384,[ 0.33339188  1.1540103  -0.49188574],1.439772129,9.280000348,55.43483289,514.4352685
1.441010952,1.572572894,0.993151149,[ 0.33436064  1.09909059 -0.50046822],1.440768957,9.100000231,55.46549988,504.7360617
1.442009687,1.572919237,0.9926500085,[ 0.30966396  1.11517028 -0.54700564],1.441699982,9.170000143,55.47683334,508.7225697
1.443010092,1.5732598,0.9921014236,[ 0.28252907  1.2169575  -0.59686347],1.44289875,10.69999982,55.35183334,592.2646066
1.444015265,1.573592646,0.9915269632,[ 0.27942294  1.31631563 -0.59285382],1.443903923,12.45999991,55.20199966,687.8169107
1.445021152,1.57391577,0.9909284546,[ 0.26908201  1.46428199 -0.56546326],1.444835901,12.8600004,55.0454998,707.8851495
1.446010828,1.574227133,0.9903103819,[ 0.26771356  1.66073449 -0.56559487],1.44584012,18.01999993,54.535333,982.7266967
1.44701004,1.574524697,0.9896875482,[ 0.25223281  2.04123195 -0.58903803],1.447021961,17.49000036,54.48716672,952.9805656
1.448009968,1.574806467,0.9890738997,[ 0.1045816   2.56715335 -0.65304537],1.448021889,17.06999995,54.47999891,929.9735785
1.449017525,1.575070533,0.9884905543,[-0.20842857  3.1665769  -0.84467305],1.449065924,16.51999988,54.49449984,900.2491307
1.450012445,1.575315107,0.9879255008,[-0.64188333  3.55466614 -1.15259469],1.449958086,15.15000004,54.62450027,827.5611811
1.451010466,1.575538562,0.9873893459,[-1.01716508  3.78964739 -1.41224655],1.451145887,13.07999969,54.82083321,717.0564811
1.452008724,1.575739476,0.9868861341,[-1.33536171  3.77110201 -1.61756286],1.4521451,12.27999991,54.98099963,675.1666706
1.453010082,1.575916661,0.9864206531,[-1.50473325  3.58467653 -1.70315538],1.453086853,11.58999979,55.11783218,638.8156633
1.454009056,1.576069196,0.9859918513,[-1.55468652  3.20473947 -1.69711241],1.45408988,10.98999989,55.26199977,607.3293714
1.455008745,1.576196458,0.9855998903,[-1.51285132  2.85158128 -1.6425817 ],1.455269098,11.64999963,55.25983302,643.7770344
1.456009626,1.576298138,0.9852441507,[-1.41188847  2.31451051 -1.58663289],1.456274748,12.39999999,55.23783302,684.949129
1.457012653,1.576374263,0.9849266119,[-1.36925444  1.88041245 -1.58994003],1.457213879,13.96000025,55.12950071,769.6078435
1.458011389,1.576425204,0.9846568479,[-1.41475975  1.96823107 -1.64411214],1.457213879,15.44000055,55.0120004,849.3853164
1.45901227,1.576451679,0.9844372479,[-1.51928432  1.703236   -1.73483845],1.458397865,16.49000004,54.83966637,904.3061005
1.460014343,1.576454753,0.9842690183,[-1.59368144  1.56273926 -1.81917592],1.459397078,16.95000008,54.73500061,927.7582646
1.461009979,1.576435826,0.9841511541,[-1.61857119  1.5384047  -1.87740935],1.460445881,17.26999979,54.62400055,943.3564783
1.462009907,1.576396615,0.9840704331,[-1.58040811  1.57410032 -1.89148528],1.461532116,16.85000023,54.56549962,919.4286809
1.463011265,1.576339137,0.9840207518,[-1.4102392   1.72669809 -1.83686174],1.462530851,13.09000002,54.79716619,717.2949064
1.464021683,1.576265675,0.9840013841,[-1.18815834  1.82347926 -1.7436958 ],1.463529825,9.239999881,55.07749939,508.9160878
1.465008974,1.576178746,0.9840182643,[-0.85044167  1.87621146 -1.57503028],1.464539051,8.450000051,55.40999921,468.2144962
1.466012716,1.57608106,0.9840681781,[-0.45699135  1.88089549 -1.35921012],1.465466022,2.230000019,56.17283376,125.2654204
1.467009544,1.57597548,0.9841518485,[-0.08367408  1.48657862 -1.16536945],1.466649055,1.759999961,56.33383306,99.14754397
1.468013287,1.575864973,0.984265488,[ 0.19156372  0.72458866 -1.04159768],1.467645884,1.300000049,56.43799909,73.36940159
1.469012022,1.575752562,0.9837456876,[ 0.30983297 -0.20166829 -1.00035363],1.468688965,1.459999951,56.46683311,82.44157356
1.470011711,1.57564128,0.9839183993,[ 0.32174255 -0.99066174 -1.00480288],1.469774961,2.389999921,56.39783351,134.7908176
1.471011639,1.575534112,0.9841076762,[ 0.2579186  -1.29555157 -1.03789166],1.470772982,4.390000045,56.22683398,246.8358037
1.47200942,1.575433955,0.9843039306,[ 0.12386377 -1.1571789  -1.0821673 ],1.471705914,6.140000038,55.99866613,343.8318121
1.473010302,1.575343565,0.9845039584,[ 0.01932254 -0.57144926 -1.09651551],1.472896814,7.880000077,55.76266607,439.4098129
1.474009275,1.575265516,0.9847025568,[ 0.00424828  0.19997814 -1.04222404],1.473894119,8.620000124,55.60150019,479.2849386
1.475010157,1.575202157,0.9848972997,[ 0.08421852  1.09109556 -0.94838333],1.474939108,8.750000082,55.51733335,485.7766714
1.476013184,1.575155579,0.9850814631,[ 0.18397108  2.10090886 -0.86915286],1.476022005,7.709999964,55.58216731,428.5385079
1.47701335,1.575127582,0.9852555473,[ 0.23252125  2.99626152 -0.82096901],1.477020025,5.859999822,55.75650088,326.7330853
1.478011131,1.575119652,0.9854291853,[ 0.16775284  3.5766699  -0.80530428],1.477964878,4.850000041,55.86916669,270.9654607
1.479011774,1.575132943,0.9856126267,[ 4.43288834e-04  3.91578359e+00 -8.22400258e-01],1.478968859,4.159999955,55.96616618,232.8192488
1.480008841,1.575168265,0.9858027757,[-0.22117136  3.9348976  -0.88549889],1.480150938,3.399999961,56.05383428,190.5830344
1.481010199,1.575226078,0.9859964133,[-0.51210377  3.58307469 -0.98828649],1.481153011,2.920000002,56.1068325,163.831951
1.482011795,1.575306496,0.9861920194,[-0.75663222  3.18014242 -1.09558698],1.482195854,2.679999985,56.13383357,150.4386731
1.483013153,1.575409294,0.9863837593,[-0.98971766  2.57360053 -1.24030459],1.483272791,3.019999992,56.14116605,169.546321
1.484016895,1.575533926,0.9865709722,[-1.17651787  2.0391263  -1.37363063],1.484273911,3.350000087,56.15616671,188.1231634
1.485011101,1.575679543,0.9867547116,[-1.28623069  1.73003173 -1.4416652 ],1.485274076,3.899999885,56.10516612,218.8101414
1.486010313,1.575845022,0.9869354509,[-1.33040479  1.65369552 -1.44653851],1.486272812,4.330000104,56.02916718,242.6062997
1.487011909,1.576028994,0.9871121481,[-1.29082695  1.7471211  -1.41567817],1.487215042,5.079999786,55.94483312,284.1997403
1.488010645,1.576229883,0.9872819147,[-1.20431525  1.90600274 -1.38946688],1.487215042,5.529999888,55.89683278,309.109479
1.48901248,1.57644594,0.9874440447,[-1.09377892  2.22632244 -1.37446133],1.488402128,5.590000067,55.86349996,312.2769685
1.490010738,1.576675289,0.9875986925,[-0.99173813  2.55720136 -1.37940098],1.48939991,5.93000002,55.85066668,331.1944546
1.491009712,1.576915961,0.9877459444,[-0.92897696  2.8760253  -1.41684822],1.490353107,5.709999982,55.87366549,319.038629
1.492014408,1.577165944,0.9878871028,[-0.93300823  3.25472504 -1.46354262],1.491538048,5.149999989,55.9173336,287.9742675
1.493013382,1.577423219,0.9880205265,[-1.01317495  3.52792797 -1.51167221],1.49253583,4.750000115,55.96066602,265.8131701
1.494013309,1.577685802,0.9881489795,[-1.08578085  3.65959571 -1.5388321 ],1.493470907,4.129999949,56.00883293,231.3164771
1.495013475,1.57795178,0.9882715519,[-1.04892645  3.64480378 -1.53307343],1.494648933,3.550000053,56.06250064,199.0218802
1.496016026,1.578219349,0.9883919149,[-0.8930984   3.45251297 -1.50900694],1.495645761,3.070000093,56.09350014,172.2070507
1.497011423,1.578486839,0.988518278,[-0.73864914  3.11555357 -1.47772726],1.49669075,2.539999923,56.12833405,142.5659641
1.498011827,1.578752748,0.9886536859,[-0.61896195  2.65731727 -1.44009635],1.497771978,2.499999931,56.13733355,140.34333
1.499014616,1.579015757,0.988793246,[-0.55919267  2.27618858 -1.400205  ],1.498773813,2.629999965,56.1236674,147.6052433
1.50001955,1.579274748,0.9889319082,[-0.56987817  2.02165283 -1.36608962],1.499819994,3.330000132,56.09066645,186.7819267
1.501012564,1.57952882,0.9890692621,[-0.66549913  1.92231444 -1.34950843],1.500898838,3.96999985,56.03000069,222.4390943
1.502010822,1.579777286,0.9892035429,[-0.78222928  1.99528875 -1.3652589 ],1.501895905,4.779999873,55.95883369,267.4832179
1.503010511,1.580019684,0.9890282229,[-0.86154407  2.20344164 -1.39644959],1.502833128,5.510000071,55.88216654,307.9107416
1.504015207,1.580255762,0.9891518404,[-0.88849595  2.56809818 -1.40867185],1.504021883,5.849999886,55.83216667,326.6181687
1.505011559,1.580485475,0.9892742375,[-0.89911186  2.95322789 -1.37412942],1.505022764,5.729999945,55.81983312,319.8476407
1.506010056,1.580708969,0.9893964034,[-0.91503923  3.36568737 -1.31509673],1.506031036,5.609999949,55.80733299,313.0791352
1.507009268,1.580926562,0.989517786,[-0.93072204  3.68705563 -1.26954284],1.507079124,5.019999981,55.83400027,280.2866803
1.508010387,1.581138722,0.9896443392,[-0.94789264  3.93036633 -1.22446168],1.508147955,4.429999903,55.88216591,247.5579895
1.509015083,1.581346044,0.9897844958,[-0.9687599   3.95710622 -1.22078182],1.509166956,4.040000107,55.91683388,225.9040149
1.510010719,1.581549224,0.9899409157,[-0.9988869   3.81733885 -1.27670999],1.51027298,3.780000072,55.93999926,211.4532012
1.511010408,1.581749026,0.9901166859,[-1.04064827  3.59609186 -1.34251359],1.511276007,3.659999959,55.9483331,204.7708969
1.512009144,1.581946259,0.9903099552,[-1.08014646  3.27474053 -1.36481197],1.51227212,3.729999926,55.93933296,208.6537078
1.513010979,1.582141746,0.9905155133,[-1.11037663  3.01843941 -1.34347065],1.513206959,4.210000165,55.90899913,235.3768955
1.514009714,1.582336293,0.9907255586,[-1.09094089  2.71430724 -1.30533233],1.513206959,4.610000178,55.86883354,257.5553326
1.515019178,1.582530666,0.9909270442,[-1.03818935  2.5283825  -1.27907836],1.514395952,5.329999879,55.82083257,297.5250308
1.516010284,1.582725565,0.99111509,[-0.94803891  2.50393846 -1.26044632],1.515403986,5.800000072,55.78799947,323.5704009
1.51700902,1.5829216,0.9912948827,[-0.82512593  2.59822578 -1.25537133],1.516397953,6.250000067,55.7475001,348.4218794
1.518011093,1.583119275,0.9914699166,[-0.68102647  2.69457011 -1.25664455],1.517452955,6.239999995,55.74249967,347.8331976
1.519013405,1.583318966,0.9916362983,[-0.59628469  2.85535508 -1.24734277],1.518535137,6.210000008,55.7726663,346.3482582
1.520009041,1.583520916,0.9917889299,[-0.61368161  2.99210494 -1.24111874],1.519535065,5.860000163,55.80583318,327.0221916
1.52100873,1.583725219,0.9919181109,[-0.71896278  3.09680748 -1.2719252 ],1.520535946,5.229999965,55.86916606,292.1957365
1.522010088,1.583931822,0.9920215513,[-0.85814155  3.12897487 -1.34711942],1.52147603,4.290000098,55.93366623,239.9554336
1.523009539,1.584140518,0.9921006035,[-0.96560831  3.01527833 -1.42957569],1.522647858,3.489999976,56.01016617,195.4754786
1.52401638,1.584350954,0.9921568154,[-1.05021968  2.86248375 -1.52199694],1.523647785,3.409999812,56.09583346,191.2867816
1.525013447,1.584562636,0.9921960881,[-1.08854493  2.66509014 -1.57495016],1.524648905,2.969999826,56.12250074,166.6838174
1.526010513,1.584774937,0.9922228111,[-1.09463743  2.46870138 -1.59514972],1.525695801,1.560000097,56.18899981,87.65484518
1.527010918,1.584987113,0.9922374214,[-1.05679047  2.24163672 -1.55450915],1.526774883,2.489999954,56.1976668,139.9321877
1.528011322,1.585198318,0.9922393974,[-0.99141588  2.0344854  -1.4820396 ],1.527776957,3.100000154,56.15150007,174.0696589
1.529013157,1.585407624,0.9922235988,[-0.92857676  1.92562278 -1.42406668],1.528712749,3.979999986,56.08116659,223.2030422
1.530011654,1.585614036,0.9921821401,[-0.90846627  1.89244188 -1.41633716],1.529897928,4.180000033,56.02733358,234.1942562
1.531010151,1.585816517,0.9921141541,[-0.93548516  1.9931934  -1.4471976 ],1.530897141,4.739999961,56.00383313,265.4581669
1.532015562,1.586014012,0.992022134,[-1.02674977  2.18288403 -1.51546741],1.531836033,4.540000055,55.99983279,254.2392439
1.533010006,1.586205463,0.991908206,[-1.15124923  2.41823968 -1.58327954],1.53302598,4.520000059,56.02050018,253.2126641
1.53400898,1.586389837,0.9917685894,[-1.2279749   2.6289853  -1.61732145],1.534023762,3.150000025,56.09066645,176.6856007
1.535008669,1.586566147,0.9916015548,[-1.26793699  2.77331121 -1.61870604],1.535023928,2.76999997,56.1438338,155.5184179
1.536009073,1.586733466,0.9911262639,[-1.24621752  2.80633329 -1.59343837],1.536039114,2.020000078,56.19166629,113.5071703
1.537009954,1.586890951,0.990925279,[-1.14637063  2.74643834 -1.54351667],1.537030935,1.819999907,56.222833,102.3255508
1.538012743,1.587037856,0.990713197,[-1.03967181  2.62292797 -1.50103441],1.537970781,1.7999999,56.23933347,101.2307946
1.539009333,1.587173547,0.9904940707,[-0.93879385  2.45868132 -1.47240432],1.539150953,1.660000034,56.25583331,93.38468519
1.540013313,1.587297512,0.9902687902,[-0.89115609  2.30432323 -1.46631914],1.540147781,1.919999916,56.26266607,108.0243141
1.541011572,1.58740937,0.9900388434,[-0.9116801   2.17791218 -1.4833019 ],1.541146994,2.210000016,56.23133341,124.2712477
1.542010546,1.587508876,0.9898059679,[-0.95260828  2.12954314 -1.50681295],1.542155981,2.600000061,56.18533325,146.0818699
1.54301095,1.587595925,0.9895660977,[-0.9929331   2.20481626 -1.53539423],1.543211937,3.230000027,56.15299924,181.374189
1.544017315,1.587670547,0.9893188634,[-0.99496285  2.33696788 -1.55563151],1.544274807,3.360000111,56.14616585,188.6511235
1.54501152,1.58773291,0.9890665377,[-0.97120051  2.52597901 -1.56390166],1.545275927,3.440000026,56.14649963,193.1439602
1.546010256,1.587783311,0.9888121445,[-0.93450599  2.73708921 -1.56050477],1.54622674,3.360000012,56.16349983,188.7093601
1.547011137,1.587822167,0.9885582121,[-0.88341225  2.9271978  -1.53754478],1.54622674,2.830000041,56.18833288,159.0129843
1.548013926,1.587850005,0.9883088779,[-0.83775403  3.09267239 -1.48991108],1.547403812,2.360000027,56.22183291,132.6835272
1.549012899,1.587867452,0.988062366,[-0.80845288  3.21776825 -1.44043244],1.548409939,2.129999964,56.25166639,119.8160474
1.550013542,1.587875216,0.9878221695,[-0.80509329  3.21529007 -1.4096881 ],1.549357891,1.630000023,56.28333282,91.74183381
1.551010847,1.587874078,0.9875941745,[-0.8287889   3.08629979 -1.40881492],1.550535917,1.460000027,56.30699984,82.20822129
1.552011728,1.587864867,0.9873836014,[-0.89782254  2.91237533 -1.43851648],1.551537037,1.28000002,56.31349945,72.08128041
1.553010941,1.587848452,0.9871910483,[-0.98416039  2.69031723 -1.47145027],1.552536964,1.060000021,56.31033325,59.68895443
1.554010391,1.587825719,0.9870202255,[-1.05309201  2.40658068 -1.49277113],1.553473949,1.409999985,56.30416616,79.38887345
1.555010796,1.587797557,0.9868668361,[-1.14244834  2.18830266 -1.49687085],1.554647923,1.730000038,56.28833326,97.37881866
1.556010485,1.587764842,0.9867273699,[-1.19366056  2.08173985 -1.47310233],1.555646896,2.080000062,56.27233378,117.0464577
1.557015181,1.587728423,0.9866027569,[-1.18637336  2.06874031 -1.44029683],1.556689978,2.55000001,56.2531662,143.4455744
1.55801487,1.587689105,0.9864942291,[-1.14147395  2.1636331  -1.4195516 ],1.557775021,2.729999918,56.21899923,153.4778633
1.559010506,1.587647637,0.9864055387,[-1.09020684  2.35694052 -1.41908415],1.558772802,3.019999979,56.2128334,169.7627557
1.560010433,1.587604705,0.9863398321,[-1.06019294  2.59127944 -1.42486815],1.559781075,3.209999997,56.2026666,180.4105596
1.56100893,1.587560916,0.9862995422,[-1.05205171  2.8280512  -1.42866725],1.560775042,3.039999921,56.2101663,170.8789011
1.562011242,1.587516796,0.9862824248,[-1.06019503  3.03422306 -1.42881877],1.561712027,2.53999999,56.24100049,142.8521407
1.563010216,1.587472783,0.9862877151,[-1.07448121  3.19822982 -1.42508057],1.562896967,2.349999947,56.27966626,132.2572128
1.564016104,1.587429222,0.9863147038,[-1.07783968  3.22781131 -1.41789408],1.563900709,2.330000041,56.30533346,131.1914293
1.565011263,1.587386365,0.9863648021,[-1.05744405  3.18770475 -1.40967399],1.564903021,1.900000006,56.32699966,107.0212997
1.56600976,1.58734437,0.9864357964,[-1.01784804  3.06609002 -1.40521087],1.565898895,0.5600000024,56.36833382,31.56626707
1.567011118,1.587303305,0.9865292779,[-0.9826108   2.84307492 -1.40281679],1.566834927,0.8600000143,56.38699977,48.49282061
1.568012476,1.587263149,0.9866427914,[-0.96891457  2.45954093 -1.40307786],1.568024874,0.8600000143,56.3938338,48.49869787
1.569009542,1.5872238,0.9865254167,[-0.97230997  2.10937385 -1.40587154],1.569027901,1.150000036,56.3845005,64.8421776
1.570009232,1.587185079,0.986663747,[-0.98853933  1.88185281 -1.40791538],1.569967031,1.540000021,56.36750031,86.80595168
1.571009636,1.58714674,0.9868047142,[-0.99821011  1.75114562 -1.4083717 ],1.570970058,1.98999995,56.3490003,112.1345078
1.572015524,1.587108477,0.986946156,[-1.00024919  1.74929032 -1.40468087],1.572150946,2.719999939,56.30650012,153.1536769
1.573009014,1.587069934,0.9870882193,[-1.00374006  1.91790764 -1.40222244],1.57315588,2.909999996,56.28466733,163.7883817
1.574010849,1.587030714,0.9872322866,[-1.02895946  2.09993262 -1.40356695],1.574204922,3.019999996,56.27283351,169.943957
1.575011253,1.58699039,0.9873805889,[-1.08037489  2.3726978  -1.40850073],1.575274944,2.860000098,56.27066676,160.9341125
1.576033115,1.586948514,0.987530433,[-1.13418325  2.67840312 -1.41490096],1.576272964,2.450000042,56.30249977,137.9411268
1.577010393,1.586904626,0.987685864,[-1.18311018  2.93360735 -1.4235866 ],1.577276707,1.98999998,56.34233348,112.1212425
1.578012705,1.586858265,0.9878479261,[-1.22066587  3.11124711 -1.4325735 ],1.577276707,1.540000001,56.37366676,86.81544687
1.579009056,1.586808978,0.988022795,[-1.22803636  3.16582443 -1.4342589 ],1.57832098,1.330000022,56.39783287,75.00911898
1.580008507,1.586756326,0.9882006146,[-1.22195926  3.09460814 -1.42637912],1.579400778,1.03000004,56.42816607,58.12101333
1.581017017,1.586699893,0.988390792,[-1.21787485  2.93716331 -1.41208933],1.58039999,0.8299999628,56.43833288,46.84381419
1.582009315,1.586639289,0.9885836387,[-1.22830951  2.71335794 -1.40430432],1.581346035,0.7099999879,56.45100085,40.08020992
1.583011627,1.586574162,0.9887770628,[-1.26046019  2.48055593 -1.40551039],1.582534075,1.180000037,56.4411672,66.60057938
1.584015131,1.586504193,0.9889673934,[-1.29472953  2.26222186 -1.41717082],1.583530903,1.710000003,56.41750018,96.47392546
1.585011244,1.586429107,0.9891461615,[-1.30620311  2.11632069 -1.43266615],1.584537029,1.910000065,56.37650045,107.6791195
1.586011171,1.58634867,0.9893144683,[-1.29290341  2.09892747 -1.45031115],1.585468769,1.829999983,56.34566625,103.1125683
1.58701086,1.586262693,0.9894699978,[-1.24950998  2.15554001 -1.46607697],1.586649895,2.430000022,56.30083402,136.8110279
1.588012695,1.58617103,0.9896136573,[-1.19186973  2.19438214 -1.46154724],1.587648869,2.529999971,56.28333346,142.396832
1.589009762,1.586073575,0.9897473521,[-1.14199951  2.26882246 -1.43586998],1.58864975,2.319999985,56.29483287,130.6040114
1.590010881,1.585970266,0.9898690313,[-1.09639867  2.32820408 -1.3946929 ],1.589689016,2.170000039,56.30133247,122.1738937
1.591010809,1.585861075,0.9899789164,[-1.06653186  2.43571578 -1.36664855],1.590778112,1.980000019,56.30483373,111.4835719
1.59202528,1.585746011,0.9900775148,[-1.05336015  2.51485577 -1.35809981],1.59177804,1.899999984,56.3131663,106.995015
1.593010426,1.585625112,0.9901692517,[-1.05827244  2.578575   -1.37837222],1.592710972,1.879999999,56.3106664,105.8640528
1.594010353,1.585498441,0.9902567085,[-1.08790311  2.59183437 -1.41626819],1.593901873,1.86999999,56.30966632,105.2990754
1.595010281,1.585366085,0.9903409438,[-1.12841035  2.59079954 -1.44497374],1.594902992,1.819999993,56.31300036,102.4896603
1.59600997,1.585228145,0.9904215276,[-1.17397219  2.5393489  -1.46440605],1.595900059,1.710000008,56.31333351,96.29580077
1.597011089,1.585084734,0.990497459,[-1.20526618  2.45364886 -1.47251904],1.596832991,1.639999986,56.32099978,92.36643884
1.598011494,1.584935972,0.9905669149,[-1.216702    2.35115447 -1.46641115],1.598025799,1.500000045,56.32750003,84.49125256
1.599010229,1.584781984,0.9906290092,[-1.20697897  2.25819681 -1.44869733],1.599026918,1.660000011,56.32549922,93.50032934
1.600021124,1.584622888,0.9906826471,[-1.1990287   2.2038312  -1.43646757],1.599964142,1.719999999,56.32999992,96.8875998
1.601013184,1.584458801,0.9907276548,[-1.19162142  2.19147004 -1.43149964],1.601149797,1.760000005,56.33033307,99.14138651
1.602011204,1.584289828,0.9906211706,[-1.19300598  2.21135169 -1.43543234],1.602151155,1.720000029,56.33000056,96.88760257
1.603010893,1.584116062,0.9906489297,[-1.19986756  2.26913101 -1.44169553],1.603158951,1.939999968,56.3143336,109.2498054
1.604013205,1.58393758,0.9906686477,[-1.21428996  2.382221   -1.44465266],1.604090929,1.989999957,56.30516752,112.047281
1.605013609,1.583754444,0.9906799834,[-1.21555825  2.47193309 -1.44367075],1.605274916,2.280000061,56.29183388,128.3453847
1.60601306,1.583566697,0.9906832452,[-1.2048222   2.60048261 -1.443893  ],1.606279135,2.360000029,56.27066676,132.7987752
1.60701108,1.583374363,0.9906806655,[-1.18947347  2.69404893 -1.43908547],1.607228041,2.269999966,56.27066676,127.7344116
1.608012438,1.583177445,0.9906747229,[-1.16358512  2.74365716 -1.42846862],1.607228041,2.129999958,56.27733358,119.8707182
1.609010696,1.582975929,0.9906666006,[-1.13421075  2.81409078 -1.41605261],1.60840106,2.079999991,56.29116694,117.0856267
1.610010147,1.582769783,0.9906565784,[-1.10923144  2.8617175  -1.40538986],1.609400988,2.060000047,56.30583382,115.9900203
1.611009836,1.582558957,0.9906438154,[-1.09162953  2.8386663  -1.39871901],1.610352993,1.830000028,56.32049942,103.0665155
1.612010002,1.582343387,0.9906277951,[-1.0792051   2.76828445 -1.39635901],1.61153388,1.659999996,56.33116595,93.50973527
1.613009691,1.582122996,0.9906078906,[-1.07748436  2.62900273 -1.40172005],1.612535954,1.499999985,56.33400027,84.50099956
1.61400938,1.581897697,0.9905829211,[-1.08632778  2.48059599 -1.41482987],1.613535881,1.49000001,56.34466616,83.95355312
1.6150105,1.581667395,0.9905511958,[-1.10012324  2.31373778 -1.43410268],1.614476919,1.759999961,56.33666674,99.15253125
1.616009712,1.581431991,0.9905104238,[-1.11256655  2.16501838 -1.45212278],1.615650892,1.929999977,56.33483378,108.7262279
1.617010117,1.581191386,0.9904591829,[-1.11683079  2.05593232 -1.46569159],1.616652012,1.969999954,56.33166631,110.97338
1.618012667,1.580945481,0.9903964727,[-1.09878057  1.99838173 -1.44843576],1.617655039,2.09999992,56.33216731,118.2975468
1.619009972,1.580694186,0.9903208733,[-1.05693496  1.97879896 -1.40442888],1.618648052,2.239999995,56.32283338,126.1631465
1.620009899,1.580437416,0.9902310703,[-1.01090675  2.01138895 -1.35980822],1.619690895,2.189999968,56.32933362,123.3612388
1.621011734,1.580175101,0.990126861,[-0.9680616   2.07344789 -1.3222566 ],1.620773077,2.079999983,56.33216667,117.1709057
1.622009754,1.579907184,0.9900111669,[-0.93758151  2.13003228 -1.29887827],1.621776104,1.939999953,56.34016673,109.2999208
1.623009443,1.579633627,0.9898856133,[-0.92750447  2.20105334 -1.28977486],1.622774839,1.75999999,56.36083349,99.1950664
1.624014616,1.579354414,0.9897496859,[-0.94424852  2.24375467 -1.28932096],1.623819828,1.25000003,56.40499878,70.50625016
1.625010014,1.579069551,0.9896077015,[-0.96939494  2.23599609 -1.28641509],1.624899864,0.6900000125,56.4331665,38.93888559
1.62601018,1.578779068,0.9894590103,[-1.01127418  2.19004117 -1.278627  ],1.625897884,0.3600000292,56.50216611,20.34078145
1.627012968,1.578483023,0.9893059926,[-1.05746634  2.11372897 -1.27338991],1.626836777,0.2899999917,56.53066762,16.39389314
1.628010035,1.578181504,0.9891501942,[-1.0944222   2.03450489 -1.27662007],1.628025055,0.5699999928,56.52400017,32.21867969
1.629009008,1.577874625,0.9889904188,[-1.11023949  1.96286716 -1.28280159],1.62902689,0.7699999958,56.51216698,43.51436834
1.630009413,1.577562533,0.9888277142,[-1.11018212  1.90292564 -1.28741356],1.629979134,0.6800000221,56.50766754,38.42521517
1.631010532,1.577245404,0.9886651275,[-1.09070557  1.82984641 -1.28093912],1.631151915,0.6899999827,56.50000064,38.98499946
1.632009268,1.576923442,0.988502458,[-1.04254485  1.81023352 -1.25947348],1.632149935,0.7600000054,56.4993337,42.93949391
1.633011103,1.576596883,0.9883402276,[-0.98159731  1.78762489 -1.21970054],1.633149862,0.8199999928,56.48183314,46.31510277
1.634011745,1.576265991,0.9881779938,[-0.92006597  1.77128738 -1.17525068],1.634149075,0.9499999434,56.47866631,53.65472979
1.635009766,1.575931053,0.9880154629,[-0.88059691  1.74835421 -1.14549815],1.635187864,0.8699999601,56.49250031,49.14847301
1.6360116,1.575592386,0.9878508057,[-0.86167988  1.74962714 -1.13003379],1.636083841,0.6800000072,56.51216634,38.42827352
1.637012005,1.575250325,0.9876859086,[-0.85534503  1.72856651 -1.1275779 ],1.636083841,0.7400000095,56.51899974,41.82406034
1.638010025,1.574905229,0.9873617269,[-0.86082275  1.69485037 -1.12759138],1.638273954,0.6300000101,56.53900083,35.6195711
1.639009476,1.574557472,0.9871973827,[-0.87248241  1.62494374 -1.12544592],1.63920784,0.6299999803,56.55250041,35.62807414
1.640011072,1.574207443,0.9870358174,[-0.88116081  1.55983763 -1.11283007],1.63920784,0.400000006,56.5656662,22.62626682
1.641010761,1.573855541,0.9868763319,[-0.88807075  1.47439986 -1.08861663],1.640403748,0.2700000107,56.57549922,15.2753854
1.642009735,1.573502173,0.9867171278,[-0.89028135  1.38248792 -1.05753726],1.641402006,0.280000031,56.57466698,15.84090851
1.643009424,1.573147751,0.9865580997,[-0.88927846  1.28412116 -1.03335016],1.642329931,0.6299999952,56.56433296,35.6355295
1.644014597,1.572792684,0.9864005847,[-0.89491026  1.21328844 -1.02527791],1.643532991,0.819999963,56.55833371,46.37783156
1.645010948,1.572437381,0.9862475995,[-0.912669    1.17829454 -1.02468502],1.644536972,0.7399999797,56.5436662,41.84231184
1.646011114,1.57208224,0.9861001841,[-0.93310256  1.14040186 -1.02395666],1.645574093,0.5500000417,56.55099996,31.10305234
1.647012234,1.571727651,0.9859588493,[-0.95053035  1.12131905 -1.0155655 ],1.646651983,0.6000000238,56.55816714,33.93490163
1.6480124,1.571373986,0.9858251962,[-0.95961996  1.12240908 -0.99898896],1.647653103,0.6600000262,56.55899938,37.32894107
1.64902401,1.5710216,0.9856997574,[-0.95481671  1.11443753 -0.96658951],1.648647785,0.6100000143,56.55933253,34.50119365
1.650024414,1.570670828,0.9855838537,[-0.93956487  1.09759401 -0.92825054],1.649689913,0.6599999964,56.55866623,37.32871951
1.651027918,1.570321978,0.985478679,[-0.92260502  1.06908359 -0.9016471 ],1.650774002,0.6999999732,56.55716642,39.59001498
1.652006865,1.569975332,0.9853834515,[-0.90916663  1.06509442 -0.89420661],1.65177393,0.7199999839,56.56199964,40.72463883
1.653043509,1.569631141,0.9853017087,[-0.9013823   1.03737581 -0.89385916],1.652812958,0.5300000012,56.57516734,29.98483876
1.654044867,1.569289626,0.9852316026,[-0.89518335  0.99260058 -0.88703314],1.653898954,0.4099999517,56.57449913,23.19554191
1.655004025,1.568950972,0.9851764975,[-0.89320558  0.97228846 -0.87249422],1.654903889,0.4099999964,56.58000056,23.19780003
1.656043291,1.568615332,0.9851326532,[-0.89853044  0.93157175 -0.85241412],1.655843019,0.4499999881,56.5909996,25.46594915
1.657048225,1.56828282,0.9851045383,[-0.90446824  0.8854747  -0.83810688],1.657022953,0.4800000042,56.59183311,27.16408013
1.658005476,1.567953516,0.985091477,[-0.91829747  0.85436703 -0.83198726],1.658027887,0.5000000298,56.59916623,28.2995848
1.659038305,1.567627463,0.9850921158,[-0.9363965   0.80392227 -0.83453906],1.659026861,0.5000000596,56.60699972,28.30350323
1.659999847,1.567304667,0.9851068409,[-0.95022155  0.78227415 -0.83898058],1.659964085,0.5100000203,56.60283343,28.8674462
1.661000013,1.5669851,0.9851339829,[-0.94847721  0.72474179 -0.83474181],1.661151886,0.6700000465,56.60016759,37.92211492
1.661999226,1.566668699,0.9851769948,[-0.93790429  0.69695863 -0.82032459],1.662151814,0.7599999607,56.59799957,43.01447745
1.663034439,1.566355368,0.9852282911,[-0.91878443  0.67928807 -0.79009808],1.66314888,0.8399999589,56.58966764,47.53531849
1.664023638,1.566044982,0.9852917742,[-0.90423153  0.66320711 -0.7635056 ],1.66417098,0.7900000364,56.57733345,44.69609548
1.665059328,1.565737385,0.9853636807,[-0.8998697   0.67447649 -0.74532375],1.665276051,1.600000024,56.54833412,90.47733594
1.66603899,1.565432395,0.985446005,[-0.91256497  0.67144788 -0.74113229],1.666279078,1.510000035,56.50833257,85.32758417
1.667049646,1.565129809,0.985530702,[-0.92983595  0.68869475 -0.73981345],1.667230844,1.329999983,56.50166702,75.1472162
1.668043375,1.5648294,0.9855887401,[-0.94692127  0.70378693 -0.73657472],1.667230844,1.270000026,56.51066653,71.76854794
1.669038534,1.564530925,0.9856874164,[-0.9606278   0.67793435 -0.72383937],1.66840291,1.210000008,56.53000005,68.40130053
1.670041323,1.564234126,0.9857935018,[-0.97263276  0.66753027 -0.70706015],1.66940093,1.419999957,56.53433355,80.27875121
1.671001673,1.563938734,0.9859006532,[-0.9762731   0.65112891 -0.69368382],1.670446873,1.410000063,56.54266675,79.72516371
1.672000408,1.563644472,0.9860106022,[-0.97599976  0.63005755 -0.69253334],1.671535015,1.279999986,56.54999987,72.38399906
1.67300415,1.563351055,0.9861235522,[-0.97389309  0.59866227 -0.69973036],1.672533989,1.28000002,56.549167,72.38293488
1.674039364,1.5630582,0.9862341158,[-0.97125759  0.58580819 -0.71347946],1.673470974,1.200000044,56.53649966,67.84380208
1.675042152,1.562765623,0.9863503384,[-0.96746912  0.57204405 -0.71905294],1.6746521,1.220000058,56.54816755,68.98876771
1.676000595,1.562473044,0.9864674084,[-0.96283635  0.52988314 -0.71444827],1.675653934,1.300000079,56.54716619,73.51132051
1.677041531,1.562180189,0.9865880736,[-0.95831954  0.51526641 -0.70530772],1.676690102,1.399999943,56.54250081,79.1594979
1.67800045,1.561886793,0.9867039033,[-0.95715182  0.49663209 -0.69680114],1.677777052,1.399999984,56.54600016,79.1643993
1.67899847,1.561592603,0.9868132589,[-0.95579368  0.47784416 -0.6914261 ],1.678774834,1.429999985,56.53883298,80.85053031
1.680033445,1.561297376,0.986929304,[-0.95140541  0.45102574 -0.69667446],1.679706097,1.540000018,56.5346667,87.06338772
1.681037426,1.561000886,0.9870320098,[-0.94288169  0.43997453 -0.70386316],1.680914164,1.53999998,56.53300031,87.06081937
1.682002783,1.560702922,0.9871322797,[-0.92692789  0.40470261 -0.70634733],1.681900978,1.58999997,56.52966626,89.88216767
1.683038235,1.560403289,0.9872277698,[-0.90466744  0.37807713 -0.69828667],1.682844877,1.370000023,56.52049955,77.4330857
1.684007645,1.560101811,0.9873107165,[-0.88328961  0.37852816 -0.68329522],1.684026957,1.539999969,56.51633326,87.03515149
1.685002565,1.559798328,0.9873806153,[-0.87038131  0.36482908 -0.67088225],1.68502593,1.88000004,56.50900014,106.2369225
1.686036348,1.559492698,0.9874453748,[-0.86001991  0.35107611 -0.65787504],1.685966015,1.830000021,56.50216611,103.3989651
1.68700099,1.559184797,0.987496773,[-0.85822069  0.33875439 -0.6549588 ],1.687153101,1.660000034,56.49650002,93.78419193
1.688036442,1.55887452,0.9875397295,[-0.86214802  0.33156837 -0.65720471],1.688153028,1.759999976,56.48650042,99.41623936
1.689034939,1.558561776,0.9875729769,[-0.86689033  0.30159751 -0.65939198],1.689154863,1.839999944,56.48683357,103.9357706
1.690018177,1.558246491,0.9875924894,[-0.87249465  0.28388846 -0.66245173],1.690099955,1.789999962,56.47933324,101.0980043
1.69100523,1.557928607,0.9876008907,[-0.86690053  0.2861988  -0.66118131],1.691274881,1.749999978,56.47466787,98.8306675
1.692041159,1.557608076,0.9875971749,[-0.85828747  0.28837547 -0.6578076 ],1.692278862,1.669999965,56.48750051,94.33412385
1.693003416,1.557284868,0.9875837557,[-0.84387213  0.29111744 -0.64991102],1.693224907,1.659999955,56.49283282,93.77809996
1.694044828,1.556958957,0.9875616991,[-0.82502867  0.29530859 -0.6407953 ],1.693224907,1.680000003,56.49866676,94.91776036
1.69500351,1.556630333,0.9875301172,[-0.8137227   0.25882188 -0.63611514],1.694402933,1.559999969,56.50283368,88.14441879
1.696010828,1.556298991,0.987491545,[-0.80289368  0.2515438  -0.63526085],1.69540596,1.650000047,56.49950027,93.22417811
1.697010279,1.555964932,0.9874388137,[-0.79070607  0.25667427 -0.63056322],1.696329832,1.700000018,56.49466705,96.040935
1.698029995,1.555628163,0.987380049,[-0.78127185  0.27180785 -0.62183633],1.697536945,1.699999932,56.50100072,96.0516974
1.699006319,1.555288698,0.9873091979,[-0.77132172  0.26981536 -0.61273479],1.698534012,1.589999992,56.49350039,89.82466519
1.700042725,1.554946549,0.9872308445,[-0.76028682  0.26317652 -0.60230427],1.699473143,1.470000029,56.50316683,83.05965686
1.701001406,1.554601733,0.9871451997,[-0.74743428  0.24316176 -0.59536296],1.700655937,1.520000029,56.51066653,85.89621478
1.702039957,1.554254268,0.9870152163,[-0.73436522  0.22790588 -0.59384089],1.701652765,1.570000011,56.50833384,88.71808478
1.703041077,1.553904172,0.9869092998,[-0.7218776   0.22359845 -0.59167756],1.702687979,1.689999945,56.50616709,95.49541931
1.704004288,1.553551461,0.9868036976,[-0.7100077   0.22836112 -0.58851041],1.703774929,1.780000031,56.4981664,100.5667379
1.705000639,1.553196154,0.9866816898,[-0.69925332  0.23560134 -0.57734913],1.704774141,1.680000005,56.48816617,94.90011947
1.706056833,1.552838265,0.9865582615,[-0.69084521  0.23966213 -0.55735924],1.705710888,2.069999993,56.48416646,116.9222242
1.707041025,1.55247781,0.986434912,[-0.68555827  0.26664558 -0.54481363],1.706900835,2.00999999,56.49549993,113.5559543
1.707999706,1.552114805,0.9863020035,[-0.68138254  0.33112655 -0.53395377],1.707900763,2.079999965,56.47416751,117.4662664
1.709002018,1.551749265,0.9861556654,[-0.68330774  0.39708464 -0.53202887],1.708903074,1.970000027,56.48133278,111.2682271
1.7099998,1.551381204,0.9860146027,[-0.68389903  0.44924645 -0.53270108],1.709902048,1.839999979,56.48649979,103.9351584
1.711000919,1.551010639,0.9858739384,[-0.68043417  0.46530425 -0.528721  ],1.710839987,1.749999994,56.50283368,98.87995863
1.712006807,1.55063759,0.9857260374,[-0.67099211  0.46426712 -0.5169753 ],1.711843014,1.530000027,56.52116585,86.47738529
1.713000298,1.550262079,0.985577735,[-0.64998415  0.41050844 -0.48961036],1.713027,1.63000007,56.53683345,92.15504246
1.714006662,1.549884131,0.9854280611,[-0.62883957  0.3167805  -0.46189461],1.714040995,1.640000021,56.54083316,92.72696757
1.715010643,1.549503779,0.9852760807,[-0.61290779  0.22740606 -0.43992552],1.715034962,1.769999992,56.53716723,100.0707856
1.716005802,1.549121062,0.9851228246,[-0.60191414  0.14972753 -0.42719242],1.71604085,1.87999999,56.53466797,106.2851752
1.717003584,1.548736026,0.9849654587,[-0.59477115  0.08475696 -0.41472934],1.717041731,1.940000014,56.52183406,109.6523589
1.718002558,1.548348728,0.984805257,[-0.59340647  0.06315325 -0.40607875],1.718153954,2.120000005,56.51633453,119.8146295
1.719002962,1.547959233,0.9846437347,[-0.59783465  0.04196371 -0.40056686],1.719164848,2.179999985,56.50616709,123.1834434
1.720003128,1.547567622,0.9844802585,[-0.5991589   0.05535708 -0.38758996],1.720158815,2.410000026,56.48466682,136.1280485
1.721001863,1.547173985,0.9843144905,[-0.60061621  0.07192185 -0.37121686],1.721101046,2.289999969,56.47250112,129.3220258
1.72200346,1.54677843,0.9841481864,[-0.59934091  0.12615678 -0.35127321],1.721101046,2.319999978,56.48200035,131.0382396
1.723006964,1.546381077,0.9839843967,[-0.59788281  0.16150857 -0.33686636],1.723281145,2.220000036,56.47683271,125.3785706
1.724018335,1.545982063,0.9838258057,[-0.59607164  0.20802827 -0.32313328],1.723281145,2.099999994,56.48966599,118.6282982
1.725041151,1.545581544,0.9836728067,[-0.59567868  0.19762252 -0.31100079],1.724290848,1.699999962,56.50716654,96.06218098
1.726005316,1.545179691,0.9835250274,[-0.59906133  0.1916244  -0.29730875],1.725410938,1.569999989,56.53916677,88.76649121
1.727044821,1.544776695,0.9833823898,[-0.59989801  0.16947673 -0.28656678],1.726413012,1.780000014,56.55266698,100.663748
1.728035212,1.544372763,0.983242234,[-0.6030761   0.14066917 -0.27696478],1.727340937,1.829999983,56.56750043,103.5185248
1.729036331,1.543968123,0.9831164613,[-0.60042065  0.08834576 -0.26029809],1.728535891,1.799999997,56.56566683,101.8182001
1.730027914,1.543563019,0.9829872422,[-0.59290787  0.01971799 -0.23357777],1.729539871,1.93999999,56.56166649,109.7296324
1.731038094,1.543157716,0.9828698514,[-0.58449093 -0.03009605 -0.2053913 ],1.730537891,2.100000009,56.54916636,118.7532499
1.732034922,1.542752493,0.9827556228,[-0.57733928 -0.04824799 -0.17667971],1.731578112,2.270000011,56.53183365,128.327263
1.733054161,1.542347648,0.9826464717,[-0.56928897 -0.03984685 -0.14673965],1.732655048,2.289999977,56.51733398,129.4246935
1.734050274,1.541943495,0.9825382814,[-0.56683139 -0.01144154 -0.13017338],1.733654976,2.319999993,56.49933306,131.0784523
1.735040665,1.541540361,0.9824373096,[-0.56951878  0.01025526 -0.12093475],1.73469305,2.259999931,56.49983279,127.6896182
1.736038923,1.541138589,0.9823411785,[-0.57953972  0.03649931 -0.11340902],1.735774755,2.209999979,56.50450007,124.8749439
1.736999989,1.540738531,0.9822527936,[-0.59361141  0.04740958 -0.10080138],1.736778975,2.079999998,56.52133306,117.5643727
1.738042593,1.540340551,0.9821747656,[-0.60488279  0.05379672 -0.08827505],1.737778902,2.049999982,56.52966626,115.8858148
1.739038944,1.539945022,0.9821040315,[-0.61715014  0.01059701 -0.07100245],1.738818884,1.870000042,56.5454998,105.740087
1.740017653,1.53955232,0.9820430576,[-0.62773532 -0.05613327 -0.05192156],1.739901781,2.020000041,56.55483246,114.2407639
1.741000414,1.539162827,0.9819851838,[-0.63487927 -0.12826362 -0.03541812],1.740903139,1.960000023,56.55316607,110.8442068
1.741999626,1.538776925,0.9819373646,[-0.63700458 -0.20499666 -0.02739614],1.741900921,2.170000046,56.55149968,122.7167569
1.7429986,1.538394995,0.9818967444,[-0.63092377 -0.27854434 -0.01846103],1.742836952,2.290000007,56.55133247,129.5025517
1.744005919,1.538017414,0.9818606756,[-0.62285895 -0.32387186 -0.00561748],1.744028807,2.139999971,56.51616732,120.9445964
1.745002031,1.537644551,0.9818276001,[-0.61529125 -0.34589945  0.01161677],1.74502492,2.780000009,56.49833361,157.0653679
1.74600935,1.537276764,0.9817974194,[-0.61187792 -0.32635414  0.02673634],1.745963812,2.900000036,56.4684995,163.7586506
1.747002602,1.5369144,0.9817693395,[-0.60868118 -0.28688738  0.04071831],1.747150898,2.820000052,56.44383303,159.1716121
1.748008013,1.536557788,0.9817443332,[-0.61041547 -0.26795829  0.0618076 ],1.748150826,2.729999997,56.44666608,154.0993982
1.749002457,1.536207237,0.9817219539,[-0.61985975 -0.28408497  0.07151465],1.74920702,2.640000008,56.4583327,149.0499988
1.75003314,1.535863035,0.9817031334,[-0.62937186 -0.284639    0.07563255],1.750299931,2.64000003,56.46499952,149.0676004
1.751002789,1.535525444,0.9816878147,[-0.63671111 -0.27707228  0.08142939],1.750299931,2.680000022,56.47500038,151.3530023
1.752018452,1.535194696,0.9816771264,[-0.64366088 -0.27380381  0.08236812],1.752231836,2.680000052,56.47733307,151.3592556
1.753036976,1.534870993,0.9816713046,[-0.64837039 -0.28897657  0.08544054],1.752231836,2.629999951,56.486667,148.5599314
1.754062176,1.534554505,0.9816701202,[-0.65265158 -0.31383869  0.09234136],1.753409863,2.589999996,56.49183337,146.3138482
1.755035162,1.534245362,0.9816740118,[-0.65923734 -0.33409545  0.09653301],1.754407167,2.669999957,56.49033356,150.8291882
1.756043434,1.533943659,0.9816834983,[-0.66128951 -0.37079874  0.09646473],1.755331993,2.630000003,56.48716672,148.5612486
1.757007599,1.533649451,0.981697223,[-0.65778754 -0.42180749  0.09308222],1.756537914,2.850000039,56.48533312,160.9832016
1.758037567,1.533362749,0.981711684,[-0.64796344 -0.46341175  0.09066848],1.757537842,2.710000023,56.47566668,153.049058
1.759036303,1.533083525,0.9817274704,[-0.63374171 -0.46097254  0.09835245],1.758538961,2.939999968,56.46616681,166.0105286
1.759999514,1.532811707,0.9817437954,[-0.62212287 -0.43422915  0.10868226],1.759473085,2.819999993,56.4696668,159.24446
1.76099968,1.532547178,0.9817639867,[-0.61078512 -0.44728083  0.12042547],1.760653973,2.849999964,56.46616681,160.9285734
1.762033939,1.53228978,0.9817879275,[-0.60191264 -0.46693221  0.13269805],1.7616539,2.849999994,56.45500056,160.8967513
1.763040304,1.532039313,0.9818155808,[-0.59436831 -0.46325988  0.14185393],1.762663841,2.979999974,56.44166692,168.196166
1.764006615,1.531795534,0.9818494482,[-0.59103732 -0.4643022   0.14186233],1.763607979,3.35999994,56.42583338,189.5907968
1.76505065,1.531558162,0.9818905505,[-0.59461895 -0.48762103  0.13897582],1.764779806,3.339999974,56.39483325,188.3587416
1.76600194,1.531326878,0.9819358334,[-0.60365342 -0.51112627  0.14132389],1.765778065,4.049999975,56.32999992,228.1364983
1.767001867,1.531101328,0.9819832612,[-0.61255555 -0.50895745  0.14754258],1.766819954,4.029999994,56.32600021,226.9937805
1.768028498,1.530881125,0.9820382281,[-0.61820268 -0.47109065  0.15427347],1.767903805,3.93999996,56.31266721,221.8719066
1.768999577,1.530665856,0.9820916596,[-0.61850048 -0.4125791   0.16362076],1.768908024,4.120000016,56.30766741,231.9875906
1.769999266,1.530455079,0.9822051777,[-0.61340411 -0.3498864   0.17214401],1.769899845,3.939999968,56.30933317,221.8587709
1.771000385,1.530248335,0.9822671477,[-0.602364   -0.29670301  0.18006145],1.770835876,3.900000058,56.31866709,219.6428049
1.771999836,1.530045143,0.9823266425,[-0.58144417 -0.26980461  0.18707629],1.772029877,3.739999942,56.33633359,210.6978844
1.773002625,1.529845014,0.9823883044,[-0.5603596  -0.27849478  0.18824184],1.773026943,3.620000005,56.34633382,203.9737287
1.773998499,1.529647448,0.9824498053,[-0.54214447 -0.30907557  0.18468085],1.774099827,3.62999998,56.35866674,204.5819591
1.775001287,1.529451943,0.9825099683,[-0.52707647 -0.37909709  0.18292588],1.775153875,3.719999954,56.35766665,209.6505174
1.776010513,1.529257998,0.9825675356,[-0.51408734 -0.42433189  0.18302653],1.776154041,3.89000006,56.347833,219.1930738
1.776999474,1.529065117,0.982620521,[-0.50172137 -0.45322452  0.18605036],1.777112961,4.020000011,56.33283297,226.4579892
1.778039932,1.528872815,0.9826670709,[-0.48619864 -0.44019058  0.18900616],1.778296947,4.079999987,56.32699966,229.8141579
1.779000759,1.528680622,0.982705922,[-0.47487436 -0.42925449  0.18688849],1.778296947,4.309999954,56.30016708,242.6537175
1.780037642,1.528488088,0.9827361954,[-0.46391555 -0.41576478  0.18314519],1.780217886,4.430000018,56.28183301,249.3285213
1.781003475,1.528294782,0.9827596512,[-0.45291662 -0.39036251  0.17506533],1.780217886,4.250000004,56.27233378,239.1574188
1.782043457,1.528100304,0.9827743126,[-0.43766659 -0.31330569  0.171533  ],1.781406879,4.189999931,56.27099991,235.7754857
1.783037424,1.527904282,0.9827837337,[-0.42151858 -0.27945566  0.1716444 ],1.782406092,4.17999992,56.27049955,235.2106836
1.784004211,1.527706375,0.9827870031,[-0.40249377 -0.23664447  0.17959396],1.783340931,4.18999991,56.29466629,235.8746467
1.785042048,1.52750628,0.9827853409,[-0.38258743 -0.21380908  0.18885474],1.784343958,3.679999979,56.31133334,207.2257055
1.78604722,1.527303728,0.9827793432,[-0.36687318 -0.22648646  0.19572897],1.785542011,3.560000004,56.34100024,200.5739611
1.787052155,1.527098491,0.9827681979,[-0.35306365 -0.25068342  0.1944006 ],1.786546946,3.440000001,56.36550077,193.8973227
1.788042307,1.526890379,0.9827491512,[-0.34839191 -0.28223409  0.18761919],1.787476778,3.650000008,56.37100029,205.7541515
1.789042711,1.526679243,0.982722904,[-0.34691605 -0.36942979  0.18412232],1.788655043,3.719999947,56.36866633,209.6914357
1.790042877,1.526464973,0.9826885769,[-0.34596282 -0.41898571  0.17784794],1.789659023,3.759999994,56.35700035,211.902321
1.791005373,1.526247502,0.9826461987,[-0.34025784 -0.4603214   0.17921483],1.790652752,3.789999966,56.33233452,213.4995459
1.792040825,1.526026799,0.9825936053,[-0.33058289 -0.4823341   0.18952741],1.79169488,3.879999988,56.31133334,218.4879727
1.793002844,1.525802874,0.9825303807,[-0.31476613 -0.47254217  0.21194966],1.792776823,4.060000014,56.2985007,228.5719136
1.794001341,1.525575773,0.982460035,[-0.29754415 -0.42172298  0.23365296],1.793776989,4.059999995,56.28249995,228.5069495
1.795003414,1.525345576,0.9823760141,[-0.28037067 -0.3655762   0.25465729],1.794713974,4.109999981,56.26949946,231.2676417
1.796006203,1.525112397,0.9822912517,[-0.2715272  -0.30882424  0.26455665],1.795901775,4.069999959,56.26766586,229.0093978
1.797000408,1.524876383,0.9821977314,[-0.27405388 -0.25426944  0.26428873],1.796901941,3.92999992,56.26783307,221.1325795
1.798003674,1.524637707,0.9820992203,[-0.27971614 -0.19812647  0.26251482],1.797949791,3.809999947,56.27733358,214.4166379
1.799004316,1.524396568,0.9819971134,[-0.28858113 -0.15798201  0.26316088],1.799025059,3.709999945,56.29250018,208.8451726
1.800001144,1.524153191,0.9818918155,[-0.293097   -0.15777322  0.26650658],1.800041914,3.719999984,56.29583359,209.4205
1.801002741,1.52390782,0.9817832095,[-0.2928997  -0.16959017  0.27582215],1.800965071,3.729999937,56.30600039,210.0213779
1.802002668,1.523660717,0.9816719406,[-0.28550703 -0.1979036   0.28974086],1.802152872,3.860000115,56.29533386,217.2999952
1.803002596,1.523412161,0.981629977,[-0.27532068 -0.20933701  0.29835355],1.803154945,3.830000019,56.30483309,215.6475118
1.80400753,1.523162445,0.9815147251,[-0.26259725 -0.19877034  0.29646591],1.804208994,3.869999981,56.29183324,217.8493936
1.805007219,1.522911871,0.9813968139,[-0.25047231 -0.17813399  0.28941707],1.805224895,3.419999998,56.31483332,192.5967299
1.806003332,1.52266075,0.9812761915,[-0.24258648 -0.16669372  0.28903374],1.805224895,3.400000017,56.33583387,191.5418361
1.807003736,1.522409402,0.9811527958,[-0.23793428 -0.16526526  0.29164733],1.806281805,3.080000043,56.38600032,173.6688834
1.808000088,1.52215815,0.9810281821,[-0.23473093 -0.19842974  0.29620052],1.80822587,3.040000018,56.39616712,171.444349
1.809006214,1.521907321,0.9809035895,[-0.23041969 -0.20929375  0.30984635],1.80822587,2.890000015,56.40066719,162.9979291
1.810040236,1.521657244,0.980778374,[-0.22995134 -0.30360704  0.32505287],1.80941391,2.859999996,56.41116714,161.3359378
1.811038494,1.521408248,0.9806541762,[-0.23418111 -0.35714546  0.34289673],1.810407162,2.890000036,56.40283394,163.0041921
1.812036037,1.521160663,0.9805312184,[-0.2412169  -0.38644984  0.35783908],1.811336756,2.97000001,56.40100034,167.5109716
1.813040257,1.520914816,0.9804063271,[-0.25278279 -0.42167757  0.37034672],1.812542915,3.129999986,56.38616625,176.4886996
1.814039946,1.520671033,0.9802878254,[-0.26461797 -0.41299755  0.38393866],1.813539982,3.310000002,56.36616707,186.5720131
1.815038204,1.520429637,0.9801720856,[-0.27119085 -0.38642288  0.40017022],1.814543009,3.349999994,56.35800044,188.7993011
1.816036224,1.520190947,0.9800609995,[-0.27497715 -0.35976485  0.41424861],1.815541983,3.439999996,56.34133275,193.8141844
1.817044497,1.519955279,0.9799565369,[-0.27906788 -0.28536703  0.4340191 ],1.816546917,3.390000066,56.34016673,190.9931689
1.818036318,1.519722944,0.9798591278,[-0.2857255  -0.21767399  0.45364303],1.81754899,3.279999999,56.34299978,184.8050392
1.819036007,1.519494249,0.9797694993,[-0.29839638 -0.14231851  0.46996704],1.818550825,3.139999945,56.35633405,176.9588858
1.820045233,1.519269494,0.9796889207,[-0.31051667 -0.08372679  0.47968008],1.81959486,3.00000003,56.36533356,169.0960024
1.82100296,1.519048975,0.9796202798,[-0.32202629 -0.05178032  0.48838742],1.820653915,2.910000056,56.37016614,164.0371866
1.821999073,1.518832981,0.9795621794,[-0.33034337 -0.03204297  0.49561897],1.821694851,2.949999994,56.37783368,166.314609
1.823040247,1.518621793,0.979514553,[-0.33511631 -0.04496143  0.5012246 ],1.822781801,2.889999952,56.3781662,162.9328976
1.824007511,1.518415684,0.9794785823,[-0.33671536 -0.06568934  0.50932363],1.823784828,2.879999941,56.38833364,162.3983976
1.825005293,1.518214919,0.9794495336,[-0.33531402 -0.09365694  0.51560714],1.82478404,2.920000004,56.37999916,164.6295978
1.82600832,1.518019751,0.9794275938,[-0.33388998 -0.12126588  0.52004812],1.825787067,2.990000041,56.38666725,168.5961374
1.826999903,1.517830423,0.9794133028,[-0.3329125  -0.14859168  0.52808661],1.826826811,3.140000045,56.38150024,177.0379133
1.828042507,1.517647164,0.9794037003,[-0.3331672  -0.19921073  0.53664868],1.82790184,3.199999955,56.37550036,180.4015986
1.828999758,1.517470189,0.979398761,[-0.33338239 -0.22574232  0.5432113 ],1.828902006,3.35000005,56.36966642,188.8383853
1.830040455,1.517299695,0.9793994235,[-0.33611567 -0.23447152  0.54808855],1.829902887,3.379999986,56.36166636,190.5024315
1.831001282,1.517135861,0.9794072045,[-0.34116576 -0.22993986  0.55047945],1.830839872,3.369999945,56.35633341,189.9208405
1.832002401,1.516978849,0.9794198267,[-0.35049129 -0.2384216   0.54366137],1.832029819,3.269999994,56.34666634,184.2535986
1.833001852,1.516828793,0.9794403311,[-0.3596197  -0.25007797  0.53594521],1.833029032,3.189999964,56.34566689,179.7426753
1.834002256,1.516685809,0.9794654387,[-0.36432492 -0.26260122  0.53287211],1.833967924,3.140000006,56.35133362,176.9431879
1.835004807,1.516549982,0.9794987987,[-0.36583818 -0.26113771  0.53200834],1.835165739,3.120000035,56.36300087,175.8525647
1.836001635,1.516421371,0.979539126,[-0.3628344  -0.27530821  0.5371364 ],1.836153984,3.130000049,56.38266691,176.4777502
1.837000132,1.516300005,0.979674425,[-0.35657712 -0.27694249  0.546554  ],1.837154865,3.089999994,56.39283371,174.2538558
1.837999582,1.51618588,0.9797301666,[-0.35122073 -0.3049964   0.55580971],1.838176966,3.190000052,56.39283307,179.8931404
1.839001656,1.516078962,0.9797931913,[-0.34849951 -0.30136322  0.56630175],1.838176966,3.350000013,56.38449923,188.8880731
1.840000153,1.515979178,0.9798630603,[-0.35045645 -0.30218036  0.57390678],1.839282751,3.499999985,56.37083244,197.2979127
1.841005564,1.515886425,0.9799397839,[-0.35606421 -0.29876319  0.57519125],1.841233969,3.569999972,56.35816701,201.1986547
1.842047215,1.515800559,0.9800240249,[-0.36188202 -0.29307459  0.57565381],1.841233969,3.600000082,56.34849993,202.8546044
1.843046665,1.515721403,0.9801161064,[-0.36478751 -0.25532467  0.58025618],1.842406034,3.580000056,56.34416707,201.7121213
1.844004631,1.515648743,0.9802160174,[-0.36614063 -0.22932474  0.58519574],1.843408108,3.690000005,56.31983312,207.8201845
1.845002651,1.51558233,0.9803251955,[-0.36537016 -0.19249098  0.59222893],1.844339848,4.130000085,56.28733317,232.4666908
1.846041203,1.515521877,0.9804349068,[-0.36309361 -0.1703111   0.59977471],1.845540047,4.25000006,56.27950096,239.1878824
1.847038507,1.515467067,0.9805448201,[-0.35734524 -0.15419851  0.6102229 ],1.846540928,4.599999979,56.24266624,258.7162636
1.848033905,1.515417551,0.9806650587,[-0.34645273 -0.12316863  0.61925059],1.84758687,4.529999942,56.23766708,254.7566286
1.849045038,1.515372948,0.9807957878,[-0.33726619 -0.10375706  0.62152045],1.848585844,4.449999958,56.22516696,250.2019906
1.850003481,1.515332852,0.9809248405,[-0.32960681 -0.07605262  0.61511757],1.849655867,4.280000001,56.2329998,240.6772392
1.851010799,1.515296833,0.9810546134,[-0.32387685 -0.06501646  0.60125027],1.85065794,4.350000054,56.23133341,244.6063034
1.852035522,1.51526444,0.9811867854,[-0.31903828 -0.0683042   0.58939291],1.851603746,4.320000023,56.23516719,242.9359235
1.853046417,1.515235204,0.981311305,[-0.3134718  -0.07600249  0.57857308],1.852779865,4.289999932,56.23866781,241.2638811
1.854036808,1.515208646,0.9814390101,[-0.30791425 -0.09239149  0.57113545],1.853780985,4.36999999,56.23683357,245.7549621
1.855001688,1.515184276,0.9815643513,[-0.301615   -0.09464402  0.5671719 ],1.854720831,4.399999976,56.23316701,247.4259335
1.85600996,1.5151616,0.9816823252,[-0.29439351 -0.11699274  0.56177844],1.855903864,4.359999985,56.22633298,245.1468109
1.857003212,1.515140127,0.9817918969,[-0.2832405  -0.14242297  0.55796451],1.856904745,4.469999984,56.21566582,251.2840253
1.858047485,1.515119367,0.9818914549,[-0.26939242 -0.14771859  0.55094907],1.857914925,4.479999945,56.21166611,251.828261
1.859008789,1.515098845,0.9819854343,[-0.25064341 -0.15222873  0.54465713],1.858966827,4.419999912,56.21400007,248.4658754
1.860003233,1.515078095,0.9820693907,[-0.23135701 -0.14732576  0.53980858],1.860031843,4.489999935,56.20500056,252.3604489
1.861002207,1.515056676,0.9821487708,[-0.21855889 -0.13598252  0.53884499],1.861030102,4.509999931,56.20383263,253.4792813
1.862004042,1.515034165,0.9822140606,[-0.21207033 -0.1452271   0.53648608],1.861971855,4.429999918,56.20716604,248.9977409
1.863004684,1.515010171,0.9822737768,[-0.20830037 -0.13178396  0.53478694],1.863083839,4.359999985,56.20899963,245.0712375
1.864017487,1.514984331,0.9823260063,[-0.20646128 -0.11667297  0.53165796],1.864156723,4.379999995,56.20833333,246.1924997
1.865007162,1.51495632,0.982371334,[-0.20402162 -0.12579342  0.5257565 ],1.865154028,4.329999968,56.21600024,243.4152793
1.866007328,1.514925849,0.982410502,[-0.197383   -0.1264046   0.52195684],1.866161823,4.059999879,56.23499997,228.3140931
1.866998672,1.51489267,0.9824439596,[-0.19163093 -0.16775936  0.5159097 ],1.867214918,4.030000009,56.23733393,226.6364562
1.868004322,1.514856579,0.9824678788,[-0.18605679 -0.17827421  0.51324628],1.867214918,4.1100001,56.23966662,231.1450354
1.869045734,1.514817414,0.9824809881,[-0.1787492  -0.24009354  0.51464843],1.869303942,4.190000024,56.24366697,235.6609659
1.870001793,1.514775061,0.9825993158,[-0.16853609 -0.24423182  0.5193841 ],1.869303942,4.180000003,56.24316724,235.0964393
1.871006012,1.514729449,0.9825941595,[-0.15977928 -0.26909174  0.52370661],1.870285988,4.239999976,56.23566628,238.4392237
1.872039318,1.514680557,0.9825794347,[-0.15211461 -0.27514042  0.52691856],1.871335745,4.239999946,56.22733307,238.4038892
1.873002052,1.514628407,0.98255775,[-0.14922327 -0.28550524  0.52863491],1.872407913,4.33999997,56.22449938,244.0143256
1.874043465,1.514573064,0.9825262059,[-0.1481071  -0.255248    0.52666909],1.87341094,4.379999932,56.2121671,246.2092881
1.875042439,1.514514639,0.9824858748,[-0.14517249 -0.22589594  0.52321226],1.87440896,4.360000011,56.20933342,245.0726943
1.87603879,1.51445328,0.9824416848,[-0.14005394 -0.16882033  0.51988382],1.875344038,4.330000069,56.20450083,243.3654925
1.877037764,1.514389175,0.9823881434,[-0.13502173 -0.10522339  0.51799128],1.876540899,4.220000055,56.2134997,237.2209718
1.878040791,1.514322548,0.9823330439,[-0.12418914 -0.06671703  0.52023932],1.877542973,4.159999993,56.22566732,233.8987756
1.878997564,1.514253651,0.9822760575,[-0.11278024 -0.03499425  0.51974746],1.878545046,4.119999971,56.2246666,231.6456248
1.880036116,1.514182768,0.9822173846,[-0.10248335 -0.02302684  0.51543602],1.879593849,4.019999988,56.23399925,226.0606763
1.881048441,1.514110205,0.9821566911,[-0.0950889  -0.03573889  0.5091251 ],1.880656004,4.05999995,56.23133405,228.2992134
1.882041216,1.514036288,0.9820970456,[-0.0876713  -0.03066135  0.50342697],1.881658077,4.139999934,56.22683334,232.7790863
1.883036613,1.513961359,0.9820312858,[-0.08120241 -0.02388934  0.50011813],1.882701874,3.879999943,56.2323335,218.1814508
1.884008169,1.513885771,0.9819662806,[-0.07718561 -0.02673567  0.49843618],1.883786917,3.629999973,56.24533399,204.1705609
1.885004759,1.513809885,0.9819018001,[-0.0771255  -0.02334843  0.49919047],1.88478303,3.580000013,56.24433327,201.3547138
1.886044741,1.513734065,0.981835939,[-0.07889751 -0.01393967  0.49962269],1.885715961,3.279999971,56.29533259,184.6486893
1.887041807,1.513658673,0.9817723083,[-0.08302423 -0.01228498  0.50037737],1.886902809,3.229999959,56.30466652,181.8640706
1.88800168,1.513584066,0.9817075193,[-0.08731843 -0.04963475  0.50195416],1.887905836,3.230000019,56.30766614,181.8737627
1.88899827,1.513510593,0.9816409175,[-0.09094078 -0.08450566  0.50454545],1.888907909,3.359999925,56.30683327,189.1909555
1.890006065,1.513438591,0.9815785891,[-0.09377135 -0.10400604  0.51283464],1.889904976,3.449999988,56.30650075,194.2574269
1.891036034,1.513368378,0.9815207215,[-0.09369078 -0.12626338  0.52615296],1.890904903,3.420000017,56.29233297,192.5197797
1.891998291,1.513300259,0.981463371,[-0.0932994  -0.11804493  0.54160232],1.891952991,3.469999999,56.28666623,195.3147318
1.893000841,1.513234514,0.9814083827,[-0.09414729 -0.09603594  0.55737392],1.893032789,3.549999982,56.28299967,199.8046478
1.894001007,1.513171402,0.9813552268,[-0.09947962 -0.06625116  0.56973031],1.894032001,3.609999955,56.27216657,203.1425188
1.89500165,1.513111157,0.9813093063,[-0.10697341 -0.03626343  0.58366599],1.89496994,3.450000018,56.27799924,194.1590984
1.896001339,1.513053987,0.9812667667,[-0.11303602 -0.00515004  0.59764921],1.896156073,3.369999975,56.28500048,189.6804502
1.897003889,1.513000073,0.9812313125,[-0.11843515  0.02379345  0.61019205],1.897156954,3.290000021,56.29133288,185.1984864
1.898030281,1.512949569,0.9812032642,[-0.12143924  0.05913253  0.61848556],1.898159981,3.289999962,56.28683281,185.1836778
1.899010658,1.512902601,0.9811838861,[-0.12508708  0.06846346  0.62329206],1.899166822,3.280000031,56.2821668,184.6055088
1.900006533,1.512859267,0.9811729295,[-0.12859406  0.06632872  0.62439794],1.900169849,3.200000033,56.28850047,180.1232033
1.901004076,1.51281964,0.9811700556,[-0.13048222  0.07033718  0.62369158],1.901184797,3.25,56.28866704,182.9381679
1.902004719,1.512783765,0.9811748566,[-0.13316535  0.06837581  0.62220963],1.902189016,3.350000024,56.2840004,188.5514027
1.903004646,1.512751662,0.9812286889,[-0.13404199  0.06236646  0.61976501],1.902189016,3.340000004,56.28300031,187.9852212
1.904010296,1.512723327,0.9812483841,[-0.13423114  0.07438636  0.62140312],1.904284,3.359999985,56.28350004,189.1125592
1.905003309,1.512698735,0.9812746506,[-0.13045637  0.06861477  0.62558395],1.904284,3.29000001,56.28633308,185.1820364
1.906042337,1.512677837,0.9813065101,[-0.1289285   0.07782357  0.62947856],1.905334949,3.339999981,56.28499985,187.9918984
1.907008886,1.512660568,0.9813423036,[-0.12839479  0.07758912  0.63235648],1.906407118,3.559999969,56.2846667,200.3734117
1.908038616,1.512646842,0.981381404,[-0.130659    0.08839789  0.63344612],1.907412767,3.480000027,56.28250058,195.8631035
1.909019709,1.51263656,0.9814257898,[-0.13539017  0.09293848  0.63420683],1.90834713,3.439999975,56.28499921,193.6203959
1.91000104,1.512629608,0.9814701746,[-0.14141     0.09050855  0.63371676],1.909543037,3.489999965,56.28633436,196.4393049
1.911023855,1.512625859,0.9815204248,[-0.15108355  0.08724604  0.63572099],1.910546064,3.529999956,56.28683345,198.6925196
1.912003756,1.512625176,0.9815703628,[-0.16047835  0.06270493  0.64414585],1.911590099,3.590000004,56.29749997,202.1080251
1.913044691,1.512627412,0.9816224882,[-0.16569986  0.05026772  0.65822313],1.912656069,3.480000004,56.28399976,195.8683194
1.914026022,1.512632415,0.9816788901,[-0.17063321  0.03718919  0.67466964],1.91365695,3.580000028,56.28416697,201.4973193
1.915006161,1.512640024,0.9817340458,[-0.17583782  0.01578856  0.68663263],1.91465497,3.729999974,56.2746671,209.9045069
1.916042566,1.512650074,0.9817940319,[-0.18043135  0.00882683  0.69581032],1.915698767,3.679999977,56.27216657,207.0815717
1.917006254,1.512662399,0.9818509797,[-0.18348685  0.02476766  0.70415428],1.916784048,3.640000045,56.27150027,204.8282635
1.918052435,1.512676827,0.9819086637,[-0.18329438  0.02861203  0.7128986 ],1.91778183,3.570000023,56.2739989,200.8981773
1.91899991,1.512693187,0.9819707542,[-0.18043805  0.03059164  0.72320959],1.918720961,3.62999998,56.277167,204.2861151
1.919999123,1.512711305,0.9820289199,[-0.17684328  0.02319756  0.73627843],1.919904947,3.569999948,56.28283374,200.9297135
1.921000004,1.51273101,0.9820940691,[-0.17440428  0.01562182  0.74997146],1.920907974,3.569999948,56.27966626,200.9184056
1.92200017,1.512752129,0.9821548131,[-0.17138245  0.01308776  0.76134893],1.921916723,3.539999947,56.28016726,199.2317891
1.923000813,1.512774492,0.9822207017,[-0.16767816  0.01174293  0.76861751],1.922966957,3.599999949,56.27500025,202.5899981
1.924012423,1.512797929,0.9822880173,[-0.1632438  -0.01033551  0.7729918 ],1.924032927,3.739999995,56.26483281,210.4304744
1.925004721,1.512822276,0.9823553201,[-0.15860737 -0.00711309  0.77620876],1.925045967,3.87999998,56.24566587,218.2331825
1.926002979,1.512847367,0.9824211442,[-0.15485863 -0.01037212  0.77746765],1.926035881,4.229999959,56.22116725,237.8155352
1.926999331,1.512873042,0.9824855001,[-0.1510588  -0.01343892  0.77669942],1.927082777,4.159999952,56.20933342,233.8308243
1.928004026,1.512899143,0.982546721,[-0.1500244   0.00265973  0.77491499],1.928156137,4.229999915,56.21333377,237.782397
1.929001808,1.512925518,0.9826051433,[-0.15022267  0.02440797  0.77340713],1.929162979,4.160000026,56.20549965,233.81488
1.930003881,1.512952016,0.9826601463,[-0.14956205  0.04358203  0.76851089],1.930213928,4.139999926,56.2134997,232.7238846
1.931023121,1.512978493,0.9827121021,[-0.14591211  0.04350406  0.76035398],1.931284904,4.019999892,56.21950022,226.0023848
1.932006598,1.51300481,0.9827597476,[-0.13968558  0.04350774  0.75168484],1.931284904,4.099999905,56.22666677,230.5293284
1.933006048,1.513030833,0.9828034237,[-0.12771701  0.0274388   0.74552842],1.932282925,4.049999908,56.22066625,227.6936931
1.934007168,1.513056435,0.9828430891,[-0.11632394  0.01880102  0.74298554],1.933284044,4.079999968,56.2298336,229.4177193
1.935006142,1.513081494,0.9829371012,[-1.06536381e-01  2.66281328e-04  7.43602366e-01],1.93522191,4.11999999,56.23133405,231.6730957
1.93602705,1.513105897,0.9829663106,[-0.09186408 -0.00665287  0.74552175],1.936225891,4.089999989,56.23133278,229.9861504
1.937041283,1.513129539,0.9829910258,[-0.07813989 -0.02952847  0.74684708],1.936225891,4.13000004,56.2329998,232.2422914
1.938040972,1.513152323,0.9830106656,[-0.06934621 -0.03056349  0.74519681],1.93740797,4.050000027,56.23366674,227.7463518
1.939034462,1.513174161,0.9830250404,[-0.06312203 -0.04329429  0.74063104],1.938413858,4.049999982,56.2391669,227.7686249
1.940015078,1.513194975,0.9830346293,[-0.05849648 -0.05752514  0.74164433],1.939342976,3.97999993,56.23683357,223.8225937
1.941001654,1.513214698,0.9830395936,[-0.05292541 -0.06838218  0.75236022],1.940540791,4.059999973,56.22683271,228.2809393
1.942041159,1.513233274,0.9830409367,[-0.04663166 -0.08165608  0.7640345 ],1.941553116,3.979999989,56.23499997,223.8152993
1.943037033,1.513250657,0.9830390798,[-0.04027552 -0.08974801  0.77138148],1.942546844,3.960000008,56.23966599,222.7090778
1.944008112,1.513266815,0.9830342793,[-0.03799456 -0.08546326  0.77210482],1.943553925,3.950000048,56.24466642,222.166435
1.945042372,1.513281727,0.9830260518,[-0.03653129 -0.09134569  0.77426625],1.944559097,3.880000003,56.23683421,218.1989169
1.946041822,1.513295386,0.9830160794,[-0.03527215 -0.09000449  0.77693273],1.945660114,3.680000033,56.25633367,207.0233098
1.947001457,1.513307795,0.9830044917,[-0.0317237  -0.09411159  0.77922946],1.94665885,3.630000092,56.26049995,204.22562
1.94804883,1.513318973,0.9829897244,[-0.02716808 -0.11175288  0.78305993],1.947710752,3.730000056,56.2513326,209.8174738
1.948999166,1.51332895,0.982972915,[-0.02046724 -0.13231269  0.79062732],1.948784113,3.750000097,56.24533399,210.9200079
1.950008631,1.513337767,0.9829547429,[-0.01279929 -0.14351734  0.7969    ],1.949784994,3.760000046,56.24650002,211.4868427
1.951001167,1.513345479,0.9829332311,[-0.00766892 -0.14057548  0.79671377],1.950781822,3.750000037,56.24133301,210.9050009
1.952039003,1.513352152,0.9829122823,[-0.00292951 -0.11422048  0.792267  ],1.95172596,3.840000041,56.23833275,215.9552001
1.953002453,1.513357862,0.9828887988,[ 0.00104729 -0.11194349  0.78451199],1.952907801,3.870000012,56.22516632,217.5913943
1.954001427,1.513362697,0.9828654583,[ 0.00784382 -0.09208536  0.78109207],1.953903913,3.850000031,56.21966743,216.4457214
1.954998732,1.513366752,0.9828406475,[ 0.0155047  -0.06470411  0.77625484],1.954908848,3.79999996,56.22166634,213.6423298
1.956040382,1.513370131,0.9828175874,[ 0.02302512 -0.05286987  0.76955589],1.955864906,3.819999941,56.22366651,214.7744027
1.957000971,1.513372943,0.9827941992,[ 0.02796139 -0.02088994  0.76794544],1.957031727,3.769999977,56.22916667,211.9839571
1.958007574,1.513375306,0.9827718428,[ 0.03641452 -0.01309292  0.76866635],1.958046913,3.709999975,56.23283323,208.6238099
1.959003925,1.513377338,0.9827501446,[ 0.04188046 -0.01758099  0.76557456],1.959168911,3.680000003,56.24183337,206.969947
1.960001707,1.513379164,0.9827307522,[ 0.0416784  -0.02859398  0.75998663],1.960156918,3.649999972,56.2493337,205.3100665
1.961001158,1.513380906,0.9827103831,[ 0.03929667 -0.02172368  0.75491082],1.961158991,3.699999996,56.25600052,208.1472017
1.96200037,1.513382689,0.9826906673,[ 0.03578614 -0.02894517  0.75182381],1.962157011,3.679999955,56.25183296,207.0067428
1.963004827,1.513384633,0.9826717766,[ 0.03340562 -0.04286365  0.74968709],1.96316576,3.479999986,56.26216698,195.7923403
1.964018583,1.513386858,0.9826536778,[ 0.03203368 -0.03898829  0.74988987],1.964167118,3.529999968,56.26383273,198.6113277
1.965013027,1.513389475,0.9826358722,[ 0.03174043 -0.03382908  0.75382428],1.965283871,3.459999915,56.26216634,194.6670908
1.96600461,1.513392592,0.9826192035,[ 0.03314154 -0.03438853  0.759495  ],1.965283871,3.379999906,56.27400017,190.2061153
1.967008591,1.513396306,0.9826047531,[ 0.03493056 -0.03873667  0.76514584],1.966283798,3.23999998,56.29766591,182.4044364
1.968023777,1.513400707,0.9825926214,[ 0.03631445 -0.0586019   0.76924954],1.968243837,3.219999999,56.31666692,181.3396674
1.96904397,1.513405873,0.9825826757,[ 0.03310284 -0.06050621  0.76863511],1.968243837,3.26000005,56.31150055,183.5754946
1.970035553,1.513411871,0.9825412524,[ 0.03060468 -0.07515806  0.77081277],1.969412088,3.319999993,56.3125,186.9574996
1.971038818,1.513418755,0.9825364852,[ 0.02932563 -0.07680186  0.77707796],1.97041297,3.179999977,56.30316734,179.0440709
1.972040892,1.513426567,0.982535777,[ 0.0255054  -0.07218106  0.78333863],1.971353054,3.389999926,56.29333369,190.834397
1.97303915,1.513435334,0.9825384522,[ 0.01875385 -0.05591536  0.78709704],1.972540855,3.419999957,56.28750038,192.5032489
1.9740417,1.513445068,0.98254426,[ 0.01290374 -0.03986098  0.79154809],1.973544836,3.430000007,56.28399976,193.0541196
1.975039482,1.513455769,0.982554013,[ 0.00407631 -0.01825945  0.78708767],1.974550009,3.319999933,56.2878329,186.8756015
1.976053476,1.513467419,0.9825679552,[ 4.86772496e-04 -3.47154958e-03  7.81900886e-01],1.975551844,3.329999924,56.29366684,187.4579063
1.977034569,1.51347999,0.9825863419,[-0.00233707  0.00308806  0.77625372],1.97655797,3.319999993,56.30316734,186.9265152
1.978044748,1.513493437,0.9826082741,[-0.0034478   0.0141888   0.77555854],1.977558851,3.339999974,56.30583318,188.0614813
1.979041815,1.513507703,0.9826347703,[-0.00228278  0.0136316   0.78079295],1.978657007,3.080000013,56.31416639,173.4476332
1.980050087,1.513522721,0.9826648233,[-3.94943553e-04  8.40208438e-03  7.86210059e-01],1.979656935,3.259999961,56.30966632,183.56951
1.981044292,1.513538409,0.9826999682,[-0.00212033  0.00508204  0.7849085 ],1.980657101,3.299999952,56.31083298,185.8257461
1.982046366,1.513554677,0.9827382369,[-0.00763693  0.01072641  0.78111953],1.981657028,3.329999924,56.30183347,187.4851012
1.983054161,1.513571427,0.9827802045,[-0.01525806  0.02043699  0.77441696],1.982599735,3.349999934,56.30533409,188.6228655
1.984006882,1.513588554,0.9828243098,[-0.01849219  0.03183562  0.77144117],1.983785868,3.389999896,56.29633458,190.8445684
1.98500514,1.513605946,0.9828708835,[-0.01772808  0.03834916  0.77225988],1.984792948,3.449999899,56.28683345,194.1895697
1.986046553,1.513623487,0.9829195188,[-0.01653455  0.04769644  0.77636967],1.985841036,3.379999936,56.28833262,190.2545606
1.987042665,1.513641062,0.9829670905,[-0.01558035  0.05217301  0.78299907],1.986907005,3.309999973,56.29366684,186.3320357
1.988003016,1.513658552,0.9830184402,[-0.01558307  0.0602622   0.78436533],1.987905979,3.289999992,56.2929999,185.2039692
1.989037514,1.513675842,0.9830732906,[-0.01631973  0.07103651  0.77952628],1.988849878,3.270000011,56.2954998,184.086285
1.990002632,1.513692819,0.9831257149,[-0.01910096  0.06279795  0.77700871],1.989851952,3.330000013,56.299167,187.4762268
1.991011381,1.513709376,0.9831759066,[-0.02221882  0.05588681  0.78052869],1.991033077,3.319999993,56.30466715,186.9314946
1.992003918,1.51372541,0.9832302002,[-0.02323927  0.05026141  0.78434101],1.992031813,3.339999914,56.30116653,188.0458914
1.993003845,1.51374083,0.983280725,[-0.02490311  0.03705739  0.78730667],1.993033886,3.369999945,56.299167,189.7281897
1.99399972,1.513755551,0.9833321837,[-0.028498    0.03343404  0.78870902],1.99397397,3.379999995,56.29616737,190.2810455
1.995002031,1.513769499,0.9833811063,[-0.03271535  0.03384915  0.78665737],1.995154142,3.429999977,56.29116694,193.0787013
1.996003151,1.513782613,0.9834291125,[-0.03551198  0.02768935  0.78286298],1.996168852,3.389999956,56.29233297,190.8310063
1.997002602,1.513794843,0.9834757105,[-0.03166245  0.02716064  0.78067426],1.997160912,3.369999975,56.30083338,189.7338071
1.998007298,1.513806153,0.9835209167,[-0.02191073  0.019914    0.78460423],1.998100758,3.329999983,56.29466756,187.461242
1.998998404,1.513816519,0.9835639887,[-0.01323474  0.01027062  0.79048183],1.999104977,3.429999977,56.29083316,193.0775564
2.000005722,1.513825931,0.9836044623,[-0.0075109   0.00657557  0.7951475 ],1.999104977,3.399999976,56.28866641,191.3814644
2.001003981,1.513834392,0.9836431139,[-0.00590626  0.0076969   0.79637607],2.000280857,3.429999977,56.29366684,193.087276
2.002004147,1.513841919,0.9836793797,[-0.01028165  0.0010132   0.79478331],2.001285076,3.390000015,56.28949992,190.8214056
2.003026485,1.51384854,0.9837133955,[-0.01368464 -0.00433492  0.79229341],2.003236055,3.379999965,56.29366684,190.272592
2.004006624,1.513854295,0.9837453384,[-0.0139411  -0.01000857  0.78881335],2.003236055,3.380000025,56.29449972,190.2754104
2.00503993,1.513859235,0.9837611925,[-0.01244292 -0.01955068  0.78556019],2.004407883,3.310000002,56.28133392,186.2912154
2.00600028,1.513863419,0.9837904077,[-0.00696306 -0.02435618  0.78781075],2.005409002,3.269999981,56.29133288,184.0726574
2.007039785,1.513866915,0.9838161472,[-0.00327515 -0.02476395  0.79339795],2.006361961,3.289999992,56.29816628,185.2209666
2.008003235,1.513869797,0.9838403798,[ 6.81318319e-04 -4.15611730e-02  7.97305459e-01],2.007544994,3.329999924,56.30583318,187.4984202
2.009002924,1.513872145,0.9838609983,[ 0.00647093 -0.04225401  0.80140502],2.008548975,3.320000023,56.3094991,186.9475383
2.010037661,1.51387404,0.9838812939,[ 0.01522077 -0.04926073  0.80233859],2.009551048,3.290000021,56.31599998,185.2796412
2.01104784,1.513875566,0.9838983951,[ 0.02333059 -0.06201761  0.80226704],2.010552883,3.290000021,56.31983312,185.2922522
2.012048006,1.513876806,0.9839140709,[ 0.02838672 -0.06768891  0.80130255],2.011560917,3.350000083,56.31166712,188.6440896
2.013038874,1.513877841,0.9839282464,[ 0.02929018 -0.07035357  0.79868681],2.012558937,3.360000074,56.3086675,189.197127
2.01403594,1.513878747,0.9839404379,[ 0.02584218 -0.06182511  0.79179218],2.013558865,3.240000099,56.31666692,182.4660064
2.015041113,1.513879596,0.9839511096,[ 0.02442206 -0.0593877   0.78632867],2.014661074,3.330000073,56.31133397,187.5167462
2.016041994,1.513880453,0.9839605985,[ 0.02879175 -0.06153178  0.78749947],2.015661001,3.360000074,56.30866687,189.1971248
2.017041445,1.513881374,0.983969161,[ 0.03697034 -0.06543717  0.78946344],2.016660929,3.330000073,56.30916786,187.5095331
2.018055201,1.513882405,0.9839769386,[ 0.04559948 -0.06415731  0.78545652],2.017660141,3.300000101,56.30466715,185.8054073
2.019001961,1.513883584,0.9839836155,[ 0.0544502  -0.06845838  0.78098281],2.018708944,3.350000024,56.30200005,188.6117015
2.020044804,1.513884935,0.9839888389,[ 0.05868742 -0.06470838  0.78070451],2.019781113,3.380000085,56.29449908,190.2754117
2.021005869,1.513886471,0.9839925123,[ 0.06071556 -0.06957778  0.77867961],2.020781994,3.290000081,56.30483373,185.2429075
2.02200675,1.513888196,0.9839949791,[ 0.06256483 -0.07065192  0.7787227 ],2.02182889,3.350000054,56.30349986,188.6167275
2.023038149,1.513890097,0.9839968854,[ 0.06454147 -0.06877204  0.77940022],2.022726059,3.350000054,56.29699961,188.5949517
2.024006367,1.513892153,0.9839981394,[ 0.06438379 -0.07008209  0.78073883],2.0239079,3.420000017,56.30133311,192.5505602
2.024999857,1.513894331,0.9839986579,[ 0.06325377 -0.06915347  0.77927711],2.024909019,3.310000032,56.29066722,186.3221103
2.02600503,1.513896588,0.9839978142,[ 0.06353548 -0.07410225  0.7764537 ],2.025852919,3.319999993,56.30516688,186.9331536
2.027005911,1.513898869,0.9839956481,[ 0.06161122 -0.0705126   0.77363824],2.027034998,3.300000012,56.31249936,185.8312486
2.028004169,1.513901113,0.983992003,[ 0.06529429 -0.07212569  0.77724468],2.028033972,3.310000002,56.30866687,186.3816875
2.029000282,1.513903252,0.983987109,[ 0.06922289 -0.06733928  0.7823463 ],2.02897501,3.200000003,56.31700007,180.2144004
2.029999733,1.513905213,0.9839814319,[ 0.07462253 -0.06464801  0.78510547],2.030158043,3.200000033,56.32033348,180.225069
2.031003952,1.513906916,0.9839752568,[ 0.07713595 -0.04017998  0.78557969],2.031173944,3.179999992,56.32166672,179.1028997
2.03200078,1.513908282,0.9839683659,[ 0.07830109 -0.04697016  0.78540057],2.032210112,3.179999977,56.32566706,179.11562
2.033002615,1.513909233,0.9839612639,[ 0.07562802 -0.06261954  0.78354976],2.0332129,3.189999998,56.32050006,179.662395
2.034002066,1.513909689,0.9839543719,[ 0.07220017 -0.05746102  0.77868632],2.0332129,3.140000001,56.32000033,176.8448011
2.035004377,1.513909576,0.9839478892,[ 0.06941355 -0.05587101  0.77455967],2.03428483,3.25999999,56.32000033,183.6032005
2.036000729,1.513908826,0.9839420802,[ 0.07013625 -0.06738243  0.77490411],2.03528595,3.300000042,56.32199987,185.8626019
2.037003994,1.513907376,0.9839617364,[ 0.0711513  -0.05893424  0.77918868],2.037233114,3.270000041,56.31599998,184.1533222
2.038027048,1.513905174,0.983958077,[ 0.07199602 -0.06616116  0.78107097],2.037233114,3.25999999,56.3181661,183.5972209
2.039016485,1.513902178,0.9839550546,[ 0.07155299 -0.05557758  0.77747146],2.038408756,3.289999992,56.31316694,185.2703188
2.040016413,1.513898356,0.9839525206,[ 0.06968683 -0.06364914  0.77453176],2.039409876,3.270000011,56.32099915,184.1696678
2.041013479,1.513893691,0.9839503691,[ 0.06975587 -0.07244204  0.77444616],2.040341854,3.359999985,56.31433296,189.2161579
2.042015314,1.513888179,0.9839489011,[ 0.0693507  -0.08702671  0.77311472],2.041545868,3.349999964,56.31816673,188.6658565
2.043014288,1.51388183,0.9839472818,[ 0.06635362 -0.10372683  0.76951451],2.042547941,3.25999999,56.32833417,183.6303689
2.044014931,1.51387467,0.9839444379,[ 0.06279904 -0.11205578  0.7673995 ],2.043545008,3.189999998,56.33333397,179.7033352
2.045011282,1.513866739,0.9839406305,[ 0.05884407 -0.12036374  0.76659528],2.044553757,3.210000008,56.33299955,180.828929
2.046011686,1.513858091,0.9839363318,[ 0.05683544 -0.12449137  0.76675499],2.045557976,3.020000041,56.35916646,170.204685
2.047010899,1.513848796,0.9839309714,[ 0.05312093 -0.14085442  0.76545004],2.046555996,2.980000079,56.3636659,167.9637288
2.048016071,1.513838938,0.9839249995,[ 0.05386489 -0.14417909  0.76751244],2.047657967,2.990000078,56.36583328,168.5338459
2.049016953,1.513828612,0.9839190824,[ 0.05758919 -0.14794308  0.77166251],2.048658848,3.040000061,56.35933367,171.3323778
2.050015926,1.513817925,0.9839145329,[ 0.06217582 -0.15439068  0.77343078],2.049659967,3.01000003,56.3591671,169.6410946
2.051019907,1.513806995,0.9839122917,[ 0.0636454  -0.139613    0.77734572],2.050658941,3.069999982,56.3548336,173.0093381
2.052012444,1.513795947,0.9839117786,[ 0.0647926  -0.12730655  0.77995633],2.051707029,3.100000003,56.35333379,174.6953349
2.053022861,1.513784914,0.9839138564,[ 0.06501884 -0.11471626  0.78297316],2.05278492,3.060000021,56.34516716,172.4162127
2.054011345,1.513774032,0.9839192316,[ 0.06429549 -0.10322015  0.78817002],2.0537889,3.03000004,56.34566689,170.7273729
2.055014133,1.51376344,0.9839278389,[ 0.06469379 -0.09946593  0.79073781],2.054727077,3.000000019,56.34516652,169.0355006
2.056011438,1.513753279,0.9839394181,[ 0.0641247  -0.10406412  0.79199625],2.055907965,3.000000048,56.35066668,169.0520028
2.05701685,1.513743685,0.9839527303,[ 0.06237344 -0.10681154  0.79244768],2.056908846,3.03000005,56.34833399,170.7354548
2.058012486,1.513734792,0.9839677955,[ 0.06054983 -0.11480008  0.79446553],2.057851076,2.960000042,56.35333316,166.8058685
2.059010029,1.513726727,0.9839850877,[ 0.06071763 -0.11420009  0.79403869],2.059032917,2.99999998,56.35249964,169.0574978
2.060017824,1.513719608,0.9840043155,[ 0.06064219 -0.10988285  0.79479847],2.060035944,3.049999971,56.35233243,171.8746123
2.061011791,1.513713543,0.9840237813,[ 0.06371855 -0.11292669  0.79938421],2.060981989,3.03999998,56.3490003,171.3009598
2.062020063,1.513708626,0.9840438695,[ 0.06652441 -0.11786916  0.80401296],2.062097073,3.009999979,56.34733327,169.605472
2.063019037,1.513704941,0.9840648577,[ 0.06608485 -0.12503275  0.80506907],2.06315589,2.979999978,56.3548336,167.9374029
2.064022064,1.513702551,0.9840857976,[ 0.0661188  -0.11108346  0.80310064],2.064157724,3.099999983,56.34366671,174.6653658
2.065020561,1.513701505,0.9841067989,[ 0.06583327 -0.12706872  0.79756522],2.065161943,2.979999989,56.34183375,167.898664
2.066013336,1.513701835,0.9841272235,[ 0.06449578 -0.12056255  0.79962353],2.066156864,2.839999974,56.36300023,160.0709192
2.067009687,1.513703552,0.9841472398,[ 0.06884626 -0.12785683  0.80269649],2.067203045,2.890000001,56.37483342,162.9232686
2.068009377,1.51370665,0.9841678203,[ 0.07476554 -0.13184432  0.8014827 ],2.067203045,2.849999994,56.3743337,160.6668507
2.069010019,1.513711102,0.984228236,[ 0.07780602 -0.14050441  0.80050522],2.068298817,2.830000043,56.37533315,159.5421952
2.070010424,1.513716863,0.9842484417,[ 0.08136468 -0.14653065  0.79869841],2.069286108,2.770000055,56.38383293,156.1832203
2.071012259,1.513723871,0.9842688419,[ 0.08676977 -0.13401314  0.79942398],2.070336819,2.790000036,56.38550059,157.3155487
2.072018147,1.513732045,0.9842890789,[ 0.09297449 -0.13863124  0.80224811],2.071352959,2.740000037,56.38566653,154.4967284
2.073014975,1.513741287,0.9843092996,[ 0.09872398 -0.14474604  0.80411128],2.072417021,2.750000028,56.3920002,155.0780021
2.074011087,1.513751484,0.9843298027,[ 0.10064825 -0.15007311  0.80585023],2.073421955,2.760000018,56.38683319,155.6276606
2.075009584,1.513762512,0.9843504109,[ 0.09937373 -0.15329254  0.80669658],2.074380875,2.760000009,56.39799945,155.658479
2.076015949,1.513774232,0.9843710213,[ 0.09824608 -0.14604867  0.80993527],2.075546026,2.78999999,56.40000089,157.3560019
2.077017307,1.513786498,0.9843920731,[ 0.0981112  -0.13186665  0.8104159 ],2.076550007,2.79000001,56.39899953,157.3532093
2.078009129,1.513799155,0.9844137968,[ 0.09947296 -0.13597456  0.81331674],2.077555895,2.769999959,56.39766693,156.2215351
2.079009533,1.513812045,0.9844361107,[ 0.10228557 -0.1352509   0.81687486],2.078560829,2.789999958,56.39833387,157.3513491
2.080010176,1.513825007,0.9844584617,[ 0.10665439 -0.14860025  0.82181663],2.079560757,2.780000068,56.39233335,156.7706906
2.081016064,1.513837878,0.9844799636,[ 0.10879099 -0.14053639  0.82633771],2.080659866,2.830000073,56.38983345,159.5832328
2.082016706,1.513850499,0.9845003881,[ 0.11040687 -0.14266782  0.82918445],2.08166194,2.830000021,56.3774999,159.5483259
2.08301115,1.513862718,0.9845192786,[ 0.1108736  -0.14103482  0.82972717],2.082710981,2.89000006,56.37150002,162.9136384
2.084016323,1.513874386,0.9845364538,[ 0.11423345 -0.13847137  0.83138749],2.083787918,2.979999997,56.36249987,167.9602494
2.085020065,1.513885367,0.9845519315,[ 0.11638305 -0.14015786  0.83224969],2.084790945,3.030000001,56.33949979,170.7086844
2.086011648,1.513895535,0.9845649011,[ 0.11601584 -0.13951406  0.82890364],2.085728884,3.430000052,56.32483292,193.1941798
2.08700943,1.513904779,0.9845755492,[ 0.11329298 -0.11882584  0.8242509 ],2.08692503,3.330000073,56.32199923,187.5522615
2.088011265,1.513913002,0.984583889,[ 0.11209103 -0.08875163  0.82273575],2.087908983,3.319999933,56.31666629,186.9713283
2.089008808,1.513920123,0.9845912549,[ 0.11195511 -0.06071641  0.82198734],2.088849068,3.329999948,56.31166649,187.5178465
2.09001708,1.513926081,0.9845975887,[ 0.11459835 -0.05715125  0.82145864],2.090033054,3.309999967,56.32449913,186.4340903
2.091011286,1.513930833,0.9846025837,[ 0.12133954 -0.05287148  0.82276795],2.091047764,3.269999946,56.33399963,184.2121757
2.092014313,1.513934353,0.9846055021,[ 0.12669729 -0.05704973  0.82184213],2.092092752,3.209999958,56.33400027,180.8321385
2.093008995,1.513936637,0.9846067685,[ 0.13146579 -0.0692739   0.82156812],2.093173981,3.26,56.33733304,183.6597057
2.094009876,1.513937699,0.9846062486,[ 0.13680511 -0.09486639  0.81841342],2.09416008,3.269999985,56.33733304,184.2230782
2.095008373,1.513937572,0.9846035055,[ 0.1381845  -0.11045694  0.8161079 ],2.095103979,3.229999971,56.34000015,181.9781988
2.096007347,1.513936309,0.984597248,[ 0.1396046  -0.11258414  0.81577111],2.095103979,3.189999972,56.34000015,179.7245989
2.097009659,1.513933977,0.9845878462,[ 0.13787816 -0.11138264  0.81605807],2.097284079,3.259999949,56.33900007,183.6651374
2.098009348,1.513930662,0.9845763311,[ 0.13743123 -0.11064336  0.81497045],2.097284079,3.230000008,56.33266703,181.954515
2.099012375,1.513926462,0.9845630604,[ 0.13476407 -0.12311708  0.81066325],2.098336935,3.269999955,56.33233325,184.2067272
2.100022078,1.51392149,0.98454793,[ 0.13365124 -0.11805821  0.80764974],2.099409103,3.26999997,56.3333327,184.2099962
2.101014614,1.513915868,0.9845312282,[ 0.13439456 -0.10266559  0.80755515],2.10041213,3.259999935,56.34116681,183.6722001
2.102020502,1.513909729,0.9845135478,[ 0.13668494 -0.1128217   0.81057946],2.101416826,3.27999999,56.34133339,184.799573
2.103009701,1.51390321,0.984464886,[ 0.14152357 -0.1038823   0.81533746],2.102366924,3.339999933,56.33116659,188.1460926
2.104014397,1.513896454,0.9844482104,[ 0.14461118 -0.11242254  0.81926662],2.103543043,3.470000017,56.33383306,195.4784017
2.105018616,1.513889608,0.9844318324,[ 0.14580056 -0.10985129  0.82002335],2.104545832,3.459999977,56.32316653,194.8781549
2.106012106,1.513882815,0.984417282,[ 0.14205764 -0.09702608  0.81517374],2.105554819,3.360000012,56.32050006,189.2368809
2.107014656,1.513876219,0.9844050185,[ 0.138965   -0.09448779  0.81187947],2.1065588,3.280000029,56.33499972,184.7788007
2.108014584,1.51386996,0.9843949697,[ 0.13655336 -0.10692352  0.80598269],2.107558966,3.290000079,56.33433342,185.3399614
2.109014034,1.513864169,0.9843869085,[ 0.13922611 -0.10029017  0.80647024],2.108660936,3.339999987,56.33000056,188.1422011
2.110010862,1.513858973,0.9843806292,[ 0.14368869 -0.08601065  0.81268111],2.109662771,3.239999993,56.3351663,182.5259384
2.11101079,1.513854485,0.9843768918,[ 0.15091458 -0.08199053  0.81682439],2.110660076,3.190000014,56.32966741,179.6916398
2.112015963,1.513850811,0.9843762049,[ 0.15610179 -0.09017159  0.81656579],2.111708879,3.229999995,56.33449999,181.9604347
2.113011122,1.513848043,0.9843777535,[ 0.15743122 -0.08479835  0.81438085],2.112786055,3.239999993,56.33450063,182.5237816
2.114008665,1.51384626,0.984381715,[ 0.15881686 -0.0768685   0.81067766],2.113785028,3.209999984,56.34183311,180.8572834
2.115010262,1.513845527,0.9843890578,[ 0.16143728 -0.05371361  0.8088805 ],2.114727736,3.170000004,56.34133339,178.602027
2.116011143,1.513845895,0.9844001029,[ 0.16338422 -0.05090053  0.80608491],2.115910053,3.199999994,56.34666697,180.309334
2.11700964,1.513847401,0.9844141916,[ 0.16446354 -0.05225216  0.80720147],2.11691308,3.200000005,56.34516652,180.3045332
2.118011713,1.513850067,0.984431477,[ 0.16417356 -0.03074539  0.81108711],2.117908955,3.180000003,56.35183271,179.1988282
2.119009256,1.5138539,0.9844522187,[ 0.16276899 -0.01683538  0.81367822],2.11884594,3.169999994,56.34849993,178.6247445
2.120011091,1.513858896,0.98447695,[ 0.16515656 -0.02964187  0.81274819],2.120033026,3.189999985,56.34283384,179.7336391
2.121010542,1.513865034,0.9845054572,[ 0.16383176 -0.01895925  0.80922783],2.121034861,3.199999994,56.34000015,180.2880001
2.122020245,1.513872285,0.9845362034,[ 0.16525515 -0.01232608  0.80426651],2.122035742,3.190000003,56.33783277,179.7176867
2.123010874,1.513880605,0.9845692395,[ 0.16695017 -0.01564004  0.80168223],2.123090744,3.190000003,56.33783277,179.7176867
2.124013662,1.513889942,0.9846035268,[ 0.17278784 -0.01881313  0.79954772],2.124166012,3.209999995,56.33433278,180.833208
2.125011921,1.513900236,0.984638559,[ 0.17536272 -0.0166974   0.79822276],2.125161886,3.289999982,56.32050006,185.2944442
2.126011372,1.513911418,0.9846723245,[ 0.17646708 -0.01931884  0.79912022],2.126171112,3.379999969,56.32149951,190.3666666
2.127010584,1.513923412,0.9847057258,[ 0.1771826  -0.01000872  0.80104307],2.12717104,3.319999982,56.32666651,187.0045318
2.128010035,1.51393614,0.9847383449,[ 0.17750192 -0.03241522  0.80262999],2.128108025,3.369999979,56.33050028,189.8337848
2.129009724,1.513949516,0.9847701064,[ 0.17839654 -0.03871659  0.80307477],2.129220963,3.359999988,56.32733345,189.2598397
2.130014181,1.513963457,0.9848000405,[ 0.1770339  -0.04028663  0.79926515],2.130288124,3.429999996,56.33466657,193.2279061
2.131013632,1.513977876,0.9848274748,[ 0.17585275 -0.0449789   0.79528594],2.13128686,3.27999999,56.33400027,184.7755203
2.13201189,1.513992685,0.9848521506,[ 0.17718075 -0.06062605  0.79358802],2.13128686,3.329999987,56.3276666,187.571129
2.134010077,1.514007801,0.9848743793,[ 0.17996479 -0.06442014  0.7959651 ],2.13341403,3.349999983,56.32433383,188.6865174
2.135009289,1.514023141,0.9848933708,[ 0.18466397 -0.06814258  0.79827094],2.134411812,3.299999986,56.32566706,185.8747005
2.136007786,1.514038626,0.9849091949,[ 0.19131379 -0.07845881  0.80314008],2.135344982,3.28999998,56.33183352,185.3317312
2.13700819,1.514054181,0.9849215803,[ 0.19229873 -0.09941836  0.8059554 ],2.136544943,3.309999991,56.34000015,186.4854
2.138008118,1.514069736,0.9848869009,[ 0.19184809 -0.09838681  0.80425175],2.13754797,3.269999992,56.3434995,184.2432429
2.139007807,1.514085227,0.9848914305,[ 0.19222201 -0.11866109  0.80164022],2.138554096,3.259999979,56.3471667,183.6917623
2.140012026,1.514100594,0.9848915811,[ 0.19297829 -0.125367    0.79987568],2.139559746,3.289999995,56.34833336,185.3860165
2.141014576,1.514115787,0.9848880515,[ 0.19400346 -0.12111225  0.80059632],2.140562057,3.279999983,56.34633382,184.815974
2.142012835,1.514130761,0.98488157,[ 0.19631103 -0.12714623  0.80126208],2.141661882,3.289999973,56.34066709,185.3607932
2.143009186,1.514145476,0.9848726669,[ 0.199524   -0.11558524  0.80259619],2.142659903,3.299999971,56.33499972,185.9054974
2.144015551,1.514159904,0.9848624231,[ 0.20153263 -0.1227235   0.79885568],2.143707037,3.39999998,56.32600021,191.5083996
2.14501071,1.51417402,0.984851144,[ 0.20355028 -0.11871344  0.79913931],2.14470911,3.420000006,56.31216685,192.5876109
2.146012783,1.514187808,0.9848391284,[ 0.20629134 -0.12262989  0.79974587],2.145786047,3.510000005,56.29583359,197.5983762
2.147011042,1.514201261,0.9848269571,[ 0.21035097 -0.10215017  0.80254621],2.146786928,3.630000025,56.29450035,204.3490377
2.148011923,1.514214377,0.9848152496,[ 0.21064144 -0.08052187  0.80435378],2.147721767,3.590000018,56.29116631,202.0852881
2.149010897,1.514227163,0.984804363,[ 0.20896928 -0.06739126  0.80195691],2.148913145,3.680000067,56.28800011,207.1398442
2.150026083,1.51423963,0.9847945133,[ 0.21078278 -0.06319574  0.79666005],2.149909973,3.600000024,56.27899933,202.6043989
2.151025772,1.514251799,0.984785764,[ 0.20844914 -0.05587209  0.79618587],2.150924921,3.610000044,56.28216743,203.1786269
2.152010441,1.514263697,0.984777654,[ 0.20535921 -0.06869209  0.79708914],2.152031898,3.519999951,56.28966713,198.1396255
2.153009176,1.514275355,0.9847711192,[ 0.20634344 -0.06775648  0.79806775],2.153033972,3.579999983,56.2941672,201.5331176
2.154008627,1.514286812,0.9847666257,[ 0.20821241 -0.06372693  0.79906944],2.154049873,3.519999966,56.29583359,198.1613323
2.155010462,1.514298112,0.9847636095,[ 0.21079067 -0.07270631  0.8022739 ],2.155035973,3.540000021,56.29749997,199.2931511
2.156010866,1.514309303,0.9847615965,[ 0.21349607 -0.07197553  0.80442875],2.156039715,3.550000057,56.30066681,199.8673704
2.157011271,1.514320438,0.9847601609,[ 0.21402679 -0.07079293  0.80141015],2.157049894,3.590000063,56.29966609,202.1158048
2.158009052,1.514331574,0.9847585817,[ 0.21208195 -0.0742127   0.79885789],2.158160925,3.460000038,56.30133311,194.8026147
2.159009695,1.514342771,0.9847567618,[ 0.21217798 -0.07408607  0.79866124],2.159161091,3.469999984,56.30649885,195.3835501
2.160007477,1.514354092,0.9847554784,[ 0.21318407 -0.08027266  0.80010634],2.160161018,3.420000017,56.31333288,192.5915994
2.161012411,1.5143656,0.9847548304,[ 0.21710964 -0.07127763  0.80211469],2.161159754,3.49000001,56.30249977,196.4957247
2.162012577,1.514377361,0.9847552295,[ 0.21983599 -0.07589274  0.80445141],2.162162781,3.439999953,56.3023332,193.6800235
2.163008451,1.514389439,0.9847568039,[ 0.22230081 -0.08191051  0.80407361],2.163165808,3.449999973,56.2979997,194.2280975
2.164018631,1.514401899,0.9847597972,[ 0.2233167  -0.08600873  0.80341405],2.164102077,3.219999984,56.30916595,181.3155135
2.165014267,1.514414802,0.9847643956,[ 0.22565157 -0.08986601  0.80342705],2.165287018,3.329999983,56.29583359,187.4651249
2.16601038,1.514428208,0.9847705663,[ 0.2310636  -0.09256127  0.80320171],2.165287018,3.199999997,56.31483332,180.2074665
2.167018175,1.514442172,0.9847781532,[ 0.23594425 -0.10758548  0.80597537],2.167289019,2.990000058,56.34566689,168.4735473
2.168010473,1.514456745,0.9847868512,[ 0.23722248 -0.14591684  0.80672553],2.168230057,2.830000032,56.36183294,159.503989
2.169011831,1.514471972,0.9847959714,[ 0.23575783 -0.18593025  0.80646018],2.169234753,2.969999967,56.36499977,167.4040475
2.17001152,1.51448789,0.984809172,[ 0.23366127 -0.20464304  0.80652907],2.169234753,2.989999978,56.36366653,168.5273617
2.171014547,1.51450453,0.9848184823,[ 0.23262138 -0.21980436  0.80855642],2.17041707,3.029999949,56.35699972,170.7617063
2.172009468,1.514521913,0.9848277869,[ 0.23323065 -0.2192172   0.80973832],2.171412945,3.120000042,56.34566689,175.7984831
2.17302084,1.514540054,0.9848370373,[ 0.23458394 -0.19473719  0.80895846],2.172389984,3.209999986,56.3351663,180.835883
2.174010992,1.514558954,0.9848456874,[ 0.23247924 -0.16326825  0.80768482],2.173545837,3.169999985,56.32666651,178.555532
2.175012827,1.514578608,0.9848533118,[ 0.22879028 -0.13373611  0.8079273 ],2.17455411,3.099999962,56.33500036,174.638499
2.176018953,1.514599,0.9848607477,[ 0.22692534 -0.10432018  0.80641004],2.175560951,3.090000041,56.34183375,174.0962686
2.177013397,1.5146201,0.9848693455,[ 0.22871818 -0.09518567  0.80643597],2.176559925,3.06999997,56.35166677,172.9996153
2.178010702,1.514641873,0.9848793961,[ 0.23088997 -0.1021511   0.80613514],2.177664995,2.960000016,56.35583305,166.8132667
2.179009914,1.514664271,0.9848914222,[ 0.23834037 -0.11782326  0.81178065],2.178661108,2.939999975,56.36249987,165.7057482
2.18001008,1.514687238,0.9849053462,[ 0.24583901 -0.14888409  0.81447829],2.179713964,2.949999936,56.35750008,166.2546216
2.181027174,1.514710706,0.9849209291,[ 0.25003307 -0.14944698  0.81077229],2.180786848,3.099999972,56.35133235,174.6891287
2.18201232,1.514734604,0.9849381978,[ 0.25213579 -0.12934615  0.80721004],2.181787014,3.010000058,56.34633319,169.6024661
2.183013201,1.514758851,0.9849565284,[ 0.25351501 -0.13122915  0.80403928],2.182724953,3.07000008,56.33833313,172.9586872
2.184014082,1.51478336,0.9849758356,[ 0.25614294 -0.10774113  0.8066812 ],2.183912754,3.040000059,56.33216667,171.24979
2.185011864,1.51480804,0.9849962192,[ 0.25817957 -0.08689429  0.80757629],2.184914112,3.000000007,56.33166631,168.9949994
2.186009169,1.514832798,0.9850165671,[ 0.26069503 -0.08241807  0.80894998],2.18591404,2.989999969,56.33666611,168.4466299
2.187014818,1.514857539,0.9850371586,[ 0.26213133 -0.06915805  0.81011597],2.186915874,3.009999979,56.34116681,169.5869109
2.188017607,1.514882166,0.9850587174,[ 0.25926917 -0.08183947  0.81025949],2.187851906,3.04999999,56.34350014,171.8476748
2.18900919,1.514906587,0.9850808695,[ 0.25879514 -0.07670981  0.80866998],2.189050913,3.130000003,56.34333356,176.3546342
2.19001174,1.51493071,0.9851034705,[ 0.25809885 -0.07849501  0.80585149],2.190041065,3.060000028,56.33899943,172.3973399
2.191014528,1.51495445,0.9851255891,[ 0.25710035 -0.07753576  0.80346325],2.191045046,3.040000029,56.34116681,171.2771487
2.192023516,1.514977726,0.9851464543,[ 0.25460771 -0.07196984  0.80419763],2.192054987,3.060000028,56.34649976,172.4202909
2.193011045,1.515000466,0.9851653736,[ 0.25263655 -0.07400874  0.80339684],2.193069935,3.100000031,56.3378334,174.6472853
2.194020748,1.515022604,0.9851830915,[ 0.25203274 -0.07663882  0.80460502],2.193965912,3.050000049,56.33833313,171.8319188
2.19502306,1.515044088,0.9851991748,[ 0.25180712 -0.07283442  0.80733999],2.195163012,2.959999986,56.34300041,166.7752804
2.196012497,1.515064871,0.985213856,[ 0.25352812 -0.0779366   0.81052865],2.196162939,3.039999999,56.34966723,171.3029883
2.197013617,1.51508492,0.9852268236,[ 0.25554763 -0.09150815  0.80809907],2.197175026,3.020000037,56.35250092,170.1845548
2.19801259,1.515104211,0.9852380539,[ 0.25488894 -0.09881027  0.79969228],2.19817996,2.960000046,56.35300064,166.8048845
2.199012756,1.515122734,0.9852463921,[ 0.25466061 -0.10578708  0.79340398],2.199193954,2.910000052,56.34866714,163.9746243
2.200023413,1.515140486,0.9852516026,[ 0.25651187 -0.10170475  0.79241128],2.200092077,2.980000015,56.34299914,167.9021383
2.20101738,1.515157477,0.9852547785,[ 0.25948904 -0.10843171  0.79398506],2.201205969,3.000000056,56.34383392,169.0315049
2.202020407,1.515173724,0.9852567297,[ 0.2629976  -0.12586983  0.79733458],2.2021029,2.970000066,56.34566689,167.3466344
2.203013182,1.515189256,0.9852578387,[ 0.26780913 -0.12268607  0.79743278],2.20321393,2.940000053,56.34450022,165.6528337
2.204017162,1.515204107,0.9852321604,[ 0.26894901 -0.11283957  0.79989279],2.204286814,2.930000003,56.34966723,165.1045252
2.205015421,1.515218316,0.9852328261,[ 0.26725646 -0.10769221  0.79896199],2.204286814,3.069999989,56.33599981,172.9515188
2.206014633,1.515231929,0.9852342265,[ 0.26706095 -0.10358146  0.79409639],2.205293894,3.089999981,56.3283329,174.0545476
2.207014799,1.515244992,0.9852366807,[ 0.26323219 -0.10700397  0.78877076],2.206289053,3.099999972,56.33333333,174.6333317
2.208022594,1.515257554,0.985240174,[ 0.26130438 -0.09627716  0.78834656],2.208235979,3.099999972,56.33333333,174.6333317
2.209010124,1.515269662,0.985244291,[ 0.25962872 -0.1014076   0.78871919],2.208235979,3.169999965,56.3276666,178.5587011
2.210014582,1.515281361,0.9852487464,[ 0.26006967 -0.09578661  0.78806029],2.209414959,3.139999934,56.33049965,176.8777652
2.211013079,1.51529269,0.9852530234,[ 0.25974228 -0.10581734  0.78742001],2.210414886,3.139999934,56.33049965,176.8777652
2.212010622,1.515303684,0.9852563359,[ 0.25984447 -0.12257127  0.78275712],2.211374044,3.190000005,56.32999992,179.6927
2.213010073,1.515314369,0.9852585082,[ 0.26013016 -0.11726908  0.78163705],2.212548018,3.240000017,56.32549985,182.4946205
2.214009523,1.515324762,0.9852588656,[ 0.26017342 -0.11570237  0.78179491],2.213557959,3.190000005,56.31650035,179.6496364
2.215010405,1.51533487,0.9852579461,[ 0.26044171 -0.10929137  0.78030332],2.214557886,3.170000084,56.31416702,178.5159142
2.216020584,1.515344689,0.9852553697,[ 0.2602583  -0.12021337  0.77730781],2.215559006,3.180000015,56.31266721,179.0742826
2.217010736,1.515354205,0.9852507157,[ 0.25758634 -0.12349922  0.7712643 ],2.216662884,3.259999938,56.31033325,183.5716829
2.218010187,1.515363389,0.985244385,[ 0.25529177 -0.12602604  0.76496799],2.217662811,3.239999957,56.31683286,182.4665361
2.219009161,1.515372203,0.9852365739,[ 0.25384753 -0.12420094  0.75855616],2.218716145,3.159999974,56.31716601,177.9622431
2.220017672,1.515380596,0.9852274418,[ 0.25553528 -0.13131862  0.75694919],2.219790936,3.069999941,56.32099915,172.905464
2.221018314,1.515388507,0.9852177657,[ 0.26100252 -0.12204839  0.75990366],2.220790863,3.159999974,56.32850075,177.9980609
2.222009659,1.515395864,0.9852076312,[ 0.26698074 -0.12710912  0.76552327],2.221789837,3.190000005,56.32716688,179.6836626
2.223012924,1.515402587,0.9851973235,[ 0.27023662 -0.12292942  0.76705099],2.222728729,3.10999997,56.32599958,175.173857
2.224017143,1.515408589,0.985186794,[ 0.2713622  -0.12009162  0.76491269],2.223917961,3.089999922,56.32949956,174.0581492
2.225010872,1.515413778,0.9851763249,[ 0.271003   -0.11033521  0.76095707],2.224917889,3.069999941,56.31783358,172.8957458
2.226012468,1.515418058,0.9851660033,[ 0.26911207 -0.09942849  0.7588381 ],2.225910902,3.199999996,56.31483332,180.2074664
2.227011919,1.515421332,0.9851559958,[ 0.26755457 -0.09214316  0.75449919],2.226963758,3.180000015,56.31933276,179.095479
2.228010178,1.515423504,0.9851461561,[ 0.26651105 -0.08828982  0.75140161],2.228039742,3.130000003,56.32383347,176.2935989
2.229014158,1.515424481,0.9851357186,[ 0.26699602 -0.08517547  0.75225464],2.2290411,3.269999988,56.31866646,184.1620387
2.23001647,1.515424177,0.9851246143,[ 0.26565855 -0.0775049   0.75633471],2.230039835,3.140000042,56.31933276,176.8427072
2.23101902,1.515422513,0.9851125087,[ 0.26684977 -0.08234258  0.7600578 ],2.230984926,3.139999982,56.31649971,176.8338081
2.232013941,1.51541942,0.985099628,[ 0.27146772 -0.09385264  0.7586314 ],2.232163906,3.189999945,56.31666692,179.6501644
2.233015299,1.515414842,0.9850849382,[ 0.27331062 -0.10191123  0.75403327],2.233165979,3.170000013,56.30650012,178.4916061
2.234014511,1.515408737,0.9850679721,[ 0.27243434 -0.10679847  0.75420753],2.234163761,3.109999951,56.31700007,175.1458675
2.235012293,1.515401077,0.9850491435,[ 0.26946984 -0.10552406  0.74820946],2.235164881,3.119999941,56.32283338,175.7272368
2.236015081,1.515391855,0.9850293486,[ 0.26490217 -0.10627239  0.74023183],2.236171961,3.139999993,56.31983312,176.8442756
2.237015724,1.515381077,0.9849135904,[ 0.26054124 -0.1081583   0.73544753],2.237173796,3.199999984,56.31416702,180.2053336
2.238014221,1.515368772,0.984891703,[ 0.25845217 -0.10394491  0.73476047],2.238174915,3.069999959,56.32166672,172.9075145
2.239015102,1.515354984,0.9848707267,[ 0.25935123 -0.10196564  0.73667854],2.239289045,3.069999959,56.34000015,172.9637982
2.240026236,1.515339779,0.9848509709,[ 0.26137478 -0.11434042  0.73654903],2.240289927,3.049999978,56.33383369,171.8181916
2.241024256,1.515323239,0.9848322074,[ 0.26755677 -0.11594969  0.73429748],2.2412889,3.089999981,56.32983335,174.059184
2.242022038,1.515305464,0.9848140827,[ 0.27132838 -0.11433999  0.73163092],2.242227793,3.070000019,56.3384997,172.9591952
2.243020296,1.51528657,0.9847965024,[ 0.27020323 -0.11336552  0.72966175],2.242227793,3.10000002,56.33833377,174.6488358
2.244018078,1.515266688,0.9847797127,[ 0.27144542 -0.12093918  0.7253701 ],2.243417978,3.139999982,56.33899943,176.9044572
2.245014191,1.51524596,0.9847642154,[ 0.27251136 -0.12008277  0.72434489],2.244417906,3.070000049,56.3416659,172.9689171
2.246012926,1.515224538,0.9847491118,[ 0.27372957 -0.11724379  0.72693705],2.245378971,2.809999999,56.36683337,158.3908017
2.247021914,1.515202582,0.9847339241,[ 0.27379303 -0.10745285  0.7273314 ],2.246548891,2.510000009,56.40333366,141.572368
2.248011351,1.515180257,0.9847188334,[ 0.27359328 -0.13117038  0.73088697],2.247550964,2.309999982,56.42266719,130.3363602
2.249013186,1.515157728,0.9847038531,[ 0.27309383 -0.17452512  0.730293  ],2.248594761,2.369999984,56.42283376,133.7221151
2.250018597,1.515135162,0.9846892899,[ 0.27222846 -0.22297172  0.7302065 ],2.24966383,2.51999999,56.41966693,142.1775601
2.251013994,1.51511272,0.9846747466,[ 0.27202351 -0.24429092  0.73242691],2.250660896,2.459999958,56.41183345,138.7731079
2.252014399,1.515090553,0.9846610103,[ 0.27025371 -0.25245173  0.73177486],2.251697063,2.579999933,56.40683365,145.529627
2.253014803,1.515068808,0.9846476002,[ 0.26618867 -0.2427481   0.7270815 ],2.252788782,2.650000015,56.39650027,149.4507266
2.254015207,1.515047613,0.9846340877,[ 0.26063316 -0.22995745  0.72158777],2.253784895,2.690000007,56.38316663,151.6707186
2.255012035,1.515027086,0.9846214342,[ 0.25631668 -0.19356078  0.72053636],2.254718781,2.660000006,56.3793335,149.9690274
2.256011724,1.515007323,0.9846104395,[ 0.25338449 -0.14119925  0.71940765],2.255912781,2.690000037,56.38166682,151.6666858
2.257011414,1.514988404,0.9846022408,[ 0.25405898 -0.11180759  0.72128485],2.256912947,2.669999937,56.38616625,150.5510603
2.258020401,1.514970386,0.9845971844,[ 0.25674331 -0.09994563  0.72270382],2.257960796,2.630000005,56.38566717,148.2943049
2.259020805,1.514953304,0.9845958598,[ 0.26083569 -0.08841114  0.72455493],2.259050846,2.489999989,56.39599991,140.4260392
2.260015726,1.514937171,0.9845983578,[ 0.2632311  -0.08592267  0.7237408 ],2.26004076,2.469999949,56.40600014,139.3228174
2.261012316,1.514921976,0.9846046357,[ 0.26729683 -0.10646743  0.71908434],2.26105094,2.50999994,56.40516663,141.5769649
2.262012005,1.514907685,0.9846142993,[ 0.27253482 -0.11231544  0.71580518],2.262163877,2.519999931,56.40700022,142.1456367
2.263015509,1.514894242,0.9846264499,[ 0.27690957 -0.12541316  0.71707021],2.263164043,2.530000011,56.40183385,142.6966402
2.264029264,1.514881569,0.9846399651,[ 0.28053661 -0.13555779  0.71923332],2.264163971,2.51999999,56.39833387,142.1238008
2.265022039,1.514869567,0.9846539457,[ 0.282151   -0.11194201  0.72121657],2.265161753,2.600000003,56.37883377,146.584968
2.266012192,1.51485812,0.9846679088,[ 0.28025717 -0.10507574  0.72016026],2.266107082,2.550000051,56.37783368,143.7634788
2.267012358,1.514847095,0.9846815951,[ 0.27901611 -0.09301354  0.72126103],2.267111778,2.490000049,56.39450073,140.4223096
2.268013477,1.514836345,0.9846948343,[ 0.27714851 -0.08179518  0.72435004],2.268224955,2.589999983,56.40116692,146.0790214
2.269012213,1.514825712,0.9847071675,[ 0.27685863 -0.07726281  0.72543732],2.268224955,2.599999964,56.40333303,146.6486639
2.270018339,1.514815031,0.9846200077,[ 0.2749107  -0.07730519  0.72359365],2.270287991,2.50999999,56.4046669,141.5757134
2.271011353,1.514804129,0.9846307048,[ 0.27465872 -0.07371479  0.72271494],2.270287991,2.490000019,56.40916697,140.4588268
2.272011518,1.514792834,0.9846405802,[ 0.27354526 -0.06961965  0.71859113],2.271288872,2.520000011,56.40833282,142.1489993
2.273014545,1.514780971,0.9846495076,[ 0.27530666 -0.08607255  0.71605226],2.27322197,2.540000021,56.40616735,143.2716663
2.274014473,1.514768374,0.984656857,[ 0.2747452  -0.08555743  0.71917522],2.27322197,2.450000018,56.41583316,138.2187922
2.275020123,1.514754879,0.9846627845,[ 0.27690478 -0.09467605  0.72671318],2.274416924,2.470000058,56.41516685,139.3454654
2.276012182,1.514740334,0.9846679444,[ 0.27927935 -0.09713615  0.73536165],2.275423765,2.580000043,56.41733297,145.5567215
2.277017832,1.514724601,0.9846720572,[ 0.27957978 -0.10110219  0.7382905 ],2.276412725,2.480000049,56.42016729,139.9220176
2.27801156,1.514707554,0.9846749599,[ 0.27894612 -0.10390408  0.73621113],2.277361155,2.520000041,56.42133331,142.1817622
2.279014349,1.514689085,0.9846769763,[ 0.27606589 -0.11297545  0.73121209],2.27854681,2.420000046,56.42066701,136.5380168
2.28001523,1.514669104,0.9846779502,[ 0.27641231 -0.09695667  0.72889765],2.27954793,2.560000032,56.42483266,144.4475734
2.281013489,1.514647541,0.9846775458,[ 0.28066386 -0.08711272  0.72963878],2.280548096,2.430000007,56.42866643,137.1216598
2.282010555,1.514624348,0.9846755691,[ 0.28528145 -0.0959493   0.72964291],2.281545877,2.399999976,56.43666649,135.4479982
2.28301239,1.514599494,0.9846716873,[ 0.29168493 -0.09083256  0.73183597],2.282593012,2.389999986,56.43416659,134.8776573
2.284021854,1.514572975,0.9846659848,[ 0.29570726 -0.11089631  0.73632173],2.283663988,2.379999995,56.43166606,134.3073649
2.285015106,1.514544805,0.9846581709,[ 0.29707394 -0.11771575  0.74006643],2.284662008,2.430000007,56.4248333,137.1123453
2.286013603,1.514515017,0.9846488141,[ 0.29813933 -0.0898617   0.74114101],2.285705805,2.460000008,56.41966693,138.7923811
2.287025928,1.514483667,0.9846385319,[ 0.29940425 -0.11007489  0.740538  ],2.286785841,2.370000014,56.43033346,133.7398911
2.288011789,1.514450826,0.9846277024,[ 0.30057952 -0.10694269  0.73923638],2.287788868,2.409999991,56.42816671,135.9918812
2.289012432,1.514416582,0.9846166164,[ 0.29897029 -0.1061165   0.73801204],2.288722038,2.460000018,56.4254996,138.80673
2.290014267,1.514381038,0.9846050444,[ 0.29604932 -0.10354695  0.73753488],2.289911985,2.540000001,56.41966629,143.3059524
2.291013718,1.514344308,0.9845937163,[ 0.29389437 -0.09791436  0.73760715],2.290909767,2.480000028,56.41983287,139.9211871
2.292011499,1.514306516,0.9845836177,[ 0.29445516 -0.08800182  0.73990945],2.29191184,2.510000059,56.41316668,141.5970517
2.293011904,1.514267792,0.9845747493,[ 0.29683004 -0.09782613  0.74299525],2.292916775,2.610000024,56.41250038,147.2366273
2.294013023,1.514228273,0.9845672585,[ 0.29964188 -0.09105362  0.74739055],2.293856859,2.630000034,56.41016579,148.358738
2.295013189,1.514188094,0.9845604977,[ 0.30297668 -0.09076357  0.75041111],2.295038939,2.51,56.41466713,141.6008145
2.296015739,1.514147393,0.9845543216,[ 0.30597423 -0.11492589  0.75349003],2.29603982,2.530000011,56.41750081,142.7362777
2.297020912,1.514106302,0.9845483459,[ 0.30667607 -0.10696756  0.75581484],2.296999931,2.570000002,56.4051679,144.9612816
2.29801178,1.514064949,0.9845425546,[ 0.30677993 -0.10347859  0.75608308],2.298162937,2.619999984,56.41066678,147.7959461
2.299012899,1.514023452,0.9845366641,[ 0.30692237 -0.10067264  0.75587014],2.299164057,2.529999981,56.40916697,142.7151914
2.300015688,1.513981921,0.9845302325,[ 0.3060538  -0.10686548  0.75476797],2.300167084,2.550000021,56.40183385,143.8246775
2.301012993,1.513940455,0.9845228698,[ 0.30670897 -0.11333032  0.75532439],2.301216841,2.639999995,56.40516726,148.9096413
2.302011728,1.513899139,0.9845142462,[ 0.30757945 -0.1137199   0.7545382 ],2.301216841,2.579999993,56.40850004,145.5339297
2.303024292,1.513858043,0.9845042395,[ 0.30852086 -0.12399277  0.75398358],2.303288937,2.539999971,56.40633392,143.2720865
2.304019928,1.513817225,0.9843443753,[ 0.31062084 -0.1139052   0.75663788],2.304219961,2.559999982,56.41366704,144.4189866
2.305014849,1.513776726,0.9843327044,[ 0.31619481 -0.10034204  0.76186264],2.304219961,2.559999952,56.41299947,144.4172759
2.306022167,1.513736573,0.9843216178,[ 0.32049665 -0.09990292  0.7648286 ],2.305413961,2.41,56.42983373,135.9958993
2.307011127,1.513696778,0.9843109228,[ 0.32139845 -0.09788787  0.76023242],2.306415081,2.270000014,56.44099998,128.1210708
2.308021545,1.513657338,0.9843010662,[ 0.32296795 -0.10590744  0.7579772 ],2.307364941,2.379999904,56.4483331,134.3470274
2.309014559,1.513618238,0.9842920658,[ 0.3231518  -0.10746247  0.75632325],2.308552742,2.429999936,56.44683329,137.1658013
2.310016632,1.51357945,0.9842833489,[ 0.32111252 -0.10953998  0.75731414],2.309551954,2.369999913,56.44699987,133.7793848
2.311013222,1.513540938,0.9842752615,[ 0.32249717 -0.10463283  0.75997192],2.310489893,2.40999992,56.44599915,136.0348534
2.312020302,1.513502653,0.9842681302,[ 0.32586888 -0.0932536   0.76280326],2.311665058,2.429999975,56.44266637,137.1556779
2.313021183,1.513464543,0.9842617966,[ 0.33035214 -0.10383865  0.7647972 ],2.312667131,2.460000006,56.43366687,138.8268209
2.314023018,1.513426547,0.9842552878,[ 0.33024378 -0.08277199  0.76734977],2.313706875,2.499999968,56.43149948,141.0787469
2.315022945,1.513388604,0.9842481343,[ 0.3317136  -0.06647302  0.76544523],2.314787865,2.530000044,56.42766635,142.7619983
2.316013813,1.513350649,0.984240925,[ 0.33324529 -0.05696587  0.76486219],2.315792084,2.469999952,56.42483266,139.369334
2.317013264,1.51331262,0.9842341323,[ 0.33148614 -0.06305811  0.76600129],2.316789865,2.559999941,56.42750041,144.4543977
2.318012953,1.513274456,0.9842273712,[ 0.3318951  -0.06704304  0.76875239],2.317717791,2.510000018,56.42900022,141.6367916
2.31901598,1.513236099,0.984220804,[ 0.3332705  -0.07240038  0.77082417],2.318916082,2.410000054,56.42650032,135.9878688
2.320017338,1.513197498,0.9842141517,[ 0.33199823 -0.07230978  0.76976717],2.319913864,2.419999955,56.42450015,136.5472878
2.321012974,1.513158611,0.9842067088,[ 0.32892134 -0.06542927  0.77047454],2.320913076,2.369999988,56.4179999,133.7106591
2.322013378,1.513119399,0.9841987097,[ 0.32957504 -0.07917385  0.77040674],2.321914911,2.360000012,56.43066724,133.1763754
2.323022127,1.513079836,0.9841906234,[ 0.33027147 -0.08546065  0.76887855],2.322847843,2.309999941,56.43366623,130.3617657
2.324019194,1.513039903,0.9841819328,[ 0.33259602 -0.10166469  0.76688594],2.324043989,2.380000008,56.43950017,134.3260109
2.325022459,1.512999592,0.9841728293,[ 0.33510127 -0.09510638  0.76833768],2.325040102,2.430000015,56.4350001,137.1370511
2.326010704,1.512958905,0.9841631375,[ 0.33768541 -0.10355163  0.76873436],2.326045752,2.400000039,56.44616699,135.470803
2.3270123,1.512917852,0.9841530912,[ 0.34107764 -0.1118749   0.76848522],2.327100754,2.430000011,56.44949977,137.172285
2.328012228,1.512876452,0.9841426989,[ 0.34488558 -0.11323168  0.76360183],2.328166962,2.430000011,56.44883283,137.1706644
2.329024076,1.512834733,0.9841316956,[ 0.34724887 -0.09112757  0.76289145],2.329165936,2.449999992,56.4399999,138.2779993
2.330014706,1.512792728,0.9841204122,[ 0.34910022 -0.08535401  0.76683097],2.330165863,2.440000013,56.4418335,137.7180744
2.331012011,1.512750479,0.9841086808,[ 0.34951695 -0.0959005   0.76580841],2.331175089,2.430000011,56.44283358,137.1560862
2.332014084,1.51270803,0.9840964371,[ 0.34892583 -0.09821121  0.76312835],2.331175089,2.450000003,56.44116656,138.2808582
2.333013296,1.512665428,0.9840832685,[ 0.34859329 -0.10144677  0.76205033],2.332289934,2.450000033,56.43649991,138.2694266
2.334012508,1.512622724,0.9840697509,[ 0.34916967 -0.10003286  0.76195931],2.333290815,2.449999981,56.43266614,138.260031
2.335021734,1.512579966,0.9840563756,[ 0.3513981  -0.10813536  0.76545734],2.335290909,2.409999982,56.43216642,136.00152
2.336012125,1.512537204,0.9840432003,[ 0.35476337 -0.1127529   0.76787562],2.335290909,2.419999994,56.43549983,136.5739093
2.337013245,1.512494481,0.9838418985,[ 0.35590211 -0.10934106  0.76893948],2.336289883,2.479999997,56.43766594,139.9654113
2.338012218,1.512451841,0.98382714,[ 0.3562965  -0.10739758  0.76808877],2.337344885,2.480000004,56.43949954,139.9699591
2.339017868,1.512409319,0.9838113764,[ 0.35334295 -0.10583746  0.7656149 ],2.338424921,2.439999998,56.44500097,137.7258022
2.340013742,1.512366946,0.9837948925,[ 0.34998641 -0.12330659  0.76358981],2.339420795,2.43999999,56.45050049,137.7392206
2.34102273,1.512324745,0.9837767316,[ 0.34897361 -0.14269536  0.76291487],2.340423822,2.470000036,56.44383303,139.4162696
2.342014313,1.512282733,0.9837577669,[ 0.35009655 -0.14610144  0.76474425],2.341374874,2.460000031,56.44166692,138.8465024
2.343025923,1.51224092,0.9837378476,[ 0.35105293 -0.14014905  0.76590919],2.34254694,2.440000035,56.4368337,137.7058762
2.344019651,1.512199305,0.9837168823,[ 0.352576   -0.146556    0.76077903],2.343565941,2.450000003,56.4375,138.2718752
2.345012665,1.512157885,0.9836939871,[ 0.35352213 -0.14163274  0.75548541],2.34466815,2.569999993,56.42133331,145.0028262
2.346010447,1.512116646,0.9836696265,[ 0.35500176 -0.14305741  0.75223898],2.345669985,2.659999974,56.42016729,150.0776435
2.347012997,1.51207557,0.983643584,[ 0.35667602 -0.15262755  0.75112558],2.34660697,2.740000002,56.41633352,154.580754
2.348012686,1.512034634,0.9836172463,[ 0.36248653 -0.13230141  0.75043993],2.347790956,2.729999941,56.41250038,154.0061227
2.349015236,1.511993811,0.9835906288,[ 0.37003064 -0.11220794  0.75259123],2.34879303,2.729999945,56.40750058,153.9924735
2.350012779,1.511953071,0.983563652,[ 0.37467877 -0.0953518   0.75681128],2.349730015,2.70999996,56.40733401,152.8638729
2.351014614,1.511912382,0.9835362167,[ 0.3768384  -0.09188437  0.75753653],2.350914955,2.659999948,56.4090004,150.0479381
2.352021217,1.511871714,0.9835090373,[ 0.37752229 -0.08575357  0.75473007],2.351917028,2.569999998,56.41300011,144.9814102
2.353013992,1.511831037,0.9834819379,[ 0.37626596 -0.10990919  0.74920291],2.352854967,2.609999999,56.41250102,147.2366276
2.354012728,1.511790324,0.9834551376,[ 0.37528652 -0.12041362  0.74655605],2.354042053,2.590000018,56.41966756,146.12694
2.355020285,1.511749553,0.9834285231,[ 0.37850506 -0.12798463  0.74808023],2.355041981,2.640000053,56.41649946,148.9395615
2.356013536,1.511708705,0.9834013378,[ 0.38355174 -0.13787128  0.75192197],2.356100082,2.670000024,56.41750018,150.6347268
2.357013702,1.51166777,0.9833732797,[ 0.38680661 -0.13834155  0.75043725],2.35716486,2.750000015,56.41316668,155.1362092
2.358015537,1.511626743,0.9833435449,[ 0.38615046 -0.15480456  0.74465555],2.358174801,2.699999988,56.40966733,152.3061011
2.35901618,1.51158563,0.9833116998,[ 0.38527933 -0.14918587  0.74492804],2.358174801,2.719999984,56.41400019,153.4460796
2.360010624,1.51154444,0.9832789144,[ 0.38466072 -0.14379772  0.74532041],2.359291077,2.789999984,56.40766652,157.3773887
2.361022472,1.511503195,0.9832454694,[ 0.38354519 -0.12664417  0.7438364 ],2.361290932,2.769999959,56.41183345,156.2607763
2.362011194,1.511461922,0.9832112426,[ 0.38094939 -0.13082596  0.74123109],2.361290932,2.769999959,56.41466649,156.2686239
2.363023758,1.511420656,0.9831764913,[ 0.38106656 -0.12625209  0.73621948],2.363291979,2.729999982,56.4204998,154.0279634
2.364016771,1.51137944,0.9831419103,[ 0.38131349 -0.11665948  0.73180777],2.364229918,2.709999986,56.41633352,152.888263
2.365016699,1.511338322,0.9831068303,[ 0.38150386 -0.12074321  0.72676895],2.364229918,2.669999983,56.40866661,150.6111389
2.366016388,1.511297354,0.9830726053,[ 0.38635907 -0.14377028  0.72313092],2.365422964,2.639999991,56.40766716,148.9162408
2.367013454,1.511256592,0.9830376954,[ 0.39470792 -0.14852373  0.72860842],2.366415977,2.850000013,56.40200106,160.7457037
2.36801362,1.511216094,0.9830036201,[ 0.40077008 -0.15091834  0.73479154],2.367365122,2.909999965,56.40683301,164.1438821
2.369025946,1.511175916,0.9829694737,[ 0.40480419 -0.13306818  0.73243091],2.368550062,2.919999946,56.40183385,164.6933518
2.370018721,1.511136116,0.9826958726,[ 0.40564073 -0.13042219  0.7301046 ],2.369549036,2.869999954,56.40183385,161.8732606
2.371020317,1.511096746,0.9826609021,[ 0.40681708 -0.13494271  0.72708863],2.370483875,2.839999992,56.40316709,160.1849941
2.372011185,1.511057853,0.9826267089,[ 0.40677578 -0.14625164  0.72550352],2.371666908,2.819999943,56.40116692,159.0512875
2.373013735,1.511019478,0.9825940293,[ 0.40728282 -0.14015228  0.72463528],2.372668028,2.839999937,56.39950053,160.1745779
2.374011517,1.510981654,0.9825633201,[ 0.40502976 -0.13273215  0.72090038],2.373714924,2.829999946,56.3938338,159.5945466
2.375016212,1.510944404,0.9825332871,[ 0.40425576 -0.13498338  0.72201321],2.374793768,2.789999969,56.40000089,157.3560008
2.37601757,1.510907743,0.9825044787,[ 0.40399827 -0.1466667   0.7244972 ],2.375793695,2.789999969,56.39616648,157.3453028
2.377011776,1.510871671,0.9824762303,[ 0.40651346 -0.15126082  0.72248844],2.376792908,2.879999958,56.39666621,162.4223963
2.378011465,1.51083618,0.9824484457,[ 0.40852131 -0.14736802  0.71864617],2.377726793,2.909999937,56.39283371,164.1031425
2.37901473,1.510801249,0.9824204936,[ 0.40959994 -0.15240043  0.71701428],2.378917933,2.879999936,56.39266713,162.4108777
2.380012035,1.510766845,0.9823929177,[ 0.40925306 -0.14326625  0.71700536],2.379919052,2.969999969,56.38766607,167.4713665
2.381011724,1.510732925,0.9823664019,[ 0.40306921 -0.14532198  0.71169534],2.38086009,2.93999996,56.38483365,165.7714087
2.382012844,1.510699437,0.9823400825,[ 0.39513763 -0.14460096  0.70128084],2.382038832,2.970000029,56.38216654,167.4550363
2.383014441,1.510666317,0.9823131129,[ 0.39054521 -0.13697622  0.69345043],2.383044958,2.880000021,56.38716698,162.3950421
2.384017229,1.510633498,0.982285877,[ 0.38816742 -0.15184526  0.68934761],2.3840518,2.889999948,56.38933309,162.9651697
2.385014534,1.510600905,0.9822585791,[ 0.39060514 -0.16238438  0.68509496],2.385168076,2.899999946,56.38283285,163.5102122
2.386015177,1.51056846,0.9822302867,[ 0.39331584 -0.16824996  0.68175828],2.386165857,2.909999989,56.38333257,164.0754972
2.387013674,1.510536085,0.9821997327,[ 0.39664544 -0.17666516  0.67983661],2.387165785,3.090000026,56.38266627,174.2224402
2.388012409,1.510503701,0.9821683279,[ 0.39736796 -0.1806512   0.67968948],2.388167858,3.06000001,56.38316663,172.5324904
2.389021635,1.510471234,0.9821370734,[ 0.39912233 -0.19510638  0.67738847],2.389175892,3.010000046,56.38933372,169.7318971
2.390011787,1.510438616,0.9821063383,[ 0.39869315 -0.18064417  0.67325122],2.390186787,3.010000046,56.38283285,169.7123295
2.391035318,1.510405788,0.9820758774,[ 0.39817555 -0.1749328   0.6702251 ],2.39129281,3.020000029,56.38316727,170.2771668
2.392011881,1.510372699,0.9820461988,[ 0.39926976 -0.16377505  0.67184592],2.39129281,3.020000037,56.39066696,170.2998163
2.393014431,1.510339313,0.9820178046,[ 0.39805235 -0.16638095  0.66965294],2.392291069,2.989999998,56.38933309,168.6041058
2.394012213,1.510305607,0.981990809,[ 0.39388307 -0.16263046  0.66333381],2.393337965,2.940000055,56.39566676,165.8032634
2.395012856,1.510271575,0.9819633097,[ 0.38852075 -0.15390547  0.6591793 ],2.394418716,2.910000075,56.39616712,164.1128505
2.396011591,1.510237228,0.9819376878,[ 0.38420635 -0.17356408  0.66063441],2.395417929,2.910000024,56.40333303,164.1337005
2.397012711,1.510202592,0.9819130415,[ 0.38186579 -0.16636316  0.65507435],2.396420002,2.929999996,56.40183322,165.2573711
2.398016214,1.510167716,0.9818905738,[ 0.37945396 -0.16749824  0.64803979],2.3973701,2.990000047,56.39733378,168.6280306
2.399017096,1.510132662,0.981869403,[ 0.3760313  -0.16135945  0.6366649 ],2.398559809,2.990000047,56.39600054,168.6240443
2.400014639,1.510097514,0.9818497547,[ 0.37083764 -0.15393807  0.62876225],2.399551868,3.010000005,56.38433329,169.7168435
2.401012897,1.51006237,0.9818318632,[ 0.36614467 -0.14376802  0.62365557],2.400593996,3.040000007,56.37866656,171.3911467
2.402013063,1.510027345,0.9818156292,[ 0.36222013 -0.14133544  0.61955286],2.401664972,3.040000014,56.38499959,171.4103996
2.403013945,1.509992566,0.9818009567,[ 0.36256107 -0.13671964  0.61267271],2.402665854,3.039999947,56.38999939,171.4255952
2.404016495,1.509958173,0.98156598,[ 0.36226392 -0.14637747  0.60897535],2.403707981,2.999999978,56.3996671,169.1990001
2.405021191,1.509924314,0.9815549177,[ 0.36333895 -0.13903729  0.60337801],2.404712915,2.980000004,56.38616753,168.0307795
2.406014204,1.509891144,0.9815452266,[ 0.36562321 -0.13376152  0.59463122],2.405789852,2.940000087,56.4040006,165.8277667
2.407016277,1.509858821,0.9815364613,[ 0.36305373 -0.13934353  0.58501049],2.406792879,2.79999998,56.40183449,157.9251355
2.408017397,1.509827502,0.9815285867,[ 0.35992495 -0.14515634  0.57616311],2.407724857,2.76999988,56.4090004,156.2529243
2.40901351,1.509797344,0.9815223567,[ 0.3567732  -0.17563355  0.56927895],2.408915758,2.77999994,56.4040006,156.8031183
2.41001153,1.509768494,0.9815180078,[ 0.35338396 -0.17673236  0.5647482 ],2.409916878,2.79000004,56.40566635,157.3718114
2.41101265,1.509741093,0.9815157404,[ 0.35121965 -0.16678606  0.55648155],2.410856962,2.800000019,56.41016642,157.9484671
2.4120152,1.509715266,0.9815152372,[ 0.34902296 -0.16281661  0.54726695],2.412042856,2.740000039,56.40516663,154.5501588
2.41301322,1.509691125,0.9815154829,[ 0.34577057 -0.15755317  0.53980371],2.41304493,2.770000029,56.40016683,156.2284638
2.414013863,1.509668763,0.9815173552,[ 0.33961759 -0.14638488  0.53111729],2.414053917,2.79000001,56.40066719,157.357862
2.41501689,1.509648254,0.9815216166,[ 0.33405288 -0.12683485  0.51907739],2.414953947,2.800000062,56.39283307,157.8999361
2.416013479,1.509629647,0.9815284624,[ 0.33212384 -0.11922429  0.50793173],2.415967941,2.820000041,56.38716634,159.0118114
2.417017937,1.509612969,0.9815388182,[ 0.3325655  -0.08323734  0.50017417],2.417166948,2.81000003,56.40316645,158.4928994
2.41801548,1.509598222,0.9815535846,[ 0.33393791 -0.0738023   0.49325156],2.418166876,2.810000051,56.40449969,158.496647
2.419013977,1.509585382,0.9815726737,[ 0.33567774 -0.06678324  0.48479717],2.41916585,2.78999998,56.40500005,157.369949
2.420021296,1.5095744,0.9815951792,[ 0.33674366 -0.06449606  0.47730021],2.420217037,2.849999979,56.40566699,160.7561497
2.421014071,1.509565201,0.9816209638,[ 0.33558268 -0.06231286  0.47211451],2.420217037,2.849999949,56.41083399,160.770874
2.422016382,1.509557687,0.9816494704,[ 0.33190023 -0.06397932  0.4680367 ],2.421303988,2.909999952,56.40450096,164.1370951
2.423013449,1.509551735,0.9816806924,[ 0.32804998 -0.05367816  0.46117019],2.4223001,2.950000018,56.40016683,166.3804932
2.424021244,1.509547203,0.9817143194,[ 0.3245958  -0.05022999  0.45389811],2.423335075,2.959999993,56.37833341,166.8798665
2.425017118,1.50954393,0.98174891,[ 0.3187789  -0.04501204  0.44102939],2.424413919,3.050000012,56.3648332,171.9127419
2.426014423,1.509541737,0.9817845339,[ 0.31401709 -0.03767831  0.42888816],2.4254179,3.18,56.34199969,179.167559
2.427014589,1.509540434,0.9818205282,[ 0.30948342 -0.0154475   0.41857168],2.426418781,3.249999993,56.33683332,183.0947079
2.428018332,1.509539821,0.9818574811,[ 0.30678996 -0.00187705  0.41067815],2.42741704,3.230000056,56.33883349,181.9744353
2.429018736,1.509539689,0.9818948895,[0.30268665 0.01658336 0.40198053],2.428364992,3.190000065,56.35316658,179.766605
2.430017233,1.509539831,0.9819324637,[0.30211689 0.01382184 0.4005225 ],2.429550886,3.149999935,56.36683273,177.5555195
2.431013823,1.509540035,0.9819700152,[0.30290021 0.01893346 0.3942311 ],2.430556774,3.149999984,56.37333361,177.576
2.432015181,1.509540098,0.9820073759,[ 0.30283861 -0.00335151  0.38358877],2.431605816,3.089999959,56.37883313,174.2105921
2.433051348,1.509539822,0.9820435627,[ 0.3016524  -0.02193363  0.36913495],2.432669878,3.020000007,56.37399991,170.2494801
2.434041262,1.509539022,0.9820784975,[ 0.30149718 -0.02118291  0.35213966],2.433667898,3.000000067,56.37650045,169.1295051
2.435046434,1.509537526,0.9821120046,[ 0.29859456 -0.00862774  0.33619973],2.434712887,3.06000004,56.38033295,172.5238211
2.436037064,1.509535181,0.9821432647,[ 0.29630087 -0.01514916  0.32717337],2.435794115,3.130000014,56.3781662,176.463661
2.437003136,1.509531853,0.9820225861,[ 0.29406691 -0.02452703  0.31697477],2.436794043,3.159999974,56.37549973,178.1465777
2.43804121,1.509527429,0.9820453747,[ 0.29369972 -0.00330432  0.30842842],2.437729836,3.259999957,56.36599986,183.7531571
2.43900156,1.509521822,0.9820645578,[0.29647373 0.00560054 0.30478231],2.438916922,3.329999968,56.35733414,187.6699209
2.440044403,1.509514967,0.9820798909,[0.30130886 0.02321529 0.30209947],2.439923763,3.299999971,56.34583282,185.9412467
2.44103837,1.509506827,0.9820913807,[0.30341646 0.02941458 0.2950874 ],2.440860748,3.309999958,56.34200033,186.4920187
2.442047596,1.50949739,0.9820998774,[0.29873987 0.03217887 0.28383272],2.44204092,3.270000011,56.34866651,184.2601401
2.443013191,1.509486671,0.9821037625,[0.2903113  0.02843057 0.27292541],2.443046093,3.300000012,56.34966723,185.9539025
2.444008827,1.509474709,0.9821041607,[0.28261949 0.01975262 0.26389914],2.444047928,3.260000028,56.35849953,183.72871
2.445049047,1.509461568,0.9821014857,[0.27691007 0.00559417 0.25482707],2.445043802,3.260000035,56.35066668,183.7031754
2.446001768,1.509447334,0.982096142,[ 0.27258572 -0.007923    0.24621729],2.446058989,3.130000032,56.3763326,176.4579229
2.447005033,1.509432114,0.9820896012,[ 0.27227079 -0.02569638  0.2398843 ],2.44716692,2.950000018,56.38383293,166.3323082
2.448007107,1.509416033,0.9820816402,[ 0.27343    -0.05401002  0.23484569],2.448167086,2.949999996,56.38899994,166.3475496
2.449008226,1.509399231,0.9820721868,[ 0.27295658 -0.08714634  0.22930489],2.449166059,2.959999986,56.39150047,166.9188406
2.45001626,1.509381864,0.9820618882,[ 0.27068876 -0.11601099  0.21721524],2.450181961,2.999999989,56.38583374,169.1575006
2.451002836,1.509364093,0.9820486576,[ 0.26694854 -0.1266124   0.20618434],2.451103926,3.01999999,56.37883313,170.2640755
2.45200181,1.509346091,0.9820334627,[ 0.26426383 -0.11863444  0.19659124],2.451103926,3.010000059,56.37766711,169.6967813
2.452998877,1.509328029,0.9820173395,[ 0.26433222 -0.11313874  0.18863878],2.452295065,3.060000012,56.38033358,172.5238214
2.454003334,1.509310083,0.9820009712,[ 0.26372358 -0.09099916  0.18319685],2.453295946,3.120000053,56.37483342,175.8894833
2.455010176,1.509292424,0.9819843631,[ 0.26129667 -0.07041934  0.17683033],2.454293966,3.109999985,56.37666639,175.3314316
2.456038475,1.509275216,0.9819671538,[ 0.25793798 -0.03818607  0.17033044],2.455338955,3.129999975,56.36883291,176.4344456
2.457040548,1.509258616,0.9819504688,[ 0.25754151 -0.0202739   0.1645352 ],2.456422091,3.109999994,56.37266668,175.318993
2.458040476,1.509242769,0.9819352394,[0.25717325 0.02178169 0.15628342],2.457415819,3.039999992,56.37833277,171.3901312
2.459036112,1.509227805,0.9819223332,[0.25822231 0.03128969 0.14707335],2.458348989,2.99,56.38216718,168.5826799
2.460048199,1.509213839,0.9819118337,[0.26102067 0.05362019 0.14511474],2.459550858,3.020000029,56.39050039,170.2993128
2.461041689,1.509200968,0.9819045209,[0.26337191 0.0553933  0.14332961],2.460551739,2.999999909,56.39683342,169.1904951
2.462037802,1.509189272,0.9819001669,[0.26107976 0.03781985 0.13992516],2.461594105,2.959999913,56.3895003,166.912916
2.463002443,1.509178807,0.9818976817,[0.25691582 0.02740561 0.13529474],2.462667942,2.959999979,56.38449987,166.8981184
2.464003086,1.509169613,0.9818961929,[0.25103535 0.01043415 0.12840299],2.463666916,3.089999963,56.37949944,174.2126511
2.465040922,1.509161708,0.9818951868,[0.24377364 0.00218986 0.12217252],2.464606762,3.149999972,56.36983299,177.5649724
2.466004848,1.509155088,0.9818945261,[0.23773358 0.00512573 0.11622153],2.465792894,3.150000084,56.35566648,177.5203542
2.467006922,1.509149732,0.9818941757,[ 0.23388653 -0.00736947  0.11306528],2.466791153,3.320000067,56.3440005,187.0620854
2.468034983,1.509145601,0.9818930231,[ 0.23005803 -0.00443372  0.11028144],2.467788935,3.320000067,56.339667,187.0476982
2.469034195,1.509142638,0.9818898694,[0.22596104 0.0006636  0.10960144],2.468831778,3.249999978,56.35300001,183.1472488
2.469998598,1.50914077,0.9818851547,[0.22362826 0.00108174 0.10856032],2.469917774,3.199999936,56.36133321,180.3562627
2.47104454,1.509139914,0.9818790715,[ 0.22051248 -0.00612333  0.10533907],2.470916033,3.11999996,56.36349932,175.8541156
2.472001314,1.509139974,0.9817152801,[ 0.21819224 -0.01620815  0.10191209],2.471851826,3.139999969,56.37149938,177.0065063
2.47300148,1.509140849,0.9817076404,[ 0.21777186 -0.02142582  0.10236662],2.473042727,3.149999969,56.37099965,177.5686471
2.474004507,1.509142428,0.9817004773,[ 0.22031787 -0.02626973  0.10191321],2.474050045,3.119999969,56.36533356,175.859839
2.475004673,1.509144602,0.9816931664,[ 0.22443614 -0.01543122  0.09967189],2.475047827,3.099999951,56.37266604,174.755262
2.476010084,1.509147261,0.9816868174,[ 0.22300325 -0.01829136  0.09405382],2.475956917,3.159999982,56.37749926,178.1528966
2.477000237,1.509150297,0.981679719,[ 0.2186287  -0.03158983  0.08723548],2.476978779,3.189999903,56.37883313,179.8484722
2.478008986,1.50915361,0.9816718254,[ 0.21414341 -0.03150723  0.08141943],2.477964878,3.199999994,56.37849998,180.4111996
2.479051113,1.509157106,0.9816636891,[ 0.21291582 -0.01688952  0.07608202],2.478970051,3.190000044,56.37216695,179.8272151
2.480004787,1.509160705,0.9816553809,[ 0.21352328 -0.01304477  0.07258359],2.479976892,3.209999993,56.36766624,180.9402083
2.481012583,1.509164339,0.9816461643,[ 0.21223712 -0.01541372  0.06929599],2.481168985,3.149999963,56.37133344,177.5696983
2.482007504,1.509167956,0.9816355324,[ 0.21057023 -0.02060539  0.06729453],2.48217392,3.119999977,56.36749967,175.8665977
2.483000755,1.509171521,0.9816240151,[ 0.20539681 -0.02193228  0.06432713],2.48217392,3.09,56.3725001,174.1910253
2.484008312,1.509175019,0.9816137407,[ 0.20044891 -0.02597189  0.05975692],2.483292818,3.240000047,56.37700017,182.6614832
2.485002518,1.509178452,0.9816030554,[ 0.19447942 -0.03849445  0.05483747],2.484290838,3.200000048,56.37416649,180.3973355
2.486000299,1.509181845,0.981592728,[ 0.19067598 -0.05020226  0.05291035],2.485293865,3.159999983,56.3951664,178.2087249
2.487021208,1.509185244,0.9815830087,[ 0.18723138 -0.06603583  0.04925901],2.48724699,2.960000001,56.39849981,166.9395595
2.488042116,1.509188713,0.9815743842,[ 0.18537161 -0.07919601  0.0493951 ],2.48724699,2.85,56.4065005,160.7585264
2.489036083,1.509192341,0.9815674293,[ 0.18377407 -0.11031505  0.0472571 ],2.488428831,2.91,56.40683365,164.1438859
2.490018845,1.509196231,0.9815616771,[ 0.18175253 -0.14388632  0.04706569],2.489416838,2.899999984,56.40399996,163.571599
2.491040468,1.509200508,0.9815573672,[ 0.17799931 -0.18457257  0.04884253],2.490354776,2.880000014,56.40066655,162.4339205
2.491999626,1.509205311,0.9815558016,[ 0.17652355 -0.20674643  0.05131939],2.49154973,3.049999975,56.39716657,172.0113566
2.493002892,1.509210794,0.9815570769,[ 0.17409982 -0.23752853  0.05191583],2.492555857,2.989999985,56.40000089,168.6360018
2.494040966,1.509217125,0.9815607297,[ 0.17141226 -0.25385843  0.04804422],2.49355197,2.949999977,56.40050062,166.3814755
2.495036364,1.509224477,0.9815666799,[ 0.16654697 -0.24320617  0.0450935 ],2.494489908,2.949999917,56.39800008,166.3740956
2.496039867,1.509233034,0.981574487,[ 0.16066101 -0.22055515  0.04316437],2.495665789,2.979999915,56.39333344,168.0521288
2.497046709,1.509242979,0.9815856396,[ 0.15433815 -0.18882184  0.04052296],2.496669769,2.959999926,56.39499982,166.9291953
2.498010397,1.509254499,0.9816009552,[ 0.14853822 -0.18087289  0.03433471],2.497668982,2.929999957,56.39233271,165.2295324
2.499039888,1.509267774,0.9816193704,[ 0.14582047 -0.13934125  0.03482145],2.498709917,2.959999947,56.37950007,166.8833172
2.500039816,1.50928298,0.9816418786,[ 0.14537848 -0.1301214   0.03433161],2.499794006,2.929999925,56.37600009,165.181676
2.501051426,1.509300281,0.9816682742,[ 0.14812602 -0.11407799  0.03515609],2.500789881,2.959999995,56.3858331,166.9020657
2.50203681,1.509319829,0.9816961984,[ 0.14994585 -0.11406878  0.03268031],2.501792908,2.959999993,56.38383293,166.8961451
2.503000498,1.509341759,0.9817287378,[ 0.15042955 -0.10594737  0.02971424],2.502795935,2.979999993,56.38499959,168.0272984
2.5040133,1.509366185,0.9815613505,[ 0.14768777 -0.0767289   0.0278996 ],2.503729105,3.239999967,56.36400032,182.6193592
2.505001068,1.509393201,0.9816002829,[ 0.14467863 -0.05891454  0.02616731],2.504916906,3.589999931,56.35249964,202.3054698
2.506001472,1.509422874,0.9816419856,[ 0.14079606 -0.06381071  0.02077384],2.505923986,3.490000019,56.33049965,196.5934448
2.507004023,1.509455245,0.9816851867,[ 0.13510161 -0.05645243  0.01861334],2.506974936,3.569999952,56.31666756,201.0505005
2.508009434,1.509490328,0.9817322364,[ 0.13169152 -0.05628048  0.01923421],2.508040905,3.569999982,56.30483373,201.0082554
2.509009838,1.509528104,0.9817803575,[ 0.12732524 -0.04984143  0.01851881],2.50904274,3.530000016,56.29633395,198.7260597
2.50999999,1.509568525,0.98183011,[ 0.12581814 -0.05681556  0.02216309],2.509995937,3.520000048,56.29849943,198.1707207
2.511008263,1.509611514,0.9818810809,[ 0.1226613  -0.053313    0.02309484],2.511166811,3.429999948,56.2998333,193.1084253
2.512004614,1.509656958,0.9819329303,[ 0.12110501 -0.06395897  0.02240429],2.512172937,3.380000055,56.31516647,190.3452658
2.513012886,1.50970472,0.9819851786,[ 0.12032732 -0.08251601  0.01789834],2.513181925,3.340000063,56.31833267,188.1032347
2.513999939,1.509754631,0.9820369931,[ 0.11839184 -0.10919443  0.01350973],2.514184952,3.420000076,56.3276666,192.6406241
2.515000343,1.509806494,0.9820879321,[ 0.1139589 -0.1607464  0.0117883],2.51518774,3.490000069,56.33066686,196.5940312
2.516001463,1.50986009,0.9821358452,[ 0.10948478 -0.18613096  0.01141587],2.51518774,3.520000041,56.32783381,198.2739773
2.517008543,1.509915177,0.9821818942,[ 0.10754902 -0.19474076  0.0119812 ],2.516294003,3.489999987,56.3238341,196.5701803
2.518029928,1.509971495,0.9822243922,[ 0.10760851 -0.23588321  0.01282424],2.517294884,3.529999971,56.30783399,198.7666524
2.519012451,1.510028767,0.9822638701,[ 0.10946866 -0.22652249  0.01082212],2.519243956,3.530000031,56.30500094,198.7566551
2.520039558,1.510086708,0.9822992006,[ 0.11103369 -0.23063627  0.01034444],2.519243956,3.660000026,56.29700089,206.0470247
2.521046877,1.510145026,0.9823296765,[ 0.11463575 -0.21142074  0.01108989],2.52042985,3.760000017,56.28716596,211.6397449
2.522042513,1.510203424,0.9823555044,[ 0.11828138 -0.18588499  0.01276016],2.521420002,3.75999992,56.27899996,211.6090353
2.523047924,1.510261613,0.9823785307,[ 0.12119103 -0.16977435  0.01601379],2.522347927,3.69000005,56.26783371,207.6283092
2.524003029,1.510319308,0.9823995512,[ 0.12269679 -0.14959478  0.02007975],2.523550749,3.640000012,56.26816622,204.8161257
2.525039434,1.510376239,0.9824182749,[ 0.12270943 -0.13833456  0.0226899 ],2.524551868,3.750000007,56.26283391,210.9856276
2.526007891,1.510432152,0.9824354134,[ 0.12113977 -0.12400229  0.02517575],2.525596142,3.760000089,56.26150004,211.5432452
2.527060986,1.510486818,0.9824518641,[ 0.119454   -0.13141093  0.02682395],2.52666688,3.729999904,56.26283328,209.8603627
2.528039932,1.510540034,0.9824668543,[ 0.11629356 -0.15271735  0.02528735],2.527668953,3.739999957,56.26599948,210.4348356
2.529021978,1.510591627,0.9824823598,[ 0.11441742 -0.16787997  0.02261265],2.528667927,3.759999983,56.26899974,211.571438
2.530017853,1.51064146,0.9824958002,[ 0.11371449 -0.1776766   0.02052552],2.529713869,3.920000065,56.26049932,220.541161
2.531028509,1.510689436,0.9825092688,[ 0.11681617 -0.19934223  0.01929265],2.530794859,3.940000005,56.2398332,221.5849431
2.532026529,1.510735498,0.9825207973,[ 0.12121591 -0.20561692  0.02195227],2.531790972,3.960000046,56.2184995,222.6252606
2.53301692,1.510779631,0.9825302435,[ 0.12687836 -0.22619573  0.02749063],2.532791853,4.020000108,56.20599937,225.9481235
2.534045696,1.510821868,0.9825373671,[ 0.13181825 -0.2192529   0.02898049],2.53379178,4.129999973,56.20649974,232.1328424
2.535037756,1.510862286,0.9825413436,[ 0.13501628 -0.20460484  0.02457414],2.534728765,4.119999982,56.20966721,231.5838279
2.536000967,1.510901007,0.9825422249,[ 0.13700015 -0.21270022  0.01988747],2.535918951,3.999999966,56.22299894,224.8919939
2.53700161,1.5109382,0.9825397591,[ 0.13801312 -0.21899542  0.01686058],2.536917925,4.030000057,56.22233391,226.5760089
2.538000584,1.510974076,0.9823467471,[ 0.13957351 -0.23167822  0.01624746],2.537918806,4.019999947,56.23066648,226.0472763
2.538998127,1.511008887,0.9823368697,[ 0.14016181 -0.24484806  0.01700068],2.538855076,3.810000099,56.23483276,214.2547184
2.539999962,1.511042924,0.9823236846,[ 0.14281572 -0.2578067   0.01849589],2.540043831,3.830000021,56.24816577,215.430476
2.541004896,1.511076509,0.9823075025,[ 0.14750839 -0.2724075   0.02104993],2.54104495,3.709999926,56.25966644,208.7233584
2.542000532,1.511109997,0.982289681,[ 0.15312004 -0.30756663  0.02555366],2.541986942,3.609999962,56.26500003,203.116648
2.543001175,1.511143763,0.9822703606,[ 0.15844114 -0.3414174   0.02931046],2.543111086,3.57000003,56.26800028,200.8767627
2.544013023,1.511178203,0.9822491644,[ 0.16214277 -0.35470073  0.03459763],2.544166088,3.580000006,56.2676665,201.4382464
2.545006037,1.511213724,0.9822270379,[ 0.16328401 -0.3733798   0.04085262],2.545176029,3.739999961,56.2538325,210.3893314
2.546007872,1.511250738,0.9822042257,[ 0.16280084 -0.38980774  0.04454759],2.545176029,3.81000006,56.25766627,214.3417119
2.547004938,1.511289653,0.9821801445,[ 0.16144026 -0.39360969  0.04700068],2.546293974,3.730000002,56.25899951,209.8460683
2.548006773,1.511330871,0.9821544985,[ 0.15710087 -0.40092562  0.04671169],2.547293901,3.909999995,56.24866676,219.9322867
2.549011707,1.511374776,0.9821286254,[ 0.15657027 -0.40460815  0.0518252 ],2.548295736,3.899999974,56.24533335,219.3567986
2.550049782,1.51142173,0.982102355,[ 0.15659264 -0.40819449  0.05661565],2.549350023,3.829999952,56.23583285,215.3832371
2.551066637,1.511472063,0.9820759375,[ 0.15883683 -0.4161873   0.05831729],2.550420761,3.77999999,56.24266624,212.5972778
2.552050352,1.511526072,0.9820493328,[ 0.1598757  -0.43559147  0.06214662],2.551419973,3.859999958,56.23816554,217.0793166
2.553054333,1.511584009,0.982022891,[ 0.16217437 -0.43783322  0.06980284],2.552361965,3.759999935,56.24366697,211.4761841
2.554035664,1.51164608,0.9819968266,[ 0.16389297 -0.4594375   0.07700111],2.553556919,3.759999959,56.24183337,211.4692911
2.555043221,1.511712441,0.9819730798,[ 0.16562809 -0.48508725  0.07990542],2.554553032,3.869999988,56.24133237,217.6539556
2.556049585,1.511783189,0.9819514316,[ 0.16460264 -0.49016248  0.07900353],2.555485725,3.789999995,56.24749947,213.1780227
2.557006836,1.511858366,0.9819307734,[ 0.16141047 -0.50303716  0.07765551],2.55666995,3.769999934,56.25033379,212.0637547
2.558039427,1.511937956,0.9819121375,[ 0.15760548 -0.53002995  0.07898152],2.557671785,3.92,56.25016658,220.500653
2.559063673,1.51202188,0.9818948724,[ 0.15340475 -0.52645043  0.07839806],2.558671951,3.979999973,56.24316661,223.8478015
2.560036421,1.512110002,0.9818792741,[ 0.14924205 -0.52003583  0.07548774],2.559616804,3.870000033,56.23083305,217.6133258
2.561002016,1.512202128,0.9818665469,[ 0.14434725 -0.49454308  0.07707828],2.560794115,4.019999905,56.22516632,226.0251632
2.561999559,1.51229801,0.9818554456,[ 0.14245745 -0.47051201  0.08403238],2.561794996,3.899999915,56.22083282,219.2612432
2.562999487,1.512397351,0.9818476322,[ 0.1429116  -0.44554039  0.0861443 ],2.562730789,3.829999981,56.22233327,215.3315354
2.564006805,1.512499806,0.9818433403,[ 0.14416702 -0.42668448  0.08625474],2.563853979,4.219999943,56.19599978,237.1471159
2.565009832,1.512604995,0.9818418091,[ 0.14537674 -0.41249838  0.08613987],2.564917803,4.359999953,56.18366687,244.9607849
2.566004038,1.512712501,0.9818433287,[ 0.14796671 -0.41756989  0.08795819],2.56592083,4.630000049,56.12766711,259.8711015
2.567005634,1.512821887,0.9818490019,[ 0.147929  -0.4058701  0.0914142],2.566859961,4.790000061,56.11033312,268.7684991
2.568005085,1.512932697,0.9818584019,[ 0.14680701 -0.3681014   0.09417326],2.568045855,4.77000002,56.10199992,267.6065407
2.569006443,1.513044468,0.9818710585,[ 0.14537644 -0.33698757  0.09699667],2.569043875,4.780000011,56.11016655,268.2065967
2.570002794,1.51315674,0.9816124412,[ 0.14445789 -0.30262398  0.10146303],2.570051908,4.640000075,56.11516698,260.374379
2.571000576,1.513269061,0.9816308034,[ 0.14270098 -0.2953611   0.10436633],2.571067095,4.52000002,56.13033295,253.709106
2.572001696,1.513381002,0.9816519583,[ 0.14097069 -0.29546428  0.10316958],2.572169781,4.639999965,56.12966601,260.4416483
2.5730021,1.513492161,0.9816751042,[ 0.13723066 -0.31683376  0.10299082],2.573184967,4.429999897,56.1439991,248.7179102
2.574004412,1.51360217,0.9816995154,[ 0.13138489 -0.34408126  0.10677271],2.574173927,4.449999973,56.15466754,249.888269
2.575000286,1.513710711,0.9817248752,[ 0.12789245 -0.37926655  0.11094617],2.574173927,4.589999944,56.15533447,257.7529821
2.576001883,1.513817512,0.9817504529,[ 0.12916903 -0.43275772  0.11530948],2.575299025,4.460000053,56.15500069,250.451306
2.577004671,1.513922363,0.9817737556,[ 0.12836407 -0.48122337  0.12078318],2.576296806,4.51000005,56.17083359,253.3304623
2.577998161,1.514025112,0.9817932042,[ 0.1260107  -0.52809259  0.1291894 ],2.577298164,4.559999973,56.16516622,256.1131564
2.579013348,1.514125675,0.9818081743,[ 0.12778817 -0.56251501  0.13343706],2.578294992,4.74999997,56.15899976,266.7552472
2.580040216,1.514224035,0.9818186606,[ 0.12783473 -0.58779288  0.13300955],2.579347849,4.75,56.1445001,266.6863755
2.581036329,1.514320245,0.9818237554,[ 0.12242761 -0.59784633  0.13083743],2.580421925,4.590000063,56.13599904,257.6642392
2.582044363,1.514414426,0.9818236314,[ 0.1173251  -0.59186556  0.13153578],2.581427813,4.76000008,56.14049975,267.2287833
2.583040953,1.514506765,0.9818190421,[ 0.11549706 -0.60615854  0.13116356],2.582427979,4.609999985,56.13916651,258.8015568
2.584017038,1.514597512,0.9818111708,[ 0.11721723 -0.6066398   0.12735664],2.58336091,4.539999992,56.14633306,254.9043516
2.585038424,1.514686975,0.9818011662,[ 0.12061941 -0.60845398  0.12690134],2.584554911,4.280000046,56.14783287,240.3127273
2.586038828,1.514775515,0.9817901397,[ 0.12486295 -0.627945    0.12666556],2.585561991,4.419999883,56.15566699,248.2080415
2.587046862,1.514863538,0.9817794835,[ 0.13171688 -0.65812375  0.12904577],2.586561918,4.469999969,56.16333326,251.0500979
2.588000059,1.514951485,0.9817695065,[ 0.13777629 -0.66736883  0.13223738],2.587668896,4.310000055,56.1691672,242.0891137
2.589045048,1.515039828,0.9817592449,[ 0.14325258 -0.71352937  0.13574211],2.588669777,4.43000003,56.1698335,248.8323641
2.590047121,1.515129053,0.981749899,[ 0.14519032 -0.75757381  0.13922251],2.589672804,4.469999962,56.15500005,251.0128481
2.591007233,1.515219656,0.98174125,[ 0.14303904 -0.78932768  0.13922746],2.59067297,4.649999961,56.13883273,261.04557
2.592036724,1.515312128,0.9817335996,[ 0.14146247 -0.79605156  0.1379831 ],2.591612816,4.849999964,56.11866633,272.1755297
2.593003511,1.515406949,0.9817252981,[ 0.14001388 -0.80106832  0.13462902],2.592798948,4.760000035,56.10066541,267.0391693
2.593999863,1.515504571,0.9817172527,[ 0.13957036 -0.76466715  0.13167561],2.593792915,5.029999927,56.07616679,282.0631148
2.594999313,1.515605414,0.981708569,[ 0.13686461 -0.74454037  0.12707637],2.594728947,4.949999899,56.07033285,277.5481419
2.596000671,1.515709853,0.9816980515,[ 0.13404288 -0.70316064  0.12587072],2.59592104,4.769999966,56.06600062,267.4348211
2.596999645,1.515818211,0.9816869395,[ 0.13609019 -0.69009308  0.12589114],2.59691596,4.799999967,56.08049965,269.1863965
2.597999096,1.515930751,0.9816742707,[ 0.14248007 -0.6612047   0.128223  ],2.597855806,4.549999908,56.08616638,255.1920519
2.599002838,1.516047668,0.9816611314,[ 0.15169152 -0.65206579  0.13216537],2.598969936,4.689999953,56.0996666,263.1074337
2.600005388,1.516169086,0.9816488003,[ 0.15839889 -0.6453304   0.13217195],2.60004282,4.429999948,56.10449982,248.5429312
2.601004124,1.516295053,0.9816388649,[ 0.16237957 -0.65832881  0.13119532],2.601042032,4.470000088,56.12416649,250.8750292
2.602004766,1.51642554,0.9816317956,[ 0.16485878 -0.66204024  0.1274797 ],2.602045774,4.649999991,56.12749926,260.9928711
2.603003502,1.51656044,0.9816274728,[ 0.16363166 -0.68221004  0.12469157],2.603059769,4.600000009,56.12066587,258.1550635
2.604004622,1.516699567,0.9814002462,[ 0.16097138 -0.68078648  0.1228776 ],2.60398984,4.139999963,56.10683314,232.2822871
2.60500145,1.516842663,0.981402118,[ 0.15994337 -0.65450397  0.11900303],2.605098963,4.219999969,56.10516675,236.763802
2.606005192,1.516989397,0.9814067764,[ 0.16241716 -0.64632007  0.11618594],2.606168985,4.549999878,56.08500036,255.1867448
2.607019663,1.517139376,0.9814139747,[ 0.16874695 -0.55801779  0.11628008],2.607169867,5.139999945,56.05799993,288.1381165
2.608012199,1.517292148,0.9814230834,[ 0.17300075 -0.40229442  0.11705656],2.608222961,5.33000008,56.03499985,298.6665537
2.609000921,1.517447211,0.981433293,[ 0.17550217 -0.40962002  0.1196914 ],2.608222961,5.360000111,56.02099927,300.2725623
2.610002041,1.517604024,0.9814439846,[ 0.17783285 -0.22426038  0.12255028],2.609296083,5.190000046,56.02399953,290.7645602
2.611018658,1.517762016,0.9814549071,[ 0.181127   -0.00595853  0.12601289],2.610296011,5.009999987,56.03666623,280.7436971
2.611998558,1.517920593,0.9814648306,[0.18254622 0.04833652 0.12652886],2.611342907,4.849999972,56.04899915,271.8376443
2.61303997,1.518079156,0.9814742971,[0.18454025 0.10008538 0.12367194],2.612421036,4.81000001,56.07149951,269.7039132
2.614021301,1.518237106,0.9814843366,[0.18442231 0.09039376 0.12194817],2.613424063,4.739999965,56.08500036,265.8428997
2.61501193,1.518393857,0.9814948408,[0.18478353 0.02176696 0.11574564],2.614354849,4.61999996,56.10466639,259.2035565
2.616000891,1.518548846,0.9815041658,[ 0.18802779 -0.06861996  0.11426933],2.615553856,4.639999993,56.12366613,260.4138104
2.617033958,1.518701544,0.981508701,[ 0.19308982 -0.18920308  0.11442337],2.616553783,4.59999992,56.14616648,258.2723613
2.618026733,1.518851463,0.9815049843,[ 0.19538918 -0.30621541  0.11313397],2.617490053,4.540000036,56.14816666,254.9126787
2.619018316,1.518998167,0.9814889541,[ 0.19723529 -0.46648402  0.11250995],2.618673801,4.729999974,56.15016619,265.5902847
2.620016098,1.519141275,0.9814622517,[ 0.19516052 -0.56580284  0.10804731],2.619669914,4.800000019,56.14283307,269.4855998
2.621018171,1.519280469,0.9814223908,[ 0.18991463 -0.64029791  0.10365184],2.620721102,4.709999867,56.13083331,264.3762174
2.622030258,1.519415497,0.9813734239,[ 0.18269987 -0.70582745  0.09578576],2.621792793,4.689999945,56.12583288,263.2301531
2.623026133,1.519546177,0.9813161854,[ 0.17553295 -0.73016941  0.08928445],2.622791052,4.829999991,56.11199888,271.0209541
2.624073267,1.519672396,0.9812539238,[ 0.1662815  -0.75021452  0.08224361],2.622791052,4.889999934,56.09916623,274.3249192
2.625039816,1.519794109,0.9811899811,[ 0.16003066 -0.73390802  0.07588512],2.624557972,4.860000022,56.07666651,272.5326005
2.626040936,1.519911338,0.9811251496,[ 0.15952479 -0.70426819  0.07424836],2.625554085,5.179999948,56.04749997,290.3260469
2.627037287,1.520024171,0.9810612058,[ 0.16300729 -0.67869199  0.08019667],2.626599073,5.460000008,56.02500025,305.8965019
2.628036261,1.520132752,0.9809946598,[ 0.16924924 -0.63384663  0.08446159],2.627671003,5.749999925,56.00200017,322.0114968
2.629038811,1.520237275,0.9809352678,[ 0.17325985 -0.59026886  0.08253577],2.628670931,5.599999949,55.99283218,313.5598574
2.6300385,1.520337983,0.9808780945,[ 0.17327223 -0.51832609  0.07704456],2.629712105,5.749999925,55.9848334,321.9127879
2.631009817,1.520435152,0.9808242068,[ 0.17074545 -0.45040532  0.07333526],2.630718946,5.910000011,55.9678332,330.7698949
2.632003069,1.520529089,0.9807713443,[ 0.16693879 -0.36762687  0.0664644 ],2.631793022,5.870000035,55.95199903,328.4382362
2.63300252,1.520620116,0.9807191852,[ 0.17249882 -0.30590482  0.06489393],2.632796764,5.879999951,55.94999949,328.9859942
2.634040594,1.520708569,0.980669004,[ 0.1881731  -0.28305174  0.07589367],2.633799791,5.899999991,55.95216688,330.1177841
2.635006666,1.520794781,0.9806235379,[ 0.20492592 -0.2801083   0.09109821],2.634732962,5.850000024,55.94583384,327.2831293
2.636006355,1.520879076,0.9805798355,[ 0.21729875 -0.27705059  0.09784976],2.635921955,5.730000019,55.95199966,320.6049591
2.637001753,1.520961764,0.9802888428,[ 0.22103242 -0.2912814   0.09340337],2.636920929,5.700000003,55.96549924,319.0033458
2.638001919,1.521043127,0.9802450943,[ 0.21787433 -0.30326496  0.07934378],2.637863874,5.660000041,55.97233327,316.8034086
2.639004469,1.521123416,0.9802077753,[ 0.21477831 -0.33228667  0.06851819],2.639045,5.660000041,55.97950045,316.8439749
2.640008211,1.521202848,0.9801733976,[ 0.21160275 -0.36649245  0.06251426],2.640043974,5.620000079,55.9823335,314.6207187
2.641007662,1.521281593,0.9801427481,[ 0.20671528 -0.37906143  0.06380598],2.641044855,5.640000045,55.99199994,315.7948822
2.642007351,1.521359781,0.9801144554,[ 0.20491549 -0.38784397  0.07184866],2.642044783,5.719999969,55.99016698,320.2637534
2.643005371,1.521437494,0.9800895415,[ 0.20160973 -0.40161128  0.07570957],2.643043041,5.630000055,55.99983279,315.2790617
2.644026756,1.521514768,0.9800691921,[ 0.19668552 -0.39347465  0.06972622],2.643981934,5.689999998,56.00266647,318.6551721
2.645007133,1.521591592,0.9800542394,[ 0.19235413 -0.38189434  0.06449041],2.644984961,5.939999983,56.00083288,332.6449463
2.646009207,1.521667916,0.980044,[ 0.19003187 -0.37620579  0.06294825],2.645985842,5.63000007,55.99233309,315.2368392
2.6470263,1.521743647,0.9800373787,[ 0.19048205 -0.37266737  0.06265175],2.647092819,5.87000002,55.98016612,328.6035762
2.648037195,1.521818664,0.9800339691,[ 0.19614388 -0.3983495   0.0636231 ],2.647991896,5.89000006,55.96716626,329.6466127
2.649007082,1.521892814,0.9800333863,[ 0.19845698 -0.4118787   0.06391453],2.649170876,5.980000034,55.96500015,334.6707028
2.650009155,1.521965926,0.980035663,[ 0.1957124  -0.42038101  0.064444  ],2.65017581,6.1199999,55.95616659,342.4517339
2.65100646,1.522037817,0.9800405798,[ 0.19251919 -0.42352258  0.06084199],2.651116848,6.029999971,55.94383367,337.3413154
2.652021408,1.5221083,0.9800472932,[ 0.19057348 -0.39630735  0.05575806],2.652230024,6.059999943,55.94366646,339.0186155
2.653020859,1.522177191,0.9800550671,[ 0.1909328  -0.38925039  0.05584678],2.652230024,6.210000023,55.93249957,347.3408236
2.654011965,1.522244319,0.9800657549,[ 0.19039969 -0.36359511  0.05890124],2.653296947,6.099999875,55.94549942,341.2675395
2.655013084,1.522309536,0.9800798475,[ 0.18777977 -0.33688105  0.0587565 ],2.655246973,6.049999997,55.9526666,338.5136328
2.656021357,1.522372719,0.980097673,[ 0.18383645 -0.33115823  0.05754687],2.655246973,6.079999909,55.95149994,340.1851145
2.657019854,1.522433784,0.9801189989,[ 0.18342293 -0.30384377  0.05327903],2.656423807,6.099999934,55.95900027,341.349898
2.658011198,1.522492685,0.9801432576,[ 0.18622496 -0.28900565  0.05038501],2.657423019,6.020000011,55.96166611,336.8892306
2.659012079,1.522549424,0.9801701915,[ 0.18991309 -0.27684733  0.05011926],2.658356905,6,55.97100004,335.8260002
2.660014629,1.522604053,0.9801989152,[ 0.19164785 -0.24711765  0.05223873],2.659554958,6.000000015,55.96883329,335.8130006
2.66101265,1.522656674,0.9802292377,[ 0.19097689 -0.2200754   0.06161807],2.660557985,6.01000008,55.9678332,336.366682
2.662010908,1.522707444,0.9802620151,[ 0.19212547 -0.18462023  0.07367577],2.661564112,5.839999944,55.972833,326.8813416
2.663011789,1.522756571,0.9802995755,[ 0.19308542 -0.16030053  0.07772657],2.662559986,5.919999972,55.96216647,331.2960239
2.664016485,1.522804311,0.9803415491,[ 0.19209703 -0.13768871  0.07544275],2.663599968,5.570000075,55.98183378,311.8188183
2.665015221,1.522850966,0.9803870614,[ 0.18742335 -0.1285638   0.06294866],2.664674997,4.93,55.99099922,276.0356261
2.666024446,1.52289688,0.9804352799,[ 0.18088621 -0.1193987   0.05032716],2.665669918,4.90000014,56.05699921,274.679304
2.667011261,1.522942427,0.9804876491,[ 0.17865667 -0.15153872  0.0464071 ],2.666720867,4.579999939,56.07783318,256.8364725
2.668018579,1.522988011,0.9805446319,[ 0.1831033  -0.24926512  0.05309852],2.667797804,4.680000126,56.06233342,262.3717275
2.66903162,1.523034049,0.9806056724,[ 0.1898532  -0.37133892  0.06962278],2.668796062,4.580000028,56.07216644,256.8105239
2.670011044,1.523080967,0.9806700916,[ 0.19515758 -0.46791517  0.07920969],2.669835806,4.860000074,56.0643336,272.4726654
2.671011686,1.523129189,0.980734949,[ 0.19941643 -0.55556925  0.08444265],2.670918941,5.100000039,56.03866641,285.7972008
2.672011375,1.523179125,0.9805750116,[ 0.19529385 -0.54534532  0.08126333],2.671926975,5.230000034,56.01033274,292.9340422
2.673009872,1.523231161,0.980643897,[ 0.18903426 -0.48591202  0.07296856],2.672857046,5.229999915,55.98849932,292.8198467
2.674010277,1.52328565,0.9807120686,[ 0.17944308 -0.39288337  0.06083051],2.674044132,5.320000082,55.97733307,297.7994165
2.675012589,1.523342903,0.9807834894,[ 0.16971699 -0.28385304  0.04790655],2.675047874,5.280000061,55.96733284,295.5075208
2.676012039,1.523403178,0.9808565897,[ 0.1623106  -0.1824188   0.04257024],2.676059961,5.029999867,55.99216652,281.6405901
2.677011967,1.523466672,0.9809327516,[ 0.16014329 -0.11617385  0.04657388],2.676988125,4.909999967,56.01033274,275.0107319
2.678011417,1.523533518,0.9810134904,[ 0.16345706 -0.07879555  0.05221538],2.678172827,4.789999932,56.03116608,268.3892817
2.67901206,1.523603777,0.9811003122,[ 0.17052379 -0.08191732  0.05524883],2.679178953,4.659999877,56.04883258,261.1875529
2.680010557,1.523677435,0.9811931143,[ 0.17787414 -0.10509574  0.05483287],2.680192947,4.649999887,56.06766574,260.7146393
2.681010962,1.523754404,0.981292446,[ 0.18200422 -0.14615507  0.05133965],2.681129932,4.470000118,56.07666715,250.6627088
2.68201232,1.523834516,0.9813977325,[ 0.18249199 -0.16623416  0.04724738],2.681129932,4.649999976,56.08333333,260.7874987
2.683009863,1.523917531,0.9815077932,[ 0.18080999 -0.17871831  0.03848725],2.682296038,4.73999995,56.06583405,265.7520506
2.684016466,1.524003138,0.9816209779,[ 0.17832614 -0.17072722  0.02688915],2.683296919,4.799999982,56.0631663,269.1031972
2.685020447,1.524090961,0.9817375858,[ 0.17779481 -0.14248312  0.02474675],2.684338808,4.849999875,56.03783353,271.7834856
2.686010838,1.524180567,0.9818559101,[ 0.18026234 -0.10837796  0.02529136],2.685425758,5.010000035,56.02116648,280.6660461
2.687011957,1.524271473,0.9819749725,[ 0.18639411 -0.07730851  0.0301741 ],2.686422825,5.659999937,55.97516696,316.8194414
2.688010216,1.524363156,0.9820951364,[ 0.19086721 -0.03378027  0.03912186],2.687357903,5.61999999,55.94033368,314.3846747
2.68901825,1.524455066,0.9822146438,[0.19499738 0.00769093 0.04806696],2.688561916,5.579999968,55.93700027,312.1284598
2.690011263,1.524546638,0.9823321421,[0.20151922 0.01150868 0.05505321],2.689553976,5.600000128,55.94099998,313.2696071
2.691010952,1.524637302,0.9824490215,[0.20470245 0.01415346 0.05698305],2.690557718,5.51000011,55.94049962,308.2321591
2.692010164,1.524726497,0.9825637822,[ 0.20874607 -0.01503343  0.05586262],2.691567898,5.420000076,55.96033351,303.3050119
2.693011284,1.524813685,0.9826786791,[ 0.20905222 -0.06131734  0.05688021],2.69255805,5.410000026,55.96733348,302.7832756
2.694014788,1.524898364,0.9827918109,[ 0.2081241  -0.10013611  0.06222488],2.693603039,5.390000045,55.97516759,301.7061559
2.695015669,1.524980074,0.9829060379,[ 0.20616754 -0.18312079  0.06762148],2.694670916,5.279999986,55.97333336,295.5391994
2.696020842,1.525058416,0.9830190419,[ 0.20005832 -0.21565237  0.06897591],2.695669889,5.500000037,55.97049904,307.8377468
2.697012901,1.525133056,0.983127378,[ 0.19057744 -0.24596637  0.06912668],2.696614027,5.589999922,55.96116638,312.8229157
2.698014736,1.525203735,0.983226946,[ 0.1839852  -0.24266069  0.06227208],2.697799921,5.600000031,55.94583321,313.2966677
2.699014187,1.525270275,0.9833154267,[ 0.17924195 -0.21693482  0.0536959 ],2.698794842,5.600000091,55.93933296,313.2602697
2.700012922,1.525332584,0.9833937666,[ 0.17907973 -0.17836516  0.0436779 ],2.699728966,5.63000001,55.93249957,314.8999731
2.70101738,1.525390658,0.9834608965,[ 0.18082421 -0.13205701  0.03784983],2.700924873,5.629999965,55.91783333,314.8173997
2.702014446,1.525444583,0.9835193839,[ 0.18566162 -0.11158933  0.03964098],2.701919794,5.379999913,55.92133268,300.856765
2.703016281,1.525494531,0.9835693959,[ 0.194471   -0.11748571  0.04050458],2.702855825,5.350000024,55.92866643,299.2183667
2.704020739,1.525540757,0.9836107123,[ 0.20418516 -0.1183016   0.04273433],2.704046011,5.30999998,55.93783315,297.0298929
2.705018044,1.525583595,0.9836450253,[ 0.20859861 -0.1298278   0.04468014],2.705044985,5.029999971,55.97450002,281.5517335
2.706010818,1.525623449,0.9835026338,[ 0.20844673 -0.15103143  0.04220188],2.706087828,4.600000024,56.01716677,257.6789685
2.707016706,1.525660785,0.983527975,[ 0.20561928 -0.22808703  0.04020396],2.707168818,4.359999985,56.03283374,244.3031542
2.708012581,1.525696116,0.9835501373,[ 0.20195738 -0.35212973  0.03745835],2.708167791,4.49999994,56.04316648,252.1942458
2.709017038,1.525729995,0.9835694403,[ 0.19898519 -0.47784955  0.03377645],2.709202051,4.589999974,56.04249954,257.2350714
2.710013628,1.525763001,0.9835859281,[ 0.19539343 -0.49808124  0.03253129],2.709202051,4.719999969,56.03566742,264.4883485
2.711022854,1.52579572,0.9835995016,[ 0.19704957 -0.60076854  0.036378  ],2.711295843,5.000000089,56.02250036,280.1125068
2.712011814,1.525828737,0.9836082898,[ 0.20300791 -0.62348682  0.04154285],2.711295843,5.130000094,56.0176665,287.3706344
2.713014126,1.525862619,0.983610667,[ 0.21100262 -0.58326716  0.04365665],2.713245869,5.060000041,55.9981664,283.3507243
2.714014053,1.525897901,0.98360612,[ 0.21740442 -0.54165443  0.03959722],2.713245869,5.109999994,55.98849932,286.1012312
2.71501708,1.525935073,0.9835955036,[ 0.21910473 -0.44713887  0.03406671],2.714430809,4.990000028,55.99316597,279.4058998
2.71601367,1.525974568,0.9835810045,[ 0.21752603 -0.37509376  0.03196759],2.715425014,4.820000011,55.98633321,269.8541267
2.717020273,1.526016748,0.9835651992,[ 0.21490568 -0.3109528   0.02959384],2.716359138,4.789999951,56.01083247,268.2918848
2.718012571,1.526061899,0.9835508823,[ 0.21259112 -0.27693906  0.03147965],2.717554808,4.589999992,56.03616651,257.2060039
2.719013214,1.526110221,0.9835393602,[ 0.20635457 -0.28591171  0.03159744],2.718557835,4.50999997,56.05466652,252.8065443
2.720011473,1.526161819,0.9835320574,[ 0.19838087 -0.30660945  0.02526225],2.719558001,4.420000065,56.06700007,247.816144
2.721013308,1.526216705,0.9835307843,[ 0.19097831 -0.33922712  0.01677403],2.720487833,4.389999915,56.07216708,246.1568087
2.722011328,1.52627479,0.9835362633,[ 0.18820715 -0.3919081   0.01210392],2.721671104,4.679999936,56.0611674,262.3662599
2.723012209,1.52633589,0.9835467505,[ 0.18702247 -0.3961952   0.01535135],2.722676992,4.599999923,56.0473334,257.8177293
2.724020481,1.526399726,0.9835590572,[ 0.19011797 -0.38492457  0.02366336],2.723717928,5.250000019,55.9981664,293.9903747
2.725016594,1.52646593,0.9835727482,[ 0.19603113 -0.35368076  0.03147242],2.724720955,5.849999893,55.9331665,327.2090181
2.726014137,1.526534049,0.983586943,[ 0.20015187 -0.28093273  0.03683887],2.725795984,6.519999981,55.81766701,363.9311878
2.727015257,1.526603559,0.9836008294,[ 0.20695552 -0.17881578  0.04360112],2.726799011,6.980000049,55.7676665,389.2583149
2.728012085,1.526673872,0.9836139102,[ 0.21070059 -0.00515855  0.05005804],2.727797985,6.969999842,55.74699974,388.5565794
2.729013443,1.52674435,0.9836248897,[0.21445931 0.15968486 0.05209142],2.72872901,6.630000032,55.75633303,369.6644898
2.730016232,1.526814316,0.9836335845,[0.21707019 0.26921634 0.05316602],2.729924917,6.390000083,55.79016685,356.4991708
2.731012583,1.526883071,0.9836413895,[0.21729221 0.32145199 0.05401811],2.730921984,6.120000072,55.83216667,341.692864
2.732022047,1.526949908,0.9836498833,[0.21918024 0.28739151 0.05458137],2.731967926,5.739999928,55.88083394,320.7559828
2.733022213,1.527014126,0.9836592804,[0.22242559 0.16712294 0.05537771],2.733043909,5.420000054,55.91099993,303.0376227
2.734014273,1.527075047,0.9836685012,[0.22069098 0.04387576 0.05454362],2.73404479,5.639999963,55.92133331,315.3963178
2.73501873,1.527132027,0.9836756586,[ 0.21560282 -0.09683697  0.05108137],2.734982014,5.77000007,55.92849986,322.7074481
2.736014128,1.527184476,0.9836787134,[ 0.20328666 -0.26445889  0.04114156],2.736171961,5.759999968,55.93083382,322.161601
2.737014532,1.527231863,0.9836750322,[ 0.19487054 -0.3448295   0.03564592],2.737171888,6.200000145,55.90999985,346.6420071
2.73801446,1.527273734,0.9834114515,[ 0.18850796 -0.41638403  0.03184579],2.73822093,6.50000003,55.86916733,363.1495893
2.73901248,1.527309719,0.9833856634,[ 0.18641175 -0.39547913  0.03069326],2.73822093,6.519999892,55.85183271,364.1539432
2.740013599,1.527339541,0.9833466838,[ 0.18501885 -0.39447586  0.03331597],2.739300013,6.550000101,55.82899984,365.6799546
2.741013527,1.52736302,0.983295612,[ 0.18374616 -0.36712945  0.03841048],2.741237879,6.569999963,55.81649971,366.714401
2.742012024,1.527380081,0.9832335888,[ 0.18443202 -0.35694676  0.04155903],2.741237879,6.330000058,55.8136673,353.3005172
2.743014097,1.527390751,0.9831616087,[ 0.18705801 -0.34773892  0.04076373],2.742424011,6.070000067,55.8276666,338.87394
2.744019508,1.527395163,0.983081094,[ 0.1880568  -0.35952883  0.03278533],2.743423939,6.069999948,55.8428332,338.9659946
2.74501729,1.527393551,0.9829967107,[ 0.18981111 -0.39084837  0.02735082],2.744421959,5.980000094,55.87666639,334.1424702
2.746014595,1.527386247,0.9829120154,[ 0.19160952 -0.44109821  0.02581053],2.745411873,5.749999996,55.9279995,321.5859969
2.747014284,1.527373673,0.982828618,[ 0.19317469 -0.52424986  0.0283322 ],2.746553898,5.459999945,55.97049967,305.5989251
2.748016834,1.527356332,0.9827467786,[ 0.196729   -0.59159065  0.03279235],2.747555971,5.440000083,55.98699951,304.569282
2.749014378,1.527334802,0.9826674602,[ 0.19451653 -0.64176632  0.03244612],2.748554945,5.350000072,55.99483299,299.5723606
2.750014544,1.527309718,0.9825903777,[ 0.19126774 -0.67540812  0.03043991],2.74949193,5.61000004,55.98766581,314.0908075
2.751012325,1.527281765,0.9825156978,[ 0.19073255 -0.68155632  0.02376223],2.750673056,5.810000058,55.96899986,325.1798925
2.752013683,1.527251661,0.9824432613,[ 0.18679157 -0.64102275  0.01587813],2.751672983,5.879999924,55.95099958,328.9918733
2.753011465,1.527220147,0.9823728807,[ 0.18045993 -0.57702587  0.01109497],2.752669811,5.850000013,55.94266701,327.2646027
2.754017591,1.527187966,0.9823058738,[ 0.17916158 -0.50220794  0.01016376],2.753710985,5.829999972,55.93316714,326.0903629
2.755016804,1.527155855,0.9822449211,[ 0.18058699 -0.41508142  0.01321315],2.754793882,5.659999955,55.92633375,316.5430465
2.756011486,1.527124527,0.9821901944,[ 0.18688795 -0.33520599  0.0240296 ],2.755795956,5.390000094,55.94199944,301.5273822
2.75701189,1.527094662,0.9821430513,[ 0.20021025 -0.2840775   0.04036685],2.756793976,5.349999953,55.9526666,299.3467637
2.758018255,1.527066887,0.9821044224,[ 0.21239524 -0.2591522   0.05122049],2.757726908,5.439999916,55.96233304,304.435087
2.759012938,1.527041772,0.9820771933,[ 0.21200006 -0.25089321  0.04941352],2.758921862,5.280000128,55.96766663,295.5092869
2.760013819,1.527019818,0.9820643234,[ 0.20372186 -0.2622404   0.04127486],2.759921789,5.300000019,55.98650042,296.7284533
2.761013508,1.527001443,0.982066403,[ 0.18992451 -0.2935818   0.03230006],2.760859013,5.420000074,55.98683294,303.4486387
2.762012482,1.526986985,0.9820801322,[ 0.17970685 -0.35264452  0.02862993],2.762046814,5.359999932,55.99916585,300.1555252
2.76301384,1.526976688,0.9821027722,[ 0.17302918 -0.38804187  0.02891034],2.763057709,5.55999992,55.97749964,311.2348936
2.764021635,1.526970705,0.9821309455,[ 0.17136532 -0.3753521   0.03112026],2.763986111,5.600000001,55.96616618,313.4105307
2.765014648,1.526969093,0.9821629915,[ 0.17721028 -0.35313461  0.03228249],2.765174866,5.989999987,55.9418335,335.0915819
2.766014814,1.526971814,0.9821985153,[ 0.18658911 -0.33586419  0.03268931],2.766195774,5.939999916,55.92500051,332.1944983
2.76701498,1.526978742,0.982236425,[ 0.19289961 -0.32961502  0.03216852],2.767196894,5.740000047,55.93366687,321.0592504
2.768018246,1.526989661,0.9822759841,[ 0.19641129 -0.25608659  0.02976075],2.768110037,5.739999928,55.92249997,320.9951458
2.769015074,1.527004275,0.9823171825,[ 0.19620635 -0.19640153  0.02900192],2.769114017,5.56000004,55.94150035,311.0347441
2.77001214,1.527022215,0.9823618551,[ 0.19226156 -0.18703854  0.02785543],2.769114017,5.440000035,55.97049967,304.4795202
2.771012306,1.527043045,0.9824095446,[ 0.18309251 -0.15048041  0.02213041],2.770295858,5.459999897,55.98899968,305.6999325
2.772011995,1.527066277,0.9824602151,[ 0.17500112 -0.12437084  0.01637904],2.771293879,5.29999999,56.01100032,296.8583011
2.773013353,1.527091378,0.9822807171,[ 0.16779976 -0.12643164  0.00811565],2.773230076,5.239999928,56.02883275,293.5910796
2.774012566,1.527117781,0.9823382689,[ 0.16335699 -0.1312059   0.00398976],2.773230076,5.33000008,56.02349917,298.6052551
2.7750144,1.527144901,0.9823997514,[ 0.16243721 -0.1767269   0.00286059],2.774428129,5.359999932,56.01233292,300.2261006
2.776013613,1.527172142,0.9824650572,[ 0.16599083 -0.23440387  0.00745592],2.775422812,5.520000137,56.00683276,309.1577245
2.777011871,1.527198914,0.9825318112,[ 0.17033925 -0.24717103  0.01161231],2.776386976,5.650000013,55.99099986,316.3491499
2.778020859,1.52722464,0.9825971546,[ 0.17538069 -0.22976187  0.01592528],2.777556896,5.860000042,55.96999995,327.9842021
2.779011488,1.527248772,0.9826605033,[ 0.18098819 -0.22630951  0.01516235],2.778557777,5.749999918,55.96600024,321.8044968
2.780013084,1.527270797,0.9827214347,[ 0.18478561 -0.23241162  0.01233712],2.779485941,5.82000009,55.96333377,325.7066075
2.781011581,1.52729025,0.9827790202,[ 0.18704584 -0.2374563   0.01617515],2.780673027,5.770000128,55.96316655,322.9074782
2.782016516,1.527306721,0.9828323132,[ 0.18925985 -0.22925163  0.02093376],2.781672955,5.79999998,55.96549924,324.5998945
2.783012867,1.527319864,0.9828805626,[ 0.19058765 -0.23285401  0.02996638],2.782675743,5.56000009,55.96499952,311.1654023
2.78402257,1.527329398,0.9829256561,[ 0.18933556 -0.2644369   0.0400555 ],2.783674002,5.599999933,55.98816744,313.5337339
2.785013676,1.527335119,0.98296712,[ 0.18390388 -0.29869447  0.04627556],2.784714937,5.53999993,55.99699974,310.2233747
2.786014795,1.527336899,0.9830061463,[ 0.1785319  -0.32230638  0.04665594],2.785799026,5.270000009,56.0384992,295.3228913
2.787012577,1.527334685,0.9830427928,[ 0.17155911 -0.32781433  0.03965422],2.786797047,4.759999899,56.07883263,266.9352376
2.788023949,1.527328504,0.9830779797,[ 0.16370096 -0.3722395   0.02852864],2.787833929,4.840000091,56.08833313,271.4675375
2.789012432,1.527318461,0.9831122153,[ 0.15735567 -0.44640002  0.02375728],2.788922071,4.829999942,56.089667,270.9130884
2.790014744,1.527304732,0.9831468303,[ 0.15624502 -0.46407074  0.02710877],2.789921999,4.939999957,56.08433406,277.0566078
2.791018009,1.527287565,0.983181114,[ 0.15215954 -0.46915953  0.02963745],2.790975809,4.920000065,56.08050028,275.9160651
2.79201436,1.527267272,0.9832142373,[ 0.14937359 -0.46176775  0.02961145],2.792047977,5.020000029,56.06516711,281.4471405
2.79301405,1.527244221,0.9832449314,[ 0.14772489 -0.42143753  0.0252088 ],2.793057919,4.919999976,56.05700048,275.800441
2.794014931,1.527218833,0.9832753187,[ 0.14365878 -0.37724305  0.01827811],2.793985844,5.020000059,56.04699961,281.3559414
2.795012474,1.52719157,0.9833060525,[ 0.13999224 -0.32887127  0.01214994],2.795174122,4.999999959,56.03750038,280.1874996
2.796010971,1.527162926,0.9833381873,[ 0.14685078 -0.26910336  0.00801387],2.796172857,4.869999954,56.04516729,272.9399621
2.797010183,1.52713342,0.9833728508,[ 0.15671103 -0.2325525   0.0114839 ],2.797172785,4.809999902,56.05650075,269.6317631
2.798011065,1.527103586,0.9834115028,[ 0.17128534 -0.1895721   0.02036106],2.798177004,4.930000026,56.06199964,276.3856597
2.799015522,1.527073961,0.9834567044,[ 0.18069036 -0.13493217  0.02704421],2.799094915,4.819999892,56.07283338,270.2710508
2.800013065,1.527045074,0.9835107867,[ 0.18603386 -0.12887508  0.02887801],2.799094915,4.739999939,56.0806675,265.8223605
2.801012993,1.527017442,0.9835748254,[ 0.18991463 -0.1307699   0.02896408],2.800297976,4.890000094,56.08116722,274.236913
2.802009821,1.526991556,0.9836452449,[ 0.1896258  -0.11959479  0.02531811],2.801298141,4.839999992,56.08683332,271.4602728
2.803011656,1.526967872,0.9837210923,[ 0.18760141 -0.10683982  0.01929448],2.802341938,4.980000038,56.08250046,279.2908544
2.804018974,1.526946806,0.9838018902,[ 0.1847398  -0.09139654  0.01560271],2.803424835,5.049999971,56.06866646,283.146764
2.80501318,1.526928724,0.983654418,[ 0.18215906 -0.0745312   0.01961307],2.804426908,4.999999959,56.0649999,280.3249972
2.806051493,1.526913937,0.9837420652,[ 0.18399074 -0.02166531  0.02466272],2.805374861,4.620000023,56.08266703,259.101923
2.807011604,1.526902695,0.983831983,[0.18845938 0.01276996 0.02569765],2.806556702,4.679999966,56.09449959,262.5222562
2.808012247,1.526895182,0.9839237826,[0.18830284 0.01112315 0.02261583],2.807555914,4.620000023,56.11049906,259.230507
2.809010506,1.526891515,0.9840162738,[0.18659919 0.01218785 0.01846715],2.808558941,4.609999914,56.11849976,258.706279
2.81002593,1.526891739,0.9841140254,[0.1829149  0.00043153 0.01513298],2.809494019,4.51999994,56.12266604,253.6744471
2.811014414,1.526895829,0.9842053635,[ 0.17677342 -0.02975583  0.00959208],2.810671091,4.489999939,56.12733332,252.0117232
2.812015057,1.526903687,0.9843015201,[ 0.17239814 -0.07253935  0.00777426],2.811669827,4.579999883,56.12016678,257.0303573
2.813013315,1.526915148,0.9843978498,[ 0.17053922 -0.08658976  0.00973535],2.812709093,4.700000066,56.11183357,263.7256215
2.814014435,1.526929979,0.9844947944,[ 0.17005555 -0.11371688  0.01410326],2.813799143,4.749999959,56.10599963,266.5034959
2.815011024,1.526947886,0.9845901367,[ 0.16780529 -0.10909394  0.01065674],2.814802885,4.910000104,56.09116681,275.4076349
2.816012383,1.526968515,0.9846851848,[ 0.16549531 -0.11039998  0.00548384],2.815734863,4.940000135,56.07716688,277.021212
2.817011595,1.526991461,0.9847773195,[ 0.16915663 -0.09730518  0.00569301],2.81692791,4.959999878,56.06550026,278.0848744
2.818019867,1.527016274,0.9848649507,[ 0.17669515 -0.06132098  0.00736515],2.817923069,5.01999988,56.06599998,281.4513132
2.819012403,1.527042466,0.9849471667,[ 0.18052237 -0.02225891  0.00657561],2.818922997,5.05000009,56.06200027,283.1131064
2.820013285,1.527069521,0.9850247417,[0.18998241 0.02248884 0.01442892],2.819865942,4.970000047,56.05816714,278.6090933
2.821011543,1.527096899,0.9850980747,[0.20010428 0.03270514 0.02002243],2.821063757,4.729999978,56.07099978,265.2158277
2.822009802,1.52712405,0.9851675961,[0.2073394  0.05227304 0.02666259],2.822063923,4.860000093,56.07750003,272.5366553
2.823027611,1.527150421,0.9852318301,[0.20578734 0.06083276 0.02684759],2.823062897,4.729999859,56.08900007,265.3009624
2.824019909,1.527175464,0.9852931948,[0.19764811 0.0693206  0.02154047],2.824095964,4.739999909,56.10283279,265.9274223
2.825012207,1.527198648,0.9853519129,[0.18319567 0.05834614 0.01581415],2.825171947,4.75999989,56.08466657,266.9630067
2.826011658,1.527219466,0.9854086545,[0.17105402 0.04420923 0.01129198],2.826186895,4.880000014,56.07500013,273.6460014
2.827014446,1.527237442,0.9854643404,[0.16471585 0.02610644 0.01079374],2.827185154,4.760000009,56.08100065,266.9455636
2.828011513,1.527252143,0.9855156485,[0.16488561 0.04296034 0.01467438],2.827185154,4.969999997,56.07033412,278.6695604
2.829013348,1.527263181,0.9855644074,[0.16863538 0.09456999 0.01948238],2.828297853,5.06000003,56.05783335,283.6526385
2.83001256,1.527270225,0.9856100311,[0.1728873  0.15739093 0.0223536 ],2.82930088,4.969999937,56.0529995,278.583404
2.831012249,1.527273,0.9856516264,[0.17946311 0.19262829 0.02381896],2.83029604,5.000000028,56.05416679,280.2708355
2.832013369,1.527271299,0.9856882799,[0.18546793 0.2208627  0.0236453 ],2.831295967,4.950000076,56.05533346,277.4739048
2.833014727,1.527264979,0.9857198252,[0.1908387  0.22761911 0.0236095 ],2.833234072,4.809999971,56.05466652,269.6229443
2.834014416,1.527253968,0.9857473957,[0.19321099 0.22460905 0.02003032],2.833234072,4.689999966,56.06866646,262.9620438
2.835022449,1.527238262,0.9857717501,[0.19480749 0.22793899 0.01526911],2.834425926,4.809999971,56.08500036,269.7688501
2.836010933,1.52721793,0.9857933416,[0.19633381 0.20903058 0.01201242],2.835430145,4.77999994,56.09800021,268.1484376
2.837011576,1.527193105,0.9855923918,[0.19821498 0.19461231 0.01058723],2.836369991,4.629999964,56.11250051,259.8008753
2.838013649,1.527163987,0.9856079683,[0.19728896 0.1901975  0.00772447],2.837563038,4.719999947,56.12216568,264.896619
2.839013338,1.527130836,0.9856212721,[0.19421077 0.16927499 0.00599738],2.83856082,4.729999987,56.11916542,265.4436517
2.840021133,1.527093968,0.9856318902,[0.18747292 0.16150239 0.00139022],2.83960104,4.650000004,56.11700058,260.9440529
2.841019392,1.527053746,0.9856402171,[ 0.18117026  0.1542919  -0.00526036],2.84067297,4.769999949,56.10733287,267.6319749
2.84201169,1.527010575,0.9856460541,[ 0.18069148  0.15289298 -0.00723424],2.841675997,4.890000073,56.10249964,274.3412274
2.843014479,1.526964895,0.9856491938,[ 0.18146673  0.16618825 -0.00522265],2.842722893,4.829999952,56.0909996,270.9195254
2.844019413,1.526917167,0.9856501099,[0.18399037 0.16980398 0.00039051],2.843797922,4.709999947,56.08399963,264.1556353
2.84501195,1.526867867,0.9856492613,[0.1854093  0.18912913 0.00433902],2.844800949,4.500000028,56.08733304,252.3930003
2.846012354,1.526817477,0.9856467522,[0.18526974 0.2063956  0.00771501],2.845732927,4.440000026,56.08350054,249.0107438
2.847021341,1.526766472,0.9856426102,[0.18331714 0.21170265 0.00787395],2.84692812,4.629999993,56.08449999,259.6712346
2.848012447,1.526715314,0.9856374321,[0.17915799 0.16754434 0.00427208],2.847921848,4.359999983,56.08766619,244.5422236
2.849010468,1.526664437,0.9856319331,[0.17655437 0.12643089 0.00128629],2.848860025,4.579999981,56.08733368,256.8799872
2.850012779,1.526614243,0.9856273546,[0.17566621 0.06938098 0.00412808],2.850046873,4.809999911,56.0795002,269.742391
2.851019144,1.52656509,0.9856242483,[0.17705413 0.05387251 0.00896924],2.851054907,4.819999961,56.06716665,270.2437411
2.852016449,1.526517287,0.9856229855,[0.18094588 0.06259743 0.01338625],2.852172852,5.009999899,56.05749957,280.8480672
2.853014231,1.526471083,0.9856236998,[0.18137921 0.09813919 0.01157822],2.853172779,4.990000037,56.05516624,279.7152817
2.854013681,1.526426667,0.9856262656,[0.18051461 0.14760471 0.00708703],2.854174852,5.02999994,56.03516706,281.8568869
2.855012178,1.526384161,0.9856292665,[0.18132718 0.17330161 0.00407383],2.855174065,4.950000016,56.0461661,277.4285231
2.856011868,1.526343615,0.9856315928,[ 0.1838336   0.22353811 -0.00076323],2.856184959,4.919999976,56.0479997,275.7561572
2.857013464,1.52630501,0.9856336398,[ 0.18911774  0.25181094 -0.00088685],2.856184959,4.929999975,56.04483287,276.3010247
2.858016968,1.526268257,0.9856357728,[0.19573929 0.29406299 0.00070203],2.85729599,4.760000018,56.05550003,266.8241812
2.859015942,1.5262332,0.9856391047,[0.20222862 0.32615618 0.00772529],2.858298063,4.770000009,56.06999969,267.453899
2.860014439,1.526199615,0.9856439994,[0.20635802 0.32720812 0.01165134],2.859299898,4.710000006,56.07316653,264.1046147
2.861013651,1.526167222,0.9856503378,[0.20676737 0.35118541 0.01053248],2.860299826,4.549999921,56.08216667,255.1738539
2.862012386,1.526135689,0.9856590501,[0.20427518 0.3656015  0.00705025],2.86223793,4.610000093,56.09633382,258.6041041
2.86301589,1.526104638,0.9856717149,[0.19981262 0.36211067 0.00287175],2.86223793,4.650000064,56.08566602,260.7983506
2.864015341,1.526073658,0.985688587,[0.19675392 0.34798483 0.00074573],2.863426924,4.639999894,56.08499972,260.2343928
2.86501646,1.526042314,0.9857081096,[ 0.19324362  0.34548721 -0.00269735],2.864436865,4.760000078,56.08116722,266.9463603
2.866011143,1.526010158,0.9857286487,[ 0.19280121  0.34291046 -0.00064165],2.865381956,4.819999952,56.07033412,270.2590077
2.867017031,1.525976742,0.9857506037,[0.19516167 0.33868357 0.00420023],2.866557837,4.960000066,56.06316694,278.0733117
2.868012905,1.525941628,0.9857734265,[0.19834835 0.35004296 0.00739764],2.867558002,4.869999973,56.05633291,272.9943397
2.869013309,1.525904404,0.9857962668,[0.20180779 0.36841104 0.00991608],2.868558884,4.959999818,56.04899979,278.0030288
2.870010138,1.525864693,0.9858183642,[0.20366422 0.4012224  0.01308266],2.869498014,4.939999847,56.06133334,276.9429781
2.871010065,1.525822166,0.9858396823,[0.20436099 0.40588278 0.01339051],2.870675802,4.799999921,56.06933276,269.1327928
2.872013092,1.525776553,0.985859737,[0.20421276 0.41533784 0.01508717],2.871676922,4.700000016,56.08050028,263.5783522
2.873018742,1.525727653,0.9856460903,[0.20549033 0.40287976 0.01703398],2.872722149,4.78999993,56.08666738,268.6551328
2.874018908,1.525675338,0.9856649209,[0.20384668 0.3884659  0.01803929],2.873798132,4.729999987,56.08166695,265.266284
2.87501359,1.525619566,0.985683046,[0.20213632 0.37228542 0.01565814],2.874805927,4.640000073,56.07999992,260.2112038
2.876011372,1.525560382,0.9857006695,[0.20195088 0.36885335 0.01404854],2.875732899,4.700000066,56.08166695,263.5838384
2.877011061,1.525497922,0.9857186995,[0.20065979 0.38163707 0.00851449],2.876924038,4.819999961,56.08266703,270.3184529
2.878020287,1.525432413,0.9857372591,[0.19869103 0.40071836 0.0033461 ],2.877923965,4.899999944,56.08333333,274.8083302
2.879010201,1.525364169,0.9857565215,[ 0.19715656  0.43098103 -0.00296008],2.878866911,4.820000021,56.08100065,270.3104243
2.88000989,1.525293592,0.985775155,[ 0.19912832  0.45189142 -0.00899475],2.880047083,4.860000042,56.08116595,272.5544689
2.881012917,1.525221161,0.9857935523,[ 0.2042663   0.4628678  -0.01031656],2.881063938,4.989999918,56.06966591,279.7876283
2.882020235,1.525147426,0.9858121418,[ 0.21112953  0.47375582 -0.01199746],2.882046938,4.939999906,56.07033285,276.987439
2.883015871,1.525072993,0.9858304916,[ 0.21999031  0.48509834 -0.01201627],2.88298583,4.969999818,56.07216644,278.678657
2.88402319,1.524998518,0.9858491891,[ 0.22677792  0.47086883 -0.01158182],2.88417387,4.750000088,56.07216708,266.3427985
2.88501358,1.524924684,0.9858676483,[ 0.22778534  0.46837611 -0.01382819],2.885181904,4.750000088,56.0581665,266.2762958
2.886018753,1.52485219,0.9858855268,[ 0.22726972  0.46884449 -0.0176505 ],2.885181904,4.150000004,56.07833354,232.7250844
2.887013197,1.524781734,0.985903483,[ 0.23019096  0.46977833 -0.01816697],2.886296988,4.650000004,56.06883303,260.7200738
2.888010502,1.524713989,0.9859219541,[ 0.23323041  0.5025164  -0.01802346],2.887296915,5.099999933,56.06883367,285.9510479
2.889011621,1.52464959,0.9859407046,[ 0.23236185  0.56069897 -0.02216644],2.888297796,5.02999994,56.06316694,281.9977263
2.89001298,1.524589113,0.9859606581,[ 0.23055389  0.64140761 -0.02376198],2.889300823,5.199999897,56.05699984,291.4963934
2.89101243,1.524533055,0.9859814421,[ 0.22842206  0.7473774  -0.02604626],2.890301943,5.229999868,56.04849943,293.1336446
2.892012119,1.524481819,0.9860035793,[ 0.22490591  0.78305053 -0.02468363],2.891349792,5.049999891,56.05200005,283.0625941
2.893018246,1.524435697,0.986026562,[ 0.22204357  0.83101057 -0.02289696],2.892432928,4.900000034,56.06583277,274.7225825
2.894013166,1.524394853,0.9860517264,[ 0.22102001  0.85735164 -0.02453426],2.893427849,4.819999991,56.07433256,270.2782824
2.895012379,1.524359313,0.9860790314,[ 0.2200712   0.82019169 -0.02323563],2.894358873,4.749999968,56.08249982,266.3918724
2.896019697,1.524328957,0.9861072288,[ 0.21930475  0.77540906 -0.01762829],2.895559072,4.579999981,56.10150019,256.9448698
2.897013187,1.524303507,0.986135235,[ 0.22118079  0.71818654 -0.01431478],2.896562815,4.579999981,56.10083389,256.9418182
2.898012877,1.524282528,0.9861631638,[ 0.22042894  0.65051132 -0.0135512 ],2.897497892,4.569999991,56.10816574,256.4143169
2.899012804,1.524265425,0.9861910843,[ 0.21818609  0.58381886 -0.01395443],2.898674726,4.470000086,56.10466639,250.7878636
2.900013685,1.524251447,0.9862188215,[ 0.214823    0.53827122 -0.01390083],2.899676085,4.530000068,56.10383352,254.1503697
2.901013374,1.524239695,0.9862459195,[ 0.21188912  0.50701095 -0.01594805],2.900721788,4.719999917,56.0946668,264.7668226
2.902013302,1.524229131,0.9862725214,[ 0.20884594  0.51455813 -0.02046917],2.901799917,4.869999973,56.08850034,273.1509952
2.90301466,1.524218592,0.9862983491,[ 0.20786764  0.51656094 -0.02033753],2.902801037,4.890000014,56.07666651,274.2149
2.90401721,1.52420681,0.9861262653,[ 0.20918952  0.54876638 -0.01554734],2.903737068,5.130000032,56.0575002,287.5749779
2.9050107,1.524192429,0.9861507902,[ 0.20976006  0.57998064 -0.01431455],2.904922962,5.469999937,56.04066722,306.5424462
2.906012535,1.524174033,0.9861743124,[ 0.21149201  0.61933711 -0.01747171],2.90592289,5.299999971,56.02549998,296.9351483
2.907012701,1.524150167,0.9861966187,[ 0.21396475  0.66911396 -0.02192351],2.906860828,5.439999957,56.02599907,304.7814325
2.908013582,1.524119369,0.9862188161,[ 0.21542821  0.73628834 -0.02446448],2.908051968,5.26999989,56.03249995,295.2912685
2.90901947,1.524080198,0.9862405342,[ 0.21697884  0.7813677  -0.02553979],2.909070015,5.299999861,56.03800011,297.0013928
2.910010099,1.524031261,0.9862613297,[ 0.21951887  0.80431324 -0.02443085],2.910069942,5.010000009,56.06383387,280.8798082
2.911010981,1.52397125,0.9862801071,[ 0.22117286  0.82181493 -0.02282008],2.911077976,4.959999997,56.07999992,278.1567995
2.912010193,1.523898965,0.9862964211,[ 0.22492455  0.8295843  -0.01900575],2.912173033,4.810000021,56.09000015,269.7929019
2.913019419,1.523813344,0.9863094162,[ 0.22922434  0.81523154 -0.01973648],2.913185835,4.719999928,56.09950002,264.7896361
2.914013147,1.523713494,0.9863180448,[ 0.23145778  0.79864654 -0.02084341],2.914225101,4.510000069,56.11266645,253.0681295
2.915012598,1.523598711,0.9863218466,[ 0.22987333  0.78039722 -0.02274454],2.914225101,4.510000069,56.11433283,253.0756449
2.916012526,1.523468501,0.9863201998,[ 0.22696417  0.75583848 -0.02776081],2.915298939,4.739999969,56.11249987,265.9732476
2.917012453,1.5233226,0.9863120587,[ 0.22310214  0.74370127 -0.03221855],2.917253971,4.969999988,56.10350037,278.8343961
2.918018103,1.523160986,0.9862964055,[ 0.21840052  0.75158637 -0.03818211],2.917253971,4.839999992,56.0996666,271.5223859
2.919009924,1.522983889,0.9862720815,[ 0.21665301  0.75073262 -0.03889788],2.918427944,5.050000031,56.08933322,283.2511345
2.920012951,1.522791793,0.9862385727,[ 0.21968993  0.75892434 -0.03567874],2.919430017,5.27,56.06716665,295.4739682
2.921011448,1.522585435,0.9861947287,[ 0.22446901  0.78317622 -0.03475877],2.920373917,5.250000019,56.06099955,294.3202487
2.922013998,1.522365803,0.98613851,[ 0.23155921  0.80294986 -0.03414975],2.921561003,5.189999957,56.05083275,290.9038195
2.923015594,1.522134118,0.986070534,[ 0.23739522  0.79856261 -0.03152615],2.92256093,5.089999823,56.05349986,285.3123043
2.924018383,1.521891822,0.9859898666,[ 0.2388561   0.79558254 -0.03320165],2.923495054,4.439999966,56.08883349,249.0344188
2.925024748,1.521640555,0.9858950293,[ 0.23539658  0.79774499 -0.03938931],2.924676895,3.620000042,56.14000003,203.2268025
2.926016092,1.521382128,0.9857861169,[ 0.23261582  0.77842295 -0.04510481],2.925676823,3.040000085,56.26716677,171.0521918
2.927014112,1.521118495,0.9856640573,[ 0.22874584  0.67445889 -0.04902384],2.926674128,2.100000035,56.34000015,118.3140023
2.928014278,1.520851718,0.9855286783,[ 0.22433191  0.45659781 -0.05541874],2.927716017,1.990000015,56.37350019,112.1832662
2.929016352,1.520583929,0.9853770684,[ 0.21949419  0.18961691 -0.05648479],2.928799868,1.879999975,56.37833405,105.9912666
2.930015326,1.520317296,0.9852112332,[ 0.21717385 -0.01648297 -0.05449451],2.92979908,2.00999999,56.36916733,113.3020258
2.931014538,1.520053977,0.9850267909,[ 0.21522968 -0.13177814 -0.05551634],2.930736065,2.079999989,56.35300064,117.2142407
2.932019949,1.519796083,0.9848225304,[ 0.21324901 -0.14873927 -0.06008234],2.93192482,2.349999964,56.31999969,132.3519973
2.933019638,1.519545638,0.9845988208,[ 0.21073902 -0.07552011 -0.06887116],2.932924032,2.719999988,56.27883275,153.0784244
2.93401432,1.519304537,0.9843583855,[ 0.20962766  0.06398545 -0.07345977],2.933865786,2.859999973,56.25,160.8749985
2.935013533,1.519074509,0.9841008001,[ 0.21490502  0.26952721 -0.07578093],2.935048819,2.929999949,56.23999977,164.7831965
2.936020374,1.518857085,0.9838287433,[ 0.22134315  0.47379393 -0.07164077],2.936048985,3.000000052,56.25433286,168.7630015
2.937013865,1.518653564,0.9835438164,[ 0.22832826  0.68245488 -0.06565121],2.937095881,2.699999981,56.25533358,151.8893996
2.938012838,1.518464989,0.9829332698,[ 0.23495662  0.90238786 -0.05892183],2.938172817,2.719999969,56.28033384,153.0825063
2.93901372,1.51829212,0.9826326377,[ 0.23856695  0.98240406 -0.05504197],2.939194918,2.649999999,56.29033343,149.1693835
2.940014839,1.518135423,0.9823322617,[ 0.23972341  1.03543668 -0.05365131],2.939194918,2.869999953,56.30033302,161.5819531
2.941016436,1.517995054,0.9820387854,[ 0.23862876  1.10101686 -0.05280186],2.940301895,2.599999987,56.31100019,146.4085997
2.942015648,1.517870858,0.9817453861,[ 0.23833761  1.05373258 -0.05585668],2.941311836,2.459999993,56.31966654,138.5463793
2.943015099,1.517762367,0.9814506663,[ 0.24047582  0.95955325 -0.05984982],2.942311764,2.070000008,56.32616552,116.5951631
2.944026947,1.517668806,0.9811538978,[ 0.24362209  0.81358894 -0.06377908],2.944231033,1.920000032,56.31816673,108.1308819
2.945014,1.517589111,0.9808565803,[ 0.2395848   0.66445279 -0.06068423],2.944231033,1.930000048,56.23200035,108.5277634
2.946015358,1.51752194,0.9805560716,[ 0.23377532  0.4904758  -0.05175905],2.945426941,2.700000033,55.9690005,151.1163032
2.947012424,1.517465706,0.9802441803,[ 0.22786789  0.38771541 -0.04618438],2.946430922,6.200000152,55.79199982,345.9104073
2.948011875,1.517418596,0.979913028,[ 0.22500035  0.47540606 -0.05223733],2.947375059,10.02999999,55.51150068,556.780351
2.949011326,1.517378612,0.9795730873,[ 0.23356744  0.95359846 -0.06260268],2.948559999,10.6400001,55.33766683,588.7927809
2.950015306,1.517343603,0.9792129438,[ 0.24561511  1.54387124 -0.06949358],2.949559927,10.82999991,55.24399948,598.2925093
2.951012611,1.517311305,0.9788402866,[ 0.25482427  2.18942038 -0.07310937],2.950493813,10.22000016,55.27999942,564.961603
2.952017546,1.517279383,0.9784474651,[ 0.26436861  2.75336673 -0.06443781],2.951673985,8.589999899,55.44983355,476.3140646
2.953023672,1.517245472,0.9780374287,[ 0.27881356  3.0891579  -0.05180705],2.952673912,6.529999912,55.69233386,363.6709352
2.954012871,1.517207218,0.9776050353,[ 0.29448652  3.18857968 -0.0432271 ],2.95367384,4.780000076,55.89149984,267.1613735
2.955014229,1.517162324,0.9771591259,[ 0.30643242  3.0570434  -0.04295911],2.954718828,3.470000058,56.07699966,194.5871921
2.95601511,1.517108583,0.9766944465,[ 0.30869881  2.62271718 -0.0458643 ],2.95580101,2.770000033,56.20183309,155.6790795
2.95701313,1.517043922,0.9762076134,[ 0.30240366  2.07329063 -0.04846519],2.956804037,2.650000025,56.26550039,149.1035774
2.958014965,1.516966432,0.9756980035,[ 0.29449233  1.48076723 -0.04211669],2.957799911,3.100000011,56.26050059,174.4075524
2.959010601,1.516874401,0.9751416802,[ 0.29302993  0.90820819 -0.03099528],2.958738804,4.180000007,56.18799973,234.8658393
2.960015774,1.516766339,0.9745406357,[ 0.29008478  0.41559726 -0.03016504],2.959924936,5.630000085,56.06949933,315.671286
2.961013794,1.516640997,0.9738851121,[ 0.27940628  0.10144551 -0.04358376],2.960925817,7.280000195,55.90383275,406.9799133
2.962020397,1.516497387,0.9731663378,[ 0.26422343 -0.04085656 -0.06211385],2.961924076,8.60999994,55.71850014,479.7362828
2.963014603,1.51633479,0.9723790881,[ 0.2604655   0.02250127 -0.07907853],2.962859869,9.219999939,55.56899961,512.346173
2.964054108,1.516152761,0.971510108,[ 0.26169485  0.23689171 -0.0813741 ],2.964049101,9.519999981,55.46550051,528.0315638
2.965014219,1.515951127,0.9705822022,[ 0.26603585  0.43423415 -0.06551175],2.965049982,10.26000015,55.3983326,568.386901
2.966014624,1.515729985,0.9695873974,[ 0.2674771   0.55277897 -0.04058456],2.966108799,9.760000005,55.37583351,540.4681354
2.967013836,1.515489684,0.9685362773,[ 0.26607299  0.5733889  -0.02407637],2.967182875,8.559999831,55.43966675,474.563538
2.968015194,1.515230812,0.967372,[ 0.26395049  0.77017868 -0.02748833],2.968183041,7.559999963,55.55783335,420.0172181
2.96901989,1.514954176,0.9662449736,[ 0.26025948  0.82717984 -0.03713557],2.968183041,6.399999883,55.70316633,356.500258
2.970013857,1.514660774,0.9650349796,[ 0.25029879  0.88555948 -0.06062238],2.969299793,5.430000003,55.83666674,303.1931006
2.971013784,1.514351771,0.9637992703,[ 0.23094916  0.84766819 -0.08676754],2.970300913,4.779999973,55.95716667,267.4752552
2.972017765,1.514028462,0.9619137014,[ 0.205765    0.74925708 -0.09719496],2.971313715,4.54000004,56.03866577,254.4155448
2.973015308,1.513692244,0.9606071385,[ 0.18800547  0.65475842 -0.10294995],2.972367048,4.839999991,56.04966672,271.2803864
2.974014997,1.513344581,0.9592679086,[ 0.18792976  0.58662205 -0.10275512],2.973433018,5.289999954,55.99966685,296.2382351
2.975014448,1.512986967,0.9578890833,[ 0.19540701  0.5802623  -0.09655151],2.974428892,6.000000067,55.92633184,335.5579948
2.976014614,1.512620894,0.9564739391,[ 0.20606018  0.58198838 -0.10409969],2.975390911,6.49999997,55.83050092,362.8982543
2.977012634,1.512247819,0.9550251516,[ 0.2153876   0.67824726 -0.10717697],2.976562738,7.150000066,55.75550079,398.6518343
2.9780128,1.511869127,0.9535268568,[ 0.2262988   0.7933318  -0.10140571],2.977562904,7.119999886,55.71433258,396.6860416
2.97901392,1.511486106,0.9519852199,[ 0.24288622  0.92631369 -0.09169548],2.978605032,6.480000049,55.74566714,361.2319258
2.980035305,1.51109992,0.9503940212,[ 0.27647336  1.03506574 -0.07823781],2.979675055,5.930000007,55.81366666,330.9750437
2.981014013,1.51071158,0.9487611702,[ 0.31458401  1.07116465 -0.05227531],2.980674028,4.600000083,55.93766658,257.3132709
2.982020855,1.510321927,0.9470779469,[ 0.34159653  1.06329247 -0.04049922],2.981717825,3.619999975,56.0726668,202.9830524
2.983016491,1.509931616,0.9453448007,[ 0.34974475  0.95137346 -0.04228877],2.982800007,2.800000042,56.18083382,157.306337
2.984017372,1.509541098,0.9435506231,[ 0.32840436  0.72959773 -0.04733511],2.983800888,6.539999738,55.97399966,366.0699431
2.985015154,1.509150617,0.9417929296,[ 0.29858126  0.47600336 -0.05615398],2.984800816,10.71000014,55.69466654,596.4898866
2.986014128,1.508760201,0.9399637047,[ 0.26766763  0.24291544 -0.0701842 ],2.985741854,15.15000029,54.7456665,829.3968634
2.987014532,1.508369664,0.9381088065,[ 0.23951177  0.22787715 -0.08043955],2.986924887,19.16000023,54.25633367,1039.551366
2.98801589,1.507978604,0.9362170674,[ 0.22809913  0.59626317 -0.08928768],2.987922907,20.09999982,54.00633303,1085.527284
2.989012003,1.507586419,0.9342996101,[ 0.22313405  1.15117025 -0.10469075],2.988924742,20.47999986,53.81383324,1102.107297
2.990015507,1.507192306,0.9323599334,[ 0.21785585  1.74677475 -0.11196564],2.989936113,19.23000016,53.83866692,1035.317573
2.991019249,1.506795284,0.9303889219,[ 0.21657009  2.27722989 -0.11532942],2.991049767,16.49000017,54.11083285,892.2876427
2.992014885,1.506394204,0.928393525,[ 0.21661591  2.61735907 -0.11879744],2.992049694,13.14999983,54.44516627,715.9539273
2.99301362,1.505987769,0.9263820619,[ 0.21822507  2.65797786 -0.11051647],2.993048906,10.12999997,54.8574988,555.7064613
2.994014502,1.505574556,0.9243355659,[ 0.22480902  2.42390865 -0.08835887],2.994051933,8.149999851,55.24350039,450.23452
2.995013237,1.505153035,0.9222600696,[ 0.23852646  1.94382046 -0.07567747],2.994995832,8.019999936,55.40683428,444.3628074
2.996013641,1.504721596,0.9201542849,[ 0.25724626  1.29984437 -0.07037395],2.996175051,8.439999759,55.45949999,468.0781666
2.997014046,1.504278569,0.9180025753,[ 0.28340016  0.60181441 -0.06708246],2.997175932,9.710000208,55.39499919,537.8854536
2.998017311,1.503822248,0.9157945234,[ 0.30598893 -0.03208895 -0.06863378],2.998175859,11.38000009,55.23416583,628.564812
2.999016762,1.503350918,0.9135313032,[ 0.30323283 -0.38041314 -0.0751117 ],2.9991889,13.33,54.98183314,732.9078357
3.000012636,1.502862875,0.9111886745,[ 0.29342819 -0.65472772 -0.07480556],2.9991889,14.55,54.81583277,797.5703668
3.001014471,1.502356453,0.9087632861,[ 0.28293564 -0.76511506 -0.07921759],3.000300884,15.99000016,54.52766673,871.8973997
3.002016068,1.501830042,0.9062508961,[ 0.27470828 -0.56185283 -0.09273308],3.002234936,16.57000014,54.28916613,899.5714902
3.003013134,1.501282107,0.9036667562,[ 0.27712636 -0.32621996 -0.09764936],3.002234936,16.36999959,54.25649961,888.1788762
3.004018068,1.500711212,0.8999587482,[ 0.28307616  0.19823006 -0.09429371],3.003428936,14.96999974,54.31450017,813.0880537
3.005025625,1.500116034,0.8972488698,[ 0.28335817  0.68578983 -0.08519345],3.004434109,13.29000015,54.50516701,724.3736776
3.006012917,1.499495379,0.8944945412,[ 0.27801213  1.12294373 -0.07373454],3.005376816,11.32999991,54.74549993,620.266509
3.007012844,1.498848196,0.8917116927,[ 0.27584501  1.43369024 -0.07425753],3.006559849,8.610000063,55.0921669,474.3435605
3.008013964,1.498173585,0.8888905268,[ 0.26969575  1.55251903 -0.09602244],3.007561922,5.980000108,55.42749977,331.4564546
3.009017229,1.497470813,0.886032039,[ 0.26218576  1.44508267 -0.11615679],3.008561134,5.069999956,55.66233253,282.2080235
3.010021687,1.496739314,0.8832220031,[ 0.24820556  1.12801681 -0.14390146],3.009497881,4.590000063,55.81483332,256.1900885
3.0110147,1.495978701,0.8803528042,[ 0.23865085  0.66308855 -0.15811689],3.010675907,4.740000006,55.86733373,264.8111622
3.012016058,1.495188763,0.877450337,[ 0.23830034  0.22755436 -0.15381922],3.011680841,5.810000129,55.81650035,324.2938742
3.013015985,1.49436947,0.8745162248,[ 0.24110125 -0.1696313  -0.13820354],3.012678146,6.919999834,55.6976668,385.427845
3.014015913,1.493520972,0.8715250264,[ 0.24406862 -0.44494725 -0.12985493],3.013720036,7.929999854,55.52766673,440.3343891
3.015016079,1.492643594,0.8685231585,[ 0.24457371 -0.52397164 -0.12384182],3.014801979,8.529999938,55.38599968,472.4425738
3.016011477,1.491737832,0.8654373788,[ 0.24876598 -0.36374691 -0.12106255],3.015799999,8.379999783,55.3075002,463.4768397
3.017015457,1.490804348,0.8622958515,[ 0.26498787 -0.1102476  -0.12203019],3.016733885,7.519999888,55.34283384,416.1781042
3.018013716,1.48984396,0.8591185348,[ 0.2736087   0.26186391 -0.10974431],3.017928839,5.979999967,55.47450066,331.7375121
3.019014835,1.488857633,0.8558963692,[ 0.17651943  0.6645648  -0.03015742],3.018924952,4.069999922,55.67083422,226.580291
3.020015001,1.48784647,0.8526614695,[ 0.16915699  0.94328277 -0.02714002],3.019928932,2.410000075,55.88783328,134.6896824
3.021015406,1.486811693,0.8493751532,[ 0.16767383  1.10652933 -0.15300631],3.020942926,1.139999965,56.12033335,63.97717807
3.022014141,1.485754639,0.8461043437,[ 0.18299179  1.08134384 -0.18302441],3.022053003,0.5099999569,56.32233302,28.72438741
3.023010969,1.484676734,0.8428312098,[ 0.15570646  0.91363477 -0.14843634],3.023051977,0.02999997139,56.46733348,1.694018389
3.024020433,1.483579488,0.8395427804,[ 0.15980269  0.65792738 -0.12567736],3.024050713,-0.0699999705,56.54366684,-3.95805501
3.025018215,1.482464472,0.8362414627,[ 0.20383339  0.32324574 -0.10278745],3.025052071,-0.7999999784,56.57783254,-45.26226481
3.026013136,1.481333304,0.8329307012,[ 0.22540035  0.02986838 -0.0888736 ],3.025990009,-0.4099999685,56.59866651,-23.20545148
3.027013302,1.480187628,0.829611302,[ 0.23135665 -0.11073635 -0.09634988],3.027177811,0.1300000027,56.60333379,7.358433545
3.028014421,1.479029105,0.8262513777,[ 0.24337584 -0.39999442 -0.10971566],3.028177023,0.4499999806,56.5233345,25.43549943
3.029015779,1.477859388,0.8229111666,[ 0.28080924 -0.66414746 -0.14164264],3.029117823,0.8299999982,56.47833316,46.87701642
3.030014992,1.476680108,0.8195646237,[ 0.31821988 -0.60804693 -0.16266428],3.029117823,0.8300000578,56.43583298,46.84174463
3.031017065,1.475492861,0.8161886773,[ 0.32506904 -0.59079051 -0.15154491],3.030315876,0.7199999765,56.42800077,40.62815922
3.032018423,1.474299189,0.8128076131,[ 0.29422675 -0.44151396 -0.12944379],3.031312943,0.2599999961,56.45499929,14.67829959
3.033014297,1.473100568,0.8094076451,[ 0.2683715  -0.35389684 -0.1445562 ],3.032363892,-0.4000000171,56.53066699,-22.61226776
3.034013987,1.471898394,0.8059979728,[ 0.22549053 -0.06921955 -0.18436705],3.033440828,-0.9800000191,56.63166682,-55.49903456
3.035016298,1.470693974,0.8025763449,[ 0.19981383  0.20826021 -0.17874576],3.034436941,-1.430000024,56.7556661,-81.16060388
3.036012888,1.469488514,0.7991500186,[ 0.22184727  0.47465314 -0.14997756],3.035378933,-2.140000002,56.94133313,-121.854453
3.037013054,1.468283113,0.7938922208,[ 0.23888984  0.64615376 -0.12997657],3.036561966,-2.639999986,57.2753334,-151.2068794
3.038013458,1.467078755,0.7904921167,[ 0.26342333  0.70469397 -0.12441768],3.037564754,-2.719999999,57.72766685,-157.0192538
3.039013863,1.465876308,0.7871008806,[ 0.27342051  0.63862513 -0.1303375 ],3.038493872,-2.639999995,58.27283351,-153.8402802
3.040014982,1.46467652,0.7837440485,[ 0.25415968  0.45055757 -0.14034056],3.039677858,-2.339999991,58.7536672,-137.4835807
3.041016579,1.463480021,0.780392831,[ 0.24509927  0.24436492 -0.15238402],3.040675879,-1.870000036,59.23716736,-110.7735051
3.042013884,1.462287322,0.7770581503,[ 0.26367833 -0.01792268 -0.15842134],3.041722059,-1.609999981,59.58683332,-95.9348005
3.043015242,1.461098824,0.7737483177,[ 0.28055169 -0.24466345 -0.13972604],3.04279995,-1.510000011,59.75216675,-90.22577244
3.044018984,1.45991482,0.7704452985,[ 0.28401156 -0.36769818 -0.11804252],3.043799877,3.310000146,59.44333267,196.7574398
3.045015574,1.458735503,0.767152476,[ 0.27184911 -0.36736554 -0.11552306],3.044800997,8.479999905,58.69766744,497.7562143
3.046014071,1.457560978,0.7638723513,[ 0.25031662 -0.25157081 -0.13096389],3.045732021,9.259999814,57.58583387,533.2448109
3.047014952,1.45639127,0.7605968142,[ 0.23188966  0.20642791 -0.14678498],3.046924829,9.950000182,55.57633464,552.9845397
3.048015356,1.455226333,0.7573250014,[ 0.22681254  1.0237549  -0.15238269],3.047926903,10.13000003,54.43516668,551.4282398
3.049015999,1.454066067,0.7540684757,[ 0.25967879  2.05910568 -0.14555888],3.048924923,8.830000326,54.37016614,480.0885848
3.050017595,1.452910326,0.7508386295,[ 0.30658191  3.05218573 -0.13769987],3.049860954,6.320000052,54.70299911,345.7229573
3.051021814,1.45175893,0.7476139453,[ 0.31233159  3.84030747 -0.13169549],3.051050901,5.169999955,55.06666692,284.6946655
3.052017212,1.450611682,0.7444248624,[ 0.27709336  4.17472394 -0.13573694],3.052060843,2.51000005,55.58283361,139.5129151
3.053013086,1.44946837,0.7412579762,[ 0.23681666  4.22362387 -0.14835747],3.053071022,0.9500000048,56.06300036,53.25985061
3.054010153,1.448328788,0.7381036015,[ 0.23238369  3.93256365 -0.15033228],3.054188967,0.7300000004,56.3283329,41.11968304
3.055015564,1.447192736,0.7349673155,[ 0.33242108  2.55922433 -0.15801257],3.055175781,1.079999998,56.3648332,60.87401975
3.056025267,1.446060032,0.7318492786,[ 0.65348236  1.00268659 -0.01171959],3.056177139,3.260000084,56.30249977,183.546154
3.057013988,1.444930518,0.7287247808,[0.50090102 0.00268569 0.11852203],3.057116747,4.91000005,56.13050016,275.6007586
3.058012486,1.443804063,0.7255515232,[ 0.17883151 -0.18142404  0.2328954 ],3.057116747,6.099999933,55.98649979,341.5176449
3.059012175,1.442680563,0.7223230415,[ 0.74132913 -1.26754907  0.19433236],3.058302879,7.270000018,55.76500003,405.4115512
3.060017347,1.441559948,0.7190522513,[ 0.49700536 -1.85168836  0.19815038],3.059299946,8.170000058,55.52950033,453.6760209
3.061015129,1.440442172,0.7157974229,[ 0.17069248 -1.82685616  0.07900501],3.060349941,9.710000154,55.28600057,536.827074
3.062015295,1.439327214,0.7124544568,[ 0.42548744 -1.44850048 -0.10876135],3.061430931,9.599999951,55.20766703,529.9936008
3.063014746,1.438215072,0.7090669223,[ 0.50321842 -0.70481722 -0.08682103],3.062435865,8.650000073,55.20533371,477.5261406
3.064017773,1.437105754,0.7056517835,[ 0.21373848  0.43631614 -0.07746247],3.063426971,7.000000058,55.33833313,387.3683351
3.065015793,1.435999267,0.7022364139,[ 0.45655319  1.97899857 -0.02980492],3.064363003,16.51000006,55.06916618,909.1919368
3.066013336,1.434895612,0.6988026284,[-0.26435892  3.03423135  0.13895933],3.065564156,24.34000035,54.16416613,1318.355822
3.067013025,1.43379477,0.6954084437,[-0.43065208  3.28028996  0.19427271],3.066561937,23.1700003,53.64049975,1242.850395
3.068011761,1.432696685,0.6919825074,[-0.52417483  3.45476507  0.02607569],3.067493916,22.72000012,53.17649968,1208.170079
3.069017172,1.43160126,0.6885380845,[-0.3754315   3.97423739 -0.10803037],3.068676949,19.72999951,53.40616671,1053.703643
3.070014477,1.430508338,0.6850843663,[-0.20883347  4.34480956 -0.16182873],3.069675922,16.78000042,53.73183441,901.6202039
3.071017742,1.429417691,0.6816272252,[-2.31890848e-03  4.29217188e+00 -1.82591158e-01],3.070677996,13.62999976,54.0638326,736.8900252
3.07201314,1.42832901,0.6781699491,[ 0.2117072   4.14269568 -0.1657424 ],3.071722984,11.86000009,54.33266576,644.3854208
3.073014498,1.427241894,0.6726709645,[ 0.28225911  4.30678194 -0.18591753],3.072801828,11.50999977,54.59999911,628.445977
3.07401228,1.426155836,0.6692113923,[-0.9229411   7.15404845 -0.36845977],3.073801756,12.9399998,54.71799978,708.0509064
3.075014114,1.425070222,0.6657912661,[-0.1025452   8.66936939 -0.55758446],3.074807882,14.78000014,54.66099993,807.8895864
3.076016426,1.423984321,0.6625853774,[ 0.37542974  8.69650839 -0.55857637],3.07574296,17.11999986,54.46050072,932.3637644
3.077015877,1.422897281,0.6595120064,[ 1.28786537  8.28767398 -0.55068411],3.076930046,18.96999967,54.13783328,1026.994679
3.078016043,1.42180813,0.6564554286,[ 1.24129933  8.00555818 -0.59296703],3.077929974,19.98000002,53.81149928,1075.153757
3.079012394,1.420715775,0.653341372,[ 1.16281722  7.69763209 -0.2610686 ],3.078868866,19.74999976,53.55816778,1057.773801
3.080015421,1.419619005,0.6501294451,[ 0.11678385  7.65786946 -0.01951118],3.079872847,18.39000016,53.50400035,983.9385752
3.081015348,1.418516497,0.6467702158,[-0.2708548   7.93014016  0.12127256],3.081065893,15.08999967,53.69049962,810.1896215
3.082013607,1.417406827,0.643251645,[-0.02990438  8.44253091  0.05121762],3.082051039,12.53999993,54.00633303,677.2394126
3.083011866,1.416288477,0.6396333442,[0.05051043 8.63246175 0.06324423],3.083061934,7.800000075,54.55066744,425.4952102
3.084020376,1.415159847,0.6359389622,[-0.72678492  8.72408892 -0.15963233],3.08411479,15.07999955,54.575833,823.0035371
3.085014582,1.414019274,0.632190798,[ 0.24952307  8.37326108 -0.25953576],3.085180759,13.29999995,54.79433378,728.7646365
3.086013317,1.412865046,0.6284183527,[ 0.39629745  8.34267586 -0.04518204],3.086176872,20.46000014,54.06350009,1106.139219
3.087012529,1.411695418,0.6246302358,[-5.02471224e-02  7.91386969e+00  3.78107095e-05],3.087179899,19.50000068,53.7140007,1047.42305
3.088013172,1.410508633,0.6208083047,[-1.47310574  6.78236725  0.24141296],3.088175058,20.7500006,53.47349993,1109.575156
3.089011908,1.409302941,0.6170110978,[-1.98212698  5.69958439  0.79966638],3.089117765,21.19999951,53.35133298,1131.048233
3.090013504,1.40807662,0.6130920493,[-1.24473794  5.39562613  1.07996401],3.090229988,21.00999945,53.25650024,1118.919041
3.091015816,1.406827992,0.609068159,[-0.6713361   4.9854506   0.81690282],3.090229988,20.76000059,53.22849973,1105.023686
3.092014074,1.405555448,0.6049814977,[-0.26715573  5.15435715  0.32102211],3.091301918,20.38000047,53.23300044,1084.888574
3.093014002,1.404257462,0.6008573689,[0.29003909 5.73395131 0.10023184],3.092301846,18.98000014,53.34233284,1012.437485
3.09401083,1.40293261,0.5967077893,[ 0.60631515  6.93495554 -0.12813401],3.093302965,17.07999986,53.53366725,914.3550293
3.095013857,1.401579587,0.592543909,[ 1.24345406  7.91956484 -0.43871517],3.094348907,14.61999962,53.83233325,787.0286915
3.096010208,1.400197221,0.5883976209,[ 1.6085777   9.3284334  -0.49369378],3.09543705,12.38999996,54.10833359,670.4022508
3.097008228,1.398784486,0.5842688661,[ 1.03041423 10.7090666  -0.36488971],3.096426964,10.03000005,54.42400042,545.8727267
3.098014355,1.397340509,0.5801825206,[ 0.1849887  10.92352966 -0.13298383],3.097359896,8.54000004,54.7121671,467.2419093
3.099017382,1.395864583,0.5760727332,[ 0.16709341 10.39401852  0.06449582],3.098559856,6.880000208,54.97699992,378.2417709
3.100012064,1.394356169,0.5719412898,[0.3651968  9.57931246 0.23989276],3.099563837,5.579999933,55.18083318,307.9090455
3.101012707,1.392814901,0.5677449842,[0.40066626 8.89906178 0.156836  ],3.100561142,5.460000098,55.32449913,302.0717707
3.102010965,1.391240585,0.5634645787,[ 0.82265257  8.16102334 -0.0636488 ],3.101603985,4.669999957,55.43233299,258.8689927
3.103008986,1.389633198,0.5591487728,[5.85955319e-01 7.23777480e+00 4.97256860e-03],3.102679014,5.159999967,55.49466642,286.3524769
3.104017019,1.387992884,0.5548298357,[ 0.65681919  6.36958872 -0.19160041],3.103678942,9.200000048,55.38366636,509.5297331
3.105013132,1.386319951,0.5504233806,[ 0.38027022  5.35665943 -0.41150259],3.104722738,13.3900001,55.11733246,738.0210873
3.106012583,1.384614855,0.5428479287,[-4.10306760e-03  4.32511466e+00 -1.69760426e-01],3.105800867,11.85999967,54.75133324,649.3507942
3.107013226,1.382878197,0.5383434715,[0.34131114 3.72109041 0.02084475],3.106801748,11.63999971,54.49100049,634.2752297
3.108012438,1.381110711,0.5337201117,[ 0.64237757  3.8221089  -0.16736711],3.107731819,10.13000012,54.53200022,552.4091686
3.109012127,1.379313248,0.5290849473,[-0.22945382  3.87560303  0.02622908],3.108931065,8.869999737,54.68666649,485.0707173
3.110013247,1.377486763,0.5244457065,[-0.03462214  4.69430801 -0.03525592],3.109928846,6.259999864,54.91933314,343.795018
3.111011505,1.375632305,0.5197432688,[ 0.33996528  5.95349891 -0.10311531],3.110972881,3.939999975,55.18399938,217.4249562
3.112010479,1.373750998,0.5150662341,[ 1.04058407  7.00584472 -0.25987076],3.111873865,2.460000021,55.42733383,136.3512424
3.113009453,1.371844025,0.5104248739,[ 1.47984083  7.47561279 -0.47158732],3.113052845,2.14000001,55.6729997,119.1402199
3.114011288,1.36991262,0.5058260604,[ 1.38274538  7.59218217 -0.45922138],3.114053011,1.189999988,55.90500005,66.52694941
3.115010977,1.367958045,0.5012702313,[ 0.79145432  7.87004789 -0.37469197],3.115003109,1.750000019,56.02399953,98.04200022
3.116013527,1.365981582,0.4967213967,[ 0.64329562  7.52439162 -0.36255375],3.116178751,1.490000028,56.13766607,83.64512402
3.117013216,1.363984519,0.4921902956,[ 1.28472074  7.04041907 -0.61846354],3.117177963,1.470000032,56.20199966,82.61694132
3.118011236,1.361968136,0.4876423137,[ 1.50136737  6.1611764  -0.71143945],3.118131876,0.7900000252,56.2626667,44.44750811
3.119010925,1.359933693,0.4831206519,[ 1.33641129  5.97463784 -0.7542902 ],3.118131876,0.540000055,56.30699984,30.40578301
3.120013714,1.357882422,0.4785758835,[ 1.00894729  5.41005711 -0.65621697],3.119304895,-0.009999986738,56.34916623,-0.563490915
3.121011019,1.355815516,0.4740128633,[ 0.37855627  5.1472509  -0.43680414],3.121232986,-1.010000002,56.42700068,-56.99127078
3.122010946,1.353734122,0.4694369194,[ 0.27379808  5.07943056 -0.26382128],3.121232986,-2.169999938,56.54649989,-122.7059013
3.123022079,1.35163933,0.464827301,[ 0.17094605  5.04419547 -0.03513583],3.122429848,-3.260000002,56.75666682,-185.0267339
3.124024153,1.349532171,0.4601950871,[ 0.18010489  5.26181902 -0.11272409],3.12342906,-4.85000011,57.11316681,-276.9988653
3.125011683,1.347413611,0.4555591024,[ 0.04816512  5.53784577 -0.01734838],3.1243608,3.710000087,57.01733335,211.5343117
3.126008987,1.345284541,0.4509241948,[ 0.197915    6.17239868 -0.02055929],3.125562906,13.63999975,56.52350044,770.9805318
3.127010345,1.343145779,0.4462449637,[-0.08931336  6.68878625  0.0359488 ],3.126560926,14.64999989,54.75583331,802.1729518
3.128013611,1.340998065,0.4416452203,[-0.49616567  6.97862562  0.15473867],3.127598047,16.48999992,53.91933314,889.1297992
3.129010677,1.338842056,0.437131576,[ 0.45710039  8.00602908 -0.16749835],3.128678083,16.86000001,53.7153333,905.6405203
3.130010128,1.336678324,0.4325935524,[ 0.58152597  8.67682545 -0.18707403],3.12968111,15.61000036,53.82400004,840.1926599
3.131011963,1.334507355,0.4280999364,[ 0.32486697  8.73023085 -0.18019378],3.130678892,13.39000016,54.05216662,723.7585194
3.13201046,1.332329548,0.4236169931,[ 0.82352542  8.52526413 -0.49847042],3.131720781,8.890000043,54.32083321,482.9122096
3.133010626,1.330145209,0.4191709152,[ 0.62866676  7.36848141 -0.52186607],3.13280201,5.079999942,54.73099963,278.033475
3.134017467,1.327954555,0.4147395741,[ 0.46757737  6.16729139 -0.49272525],3.133806944,2.420000035,55.16166687,133.4912358
3.135010958,1.325757708,0.4102709181,[ 0.48076659  4.29595675 -0.42696367],3.134733915,2.359999932,55.4514993,130.8655346
3.136010647,1.323554697,0.4058084832,[ 0.47483966  2.03973375 -0.44431025],3.135931015,2.230000049,55.7070001,124.2266129
3.137014151,1.321345455,0.4013196945,[ 0.66489328  0.20327765 -0.58253135],3.136929989,2.860000014,55.88033295,159.817753
3.138010502,1.31912982,0.3928096321,[ 0.4282213  -1.10555887 -0.42628184],3.137871027,3.830000006,55.90733274,214.1250847
3.139011383,1.316907537,0.38832187,[ 0.01122691 -2.14699447 -0.1947735 ],3.139056921,4.390000109,55.8938338,245.3739364
3.140018225,1.314678255,0.3837578173,[ 0.113643   -2.65183796 -0.21412167],3.140061855,5.400000013,55.8080012,301.3632072
3.141011238,1.31244153,0.3791586381,[ 0.14479405 -2.71408401 -0.20194073],3.141124964,5.440000027,55.73683421,303.2083796
3.142012596,1.310196827,0.3745340999,[ 0.18224218 -2.75414172 -0.23139449],3.142179012,4.430000048,55.7115008,246.8019512
3.143010616,1.307943525,0.3698897472,[ 0.1755918  -2.3513757  -0.24513028],3.143192053,2.279999983,55.77300008,127.1624392
3.144016504,1.305680918,0.3652154765,[ 0.15637623 -1.7077114  -0.25203133],3.144180775,16.40999984,55.35283343,908.3399876
3.145020485,1.303408224,0.3606008219,[-0.06228429 -0.8380571  -0.1459448 ],3.145183802,9.049999505,55.40266673,501.3941065
3.146008015,1.301124585,0.3559731528,[-0.08208975 -0.12980685 -0.14395756],3.146195889,24.99999958,54.00166639,1350.041637
3.147010803,1.298829084,0.3513763572,[ 0.05685331  0.47681255 -0.22887456],3.146195889,23.91999965,53.15500005,1271.467583
3.148011923,1.296520747,0.3468054707,[ 0.21792358  1.6146293  -0.30239537],3.147305965,27.97000054,52.54349963,1469.641713
3.149012327,1.294198553,0.3422847059,[ 0.1876409   3.30268976 -0.2831139 ],3.148303032,27.39000005,52.47233264,1437.217193
3.15001297,1.291861452,0.3378937624,[ 0.10958233  4.9561132  -0.24048382],3.149347067,26.4000001,52.4678332,1385.150802
3.151008844,1.289508368,0.3334855868,[ 0.12721902  6.56027241 -0.24916726],3.150435925,22.7500001,52.62533251,1197.22632
3.152009964,1.287138223,0.3291158181,[ 0.15774984  7.37118881 -0.25131902],3.151431799,15.75000022,53.04733404,835.4955226
3.153012514,1.284749943,0.3247874306,[ 0.20863518  7.40112155 -0.27030693],3.152414799,7.979999909,53.72250112,428.7055541
3.154010534,1.282342474,0.3204692575,[ 0.22581573  6.68280196 -0.27418955],3.153565884,3.7800001,54.47766685,205.9255862
3.155015945,1.279914804,0.31617806,[ 0.21637653  5.49505187 -0.26209237],3.15456605,0.74999981,55.18516668,41.38886452
3.156015873,1.277465971,0.3118650613,[ 0.11683782  3.97191738 -0.1960136 ],3.155565977,0.1700000912,55.63149961,9.457360007
3.157013416,1.27499508,0.3075301079,[-0.02216663  2.18042853 -0.11513788],3.156604767,0.5400001109,55.92416636,30.19905604
3.158015013,1.272501322,0.3031676285,[-0.08520694  0.19921156 -0.06614364],3.157680988,1.59999986,56.02899933,89.64639108
3.159012794,1.269983983,0.29873456,[-0.02040839 -1.40207421 -0.10949494],3.158675909,3.310000056,55.98416646,185.3075942
3.160018921,1.267442463,0.294284631,[ 0.04691909 -2.35943233 -0.16803004],3.159711838,5.340000018,55.8706665,298.3493602
3.161014318,1.26487628,0.2898082592,[ 0.08292419 -2.7545516  -0.22177098],3.160801888,4.569999924,55.77150027,254.875752
3.162013292,1.262285089,0.2853001174,[ 0.05626463 -2.60870351 -0.21533725],3.161801815,2.730000092,55.73749987,152.1633798
3.163031578,1.259668686,0.2808140526,[ 0.04684939 -2.14020122 -0.21036051],3.162734985,-0.2300000414,55.83783277,-12.84270385
3.1640203,1.257027015,0.2763376787,[ 0.05955443 -1.5234432  -0.21717301],3.163928986,-6.299999839,56.31716665,-354.7981408
3.165015697,1.254360173,0.2719253796,[ 0.12944032 -0.91217009 -0.27062973],3.164927959,-14.17000029,57.01066653,-807.8411614
3.166015625,1.251668415,0.2675622613,[ 0.15959062 -0.35412908 -0.29788668],3.165935993,-14.89999951,57.70133336,-859.7498388
3.167016029,1.248952149,0.2631952499,[ 0.14385493 -0.14820599 -0.29501713],3.166868925,-13.4199996,59.33450063,-796.2689747
3.168014526,1.246211936,0.259018374,[ 0.13057523 -0.8244981  -0.28424592],3.168050766,-13.3500002,59.67983309,-796.7257839
3.169016361,1.243448485,0.2548822923,[ 0.16247878 -2.20724296 -0.31006205],3.169054747,-11.98000026,59.75850042,-715.9068504
3.170016527,1.240662648,0.2507928082,[ 0.19541579 -3.74633162 -0.33367944],3.170177937,-12.76000059,59.68599892,-761.5933812
3.171012878,1.237855406,0.2467559128,[ 0.20039761 -5.35180135 -0.33413153],3.17118001,-13.42000073,59.68833351,-801.0174794
3.172012568,1.235027861,0.2427636752,[ 0.19347327 -7.72741342 -0.32599852],3.172178745,-11.22999972,59.73366674,-670.8090608
3.173016071,1.232181221,0.2364012266,[  0.17611381 -10.06544984  -0.31081095],3.173112869,-10.33000022,59.68816757,-616.5787843
3.174014091,1.229316786,0.2325080936,[  0.19449477 -11.07749836  -0.32951359],3.173112869,-11.67999977,59.70499992,-697.3543853
3.175014257,1.226435934,0.2286398369,[  0.2525371  -12.54828461  -0.37648499],3.174301863,-10.85000017,59.62850062,-646.969242
3.176014185,1.223540097,0.2247852675,[  0.2725797  -13.02040096  -0.39119782],3.176234961,-10.01999962,59.66816648,-597.8750056
3.177012205,1.220630754,0.2209429888,[  0.43004489 -12.96338307  -0.52414636],3.176234961,-6.719999865,59.73216629,-401.4001494
3.178012848,1.217709402,0.2171470787,[  0.51904452 -12.24982641  -0.60376867],3.177430868,-3.410000011,59.73816681,-203.7071495
3.179014921,1.214777547,0.2133883594,[  0.42812602 -10.76789096  -0.56701649],3.178434849,-1.539999828,59.7063338,-91.94774376
3.180016041,1.21183668,0.2096829435,[ 0.38139336 -8.9755762  -0.53992903],3.179381847,-2.139999986,59.68233236,-127.7201904
3.181012392,1.208888266,0.2060475645,[ 0.39082487 -7.23710623 -0.54400077],3.18056488,-3.470000118,59.67250061,-207.0635842
3.182018042,1.205933724,0.2024733918,[ 0.28975005 -5.9720315  -0.45844664],3.181564808,-5.060000181,59.69333394,-302.0482806
3.183069229,1.202974413,0.1989647973,[ 0.11084961 -4.99999179 -0.30079977],3.182497978,-6.039999809,59.70683352,-360.6292631
3.18401885,1.200011622,0.1955290126,[ 0.01376362 -4.2836221  -0.22904408],3.18367672,-5.909999868,59.69233322,-352.7816815
3.185019016,1.197046558,0.1921494319,[-0.00780204 -4.23222919 -0.2213212 ],3.184679031,-7.040000141,59.52333323,-419.0442743
3.186016083,1.194080334,0.188795782,[ 0.04988859 -4.52405386 -0.28383631],3.185717821,-3.46999985,59.40350024,-206.1301369
3.187017679,1.191113966,0.1854707447,[ 0.13549141 -5.03887192 -0.35903677],3.186803818,0.8200001046,58.82266617,48.23459241
3.188023806,1.188148367,0.1821701472,[ 0.15544298 -5.95054549 -0.36360937],3.187800884,5.710000247,58.74850019,335.4539506
3.189020872,1.185184342,0.1788808189,[ 0.1501573  -7.70923804 -0.35630285],3.188730955,2.51000011,58.94316673,147.947355
3.190015793,1.182222589,0.1756164094,[  0.05425136 -10.08138371  -0.27569674],3.189927816,0.3800003529,59.24983406,22.51495785
3.19101119,1.179263703,0.1723345336,[ -0.13562651 -11.47853811  -0.11432002],3.190931797,0.4599997904,59.62300046,27.42656772
3.192020893,1.176308174,0.1690227581,[ -0.02412059 -12.51512623  -0.21052503],3.191875935,-0.8200000618,59.73866717,-48.98571077
3.193017721,1.173356394,0.1657250653,[  0.10172619 -12.62981586  -0.31927493],3.193053722,-2.050000021,59.76333237,-122.5148326
3.194015026,1.170408666,0.1624433897,[  0.16833523 -11.63438637  -0.38794973],3.194052935,-2.140000002,59.77616628,-127.920996
3.195013523,1.167465207,0.1591733806,[ 0.12585848 -9.7420494  -0.36619026],3.195055008,-2.590000004,59.76233292,-154.7844425
3.196011782,1.16452616,0.1559114432,[ 0.09473917 -6.68727733 -0.35802991],3.196058989,-2.200000046,59.71116702,-131.3645702
3.197017431,1.161591601,0.1527165971,[ 0.08340275 -3.51477481 -0.33862762],3.19718194,-1.649999958,59.59283384,-98.3281733
3.198014975,1.158661552,0.1495866623,[ 0.14959358  0.04718187 -0.36381005],3.198179007,-0.6800000258,59.50483322,-40.46328812
3.199019432,1.155735987,0.1464997742,[ 0.22767681  3.22222593 -0.38583788],3.199183941,1.119999876,58.70899963,65.75407232
3.200017691,1.152814841,0.1434600245,[ 0.18140771  4.69734385 -0.29819001],3.199183941,1.430000018,58.32583364,83.40594317
3.201014042,1.149898025,0.1404309101,[-0.02585045  6.88222103 -0.08415267],3.200303078,1.509999972,57.60933304,86.99009127
3.202021599,1.146985426,0.1374502525,[-0.19956083  8.62167871  0.1039516 ],3.201320887,1.339999964,56.9798336,76.352975
3.203014612,1.144076922,0.134461183,[-0.25467951  9.63015366  0.17947252],3.202303886,0.5800000243,56.48366674,32.76052808
3.20402956,1.141172383,0.1308743263,[-0.18236599 11.24494562  0.14887589],3.204244852,-0.4599999879,56.22866631,-25.86518582
3.205014944,1.138271675,0.1278653618,[-0.1410613  11.77441209  0.12596147],3.204244852,-2.529999921,56.24766668,-142.3065923
3.206018686,1.135374669,0.124819937,[-0.15344428 12.92567689  0.12169486],3.205435991,-4.190000057,56.52683322,-236.8474344
3.207013607,1.132481236,0.1218026753,[-0.31821956 14.0917302   0.22816144],3.206438065,-1.439999998,57.08066686,-82.19616014
3.208014727,1.12959125,0.118708544,[-0.34577451 15.02506578  0.22094137],3.207475901,1.049999975,57.52633286,60.40264804
3.209017515,1.126704584,0.1156810386,[-0.2722941  15.03124278  0.14659313],3.208562851,2.609999955,57.46916771,149.9945251
3.210015297,1.123821109,0.1126091782,[-0.16682409 14.43497338  0.0506959 ],3.209563971,4.080000043,56.94099998,232.3192824
3.211016893,1.120940689,0.1095786491,[-0.17834064 13.54630964  0.03505257],3.21060586,4.519999892,56.22916603,254.1558244
3.212014198,1.11806317,0.106556806,[-1.76352036e-01  1.24182112e+01 -3.95565705e-03],3.211679935,4.509999961,55.69183286,251.170164
3.213015795,1.115188376,0.1035654749,[-0.1520322  11.46974412 -0.06822558],3.212679863,4.12999998,55.51866722,229.2920945
3.214012146,1.1123161,0.1006133626,[-0.04318984 10.89800528 -0.19653756],3.213683844,4.140000066,55.61916733,230.2633564
3.215016842,1.109446092,0.0976714431,[ 0.21103781 10.72623233 -0.43510748],3.214725018,3.970000137,55.80983353,221.5650467
3.216013193,1.10657805,0.0947796367,[ 0.43116099 10.82566435 -0.62708544],3.215805769,3.14000003,56.08266703,176.0995762
3.217013597,1.103711611,0.09192039938,[ 0.50145906 11.36335945 -0.70571333],3.216804028,1.849999994,56.37600009,104.2955998
3.21802187,1.100846336,0.08912590355,[ 0.4974887  12.07254164 -0.72344383],3.217803955,0.529999949,56.59566625,29.99570023
3.219016075,1.097981705,0.08636912204,[ 0.56292986 12.72094238 -0.77744564],3.218803883,0.4099999666,56.71650124,23.25376361
3.220012903,1.095117105,0.08367130123,[ 0.68609012 13.39103408 -0.851803  ],3.219842911,0.01000005007,56.79433314,0.567946175
3.221014261,1.092251822,0.08101449682,[ 0.78823927 13.97773824 -0.89156955],3.220928907,-0.5999999344,56.86100006,-34.11659631
3.22201395,1.089385032,0.07837859382,[ 0.83067746 14.25580708 -0.8886451 ],3.221929789,-0.5399999917,56.89900017,-30.72545962
3.223013401,1.0865158,0.07583311423,[ 0.64381425 14.16982159 -0.7174358 ],3.222866774,-0.5599999726,56.88333257,-31.85466468
3.224017859,1.083643073,0.07331763852,[ 0.40724286 13.817823   -0.52396   ],3.22405386,-0.06999996305,56.81733259,-3.977211181
3.225016594,1.08076568,0.07083125051,[ 0.21834848 13.09207552 -0.3823252 ],3.225055933,5.390000015,56.25550079,303.2171501
3.226012707,1.077882332,0.06835663869,[ 0.14453522 12.46408401 -0.31958147],3.226108074,5.550000042,55.89450073,310.2144814
3.22701335,1.074991627,0.06588461728,[ 0.09315034 11.31334241 -0.27165419],3.227178812,6.440000057,55.18133354,355.3677912
3.228013515,1.072092053,0.06340819138,[-0.01868975 10.29177242 -0.17842665],3.228178024,6.320000052,55.19799995,348.8513626
3.229016542,1.069182002,0.06094423159,[-0.17762444  9.17581094 -0.05118135],3.229178905,6.519999862,55.22266642,360.0517774
3.230013371,1.066259777,0.0584808468,[-0.29524276  8.31645734  0.04942953],3.230179071,5.960000157,55.42850049,330.3538717
3.23101449,1.063323608,0.05600873894,[-0.37186842  7.93608834  0.12818973],3.231136799,5.879999995,55.62033272,327.0475561
3.232012033,1.060371668,0.0535396032,[-0.3979061   7.13214814  0.17490405],3.231136799,5.270000041,55.83316676,294.2407911
3.233016014,1.057402095,0.05106768072,[-0.4570546   6.83048104  0.23441269],3.232307911,4.650000185,55.96666718,260.2450127
3.234013796,1.054413009,0.04859975382,[-0.54285002  6.79001497  0.2919025 ],3.233304024,3.830000073,56.11249987,214.9108786
3.235014915,1.051402542,0.04613071755,[-0.6410873   6.6605452   0.35486363],3.23524189,3.629999876,56.22450002,204.0949281
3.236015558,1.048368858,0.0436685492,[-0.56425182  6.54625577  0.31445805],3.23524189,3.580000013,56.28416634,201.4973162
3.237012386,1.045310185,0.04120797695,[-0.3359088   6.29097027  0.17473986],3.23643899,2.909999996,56.35233307,163.985289
3.238014936,1.042224839,0.03826748805,[-0.04130005  5.67601418 -0.01621594],3.237439871,2.459999889,56.39816666,138.7394837
3.239016771,1.039111259,0.03584672829,[ 0.20484757  4.76439525 -0.19501467],3.238384008,2.439999998,56.41866684,137.661547
3.240021467,1.035968032,0.03344213559,[ 0.28195574  3.3362025  -0.29357954],3.239565849,2.27000007,56.41966629,128.0726464
3.241025686,1.032793924,0.03105492106,[ 0.31664971  1.80493488 -0.36584238],3.240568876,2.370000124,56.40700086,133.684599
3.24201417,1.029587913,0.02865280643,[ 0.38278834  0.00300242 -0.44842921],3.241565943,1.999999978,56.42016602,112.8403308
3.24301362,1.026349215,0.02623746727,[ 0.55842618 -1.80939771 -0.57084123],3.242503166,2.400000051,56.40000025,135.3600035
3.244020462,1.023077311,0.0237813044,[ 0.70965706 -3.55568415 -0.66653054],3.243682861,1.969999984,56.39900017,111.1060294
3.245012999,1.019771974,0.02127452678,[ 0.65908482 -5.00985962 -0.64274548],3.244681835,12.87999989,55.97466723,720.9537075
3.246039391,1.016433295,0.0187707322,[ 0.56200792 -5.88519854 -0.59559298],3.245724916,23.64000027,55.40316645,1309.73087
3.24701333,1.0130617,0.01619295873,[ 0.48855494 -6.12645563 -0.56202729],3.246803761,21.43000081,54.1061662,1159.495186
3.248015165,1.009657971,0.01356226606,[ 0.56538414 -7.62998671 -0.61261653],3.24780488,23.82999941,53.39916611,1272.502097
3.24901557,1.006223263,0.01092276828,[  0.66350474 -10.53411894  -0.66025229],3.248734951,22.94000045,53.22066625,1220.882108
3.250029325,1.00275911,0.008164190883,[  0.6527495  -14.39886999  -0.6311629 ],3.249933004,20.45000015,53.22166697,1088.383098
3.251018047,0.9992674392,0.005523633512,[  0.49583187 -18.05036165  -0.50325567],3.250930786,18.88000032,53.30933317,1006.480227
3.252014637,0.9957505676,0.002787468679,[  0.34673273 -21.27428778  -0.37502762],3.251929998,16.02000043,53.57050006,858.1994338
3.253014565,0.9922112059,3.39E-05,[  0.26413258 -23.64312947  -0.27463318],3.252928972,14.44000047,53.86316681,777.7841543
3.254029274,0.9886524502,-0.002792759625,[  0.21547255 -24.49539284  -0.19627937],3.253862143,12.26000023,54.19799932,664.467484
3.255017519,0.9850777717,-0.005569866688,[  0.2108641  -23.82541866  -0.15583443],3.255053997,11.11999989,54.48433367,605.8657842
3.256010294,0.9814910017,-0.008367521428,[  0.23916968 -21.93487905  -0.15380895],3.256055832,8.899999946,54.86966642,488.3400282
3.257015228,0.9778963104,-0.01112505215,[  0.30661515 -18.17485211  -0.19538429],3.257098913,7.970000058,55.11349996,439.2545979
3.258014202,0.9742981824,-0.01383889522,[  0.26996683 -14.20362718  -0.19452919],3.258182049,6.400000006,55.32166672,354.0586673
3.25901413,0.970701386,-0.01634963609,[ 0.31456863 -8.34594003 -0.26255305],3.259184122,4.310000017,55.48183314,239.1267018
3.260010481,0.967110939,-0.01869602141,[ 0.29471807 -1.73941689 -0.33101284],3.260119915,3.479999974,55.64600054,193.6480805
3.261021376,0.9635320696,-0.02085097678,[ 0.18276073  0.95271868 -0.38069643],3.260119915,3.670000061,55.75916672,204.6361453
3.262011766,0.9599701731,-0.02279654503,[ 0.23089704  4.89657205 -0.51377728],3.261307955,1.819999889,55.82216644,101.5963367
3.263011694,0.9564307652,-0.02453258446,[ 0.377413    8.09816028 -0.67244121],3.262302876,1.009999752,55.90399996,56.4630261
3.264016867,0.9529194316,-0.02607795885,[ 0.46536722  8.39782598 -0.7749784 ],3.263358831,-0.1400000602,56.07433319,-7.850410022
3.265029907,0.9494417754,-0.02748414036,[ 0.59133326  8.83668654 -0.87233242],3.264434814,-3.800000146,56.49250031,-214.6715094
3.266023397,0.9460033615,-0.02873840106,[ 0.83480649  8.88325229 -0.91816218],3.265438795,-9.390000314,57.17816734,-536.9030093
3.26701498,0.9426096596,-0.02988682887,[ 1.19325097  9.07890523 -0.92251451],3.266434908,-16.34999987,58.58766683,-957.9083453
3.268021822,0.9392659859,-0.03094008885,[ 1.34623475  9.50412128 -0.82953812],3.267398119,-19.72000079,59.51999982,-1173.734444
3.26901269,0.9359774452,-0.03190374704,[ 1.31760202 10.184548   -0.73365351],3.268563747,-18.63999986,59.60516675,-1111.0403
3.270011902,0.9327488721,-0.03273423477,[ 1.24875874 11.11171093 -0.68582801],3.26956892,-19.49000004,59.55433273,-1160.713947
3.271010637,0.9295847748,-0.033434911,[ 1.20461215 12.39081577 -0.68594697],3.270564079,-19.97000024,59.79650052,-1194.13613
3.272020102,0.9264892793,-0.0342885429,[ 1.1753631  13.59099871 -0.68468405],3.271602869,-22.14000019,59.6299998,-1320.208207
3.2730124,0.9234660776,-0.03464908113,[ 1.18752156 13.69733571 -0.6900944 ],3.27267909,-23.85999975,59.75050036,-1425.646924
3.274011374,0.9205183785,-0.03479122519,[ 1.20799583 13.4947139  -0.69264894],3.273682833,-23.02999971,59.72816722,-1375.539674
3.275014162,0.9176488631,-0.03471935603,[ 1.38404057 12.57033277 -0.71596738],3.27468586,-23.97999962,59.69333267,-1431.446095
3.276012421,0.9148596457,-0.03442725878,[ 1.29887889 10.95928259 -0.58955552],3.275679827,-25.75000056,59.79533386,-1539.729881
3.27700901,0.9121522395,-0.03394185148,[ 1.14161357  8.60041653 -0.47354372],3.276716948,-29.20999948,59.78683408,-1746.373392
3.278013945,0.9095275294,-0.03329222604,[ 1.16392073  5.63921603 -0.47923091],3.277809143,-31.12000063,59.88733355,-1863.693858
3.279010296,0.9069857521,-0.03251258227,[ 1.54888679  3.0230017  -0.71044344],3.278803825,-34.52999953,59.68100039,-2060.784916
3.280009985,0.9045264828,-0.03162387815,[ 1.60874923  0.75823826 -0.87286716],3.279803038,-34.62999978,59.90183322,-2074.400471
3.281016588,0.9021486309,-0.03063703451,[ 1.32821543 -1.10814691 -0.92845367],3.28073287,-31.92000051,59.61033376,-1902.761884
3.28201437,0.8998504435,-0.02957094854,[ 1.11572627 -1.66893048 -0.94582724],3.281932831,-26.6100002,59.57716688,-1585.348423
3.283011198,0.8976295173,-0.0284671348,[ 1.26665245 -1.71951171 -1.04038527],3.282932758,-22.0099999,59.52066739,-1310.049884
3.28401494,0.8954828194,-0.02731996427,[ 1.36362499 -1.33423521 -1.04836127],3.283972025,-20.83999984,59.58733304,-1241.800011
3.285011768,0.8934067165,-0.02612482914,[ 1.11462934 -0.96540745 -0.90680387],3.285055876,-21.73000039,59.68549983,-1296.965934
3.28600955,0.8913970127,-0.02490604588,[ 0.90958911  0.50634015 -0.79539847],3.286052942,-18.08999961,59.58149974,-1077.829307
3.287017345,0.8894489947,-0.02365774498,[ 0.79746571  2.26271205 -0.75394952],3.287014008,-13.34999984,59.63750013,-796.1606172
3.28801465,0.8875574853,-0.02235895787,[ 0.63580612  3.26838007 -0.73533047],3.288180828,-12.40999985,59.61249924,-739.7911069
3.289016008,0.8857169037,-0.02101914998,[ 0.16442047  5.61826516 -0.64137216],3.28918004,-14.06000013,59.59033267,-837.8400852
3.290014029,0.8839213313,-0.01963930912,[-0.28012387  6.10833238 -0.52421526],3.290215731,-10.8799996,59.60566584,-648.5096204
3.29101944,0.8821645841,-0.01823663088,[-0.56597745  6.69325277 -0.41189561],3.290215731,-11.83999998,59.55083275,-705.0818586
3.29201436,0.880440288,-0.01686945853,[-0.69658896  8.04289706 -0.31108533],3.291303873,-8.109999754,59.64183299,-483.6952508
3.293015242,0.8787419591,-0.01553891971,[-0.77859771  9.72683814 -0.18301251],3.293234825,-6.489999887,59.49950027,-386.15175
3.294013262,0.8770630844,-0.0142837324,[-0.83209616  9.51046371 -0.02524232],3.293234825,-1.700000077,59.59566689,-101.3126383
3.295027494,0.8753972044,-0.01310687941,[-0.84808071 10.1573796   0.08922201],3.294436932,0.05999975279,59.5783329,3.574685246
3.296011448,0.8737379955,-0.01205665832,[-0.79945488 10.33716841  0.13268033],3.295434952,3.030000038,59.54566638,180.4233714
3.297013998,0.8720793499,-0.01113083864,[-0.72283371 10.57803751  0.13748412],3.296361923,4.330000706,59.57566643,257.9626777
3.298018217,0.8704154536,-0.01034305181,[-0.58120724 10.58369894  0.15033182],3.29756403,5.220000364,59.58800062,311.0493849
3.299013376,0.8687408588,-0.009667449097,[-0.37831358 10.37906121  0.14968044],3.298563957,6.790000442,59.56166649,404.4237418
3.300021648,0.8670505527,-0.009138518939,[-0.15338577  9.93421578  0.1201745 ],3.299602032,6.489999764,59.53933334,386.4102593
3.301013231,0.8653400179,-0.008715095131,[0.08849514 9.39682147 0.07005779],3.300678015,5.950000096,59.51400057,354.1083091
3.302016258,0.8636052868,-0.008394408211,[0.31567601 8.45419404 0.03558877],3.301680088,4.569999982,59.50550016,271.9401346
3.303012609,0.8618429863,-0.008171533948,[6.02376562e-01 7.41951342e+00 4.98633417e-03],3.302714109,4.740000281,59.50483322,282.0529262
3.304018736,0.8600503739,-0.008049053899,[ 1.07963501  6.27505759 -0.09870063],3.303804874,5.949999887,59.52850024,354.1945697
3.305015326,0.8582253637,-0.007336066063,[ 1.65713111  5.2906266  -0.28152389],3.304805994,8.730000008,59.54866664,519.8598602
3.306013346,0.8563665418,-0.007408045742,[ 2.03755273  4.57970835 -0.45839781],3.305738926,2.270000089,59.70566622,135.5318676
3.307017565,0.8544731719,-0.007554353507,[ 2.2470365   3.20865923 -0.63536405],3.30693388,-1.820000045,59.73433431,-108.7164911
3.308018446,0.852545189,-0.007768634624,[ 2.34534305  1.19060341 -0.74847188],3.307930946,-1.790000007,59.736667,-106.9286343
3.309016466,0.8505831832,-0.008049301426,[ 2.40978622 -0.98863662 -0.81052064],3.308871746,-2.460000023,59.73349953,-146.9444102
3.310014486,0.8485883738,-0.008394259732,[ 2.44891382 -2.61732621 -0.82770539],3.310054064,-2.90999978,59.73199972,-173.8201061
3.311013222,0.8465625718,-0.008803860723,[ 2.39264904 -3.23275299 -0.80512505],3.311055899,-2.599999778,59.71300062,-155.2537883
3.312015057,0.8445081354,-0.009269226577,[ 2.27561213 -2.68015168 -0.79223269],3.31209898,-1.359999958,59.69833438,-81.18973227
3.313020468,0.8424279157,-0.009790100731,[ 2.22925938 -1.05302744 -0.81042413],3.313178062,-0.0999998562,59.65749995,-5.965741416
3.314011574,0.8403251957,-0.01034462819,[ 2.29010166  0.42958565 -0.82101103],3.314182043,0.9799998291,59.59866651,58.40668299
3.315022945,0.8382036233,-0.01089225463,[ 2.27525192  3.01611198 -0.79571605],3.315192938,1.769999791,59.50733376,105.3279683
3.316022873,0.8360671387,-0.0113960851,[ 2.21020069  4.73863026 -0.75720501],3.315192938,1.730000176,59.36983236,102.7098204
3.317013979,0.8339198987,-0.01183360969,[ 1.98939233  7.30458626 -0.68325347],3.316308975,1.279999889,59.21666654,75.79732662
3.318015337,0.8317661989,-0.01219270199,[ 1.57715445  9.03197325 -0.55631316],3.317307949,0.600000171,59.21683311,35.53010999
3.319013357,0.8296103949,-0.01247083857,[ 1.16156845  9.60392859 -0.41268867],3.318319082,-0.5300000627,59.36933263,-31.46575001
3.320011854,0.8274568235,-0.01265844422,[ 0.84370898  9.7134877  -0.25271226],3.319350004,-1.99000016,59.62766647,-118.6590658
3.32101202,0.8253097271,-0.01276363993,[ 0.7093367   8.49375234 -0.12738077],3.320441961,-2.560000043,59.68549983,-152.7948821
3.322021008,0.8231731806,-0.01278981294,[ 0.51365708  6.76090704 -0.01606958],3.321433067,-3.239999991,59.72816594,-193.5192571
3.32301712,0.8210510234,-0.01274858288,[0.28357484 4.75048861 0.07768664],3.322386026,-3.450000208,59.72583326,-206.0541372
3.324029684,0.8189467965,-0.01266607933,[0.14886109 2.74261686 0.14677016],3.32356286,-3.9599999,59.72683334,-236.5182541
3.325016975,0.8168636877,-0.01256372448,[0.04663889 1.62869649 0.22624308],3.324568987,-3.309999686,59.69900004,-197.6036714
3.326011419,0.8148044833,-0.01245041688,[-0.00580507  1.3284926   0.30911869],3.325568914,-0.4700001478,59.61833318,-28.02062541
3.327017546,0.8127715291,-0.01233228515,[0.00484932 1.90803019 0.34478154],3.326510906,0.09000003338,59.4388326,5.349496918
3.328021526,0.8107667004,-0.01220054916,[0.00726062 3.26960931 0.35235335],3.327682018,2.200000048,59.12766647,130.0808691
3.329012632,0.8087913807,-0.01204542185,[-0.02067173  4.92142325  0.31930133],3.328681946,3.640000105,58.64566676,213.4702332
3.330022097,0.8068464515,-0.01184721647,[0.01979216 6.65203752 0.24200189],3.32968092,3.750000238,58.08816592,217.830636
3.331014395,0.8049322901,-0.01158657147,[0.11501916 8.03476247 0.17963864],3.330723047,2.9699998,57.55216662,170.9299233
3.332029343,0.8030487783,-0.01124910716,[0.20398534 8.86686084 0.14070267],3.331807852,2.410000095,57.13349978,137.6917399
3.333014727,0.8011953192,-0.01083750306,[0.34777769 8.941583   0.07789382],3.332808733,2.050000209,56.87666639,116.597178
3.334022284,0.7993708631,-0.01035180216,[0.47386596 8.36580375 0.01792215],3.333743095,0.8999998663,56.79533323,51.11579231
3.335012913,0.7975739407,-0.009822482812,[ 0.64870049  7.10366166 -0.09000433],3.334932804,-0.2100000195,56.80733363,-11.92954117
3.336011887,0.7958027042,-0.009246588887,[ 0.8022827   5.65746771 -0.21829181],3.335930109,-0.3600001149,56.83733304,-20.46144643
3.337013006,0.7940549732,-0.009007165939,[ 0.97507952  4.3233748  -0.32276293],3.336864948,-0.2400002293,56.79983393,-13.63197317
3.338014364,0.7923282868,-0.00844932906,[ 1.2175218   3.3689715  -0.39415221],3.337869883,0.929999847,56.60649999,52.64403633
3.339011431,0.7906199587,-0.007932228254,[ 1.39114859  3.13414377 -0.42815548],3.338876009,2.149999637,56.28733381,121.0177473
3.340007544,0.7889271349,-0.007462555139,[ 1.50227352  3.48200489 -0.44495374],3.339962006,3.809999961,55.93649928,213.1180601
3.341016769,0.7872468536,-0.007043020682,[ 1.56302937  4.51754021 -0.44781452],3.341061115,4.469999818,55.69333331,248.9491898
3.342015028,0.7855761041,-0.006676261433,[ 1.6342092   5.75351559 -0.45650417],3.342069864,5.950000076,55.61233266,330.8933835
3.343011379,0.7839118859,-0.006351242585,[ 1.73270613  6.99726973 -0.47004626],3.343058825,5.98999979,55.75633303,333.9804231
3.344017029,0.7822512644,-0.006049631016,[ 1.83961716  7.91682773 -0.47893064],3.344103813,6.559999971,55.83050028,366.2480802
3.345010519,0.7805914248,-0.00574956114,[ 1.86730904  8.11349583 -0.45658352],3.345181942,6.060000209,55.97016716,339.1792247
3.346015692,0.7789297203,-0.005448491479,[ 1.79702894  8.4231176  -0.42186599],3.346183062,6.740000157,55.95783424,377.1558116
3.347007275,0.7772637164,-0.005150203599,[ 1.68715166  8.1513614  -0.38700613],3.347136974,7.879999647,55.83216604,439.9574487
3.348007441,0.7755912291,-0.004860037339,[ 1.49535818  7.48289807 -0.3304058 ],3.347136974,5.570000181,55.79633268,310.7855831
3.349001408,0.7739103561,-0.00459086311,[ 1.31333815  6.08907077 -0.26624506],3.348314047,5.190000424,55.8490003,289.8563352
3.350047827,0.7722195021,-0.004360595627,[ 1.11184599  4.3928424  -0.19621059],3.350306988,5.369999895,55.87466685,300.0469551
3.351004839,0.7705173966,-0.004194377995,[ 0.96676266  3.33033163 -0.14903106],3.350306988,4.269999981,55.86800003,238.5563591
3.352004766,0.7688031041,-0.004111427939,[ 0.84525737  2.59149926 -0.11993098],3.352248907,5.099999666,55.83833377,284.7754836
3.353047848,0.7670760279,-0.004108420131,[ 0.72749681  2.45792677 -0.09700941],3.353321791,6.120000124,55.77266693,341.3287285
3.354043007,0.7653359062,-0.004191620852,[ 0.62048796  2.50389664 -0.07720378],3.353321791,6.850000143,55.72350057,381.7059869
3.355002165,0.7635828018,-0.004331483897,[ 0.55590004  3.52439373 -0.07046106],3.354432821,7.580000162,55.66449992,421.9369184
3.356005669,0.7618170854,-0.004527380943,[ 0.57509553  4.76920923 -0.07839592],3.355435848,8.420000076,55.5903333,468.0706107
3.357056618,0.7600394136,-0.004764262058,[ 0.61776941  6.0676914  -0.08490032],3.356364965,9.180000067,55.54466693,509.9000461
3.358040094,0.7582507013,-0.004997668486,[ 0.65416256  7.25146214 -0.09011043],3.357573986,8.819999456,55.53000069,489.7745759
3.359045982,0.7564520904,-0.005210394678,[ 0.68939197  7.95322439 -0.10625359],3.35856986,8.74000001,55.56383387,485.6279086
3.360039949,0.754644915,-0.005409310942,[ 0.72644022  8.07522262 -0.13483239],3.359498978,7.51000011,55.65566635,417.9740604
3.36103797,0.7528306635,-0.005586808851,[ 0.78875561  7.52406207 -0.19453734],3.360682964,5.870000243,55.74416606,327.2182683
3.362003565,0.7510109399,-0.005725952375,[ 0.89768922  6.50826963 -0.25715969],3.361680984,4.790000439,55.82533328,267.4033709
3.363039494,0.7491874241,-0.005844950787,[ 1.05928884  5.26389611 -0.31818563],3.362680912,3.620000124,55.89983304,202.3574025
3.364003658,0.7473618314,-0.005947142822,[ 1.23827764  3.99105399 -0.37100324],3.363740921,3.309999943,56.04983393,185.5249471
3.365006685,0.7455358746,-0.006044083179,[ 1.42753476  2.78324983 -0.41718694],3.364805937,3.569999933,56.20283318,200.6441107
3.366001129,0.7437112266,-0.006142219759,[ 1.56474469  2.19725885 -0.44706389],3.365811825,0.4999998268,56.57833354,28.28915697
3.367005348,0.7418894858,-0.006262069569,[ 1.67027481  1.92502219 -0.46900895],3.366810083,-1.529999956,56.76566633,-86.85146701
3.368051529,0.7400721451,-0.00638840669,[ 1.74199596  1.78158285 -0.49288689],3.367741823,-0.710000053,56.84750048,-40.36172836
3.369004488,0.7382605642,-0.006525826352,[ 1.80288402  1.91193013 -0.50564761],3.368931055,0.2999999672,56.81483396,17.04444833
3.370002031,0.7364559459,-0.006652202984,[ 1.85619762  2.34845612 -0.51295707],3.369946003,1.229999796,56.73016612,69.77809273
3.371002913,0.7346593174,-0.007506342151,[ 1.88444934  3.08092565 -0.52369891],3.370957851,1.800000101,56.59866651,101.8776055
3.372003078,0.7328715158,-0.0075752054,[ 1.88210157  3.70269256 -0.53449826],3.372070074,1.029999763,56.38016637,58.07155799
3.373036385,0.7310931792,-0.007591409425,[ 1.79365273  4.59930529 -0.52139594],3.373062134,0.2900000513,56.29133415,16.32448979
3.374006271,0.7293247417,-0.007557688039,[ 1.68487405  5.00989055 -0.49681242],3.374070883,0.07999995351,56.22683334,4.498144053
3.375002146,0.727566434,-0.007470692747,[ 1.54033961  5.20868092 -0.46071104],3.375185013,-1.029999956,56.32100042,-58.01062798
3.375999689,0.7258182883,-0.007335573384,[ 1.43206874  5.24851842 -0.43264839],3.37618494,-1.109999895,56.45000076,-62.65949493
3.377019167,0.7240801473,-0.00714787886,[ 1.34252844  4.99011783 -0.407066  ],3.377187967,-1.470000155,56.75266647,-83.42642853
3.378003359,0.7223516777,-0.006934692744,[ 1.25538957  4.40877786 -0.38301582],3.378124952,-1.3400001,57.05866687,-76.45861933
3.379036427,0.7206323865,-0.006689826748,[ 1.12532259  3.996072   -0.35273991],3.379308939,-1.109999724,57.37266604,-63.68364346
3.379999876,0.7189216408,-0.006431809383,[ 0.99409082  3.68715579 -0.32652795],3.379308939,-0.9499998838,57.59016673,-54.7106517
3.381034136,0.7172186903,-0.006166204176,[ 0.90924757  3.28658184 -0.31161615],3.380308867,-1.080000177,57.92266655,-62.55649013
3.382037401,0.715522691,-0.005911786449,[ 0.85320848  3.32781357 -0.29109623],3.381357908,-0.4199998602,58.32750003,-24.49754186
3.38300252,0.7138327307,-0.005656472938,[ 0.84981351  3.52864821 -0.2691912 ],3.382432938,0.3899998367,58.52366702,22.82422058
3.384035349,0.7121478555,-0.005428013189,[ 0.9043848   4.02013057 -0.25549151],3.383435965,2.280000061,58.56199964,133.5213627
3.385046482,0.710467096,-0.005191952889,[ 0.95070723  4.58865344 -0.25326659],3.384444714,3.390000075,58.34199969,197.7793833
3.386047602,0.7087894935,-0.00496551708,[ 0.97622537  5.21237622 -0.2554621 ],3.38537097,3.009999916,57.7753334,173.9037487
3.3870399,0.707114125,-0.004743168906,[ 0.98875071  5.69599294 -0.27767967],3.386567831,2.540000021,57.14666684,145.152535
3.388038397,0.7054401274,-0.00449380027,[ 1.01701105  5.80200955 -0.31301206],3.387578011,2.089999959,56.58249982,118.2574223
3.389036417,0.7037667193,-0.004232707728,[ 1.06083575  5.55755427 -0.32313513],3.388568878,1.579999968,56.20183245,88.7988935
3.390034676,0.7020932211,-0.00395760555,[ 1.1413613   4.90778929 -0.32169705],3.389497042,0.8899998665,56.00533295,49.84473885
3.391049147,0.7004190724,-0.003682297407,[ 1.22159543  4.04461319 -0.32547178],3.390684843,0.359999761,56.04099973,20.17474651
3.392039776,0.6987438469,-0.003416456641,[ 1.2820739   3.27608367 -0.33733429],3.391682863,0.2999999374,56.21350034,16.86404658
3.393038988,0.6970672648,-0.003174147371,[ 1.31238574  2.66594778 -0.35807437],3.392688036,-0.0300001204,56.41950035,-1.692591804
3.394035816,0.6953892009,-0.002963234408,[ 1.31180585  2.27665386 -0.39134614],3.393725872,0.03999999166,56.5638326,2.262552832
3.394998789,0.6937096916,-0.00278872544,[ 1.29691096  2.32411135 -0.41316953],3.394809008,0.1399998963,56.62216695,7.927097501
3.395997763,0.6920289373,-0.002667518867,[ 1.30029937  2.58568247 -0.42234579],3.395806789,1.29000023,56.60816638,73.02454765
3.397008419,0.6903473027,-0.002590932242,[ 1.30274096  3.03403503 -0.4200765 ],3.396734953,1.239999697,56.59016609,70.17178879
3.39799881,0.688665314,-0.002559825689,[ 1.31357797  3.72427843 -0.41269525],3.397937775,2.069999874,56.56266658,117.0847127
3.399010897,0.6869836535,-0.002564439566,[ 1.61932803  4.31505183 -0.54084797],3.398936033,1.379999816,56.58233325,78.08360949
3.400011063,0.685303152,-0.002589261441,[ 2.18839511  4.95378281 -0.85327925],3.399933815,0.2599997967,56.63166618,14.7242217
3.401035786,0.6836247785,-0.002591747397,[ 1.99698057  5.28747127 -0.94390564],3.400947809,-0.9099999368,56.78366661,-51.67313303
3.40204072,0.6819496285,-0.00251473944,[ 1.46912854  5.1803504  -0.70854926],3.401873112,-1.029999942,56.96533267,-58.67428932
3.402999401,0.6802789102,-0.002422835853,[ 1.16464804  4.89231324 -0.55421544],3.402871847,-2.760000259,57.22316678,-157.9359551
3.404010534,0.6786139295,-0.003150321318,[ 1.04238393  4.34783917 -0.42987348],3.404060125,-2.690000013,57.70633443,-155.2300403
3.405004263,0.6769560741,-0.00315183769,[ 1.08380436  3.84380794 -0.33652711],3.405061007,-3.810000196,58.08083344,-221.2879868
3.405999422,0.6753067964,-0.003196150721,[ 1.01109856  3.18086731 -0.23938304],3.406067848,-5.569999874,58.85516612,-327.8232678
3.407040119,0.6736675964,-0.003277674591,[ 0.85276835  2.42128912 -0.18947149],3.407069921,-5.999999702,59.59183311,-357.5509809
3.408009529,0.6720400035,-0.003409521806,[ 0.68453918  1.81745932 -0.17823229],3.408074856,-6.779999882,59.68450038,-404.6609055
3.409000874,0.6704255597,-0.003586517301,[ 0.59916677  1.28015423 -0.1931722 ],3.409080982,-6.620000213,59.70849991,-395.2702821
3.409999371,0.6688258015,-0.003806048304,[ 0.61967374  0.88366061 -0.2211506 ],3.410185814,-6.320000231,59.70216688,-377.3177085
3.410999298,0.6672422434,-0.004052311789,[ 0.60490823  0.50411205 -0.1966645 ],3.411185026,-6.439999908,59.71400007,-384.5581549
3.411999702,0.6656763615,-0.004291028722,[ 0.57780107  0.37271586 -0.13816721],3.412187099,-6.630000263,59.70583407,-395.8496956
3.413017035,0.664129578,-0.004550607017,[ 0.60660315  0.48427206 -0.09831906],3.413124084,-5.920000345,59.71283404,-353.4999981
3.413998842,0.6626032471,-0.004815463063,[ 0.71340363  0.72871251 -0.09911376],3.413124084,-5.630000353,59.68983396,-336.0537863
3.415001631,0.6610986409,-0.005054609909,[ 0.7800917   1.08396912 -0.13261379],3.414309978,-6.360000104,59.69316737,-379.6485507
3.416038036,0.6596169376,-0.005235715146,[ 0.83903545  1.64727704 -0.17797431],3.415311098,-6.490000099,59.66866684,-387.2496537
3.417035341,0.6581592107,-0.005363245334,[ 0.88727964  1.82885024 -0.21951884],3.416357994,-6.5200001,59.69816717,-389.2320559
3.418042898,0.6567264187,-0.005416012133,[ 0.94233635  1.87924486 -0.24165575],3.417439938,-6.650000334,59.70050112,-397.0083524
3.419006348,0.655319397,-0.005405834866,[ 0.98109597  1.92832539 -0.24839436],3.418446064,-7.800000072,59.69999949,-465.6600003
3.420039177,0.653938851,-0.005355661204,[ 0.99912341  1.93394875 -0.26244779],3.419484854,-7.769999921,59.70466677,-463.9052561
3.421041489,0.6525853499,-0.005261372723,[ 0.98051277  1.80767686 -0.27996273],3.420565844,-8.370000303,59.72250048,-499.8773471
3.422038078,0.6512593227,-0.005117460717,[ 0.93073925  1.53925694 -0.28481018],3.421569824,-9.06000036,59.67083359,-540.6177738
3.42304492,0.6499610549,-0.00494729701,[ 0.92553134  1.31202549 -0.29289968],3.422568798,-8.899999976,59.6615003,-530.9873512
3.424015522,0.6486906863,-0.00475591653,[ 0.96401082  1.14144789 -0.31031185],3.423497915,-8.110000312,59.68333308,-484.0318499
3.425007105,0.6474482111,-0.004568471748,[ 1.02605134  1.14696805 -0.33578939],3.424683809,-6.380000442,59.59683291,-380.2278203
3.426033735,0.6462334778,-0.004384437976,[ 1.02894434  1.19046952 -0.35611059],3.425689936,-6.64000003,59.64333407,-396.03174
3.427045822,0.6450461909,-0.004189042316,[ 0.9536733   1.20625489 -0.37035676],3.426681042,-7.130000025,59.74000041,-425.9462044
3.42803216,0.6438859141,-0.004003280569,[ 0.89006894  1.18805953 -0.37749585],3.427720785,-7.28000018,59.75550079,-435.0200565
3.429002047,0.6427520736,-0.003828191801,[ 0.82677123  0.90198279 -0.3797796 ],3.42880702,-6.920000166,59.79416656,-413.7756425
3.429999352,0.6416439631,-0.003646465058,[ 0.78711662  0.4548083  -0.36765272],3.429805994,-6.550000072,59.70133336,-391.0437378
3.431000233,0.6405607495,-0.003458040008,[ 0.79721246 -0.10110549 -0.33960744],3.430808067,-6.470000029,59.71966616,-386.3862418
3.432049513,0.639501479,-0.003264248526,[ 0.82309674 -0.65460977 -0.32109633],3.43181777,-6.24999997,59.69583384,-373.0989597
3.433032513,0.6384650852,-0.003069736269,[ 0.85031229 -1.14943502 -0.32065331],3.432749987,-6.340000123,59.70516777,-378.530771
3.434006453,0.6374503963,-0.002863717836,[ 0.836437   -1.56606286 -0.33206535],3.433936119,-5.390000269,59.68833288,-321.7201302
3.434998989,0.6364561446,-0.002654673545,[ 0.78358477 -1.74137298 -0.34461765],3.434947968,-5.650000095,59.70116679,-337.311598
3.435998678,0.6354809753,-0.002440580011,[ 0.74137018 -1.6702313  -0.35419639],3.435878992,-5.460000008,59.70566686,-325.9929416
3.437003613,0.6345234568,-0.002560770008,[ 0.72448643 -1.49871163 -0.35704533],3.437058926,-3.420000076,59.69183413,-204.1460773
3.438009977,0.6335820909,-0.002363975491,[ 0.71370516 -1.03173683 -0.35264892],3.438057899,-3.080000222,59.68383344,-183.8262202
3.439001799,0.6326553239,-0.002171566735,[ 0.72141138 -0.69589244 -0.36170944],3.43906498,-2.610000014,59.68566704,-155.7795918
3.440012217,0.6317415577,-0.001984283612,[ 0.74117624 -0.22053571 -0.38121473],3.440075874,-1.22999987,59.68283335,-73.40987727
3.441007614,0.6308391612,-0.001795073688,[ 0.77802554  0.18213272 -0.4003047 ],3.441074848,-2.080000013,59.69333394,-124.1621354
3.442003012,0.6299464826,-0.001604571612,[ 0.8145279   0.45252799 -0.41590093],3.442185879,-2.610000193,59.69850032,-155.8130974
3.443001747,0.6290618606,-0.001411369504,[ 0.84833673  0.60723067 -0.43392112],3.443185806,-3,59.70416641,-179.1124992
3.444014788,0.6281836371,-0.001214687084,[ 0.86835448  0.52647957 -0.46170587],3.444185972,-2.52000019,59.70416705,-150.4545123
3.445004702,0.6273101689,-0.001021913324,[ 0.85563162  0.13998454 -0.4953825 ],3.445206881,-2.450000066,59.71250025,-146.2956296
3.446002722,0.6264398399,-0.000834172503,[ 0.83262113  0.10029473 -0.51998837],3.445206881,-3.690000106,59.71100044,-220.3335979
3.447006464,0.625571073,-0.0006630851185,[ 0.81013632 -0.39260385 -0.53759842],3.446312904,-2.769999936,59.70566686,-165.3846934
3.448006153,0.6247023418,-0.0005124739548,[ 0.76951219 -0.69202285 -0.56115622],3.44731307,-2.599999785,59.70616595,-155.2360187
3.449001074,0.6238321822,-0.0003891835022,[ 0.72489368 -0.72978743 -0.57556678],3.448307753,-2.079999924,59.69949977,-124.174955
3.450017929,0.6229592032,-0.0002957329442,[ 0.69771252 -0.44153127 -0.5718401 ],3.450263977,-0.8200002313,59.701334,-48.95510769
3.451002359,0.6220820982,-0.0002398319291,[ 0.69820717 -0.26068456 -0.56884865],3.450263977,0.469999969,59.69416809,28.05625715
3.45200181,0.6211996548,-0.0002257786571,[ 0.7211215   0.1684812  -0.58041184],3.451444864,0.6700000167,59.68450101,39.98861667
3.453007698,0.620310765,-0.0002482573018,[ 0.72958375  0.56433476 -0.59884384],3.452437878,0.719999969,59.701334,42.98495863
3.454008341,0.6194144339,-0.0002997889517,[ 0.73335855  0.84644046 -0.63777439],3.453437805,0.2799999714,59.68666585,16.71226473
3.4550488,0.6185097885,-0.0003732455225,[ 0.73739634  0.97961041 -0.66344612],3.454437017,0.2000000477,59.68816694,11.93763623
3.456002712,0.617596085,-0.0004701874062,[ 0.72297755  0.92554702 -0.67759153],3.455368757,-0.01999998093,59.68600019,-1.193718865
3.457032919,0.6166727163,-0.0005918945997,[ 0.62562898  0.60057633 -0.65912165],3.456566811,0.1400001198,59.69350052,8.357097224
3.458039045,0.6157392172,-0.0007433783478,[ 0.47697943  0.01284604 -0.60047996],3.457571983,-0.3700000048,59.69966698,-22.08887707
3.459004402,0.6147952701,-0.0009515353435,[ 0.35857777 -0.5755773  -0.58218645],3.458499908,0.1299999952,59.6825002,7.758724742
3.460046768,0.6138407087,-0.00122064514,[ 0.4504564  -1.06820416 -0.74498311],3.459685087,0.03999999166,59.6754996,2.387019486
3.460999966,0.6128755208,-0.001574438949,[ 0.48930793 -1.48267676 -0.7786278 ],3.460683823,1.120000035,59.6211675,66.77570966
3.462042332,0.61189985,-0.001925301239,[ 0.42060675 -1.84053351 -0.71971814],3.461684942,0.7100001574,59.52216657,42.26074763
3.463014126,0.6109139966,-0.002292496747,[ 0.36771525 -2.04446227 -0.70327979],3.46268487,1.660000026,59.33100001,98.48946157
3.464026928,0.6099184162,-0.002760429018,[ 0.4155049  -2.02192508 -0.74215399],3.463625908,2.270000041,59.02733294,133.9920482
3.465004683,0.6089137181,-0.003245707245,[ 0.45358617 -1.8341206  -0.8173424 ],3.464809895,2.159999907,58.62133344,126.6220748
3.466000557,0.6079006615,-0.003807611856,[ 0.4285797  -1.58053177 -0.85684572],3.465809107,2.120000064,58.22866631,123.4447763
3.467042208,0.6068801505,-0.004345305737,[ 0.41930311 -1.32285022 -0.91479433],3.466747999,1.439999998,57.92216682,83.40792009
3.468003988,0.6058532282,-0.004919070343,[ 0.66668965 -0.93749881 -1.07090562],3.467940092,0.3499999642,57.79766655,20.22918123
3.469001293,0.6048210682,-0.005468212627,[ 0.59210008 -0.83661345 -1.11194992],3.468935013,-0.2400000393,57.86566607,-13.88776213
3.470011473,0.6037849658,-0.005959921939,[ 0.4388152  -0.78277463 -1.0407628 ],3.469881058,-1.100000024,58.04766655,-63.85243459
3.471004248,0.6027463274,-0.006457704213,[ 0.26172253 -0.83685073 -0.86575967],3.471062899,-1.289999962,58.30016645,-75.20721249
3.47200346,0.6017066577,-0.006906661453,[ 0.43466716 -1.16066286 -0.76238816],3.472061872,-1.369999915,58.82550049,-80.59093069
3.473001242,0.600667547,-0.007378989167,[ 0.52215004 -1.71564189 -0.86839474],3.472999096,-1.149999976,59.18316714,-68.0606408
3.474003792,0.5996306559,-0.008026085256,[ 0.58020293 -1.90551543 -1.15456636],3.474183083,-0.2700000405,59.48716736,-16.0615376
3.474998474,0.5985976998,-0.008440583,[ 0.43943954 -2.16340882 -1.24174759],3.475186825,-0.7600000501,59.64166705,-45.32766994
3.476004124,0.5975704314,-0.008791531939,[ 0.31037391 -2.31799861 -1.21849985],3.476187944,-0.25,59.70716731,-14.92679183
3.476999521,0.5965506232,-0.009118427614,[ 0.23103744 -2.31824949 -1.17945152],3.477186918,0.8499999642,59.66916656,50.71878945
3.478004217,0.5955400486,-0.009429821293,[ 0.1665489  -2.19111791 -1.15477352],3.478239775,1.560000002,59.58633359,92.95468055
3.47905302,0.5945404629,-0.009717487752,[ 0.11655645 -1.89477056 -1.15839739],3.479311943,1.560000002,59.38500023,92.6406005
3.480042458,0.5935535833,-0.009970198101,[ 0.07667723 -1.61733742 -1.16420667],3.480313063,1.48999995,59.26150068,88.29963304
3.481001377,0.5925810697,-0.01017292352,[ 0.0693635  -1.36602209 -1.16668597],3.480313063,1.610000074,59.0063324,95.00019952
3.482029438,0.5916245045,-0.0103201205,[ 0.08505166 -1.2289827  -1.17164902],3.481311798,1.539999962,58.82883326,90.59640098
3.483043432,0.5906853739,-0.01040494973,[ 0.11121534 -1.18320528 -1.1839947 ],3.482355833,1.319999933,58.67566617,77.45187543
3.484130859,0.5897650486,-0.01042268646,[ 0.12573628 -1.33236358 -1.20096538],3.483436823,0.1899999976,58.67016729,11.14733164
3.48500371,0.5888647671,-0.01038653135,[ 0.11643831 -1.53107843 -1.21622018],3.484441996,0.2500001192,58.79833285,14.69959022
3.486004114,0.5879856182,-0.0103009461,[ 0.1055414  -1.76553122 -1.22051707],3.485372066,0.219999969,59.05733363,12.99261157
3.487041235,0.5871285265,-0.01018342393,[ 0.09870826 -2.06267721 -1.22296608],3.486570835,-1.209999904,59.44516754,-71.92864702
3.488036871,0.586294239,-0.01003560297,[ 0.10841743 -2.31616385 -1.22825612],3.487570047,-1.87000002,59.67816671,-111.5981729
3.489042044,0.5854833137,-0.009907512081,[ 0.11491879 -2.58068137 -1.24494021],3.488607883,-1.779999852,59.7253329,-106.3110837
3.490003109,0.5846961104,-0.009757314174,[ 0.13306797 -2.75441501 -1.2764833 ],3.48968792,-1.099999964,59.72916603,-65.7020805
3.491038084,0.583932784,-0.009600159877,[ 0.14319445 -2.73600526 -1.30263356],3.490683079,-0.4600000083,59.72650019,-27.47419059
3.492000103,0.5831932804,-0.009444092436,[ 0.14233608 -2.52599946 -1.31532068],3.491722822,-0.01999995299,59.73316701,-1.194660532
3.492999315,0.5824773349,-0.009279848442,[ 0.13152276 -2.13929238 -1.32354947],3.492807865,0.6600000039,59.73149999,39.42279022
3.494045496,0.5817844734,-0.009115661117,[ 0.12004135 -1.79569697 -1.32583178],3.493808985,0.8400000297,59.72766622,50.1712414
3.494999886,0.5811140171,-0.008925234058,[ 0.11129575 -1.46504808 -1.32577957],3.494740963,0.4600000829,59.72083346,27.47158834
3.496003151,0.5804650887,-0.008732545304,[ 0.10678548 -1.2041581  -1.33960037],3.495933771,0.2300000489,59.72399902,13.73652269
3.497036934,0.5798366232,-0.008509724626,[ 0.11422143 -1.13482278 -1.37337511],3.496939898,-0.460000053,59.73266729,-27.47703012
3.498021364,0.5792273796,-0.008247449295,[ 0.12399635 -1.21770182 -1.40251629],3.497875929,-0.9299999774,59.7360007,-55.5544793
3.499009371,0.5786359569,-0.007978611129,[ 0.13260988 -1.49593935 -1.41701619],3.499059916,-1.169999957,59.74166679,-69.89774758
3.500005484,0.578060811,-0.007673060518,[ 0.13888701 -1.75834097 -1.41656369],3.500062943,-1.309999943,59.73266665,-78.2497899
3.501002789,0.577500275,-0.007347357763,[ 0.14186699 -2.06087596 -1.41105212],3.501074076,-0.9699999988,59.73716672,-57.94505165
3.502000809,0.5769525804,-0.007047616554,[ 0.15008073 -2.33402066 -1.39927753],3.502112865,0.1000000238,59.73199908,5.973201332
3.503000498,0.5764158807,-0.00637013662,[ 0.16206425 -2.44013312 -1.39358864],3.503182888,0.160000056,59.71750069,9.554803456
3.504016876,0.5758882758,-0.00609106783,[ 0.1635165  -2.50877692 -1.40335128],3.504188061,0.7899999619,59.69666672,47.16036443
3.505020142,0.5753678377,-0.005842134389,[ 0.16036846 -2.40874504 -1.43203366],3.505190134,1.790000051,59.60833359,106.6989202
3.506006241,0.5748526356,-0.005625438837,[ 0.13844801 -2.18823795 -1.45116747],3.506191015,2.410000036,59.49599965,143.3853613
3.507009983,0.5743407629,-0.005438361083,[ 0.10936906 -1.9261406  -1.44947729],3.50720787,2.119999982,59.28500048,125.6842
3.508000851,0.5738303622,-0.005277392457,[ 0.0877296  -1.72357875 -1.44529142],3.50720787,2.090000071,59.10000038,123.519005
3.509002209,0.5733196503,-0.005143449904,[ 0.07996612 -1.56256173 -1.43157586],3.508312941,1.890000027,58.79466693,111.1219221
3.510002375,0.5728069425,-0.005028032117,[ 0.07308274 -1.55803221 -1.41059319],3.509315968,1.719999962,58.49199994,100.6062377
3.511001348,0.5722906743,-0.00492629993,[ 0.07464675 -1.65929918 -1.40891067],3.510312796,1.330000013,58.22566668,77.44013745
3.512003422,0.5717694222,-0.004840912811,[ 0.0702656  -1.84571831 -1.41760732],3.511316776,0.8399999812,58.0661672,48.77557935
3.513003111,0.5712419219,-0.004768788935,[ 0.06681192 -2.21532792 -1.43754666],3.513247967,0.4500000253,58.05066617,26.12280125
3.514044523,0.5707070843,-0.004713750654,[ 0.06045237 -2.39672883 -1.45925306],3.513247967,0.3200000003,58.10216649,18.5926933
3.51504755,0.5701640083,-0.004682231128,[ 0.05236485 -2.65468417 -1.46561166],3.51443696,0.4300000034,58.2076664,25.02929675
3.516004562,0.5696119911,-0.004680267446,[ 0.03815146 -2.76526389 -1.4590555 ],3.515445948,0.7100000121,58.24966685,41.35726417
3.517001152,0.5690505355,-0.004711857607,[ 0.00542608 -2.79006693 -1.45849186],3.516369104,1.420000035,58.18900045,82.62838269
3.518001556,0.5684793536,-0.004780056483,[-0.0262532  -2.64421597 -1.46993762],3.517567873,1.880000003,57.97783343,108.998327
3.519004822,0.567898368,-0.004879418943,[-0.05044522 -2.39049756 -1.48218894],3.518574953,2.559999987,57.62133408,147.5106145
3.520044088,0.5673077092,-0.004996948345,[-0.07304859 -2.1091915  -1.50031927],3.519500017,2.429999962,57.15700022,138.8915084
3.52104044,0.5667077102,-0.005135707206,[-0.09509228 -1.84712879 -1.51557882],3.520689011,2.570000052,56.66650009,145.6329082
3.522000313,0.5660988981,-0.005283227693,[-0.11217908 -1.6658704  -1.52729986],3.521687984,2.230000004,56.27050018,125.4832156
3.523043871,0.5654819834,-0.005432469028,[-0.13686236 -1.54304201 -1.53105748],3.52272892,1.779999971,56.0309995,99.73517751
3.524015188,0.5648578455,-0.005584252286,[-0.16354383 -1.56891243 -1.53607799],3.523813963,0.9200000111,56.06816737,51.5827146
3.525040627,0.5642275175,-0.005723484291,[-0.20344051 -1.75358063 -1.54803009],3.524812937,0.4799999893,56.23600006,26.99327943
3.526000023,0.5635921676,-0.005853409914,[-0.25433104 -1.99369948 -1.56342206],3.525746822,-0.2799999826,56.50766627,-15.82214557
3.527001381,0.5629530796,-0.005993462826,[-0.2991225  -2.36998269 -1.5822546 ],3.526936054,-0.4300000053,56.70616659,-24.38365193
3.52799964,0.5623116323,-0.006127147595,[-0.319895   -2.78252403 -1.59493043],3.52793479,-0.3999999464,56.82133357,-22.72853038
3.529000998,0.5616692769,-0.006276822771,[-0.32764484 -3.12586748 -1.6012421 ],3.52886796,-0.03000000678,56.88749949,-1.70662537
3.530002356,0.5610275149,-0.006424688171,[-0.35219686 -3.33165706 -1.60918628],3.529874802,1.070000026,56.81933276,60.79668755
3.531002522,0.5603878749,-0.00658848227,[-0.36810131 -3.33810603 -1.61917203],3.530951738,1.219999973,56.68749936,69.15874768
3.532005072,0.5597518905,-0.006764187582,[-0.38189205 -3.19897051 -1.64433023],3.532063961,1.750000015,56.46449916,98.81287436
3.532998085,0.5591210779,-0.006947439647,[-0.38791561 -2.87636731 -1.66980928],3.533065796,2.459999949,56.08216667,137.9621271
3.534000874,0.5584969144,-0.007128301332,[-0.38328994 -2.39932462 -1.68670429],3.534116983,2.150000036,56.03049978,120.4655765
3.535001516,0.5578808188,-0.007293572806,[-0.38576941 -2.06057963 -1.70021759],3.535192013,1.60999997,56.15016683,90.40176689
3.53600812,0.5572741319,-0.007433636771,[-0.40381051 -1.77201966 -1.70911232],3.536189795,0.7299999893,56.37433306,41.15326253
3.537002802,0.5566781005,-0.007209001383,[-0.43501986 -1.53934031 -1.70902601],3.537191868,0.3199999966,56.55483309,18.0975464
3.53800106,0.5560938613,-0.007267109602,[-0.47946503 -1.4743741  -1.71662033],3.538197994,-0.1200000029,56.69683329,-6.80362016
3.539004087,0.5555224285,-0.007284958791,[-0.51698191 -1.59800585 -1.7275996 ],3.539222002,-0.7200000063,56.8313338,-40.91856069
3.540004492,0.5549646828,-0.00726493418,[-0.5443706  -1.92691579 -1.73699407],3.540208101,-1.029999994,57.01683299,-58.72733762
3.541005611,0.5544213628,-0.007213031121,[-0.55224988 -2.33545002 -1.75141896],3.541101933,-1.049999977,57.2001667,-60.06017369
3.542003155,0.5538930591,-0.007136165741,[-0.56425257 -2.53774242 -1.76644698],3.541101933,-1.199999999,57.41766675,-68.90120006
3.543000221,0.5533802103,-0.007041150403,[-0.5799015  -2.9383435  -1.78824731],3.54231286,-1.080000015,57.75699997,-62.37756083
3.544005394,0.5528831019,-0.006938575718,[-0.60803848 -3.16030203 -1.79433437],3.544250011,-0.2500000056,58.20750046,-14.55187544
3.545042753,0.5524018671,-0.006837658003,[-0.63769105 -3.25917666 -1.80176204],3.544250011,0.3200000003,58.41716703,18.69349347
3.546039343,0.5519364897,-0.006748743996,[-0.65869008 -3.15851605 -1.80963241],3.545447111,1.410000008,58.51383336,82.50450549
3.54700613,0.5514868098,-0.006671550925,[-0.67372477 -2.93337816 -1.82482214],3.546447992,1.909999967,58.383166,111.5118451
3.54804635,0.5510525304,-0.006598333042,[-0.67912568 -2.59924477 -1.8579129 ],3.547371864,2.249999968,58.10999997,130.7474981
3.549039841,0.5506332267,-0.006518882934,[-0.6843975  -2.21662698 -1.88718761],3.548579931,1.809999984,57.74349976,104.5157336
3.550042152,0.5502283561,-0.006429289886,[-0.68266416 -1.92541429 -1.91430428],3.549574137,1.379999999,57.40816689,79.22327024
3.551021099,0.5498372703,-0.00632617018,[-0.68039578 -1.73302065 -1.9353672 ],3.550503731,0.6900000107,57.16533279,39.44408024
3.552013636,0.5494592276,-0.006194336374,[-0.66969797 -1.71874137 -1.95397112],3.551687002,-0.1299999859,57.04749934,-7.416174111
3.553013802,0.5490934071,-0.006050369783,[-0.65597865 -1.86468919 -1.97483193],3.552685976,-0.5499999784,57.05933317,-31.38263201
3.554013014,0.5487389226,-0.005889923685,[-0.6481532  -2.16157383 -1.99549578],3.553734064,-0.5399999991,57.16650009,-30.86991
3.555015087,0.548394837,-0.00572793385,[-0.65872687 -2.554831   -2.00780253],3.554818869,-0.1799999792,57.35316722,-10.32356891
3.556012154,0.5480601775,-0.005567301872,[-0.66816194 -2.89808029 -2.03595375],3.555814981,0.1100000106,57.59866651,6.335853925
3.55701232,0.5477339498,-0.005422296398,[-0.67728856 -3.22060573 -2.07097088],3.556748867,0.7299999855,57.83416684,42.21894096
3.558010578,0.5474151524,-0.005299962276,[-0.70303754 -3.42556432 -2.10995697],3.557935953,1.14999998,58.00066757,66.70076654
3.559022188,0.5471027905,-0.005210967294,[-0.71649161 -3.43467732 -2.13448607],3.558935881,1.50999999,58.02833303,87.62278232
3.560011864,0.5467958884,-0.005163008873,[-0.72844132 -3.30101445 -2.14067136],3.559935808,2.160000026,57.87066714,125.0006425
3.561019897,0.546493502,-0.005151707696,[-0.73265028 -3.03747276 -2.13937833],3.560881138,2.210000008,57.5600001,127.2076007
3.562016964,0.5461947298,-0.005173382202,[-0.73160665 -2.672451   -2.15243228],3.562062025,2.280000061,57.24333318,130.5148031
3.563009739,0.5458987221,-0.005219843049,[-0.7372608  -2.4272896  -2.17266107],3.563065052,1.700000018,56.77683385,96.52061856
3.564018965,0.5456046895,-0.005276596369,[-0.74753909 -2.15522051 -2.19869248],3.56406498,0.680000037,56.5385011,38.44618284
3.565014362,0.5453119104,-0.005337159221,[-0.75708502 -2.05467608 -2.21310558],3.565069914,0.4500000365,56.39716657,25.37872702
3.566012621,0.5450197357,-0.005393592721,[-0.76027461 -2.09599214 -2.23046945],3.566064119,-0.6800000034,56.45833397,-38.39166729
3.567013264,0.5447275936,-0.005443622354,[-0.76923141 -2.26657108 -2.24437866],3.5670681,-0.7700000051,56.62316704,-43.59983891
3.568008423,0.5444349913,-0.005486255658,[-0.77858746 -2.45961351 -2.25435795],3.568187952,-0.9099999778,56.8858331,-51.76610686
3.569014549,0.5441415168,-0.005527973911,[-0.79305427 -2.84659761 -2.26836163],3.569190025,-0.7399999928,57.12166723,-42.27003333
3.570010424,0.5438468377,-0.005578124015,[-0.79730314 -3.24491558 -2.29937084],3.570189953,-0.3199999798,57.35933367,-18.35498562
3.57101965,0.5435507001,-0.005249339946,[-0.79700792 -3.53889631 -2.32798095],3.571193933,0.5400000103,57.49983342,31.04991064
3.572010994,0.5432529249,-0.005325253889,[-0.78854139 -3.70046664 -2.35518352],3.572191954,1.210000023,57.5056661,69.58185731
3.573010683,0.5429534037,-0.005425089729,[-0.78210916 -3.69275535 -2.38101536],3.572191954,1.609999955,57.35416667,92.34020574
3.574012041,0.5426520938,-0.005546916795,[-0.77680709 -3.53652026 -2.39977984],3.573310852,2.079999972,57.04766655,118.6591448
3.575011969,0.5423490116,-0.005688088214,[-0.77812611 -3.22140043 -2.40428653],3.574312925,2.339999989,56.77749952,132.8593482
3.57601285,0.5420442256,-0.005835713288,[-0.7889269  -2.86150825 -2.4049793 ],3.575314045,2.439999931,56.34116681,137.4724431
3.577012777,0.5417378493,-0.005983635917,[-0.80750342 -2.46207294 -2.41841559],3.577266932,1.960000023,56.02066612,109.8005069
3.578022718,0.5414300327,-0.00612382043,[-0.83136335 -2.22541913 -2.43490406],3.577266932,1.470000029,56.01266607,82.33862072
3.579013586,0.5411209548,-0.006247783281,[-0.85484676 -2.05533504 -2.46212287],3.578444004,0.9499999993,56.14166641,53.33458305
3.580020905,0.540810815,-0.006352048709,[-0.86714504 -2.03102507 -2.48322094],3.579441071,0.480000006,56.43716685,27.08984043
3.581008911,0.5404998252,-0.006431303409,[-0.86362322 -2.1806481  -2.49001658],3.580441952,0.08999999426,56.61333338,5.09519968
3.582016468,0.5401882025,-0.006487608255,[-0.85518383 -2.43155608 -2.48666113],3.58137393,0.1599999852,56.76900037,9.083039222
3.583009958,0.5398761616,-0.006527313572,[-0.85467278 -2.77299714 -2.48064622],3.582571983,0.2399999946,56.82449977,13.63787964
3.584032536,0.5395639087,-0.006565755683,[-0.8600115  -3.05337653 -2.47884907],3.583571911,0.569999963,56.84916751,32.40402338
3.58501792,0.5392516357,-0.006612184747,[-0.86447131 -3.24637213 -2.48483466],3.584575891,1.25,56.78800011,70.98500013
3.586012125,0.5389395154,-0.006675327489,[-0.87073135 -3.3151393  -2.49007767],3.585686922,2.170000058,56.65766652,122.9471396
3.587011337,0.5386276976,-0.006754444775,[-0.8813721  -3.24954969 -2.49200148],3.586685896,2.710000053,56.40566635,152.8593588
3.588009834,0.5383163071,-0.006852541851,[-0.89393898 -3.01088604 -2.48712886],3.587728024,3.239999998,56.12416585,181.8422973
3.589011908,0.5380054411,-0.006960762202,[-0.90906968 -2.59859578 -2.48229196],3.58881402,3.490000024,55.94766617,195.2573563
3.590008736,0.5376951696,-0.00707551132,[-0.93055617 -2.16518549 -2.49077744],3.589812994,2.980000049,55.94383303,166.7126252
3.591011763,0.5373855358,-0.007184553282,[-0.95767913 -1.80236148 -2.50417174],3.590745926,2.50000003,56.12983322,140.3245847
3.592010021,0.5370765581,-0.007277789636,[-0.97929963 -1.55046234 -2.51316297],3.591938019,1.929999977,56.35116704,108.7577511
3.593013763,0.5367682323,-0.007350198854,[-0.98332074 -1.50334558 -2.5212031 ],3.592936754,1.130000003,56.53616714,63.88586903
3.594011068,0.5364605364,-0.007399960737,[-0.97036556 -1.61421857 -2.5148463 ],3.593938112,0.8599999622,56.64783351,48.71713467
3.595013618,0.5361534341,-0.007426948383,[-0.95350025 -1.8599097  -2.50628911],3.594872952,0.9399999902,56.71750005,53.31444949
3.596012115,0.5358468807,-0.007433246507,[-0.9343722  -2.16914734 -2.49485673],3.596062899,0.8499999791,56.77500025,48.25874903
3.597012043,0.535540829,-0.007428460571,[-0.92656226 -2.54779592 -2.48914271],3.597062111,1.430000052,56.785333,81.20302913
3.598008394,0.5352352348,-0.007424015296,[-0.92841105 -2.79159201 -2.49291252],3.598109722,1.710000023,56.75033251,97.04306992
3.599014521,0.5349300638,-0.007431063535,[-0.93774812 -2.92266157 -2.50111287],3.599189997,2.419999965,56.64800008,137.0881582
3.600012064,0.5346252976,-0.00745816285,[-0.94470425 -2.97712274 -2.51470644],3.600188732,2.929999955,56.54649989,165.6812421
3.6010077,0.5343209402,-0.007507883948,[-0.95145077 -2.8819466  -2.52825697],3.601197004,3.459999986,56.42533302,195.2316515
3.602010489,0.5340170232,-0.007575551638,[-0.96314237 -2.71581526 -2.5394388 ],3.601197004,3.440000037,56.41016642,194.0509746
3.603009224,0.5337136115,-0.007657988189,[-0.96576267 -2.54578684 -2.5392133 ],3.60231185,3.479999974,56.40883319,196.302738
3.604018688,0.5334108073,-0.007750645508,[-0.97072837 -2.27995856 -2.50985558],3.603313923,2.550000027,56.47200076,144.0036034
3.605015278,0.5331087541,-0.007381232613,[-0.9692685  -2.09404566 -2.48283197],3.604312897,2.519999951,56.48983383,142.3543785
3.606008768,0.5328076392,-0.007472879489,[-0.97253166 -2.00057587 -2.46102312],3.60531497,1.209999986,56.62983322,68.5220974
3.607014418,0.5325076948,-0.007557075805,[-0.9840565  -1.9361083  -2.44703424],3.606317997,0.7199999988,56.71683248,40.83611932
3.608015776,0.532209199,-0.007629449506,[-1.00630982 -2.00520366 -2.44140721],3.607326746,0.1200000271,56.84749985,6.821701523
3.609010696,0.5319124743,-0.007686670129,[-1.02675589 -2.19899813 -2.44199814],3.608442068,-0.02999996021,57.00216675,-1.710062735
3.610014915,0.5316178857,-0.007732838375,[-1.04046721 -2.45732103 -2.44154332],3.609445095,-0.1400000267,57.21816762,-8.010544993
3.61101079,0.5313258372,-0.007772749802,[-1.05308258 -2.68448647 -2.42734456],3.610445023,0.3500000089,57.44183413,20.10464246
3.612010956,0.5310367677,-0.007810611996,[-1.06107933 -2.85323918 -2.41063945],3.611450911,0.6300000213,57.61383311,36.29671609
3.613011837,0.5307511446,-0.007852517087,[-1.06551471 -2.9314416  -2.39222894],3.612444162,1.350000042,57.65583356,77.83537776
3.614010572,0.5304694579,-0.007901062032,[-1.0708452  -2.89133324 -2.37569023],3.61341095,1.740000047,57.58183352,100.192393
3.615015507,0.5301922125,-0.00795644428,[-1.07104693 -2.70591726 -2.37123737],3.614573956,2.25,57.30783208,128.9426222
3.61601615,0.52991992,-0.008016217648,[-1.07293891 -2.50186289 -2.37086058],3.615573883,2.460000016,56.89783287,139.9686698
3.617013216,0.5296530899,-0.00807200566,[-1.07409369 -2.25671404 -2.37625698],3.616507053,2.350000001,56.56699944,132.9324488
3.618012428,0.5293922213,-0.008117337655,[-1.07966909 -2.04961987 -2.37737717],3.617690086,2.06999997,56.22116597,116.3778119
3.619011641,0.5291377932,-0.008144026125,[-1.09108909 -1.92283101 -2.3723274 ],3.618688822,1.69000002,56.07566643,94.76787738
3.620010138,0.528890256,-0.008146594775,[-1.10838578 -1.86674524 -2.36318601],3.619730711,1.219999991,56.16066615,68.51601222
3.621010303,0.5286500228,-0.008124096736,[-1.1175182  -1.93876341 -2.35645176],3.620815039,0.780000031,56.39749908,43.99005103
3.622013092,0.5284174613,-0.008077174427,[-1.11877629 -2.09346876 -2.34478741],3.62181592,0.5599999782,56.65633329,31.7275454
3.623008728,0.5281928868,-0.008009289638,[-1.11446263 -2.2960624  -2.34049102],3.622749805,0.4600000232,56.86500041,26.15790151
3.624017954,0.5279765554,-0.007926129112,[-1.10996501 -2.5317063  -2.33554913],3.623939991,0.9800000321,56.98033333,55.84072849
3.625012636,0.5277686592,-0.007835710525,[-1.10647798 -2.70014954 -2.33054459],3.624935865,1.119999982,57.03633372,63.88069276
3.626010418,0.5275693216,-0.00774661136,[-1.10540497 -2.77598501 -2.32416468],3.625876904,1.850000013,57.05833244,105.5579157
3.627012253,0.5273785953,-0.007665657629,[-1.10024461 -2.77092338 -2.31716929],3.627061844,1.670000017,57.06116613,95.29214839
3.62801075,0.52719646,-0.007596748098,[-1.09789444 -2.72913989 -2.30717184],3.628062963,2.040000007,56.85999997,115.9944003
3.629009962,0.5270228232,-0.007542453453,[-1.09903672 -2.61063541 -2.30479294],3.629019022,2.080000058,56.59849993,117.7248831
3.63001132,0.5268575213,-0.00749918535,[-1.10898531 -2.48036364 -2.30007309],3.630019903,1.950000048,56.41400019,110.0073031
3.631009102,0.5267003224,-0.007463510925,[-1.12850188 -2.39590042 -2.28846991],3.631186724,1.780000016,56.20883242,100.0517226
3.632009268,0.5265509308,-0.007433188765,[-1.1444252  -2.26498861 -2.27640382],3.632194042,1.209999949,56.28566678,68.10565392
3.633013487,0.5264089918,-0.007402429658,[-1.16615061 -2.20220198 -2.267396  ],3.633219004,0.780000031,56.41066615,44.00032134
3.634013891,0.526274099,-0.007365102386,[-1.19166803 -2.16782814 -2.26422821],3.633219004,0.4999999553,56.58999952,28.29499723
3.635011911,0.526145801,-0.00731898997,[-1.21535122 -2.18342647 -2.27049904],3.634317875,0.5700000189,56.75883293,32.35253585
3.636011124,0.5260236102,-0.007263744598,[-1.23183326 -2.23579552 -2.277036  ],3.635314941,0.270000061,56.92533302,15.36984339
3.637013912,0.5259070113,-0.007197517118,[-1.2352644  -2.35125941 -2.27484315],3.637264013,0.3099999726,57.08749962,17.69712332
3.63801527,0.5257954705,-0.007121973594,[-1.23343111 -2.42068088 -2.26884887],3.637264013,0.8900000546,57.16816648,50.87967129
3.639011383,0.5256884447,-0.006683091642,[-1.2310464  -2.49403711 -2.26059662],3.638439894,1.21000002,57.20349948,69.21623548
3.640011072,0.525585391,-0.006601658227,[-1.23065936 -2.50836682 -2.25581634],3.639444828,1.819999972,57.11600049,103.9511193
3.641026258,0.5254857754,-0.006525256446,[-1.23584738 -2.46928681 -2.2556473 ],3.640451908,2.129999956,56.8774999,121.1490723
3.642012358,0.5253890813,-0.006455938071,[-1.24071078 -2.39368234 -2.26395546],3.64149189,2.540000066,56.53499921,143.5989017
3.643018961,0.5252948174,-0.006395601067,[-1.24305157 -2.27159985 -2.27466219],3.642576933,2.680000052,56.16016579,150.5092472
3.644026756,0.5252025243,-0.006343515135,[-1.24423918 -2.14406581 -2.28987634],3.643571854,2.830000028,55.96899986,158.3922712
3.645014524,0.5251117809,-0.006298165071,[-1.24000486 -2.01049256 -2.29907568],3.644481897,2.239999965,56.02549934,125.4971166
3.64601469,0.5250222088,-0.006258410464,[-1.23114828 -1.91103141 -2.29740855],3.645689011,1.550000045,56.22899946,87.15495171
3.647053719,0.524933476,-0.00621777187,[-1.22276655 -1.87533945 -2.29016642],3.646686792,0.8999999911,56.51050059,50.85945003
3.648006439,0.5248452996,-0.006174824382,[-1.21674118 -1.9186584  -2.27957552],3.647731781,0.4899999965,56.70400047,27.78496003
3.649036407,0.5247574462,-0.00613077468,[-1.21534814 -2.06479249 -2.27154743],3.648814917,0.4399999641,56.8301665,25.00527122
3.650002718,0.5246697326,-0.006086431698,[-1.22700278 -2.20854439 -2.27698443],3.649814844,0.7100000028,56.88733292,40.39000653
3.6510427,0.5245820235,-0.006043392307,[-1.24205341 -2.35508528 -2.27993943],3.650855064,0.830000028,56.93400002,47.25522161
3.652036428,0.5244942298,-0.006009821249,[-1.25257496 -2.45759047 -2.28138317],3.651941061,1.110000029,56.93449974,63.19729637
3.65304184,0.5244063046,-0.005984348235,[-1.25881211 -2.48962393 -2.2829712 ],3.652938843,1.66,56.87116559,94.40613489
3.654051542,0.5243182386,-0.00597449352,[-1.26374912 -2.44979342 -2.28625877],3.653875828,1.759999923,56.70399984,99.79903537
3.654999733,0.5242300556,-0.005980366091,[-1.26820391 -2.3520253  -2.28877281],3.654877901,2.13000001,56.4879996,120.3194397
3.656040192,0.5241418061,-0.006000229572,[-1.27239885 -2.18825166 -2.29546132],3.656061888,2.049999863,56.27633286,115.3664746
3.657052994,0.5240535614,-0.00603116509,[-1.27209695 -2.0081277  -2.29810208],3.657063007,1.989999875,56.11799939,111.6748118
3.658010721,0.5239654075,-0.006068504196,[-1.26799019 -1.84823713 -2.29901394],3.658066034,1.20000004,56.28116671,67.53740232
3.659003973,0.5238774385,-0.006103909666,[-1.2695855  -1.72820057 -2.29746389],3.659114838,1.090000026,56.43199984,61.51088129
3.660037518,0.5237897507,-0.006135782606,[-1.27881589 -1.65924287 -2.29626535],3.660191774,0.7200000286,56.62883186,40.77276056
3.661052465,0.5237024368,-0.006154376848,[-1.28995765 -1.64191558 -2.29961236],3.661197901,0.6999999695,56.74483363,39.72138181
3.662041187,0.5236155807,-0.006156821814,[-1.30055051 -1.69427063 -2.30553331],3.662201881,0.6599999964,56.78933334,37.4809598
3.663049221,0.5235292532,-0.006143298058,[-1.30975309 -1.78757062 -2.31406525],3.663214922,0.779999977,56.8004996,44.30438838
3.664013863,0.523443508,-0.006118114133,[-1.31763616 -1.79600584 -2.32395013],3.663214922,0.8899999782,56.79766591,50.54992143
3.665029764,0.5233583791,-0.006087466972,[-1.31885676 -1.86493202 -2.3356188 ],3.664313078,0.9899999648,56.7689991,56.20130711
3.666008234,0.5232738792,-0.006055881523,[-1.31525375 -1.91828815 -2.34097722],3.665314913,1.320000011,56.73483404,74.88998158
3.667006969,0.5231899987,-0.006024982101,[-1.29957166 -1.92783185 -2.33265188],3.667266846,1.720000058,56.71400007,97.54808343
3.668059349,0.5231067058,-0.005998860069,[-1.28054419 -1.90792563 -2.31954188],3.667266846,1.779999949,56.69166692,100.9111642
3.669041872,0.5230239485,-0.005977184364,[-1.26000364 -1.84941681 -2.3119967 ],3.668442965,1.829999909,56.67716599,103.7192086
3.670044184,0.5229416558,-0.005471199137,[-1.24854837 -1.77042516 -2.31265787],3.669447899,1.770000078,56.66833305,100.3029539
3.671002865,0.5228597418,-0.005458943757,[-1.24624554 -1.67333782 -2.31352249],3.670449018,1.800000042,56.66250038,101.9925031
3.672002792,0.5227781089,-0.00544813911,[-1.244427   -1.58270723 -2.31519624],3.671484709,1.450000033,56.67849986,82.18382665
3.673038244,0.5226966526,-0.005438448083,[-1.24324041 -1.52362947 -2.31600175],3.672572136,1.409999967,56.6976668,79.9437083
3.674044609,0.5226152662,-0.00542665372,[-1.24524613 -1.48967106 -2.31429492],3.673570871,1.169999972,56.71966616,66.36200782
3.675034761,0.5225338463,-0.005412090628,[-1.25308725 -1.49521734 -2.31190663],3.674611807,1.090000018,56.73983383,61.84641993
3.676043749,0.5224522985,-0.005392385589,[-1.26251346 -1.53512261 -2.309115  ],3.675689936,1.129999958,56.75399971,64.13201729
3.677004099,0.522370542,-0.00536612235,[-1.2684469  -1.56952514 -2.31233318],3.676690102,1.11999999,56.76666578,63.57866509
3.678042412,0.5222885156,-0.005335990771,[-1.2677449  -1.60737783 -2.31287739],3.67769289,1.400000054,56.74999936,79.4500022
3.679006815,0.5222061817,-0.005303971883,[-1.26058117 -1.63177458 -2.30268233],3.678631067,1.54999996,56.73099963,87.93304714
3.680040836,0.5221235311,-0.005271401007,[-1.25391144 -1.6092595  -2.28542391],3.6798141,1.790000044,56.70683352,101.5052345
3.681000948,0.5220405863,-0.005241091396,[-1.25226984 -1.56139174 -2.27285461],3.680814028,1.769999914,56.68283335,100.3286102
3.682040691,0.5219574038,-0.005209615512,[-1.25867808 -1.50725924 -2.26265381],3.681744099,1.889999971,56.66466649,107.096218
3.683001757,0.5218740761,-0.005182570568,[-1.26424357 -1.43170338 -2.25573744],3.682953835,1.770000041,56.65750058,100.2837783
3.684010267,0.5217907321,-0.005156797611,[-1.26728741 -1.37629756 -2.24888013],3.683939934,1.620000005,56.67133395,91.80756127
3.685039997,0.5217075369,-0.005135319297,[-1.26408695 -1.3325403  -2.24182817],3.684950829,1.599999979,56.67316691,90.67706587
3.68603158,0.52162469,-0.005113212198,[-1.25491522 -1.30043    -2.23571959],3.685953856,1.37000002,56.68600019,77.65982137
3.687015295,0.5215424223,-0.005091699407,[-1.24518784 -1.2940373  -2.22495773],3.687063932,1.609999999,56.6989994,91.28538901
3.688018799,0.5214609928,-0.005066540229,[-1.23870475 -1.29833367 -2.20481909],3.688061953,1.610000052,56.7033329,91.29236889
3.689020157,0.5213806835,-0.00503818945,[-1.23098273 -1.36879564 -2.17773696],3.689063787,1.459999949,56.70783297,82.79343323
3.69001627,0.5213017937,-0.005008920409,[-1.22399667 -1.40285221 -2.15699007],3.690076113,1.580000028,56.71866671,89.61549499
3.691015482,0.5212246335,-0.004978243703,[-1.21430385 -1.4211964  -2.1380192 ],3.691107988,1.699999973,56.71449979,96.41464812
3.692020893,0.5211495164,-0.004947711252,[-1.20375946 -1.42260346 -2.13220156],3.69218874,1.850000039,56.69566727,104.8869866
3.693047285,0.521076752,-0.004919376494,[-1.19352662 -1.37878077 -2.13303441],3.693193913,2.190000027,56.67183304,124.1113159
3.694011927,0.5210066379,-0.004893623746,[-1.19003424 -1.33293625 -2.13042422],3.694146872,2.170000046,56.66483307,122.9626904
3.695041656,0.5209394515,-0.004869793584,[-1.18943643 -1.29975958 -2.11197098],3.694146872,2.070000023,56.65616671,117.2782664
3.696027994,0.5208754422,-0.004846415811,[-1.18560921 -1.24382485 -2.07439487],3.695316792,2.109999955,56.66016706,119.5529499
3.697058916,0.5208148237,-0.004822134647,[-1.17719573 -1.20208309 -2.03427803],3.69631505,2.060000062,56.65983327,116.7192601
3.698040247,0.520757767,-0.00479916047,[-1.16900773 -1.16643009 -2.00656353],3.697356939,1.930000067,56.65866597,109.3512291
3.699038506,0.5207043937,-0.004773213719,[-1.16434147 -1.14893593 -1.98952554],3.698446989,1.980000049,56.66466713,112.1960437
3.700046539,0.5206547706,-0.004745362559,[-1.16410955 -1.14652367 -1.97612328],3.699443817,1.900000051,56.67599869,107.6844004
3.701024771,0.5206089051,-0.00471108065,[-1.16540538 -1.14560513 -1.96571787],3.700429916,1.969999924,56.67199961,111.6438349
3.702010155,0.5205667422,-0.004675626442,[-1.16854402 -1.16231783 -1.95163595],3.701575041,2.12999998,56.66916593,120.7053223
3.703048706,0.5205281617,-0.004637140599,[-1.17131046 -1.16413036 -1.92508746],3.702574015,2.139999956,56.65916697,121.2506148
3.704007387,0.5204929785,-0.004597631364,[-1.16828327 -1.18780767 -1.88887397],3.703616858,2.389999956,56.63266627,135.3520699
3.705047131,0.5204609424,-0.004561187259,[-1.15509835 -1.2006157  -1.85106299],3.704507113,2.639999911,56.58466657,149.3835147
3.706007719,0.5204317411,-0.004230392108,[-1.14014895 -1.20815263 -1.81137756],3.705692768,3.579999924,56.51616669,202.3278724
3.707052469,0.5204050033,-0.004197209452,[-1.12897805 -1.17118567 -1.77499138],3.706688881,3.589999974,56.4848334,202.7805504
3.708004951,0.5203803044,-0.004171661724,[-1.12038925 -1.11404862 -1.74116514],3.707731962,3.570000023,56.47899946,201.6300293
3.709039211,0.520357172,-0.004149200114,[-1.11342797 -1.02680929 -1.70834559],3.708815098,3.469999909,56.48533376,196.004103
3.710037947,0.5203350942,-0.004132833521,[-1.11033671 -0.9575683  -1.67847893],3.709815979,3.230000019,56.49816767,182.4890827
3.71103549,0.5203135281,-0.004119128392,[-1.10768865 -0.90234851 -1.64118492],3.710823059,3.179999948,56.51300049,179.7113386
3.712039232,0.5202919089,-0.004110018995,[-1.106799   -0.87629187 -1.60774118],3.711757898,3.049999923,56.52800051,172.4103972
3.713004351,0.520269661,-0.004103883698,[-1.11227458 -0.86924023 -1.58652167],3.712940931,3.130000114,56.53266652,176.9472527
3.714037657,0.5202462078,-0.00409988051,[-1.12228339 -0.86197584 -1.57322947],3.713943958,3.019999981,56.54250018,170.7583495
3.715039492,0.5202209833,-0.004095127712,[-1.1311722  -0.85951674 -1.54892076],3.714852095,3.019999951,56.54250018,170.7583478
3.716035366,0.5201934432,-0.004087921984,[-1.13450681 -0.88813334 -1.52776625],3.71585393,3.090000063,56.54350026,174.7194194
3.717037678,0.5201630757,-0.004078558487,[-1.12645201 -0.90231979 -1.48189326],3.717076778,3.149999976,56.54399935,178.1135966
3.71803689,0.5201294116,-0.004068129304,[-1.1150805  -0.8977148  -1.44276087],3.718078852,3.2700001,56.54166667,184.8912557
3.719005585,0.5200920347,-0.004057154344,[-1.10307494 -0.88125148 -1.40464082],3.719064951,3.210000008,56.5246671,181.4441819
3.720048904,0.5200505906,-0.004045165651,[-1.0926874  -0.85712154 -1.37288061],3.720021963,3.389999896,56.51133283,191.5734124
3.721036673,0.5200047943,-0.004031703829,[-1.07854323 -0.85393197 -1.34890331],3.721191883,3.309999943,56.50383377,187.0276865
3.72204113,0.5199544371,-0.004017457938,[-1.06687677 -0.8668637  -1.32072726],3.722192049,3.129999965,56.51883316,176.9039458
3.723041058,0.5198993921,-0.004003919795,[-1.05357258 -0.86964318 -1.27993723],3.723191023,3.169999957,56.52400017,179.1810781
3.724005938,0.5198396175,-0.003989699403,[-1.03994268 -0.8646898  -1.23883545],3.724126816,3.289999992,56.51333364,185.9288672
3.725036144,0.5197751591,-0.003977448075,[-1.03246828 -0.88048751 -1.20127495],3.724126816,3.209999949,56.49449984,181.3473416
3.726002693,0.5197061508,-0.003966245768,[-1.02699589 -0.913188   -1.15997392],3.725313902,3.810000062,56.47333272,215.1634012
3.727041006,0.5196328132,-0.003956472297,[-1.0227496  -0.91981594 -1.12061212],3.727315903,3.919999987,56.44116656,221.2493722
3.728046179,0.5195554513,-0.003948964453,[-1.01902526 -0.90780339 -1.08871682],3.727315903,3.73999995,56.43883387,211.0812359
3.729038477,0.5194744494,-0.003941641172,[-1.01514951 -0.8810697  -1.0549585 ],3.728323936,3.769999892,56.44266637,212.7888461
3.730036736,0.5193902658,-0.003934445523,[-1.00995655 -0.83933629 -1.0201962 ],3.729440928,4.059999943,56.41566722,229.0476057
3.731038809,0.5193034252,-0.003924752382,[-1.0043291  -0.78624544 -0.97757003],3.730448961,4.129999936,56.39716721,232.9202969
3.732039213,0.5192145099,-0.003912661379,[-1.00215701 -0.72251033 -0.94345116],3.731451988,4.139999986,56.38650004,233.4401094
3.733014345,0.5191241508,-0.003896779454,[-1.00028065 -0.66260635 -0.91022025],3.732446909,3.98999992,56.38816706,224.9887821
3.734030247,0.5190330161,-0.003876670826,[-0.9985938  -0.60972125 -0.88298342],3.73344779,4.059999943,56.38099988,228.9068563
3.735041618,0.5189418007,-0.003851690916,[-0.99310542 -0.57241791 -0.84474766],3.734411955,4.080000043,56.37950007,230.0283627
3.736032486,0.5188512145,-0.003822328281,[-0.98216961 -0.53953257 -0.80615462],3.735575914,4.100000083,56.38333321,231.1716709
3.737027645,0.5187619704,-0.003790173254,[-0.97145846 -0.53444333 -0.78000527],3.736575842,3.969999939,56.39449946,223.8861594
3.738046408,0.5186747728,-0.003753700526,[-0.95660687 -0.52635148 -0.74501775],3.737577915,3.799999952,56.40683301,214.3459628
3.739030838,0.5185903062,-0.004905387983,[-0.94117428 -0.54825045 -0.7039318 ],3.738578796,3.829999924,56.42066574,216.0911455
3.74003768,0.518509224,-0.004871021903,[-0.92836945 -0.55621567 -0.6724366 ],3.739506721,3.940000176,56.42033386,222.2961254
3.741038084,0.5184321388,-0.00483717085,[-0.91240618 -0.56115643 -0.64030464],3.740692854,3.880000055,56.41899935,218.9057206
3.742036819,0.5183596131,-0.0048013661,[-0.89903151 -0.58358976 -0.61630932],3.741688967,4.01000005,56.41133308,226.2094485
3.743051052,0.5182921509,-0.004767821233,[-0.88474016 -0.59850599 -0.58952812],3.742733002,3.980000019,56.4034996,224.4859295
3.744005203,0.5182301911,-0.004733451938,[-0.87178133 -0.58368108 -0.55568472],3.743816853,4.25000006,56.38599968,239.640502
3.745037556,0.5181741024,-0.004699041081,[-0.86109652 -0.56625358 -0.51282722],3.744814873,4.720000029,56.35183398,265.980658
3.746037245,0.5181241789,-0.004664173629,[-0.85489039 -0.55159437 -0.4761059 ],3.745746851,4.939999878,56.2998333,278.1211696
3.747040749,0.5180806381,-0.004627679893,[-0.85219187 -0.4914121  -0.45270107],3.746941805,5.189999878,56.26316643,292.0058269
3.748027325,0.5180436196,-0.004591686164,[-0.84926545 -0.44288222 -0.42487754],3.747937918,5.080000103,56.25249926,285.762702
3.749048471,0.5180131864,-0.004549975786,[-0.84842675 -0.35776058 -0.39914417],3.748871088,4.910000026,56.2475001,276.175227
3.750031233,0.5179893265,-0.004505456165,[-0.84381444 -0.29673369 -0.37772402],3.750065088,4.839999974,56.25816663,272.289525
3.751040459,0.517971957,-0.00445700195,[-0.83785773 -0.26170906 -0.35882371],3.75106883,4.969999909,56.27349981,279.6792889
3.752050877,0.5179609284,-0.004407043541,[-0.82961596 -0.26358079 -0.33439451],3.752075911,4.7700001,56.28849983,268.4961498
3.753040075,0.5179560312,-0.004352854505,[-0.81836621 -0.28913437 -0.31211626],3.753189087,4.750000119,56.29449972,267.3988804
3.754035473,0.5179570023,-0.00429894367,[-0.80860863 -0.31543219 -0.29097438],3.754193068,4.699999869,56.3036677,264.6272308
3.755047083,0.5179635334,-0.004244218701,[-0.79799158 -0.34013911 -0.26666786],3.755192995,4.490000069,56.31850052,252.8700712
3.756039619,0.5179752787,-0.004192190179,[-0.78697987 -0.3844216  -0.23998395],3.756190777,4.910000026,56.31666756,276.5148392
3.75704217,0.517991864,-0.004145036957,[-0.76926242 -0.40295623 -0.21443093],3.757127762,5.209999979,56.28733317,293.2570046
3.758038998,0.5180128955,-0.004102245058,[-0.75654844 -0.40049624 -0.19315172],3.758314848,5.159999967,56.27733294,290.3910361
3.759037733,0.5180379688,-0.00406444489,[-0.7487961  -0.37808539 -0.17244362],3.758314848,4.999999881,56.27233315,281.361659
3.760016203,0.518066677,-0.004033048616,[-0.74416974 -0.37220254 -0.15593257],3.759315968,4.870000005,56.26166598,273.9943136
3.761025667,0.5180986194,-0.004007254116,[-0.74055268 -0.38225618 -0.13691289],3.760316133,4.980000019,56.263333,280.1913994
3.762024641,0.5181334085,-0.003986629528,[-0.73549886 -0.35628754 -0.11121424],3.761605024,5.02000016,56.26033338,282.4268826
3.763016462,0.5181706772,-0.003969706514,[-0.72971128 -0.33390466 -0.08793803],3.762316942,5.01000005,56.25933329,281.8592626
3.764018536,0.518210084,-0.003954568757,[-0.72404975 -0.31422778 -0.06653498],3.764249086,4.730000079,56.27283351,266.1705069
3.765015602,0.5182513179,-0.003940193456,[-0.71875043 -0.32095717 -0.04644133],3.764249086,4.590000093,56.28533236,258.3496808
3.766038418,0.5182941024,-0.003926686609,[-0.71280062 -0.34456038 -0.02560148],3.765440941,4.150000095,56.32000033,233.7280067
3.767006397,0.5183381971,-0.003913143691,[-0.70998241 -0.34774828 -0.005299  ],3.766439915,4.079999924,56.3548336,229.9277168
3.76805377,0.5183833999,-0.003898537485,[-0.70782598 -0.35757067  0.01307653],3.767377138,4.020000041,56.37149938,226.6134298
3.769047737,0.5184295463,-0.003883234992,[-0.70540885 -0.38143773  0.02912433],3.768575907,4.230000079,56.36699994,238.4324142
3.770001173,0.5184765086,-0.003868370397,[-0.70097432 -0.37515619  0.04143208],3.769578934,4.350000083,56.34399986,245.0964041
3.771002054,0.518524194,-0.00346233414,[-0.6927571  -0.371144    0.05677669],3.770509005,4.350000024,56.32900047,245.0311534
3.772035122,0.5185725412,-0.003448391606,[-0.68046683 -0.33494621  0.07315741],3.771689892,4.340000033,56.31900024,244.4244629
3.773040295,0.5186215169,-0.003436397214,[-0.66528978 -0.29375241  0.08693709],3.772690773,4.5,56.31050046,253.3972521
3.774003029,0.5186711108,-0.003425876638,[-0.65222428 -0.24660932  0.09252978],3.773731947,4.610000014,56.29400063,259.5153437
3.775005817,0.5187213311,-0.003415882099,[-0.63913232 -0.19720303  0.09985324],3.774815798,4.5,56.29399999,253.323
3.776000977,0.5187721985,-0.003405767115,[-0.6241447  -0.16575644  0.10844903],3.775816917,4.350000083,56.299167,244.9013811
3.777000427,0.5188237412,-0.003394897751,[-0.61198579 -0.1360372   0.11588177],3.776746988,4.199999928,56.3149999,236.5229955
3.778037786,0.5188759891,-0.003382456418,[-0.60289797 -0.13639891  0.12482085],3.777941942,4.079999924,56.33333397,229.8399983
3.779000998,0.5189289684,-0.003367149144,[-0.59407077 -0.13832791  0.14040725],3.77894187,4.020000041,56.34350014,226.5008728
3.780000687,0.5189826968,-0.00334928479,[-0.58452045 -0.14400384  0.15532423],3.779947996,4.01000005,56.35133298,225.9688481
3.780998945,0.5190371794,-0.003328171555,[-0.57635049 -0.1751146   0.16549362],3.780903101,3.950000107,56.36533292,222.6430711
3.782001019,0.5190924043,-0.003301641832,[-0.56979193 -0.1781701   0.17243797],3.782081842,3.980000019,56.36466599,224.3313717
3.783002138,0.5191483403,-0.003271967416,[-0.56584995 -0.18215713  0.18065624],3.783065081,4.199999928,56.3484993,236.663693
3.784003258,0.5192049346,-0.003236655014,[-0.56225503 -0.16693649  0.19217433],3.784007072,4.259999931,56.33649953,239.9934841
3.785006762,0.5192621119,-0.003198804468,[-0.55712973 -0.16032485  0.20470765],3.785132885,4.319999933,56.34283384,243.4010384
3.786002398,0.5193197741,-0.003159617598,[-0.5493482  -0.14056131  0.21754263],3.786190987,4.120000005,56.34350014,232.1352208
3.787001848,0.5193778014,-0.003119740325,[-0.53834338 -0.1341328   0.23469969],3.78718996,3.479999989,56.39049975,196.2389385
3.788000822,0.5194360543,-0.003079126153,[-0.52828681 -0.12907466  0.24396426],3.788192987,3.310000032,56.40783374,186.7099315
3.78900075,0.5194943766,-0.00303729424,[-0.52104268 -0.14010853  0.24282287],3.789202929,3.269999981,56.42599996,184.5130188
3.790000677,0.5195525986,-0.002995606473,[-0.5143895  -0.16201566  0.24191227],3.790204048,3.220000058,56.43916702,181.7341211
3.791008472,0.5196105425,-0.002954480764,[-0.50817655 -0.17867173  0.24633151],3.79120779,3.219999969,56.43250084,181.712651
3.792001724,0.5196680265,-0.00291412121,[-0.50247874 -0.19934886  0.2589389 ],3.79120779,3.199999899,56.43816694,180.6021285
3.793027639,0.5197248713,-0.002873808584,[-0.49781719 -0.22782411  0.27218061],3.792317867,3.139999956,56.44216728,177.2284028
3.79401803,0.5197809053,-0.002833193663,[-0.49100115 -0.25197016  0.28584041],3.794255018,3.309999973,56.41966565,186.7490918
3.795020342,0.519835971,-0.002792410314,[-0.48161045 -0.25303728  0.30145086],3.795445919,3.410000026,56.39783351,192.3166137
3.796032906,0.5198899307,-0.002752555122,[-0.47055358 -0.23433874  0.30928585],3.796443939,3.519999981,56.39100075,198.4963216
3.797043085,0.5199426724,-0.002711490594,[-0.45952265 -0.21202704  0.3074335 ],3.797450781,3.750000089,56.37533251,211.407502
3.798040152,0.5199941147,-0.002670569543,[-0.45320516 -0.1691494   0.31386497],3.798492908,3.879999965,56.34516652,218.6192442
3.799052715,0.5200442117,-0.002628052804,[-0.44853058 -0.10337015  0.32718658],3.799503088,3.899999976,56.3384997,219.7201475
3.800013304,0.5200929566,-0.002584295787,[-0.44227822 -0.01596599  0.33480124],3.80057478,3.769999892,56.33833377,212.3955122
3.801039219,0.5201403845,-0.002539989118,[-0.43484113  0.07292359  0.34523507],3.801577806,3.7700001,56.33616702,212.3873553
3.80204463,0.5201865745,-0.002496904328,[-0.43002168  0.12746098  0.35909665],3.802577019,3.629999965,56.34516652,204.5329525
3.803037405,0.5202316502,-0.002454148548,[-0.42655089  0.15970954  0.37096559],3.803580761,3.070000023,56.39033254,173.1183222
3.804001808,0.5202757791,-0.002189559781,[-0.42145175  0.17451056  0.37192808],3.804582119,2.909999967,56.41800054,164.1763797
3.805038929,0.5203191708,-0.002146002574,[-0.41609796  0.15589274  0.36958237],3.805696964,2.170000017,56.50149918,122.6082542
3.80603981,0.5203620741,-0.002103521036,[-0.40988761  0.12547422  0.36936576],3.806690931,1.610000078,56.58866628,91.1077571
3.807035446,0.5204047727,-0.002062427229,[-0.40539834  0.07838541  0.36951504],3.807693958,1.58000005,56.61149979,89.44617251
3.808001995,0.5204475798,-0.00202414711,[-0.39850504 -0.02671518  0.37345378],3.808690786,1.760000017,56.61199951,99.63712008
3.809003592,0.5204908318,-0.001985032043,[-0.39117564 -0.16066359  0.37968803],3.809734106,1.929999974,56.61416626,109.2653394
3.81000185,0.5205348807,-0.001950567107,[-0.3832469  -0.2571985   0.38947939],3.810815811,2.159999974,56.58749962,122.2289977
3.811003447,0.5205800866,-0.001920363552,[-0.3773915  -0.31554348  0.40108741],3.811818838,2.259999987,56.56199964,127.8301184
3.812004089,0.5206268087,-0.001894825078,[-0.37321791 -0.33974858  0.41109871],3.812817097,2.529999997,56.52633413,143.0116252
3.812999725,0.5206753967,-0.001871269635,[-0.37515216 -0.32833129  0.41761366],3.813754082,2.659999933,56.50283305,150.2975321
3.814007282,0.5207261818,-0.001849879884,[-0.37931551 -0.2582156   0.41999921],3.814941883,2.469999976,56.47366651,139.4899549
3.814999104,0.5207794674,-0.001829648955,[-0.38089242 -0.16233459  0.41955574],3.81594491,2.269999966,56.48416646,128.219056
3.816003799,0.5208355212,-0.001808296532,[-0.37833999 -0.07875509  0.42024498],3.817067862,2.179999933,56.48966599,123.147468
3.817004442,0.5208945669,-0.001783129242,[-0.37527349 -0.01421393  0.42831277],3.81806612,2.059999987,56.51116625,116.4130018
3.818002939,0.5209567773,-0.001751870581,[-0.373551    0.01556291  0.44166469],3.819068909,1.759999976,56.54083316,99.51186497
3.818997383,0.5210222679,-0.001714187021,[-0.37264634  0.04226736  0.44958902],3.820070028,1.629999951,56.57333247,92.21452913
3.819999695,0.5210910921,-0.001667908732,[-0.37278651  0.05297273  0.4560292 ],3.821083069,1.74000001,56.58283297,98.45412991
3.820999146,0.5211632377,-0.00161352685,[-0.3716737   0.018614    0.45850087],3.822194815,1.759999961,56.58949979,99.59751741
3.822003365,0.5212386248,-0.00155111556,[-0.36961957  0.0011522   0.46002315],3.823194981,1.960000023,56.58800062,110.9124825
3.822998524,0.5213171051,-0.001483847143,[-0.36407369 -0.02898383  0.46609264],3.824194908,1.980000064,56.5806675,112.0297253
3.824002743,0.5213984632,-0.001411238206,[-0.36033423 -0.01154778  0.47372469],3.825196028,2.399999991,56.54466693,135.7072001
3.824998617,0.521482419,-0.001334768939,[-0.35510149  0.04288881  0.4778258 ],3.82613492,2.460000023,56.51216698,139.0199321
3.826000452,0.5215686324,-0.001255891763,[-0.35321502  0.1139148   0.47787446],3.82613492,2.549999911,56.50549889,144.0890171
3.827002287,0.5216567089,-0.001176083659,[-0.35420386  0.14214691  0.48137952],3.82731986,2.689999957,56.48883311,151.9549586
3.828001261,0.5217462069,-0.00109570758,[-0.35627044  0.18056929  0.48300368],3.828317881,2.589999983,56.48533376,146.2970135
3.829001427,0.5218366462,-0.001017405121,[-0.35781654  0.24879496  0.48455845],3.830257893,2.229999978,56.49433327,125.9823619
3.830003738,0.5219275177,-0.0009406273787,[-0.35806092  0.30599366  0.48724847],3.830257893,2.069999982,56.51000023,116.9756994
3.831002235,0.5220182939,-0.0008632694874,[-0.35661984  0.31883933  0.49545548],3.831449986,1.739999959,56.54433378,98.38713847
3.832005739,0.52210844,-0.0007857509542,[-0.35581146  0.29492468  0.50853404],3.832450867,1.629999945,56.56000074,92.19279809
3.833002567,0.5221974255,-0.0007081082805,[-0.35645101  0.22938319  0.52090449],3.833389044,1.549999962,56.58516693,87.70700657
3.834039927,0.5222847357,-0.0006301442198,[-0.35985467  0.14456928  0.52530652],3.83457613,1.52000002,56.62133344,86.06442796
3.835044146,0.5223698832,-0.0005545366485,[-0.36624247  0.02574478  0.52209632],3.835577965,1.879999984,56.62150065,106.4484203
3.836046696,0.522452419,-0.0004808773055,[-0.37273471 -0.07505778  0.51945258],3.836576939,2.01,56.60633341,113.7787302
3.837044239,0.5225319424,-0.000269735609,[-0.37681295 -0.15067673  0.52035556],3.837510109,2.239999959,56.57783381,126.7343454
3.838036776,0.5226081108,-0.0002038154882,[-0.37876023 -0.1797186   0.51983015],3.83869195,2.480000038,56.53600057,140.2092835
3.839033365,0.5226806472,-0.0001478308163,[-0.37708123 -0.16704409  0.52396418],3.839691877,2.599999864,56.50400035,146.9103932
3.840036154,0.5227493471,-9.92E-05,[-0.37449798 -0.12411896  0.5271897 ],3.840628862,2.529999981,56.48183314,142.8990368
3.841041565,0.5228140835,-5.78E-05,[-0.37096717 -0.04587596  0.52626264],3.841815948,2.469999958,56.47700055,139.498189
3.842041016,0.5228748095,-2.34E-05,[-0.36786818  0.03380733  0.51399633],3.842819929,2.350000013,56.47516632,132.7166416
3.843045235,0.5229315606,3.41E-06,[-0.36613811  0.08091769  0.50231171],3.843818903,1.679999966,56.51916695,94.95219856
3.844005585,0.5229844531,2.30E-05,[-0.36397235  0.08901596  0.49458886],3.844818115,1.459999988,56.54133352,82.55034625
3.845000267,0.523033682,3.92E-05,[-0.35908939  0.07812136  0.49253703],3.845752001,0.7300000377,56.59983381,41.31788081
3.846048594,0.5230795168,5.20E-05,[-0.35502532  0.04654207  0.49458234],3.846944809,0.659999961,56.67416573,37.40494717
3.847000837,0.5231222946,6.26E-05,[-0.3506885  -0.03093559  0.4979674 ],3.847946882,0.7100000177,56.68533325,40.24658761
3.848046541,0.5231624124,7.13E-05,[-0.34445377 -0.15474038  0.50483762],3.848989725,0.7999999914,56.69483312,45.35586601
3.849025249,0.523200318,7.90E-05,[-0.34200463 -0.27800854  0.50537592],3.850065947,0.9400000367,56.69166692,53.29016899
3.85000658,0.5232364985,8.46E-05,[-0.34343338 -0.36586934  0.49735755],3.85106802,1.230000013,56.65916634,69.69077536
3.851004124,0.5232714691,8.65E-05,[-0.34884411 -0.41463658  0.49177244],3.852068901,1.51000003,56.62900098,85.50979316
3.852003813,0.5233057599,8.50E-05,[-0.35688191 -0.39803961  0.49016821],3.853067875,1.689999977,56.60466639,95.66188491
3.853007793,0.5233399034,8.04E-05,[-0.3585528  -0.33631564  0.48877644],3.85402298,1.589999983,56.57850011,89.95981422
3.854000807,0.5233744206,7.26E-05,[-0.35504667 -0.22356206  0.48999825],3.855194092,1.620000014,56.56450017,91.63449108
3.855000734,0.5234098084,6.32E-05,[-0.35233414 -0.14392688  0.49298984],3.856198072,1.459999988,56.58016713,82.60704333
3.856001854,0.5234465263,5.42E-05,[-0.35061106 -0.04814923  0.49389913],3.857136011,1.210000018,56.59399923,68.47874006
3.857005119,0.5234849851,4.79E-05,[-0.348273    0.02811584  0.4919189 ],3.857136011,1.000000009,56.61716588,56.61716641
3.857999802,0.5235255356,4.60E-05,[-0.34330485  0.02686896  0.488698  ],3.858317852,0.8899999801,56.63633283,50.40633509
3.859008551,0.5235684596,5.01E-05,[-0.33569967  0.02162089  0.48367963],3.860252857,0.7600000147,56.66250038,43.06350112
3.860004187,0.5236139613,6.25E-05,[-0.32717533 -0.00596114  0.48230003],3.860252857,0.6900000069,56.68083318,39.10977529
3.861002684,0.5236621617,8.40E-05,[-0.32011621 -0.04186491  0.48238539],3.861447096,0.7799999565,56.68899981,44.21741739
3.862041712,0.5237130942,0.0001144853549,[-0.31437996 -0.11421291  0.48259887],3.86244297,0.9499999732,56.68383344,53.84964025
3.86304307,0.5237667026,0.0001542723021,[-0.30847639 -0.1810614   0.4804419 ],3.863486767,1.089999974,56.67983309,61.78101659
3.864013672,0.5238228409,0.0002012206876,[-0.30261045 -0.2200805   0.47509558],3.864573717,1.659999982,56.63666598,94.01686448
3.865043879,0.5238812756,0.000251837717,[-0.29835255 -0.22009599  0.46829284],3.865576744,1.799999982,56.6103344,101.8986009
3.86604023,0.5239416904,0.000306570472,[-0.29616713 -0.16474993  0.45927444],3.866575003,2.309999913,56.5720005,130.6813162
3.867000818,0.5240036918,0.0003608044958,[-0.29689243 -0.11543254  0.45453563],3.867613792,2.540000021,56.51383273,143.5451363
3.868040323,0.5240668178,0.0004144186111,[-0.29744346 -0.02179262  0.45152846],3.868690729,2.200000018,56.5043335,124.3095347
3.869008303,0.5241305478,0.0004718051298,[-0.29645052  0.08727053  0.44301324],3.869691133,2.189999998,56.49483299,123.7236841
3.870031357,0.5241943139,0.0005265580557,[-0.29466259  0.16591824  0.44179079],3.870733023,1.870000005,56.5163339,105.6855447
3.871044874,0.5242575139,0.0005790111664,[-0.29320609  0.2127723   0.44492588],3.871816874,1.450000018,56.5479997,81.99460058
3.872039795,0.5243195244,0.0006375600798,[-0.28836187  0.19387127  0.44578685],3.872817755,1.370000005,56.58699989,77.52419012
3.873044014,0.5243797153,0.0006545274794,[-0.28349828  0.15370324  0.44264038],3.873747826,1.259999976,56.60433324,71.3214585
3.874039412,0.5244374644,0.0007160601088,[-0.27992737  0.06812065  0.44290473],3.874941826,1.399999976,56.62333361,79.27266571
3.875007391,0.5244921716,0.0007841465832,[-0.27912458 -0.03580683  0.43684529],3.875943899,1.549999982,56.62650045,87.77107468
3.876006603,0.5245432728,0.0008510412373,[-0.27966534 -0.12882144  0.42718661],3.876884937,1.840000004,56.60866674,104.159947
3.877003908,0.5245902536,0.0009186446229,[-0.28038047 -0.18218961  0.42011632],3.878065825,2.109999985,56.58566666,119.3957558
3.878004074,0.524632661,0.0009830500249,[-0.28202607 -0.17908296  0.41781944],3.879066944,2.319999933,56.53799947,131.168155
3.87900424,0.5246701142,0.001042209123,[-0.28248463 -0.15303478  0.41880349],3.880066872,2.469999999,56.5151666,139.5924614
3.880027533,0.5247023142,0.001098204528,[-0.2785694  -0.10095804  0.41376258],3.881093979,2.379999936,56.49333318,134.4541293
3.881002665,0.5247290506,0.001148441201,[-0.27183195 -0.04368189  0.41072811],3.882193089,2.369999945,56.47866631,133.854436
3.882002115,0.524750207,0.00119146314,[-0.26604291  0.00448178  0.40934354],3.883193016,2.119999975,56.49366633,119.7665712
3.882996798,0.5247657642,0.001227368339,[-0.26572682  0.05027562  0.40613476],3.884133101,1.619999975,56.52399953,91.56887783
3.8840096,0.5247758007,0.001254975049,[-0.26926901  0.09224569  0.40044971],3.884133101,1.490000039,56.5448335,84.25180414
3.885009289,0.5247804913,0.001276074674,[-0.27331103  0.07153886  0.39848441],3.885322809,1.379999965,56.55833371,78.05049857
3.886004686,0.5247801034,0.001291721844,[-0.27590452  0.04651662  0.39706595],3.886317968,0.780000031,56.64400101,44.18232254
3.887011766,0.5247749907,0.001303964366,[-2.76233106e-01  3.62517465e-04  3.96811847e-01],3.888278961,0.5600000024,56.68399938,31.74303979
3.888045073,0.5247655855,0.001313964482,[-0.27638092 -0.09375061  0.39394833],3.888278961,0.6499999762,56.69399961,36.85109839
3.889036655,0.5247523886,0.001321468394,[-0.28084695 -0.17963409  0.39055642],3.889443874,0.7599999905,56.69966634,43.09174588
3.890036106,0.5247359577,0.001326465948,[-0.28595655 -0.31402037  0.38890199],3.890445948,1.00999999,56.68683306,57.25370085
3.891000271,0.5247168945,0.001328857422,[-0.28795808 -0.39243971  0.3876524 ],3.891487837,1.180000007,56.67100016,66.8717806
3.892039061,0.5246958308,0.001327218913,[-0.28625999 -0.42990313  0.38337663],3.892573833,1.450000027,56.63849958,82.12582593
3.893033743,0.5246734134,0.001321955161,[-0.28107418 -0.41289296  0.38116693],3.893579006,1.680000037,56.59866651,95.08576183
3.89403224,0.5246502894,0.001312793405,[-0.27366591 -0.34022574  0.38194062],3.894574881,1.670000017,56.59116681,94.50724952
3.895039558,0.5246270909,0.001301037309,[-0.26965945 -0.24909865  0.37691552],3.895504951,1.530000001,56.58233388,86.57097091
3.896039486,0.5246044201,0.001285548718,[-0.26794767 -0.12234992  0.36930514],3.896691799,1.300000012,56.58116595,73.55551641
3.897038698,0.5245828351,0.001268800011,[-0.26967237 -0.01898574  0.36112654],3.897692919,1.100000003,56.60649999,62.26715018
3.898019314,0.5245628371,0.001253373402,[-0.27341539  0.04325474  0.36113672],3.898733854,0.8499999791,56.62983259,48.13535652
3.899004936,0.5245448586,0.001242119014,[-0.27576163  0.05703111  0.3625521 ],3.899816751,0.6700000111,56.65016747,37.95561283
3.900007486,0.5245292529,0.001238883332,[-0.2767324   0.02673252  0.36403757],3.900818825,0.6700000167,56.65466754,37.95862819
3.901037455,0.5245162864,0.001245223417,[-0.27730157 -0.0248207   0.36096138],3.901821852,0.7400000244,56.65816625,41.92704441
3.902001858,0.5245061323,0.001260581404,[-0.27915517 -0.10015947  0.3560171 ],3.902817011,0.7899999917,56.65916761,44.76074194
3.903008461,0.5244988666,0.001284368864,[-0.28024244 -0.16937317  0.34984376],3.903752804,1.329999968,56.63466771,75.32410627
3.904011011,0.5244944664,0.001316567686,[-0.28157065 -0.19628103  0.34405345],3.90493989,1.560000017,56.60583369,88.30510153
3.905042648,0.5244928111,0.001354777084,[-0.27987455 -0.20630305  0.34502215],3.905941963,2.300000012,56.54866664,130.0619339
3.905998707,0.5244936853,0.001393819634,[-0.27813273 -0.17924357  0.35405898],3.906941891,2.560000002,56.50783348,144.6600538
3.907000065,0.524496784,0.001437269679,[-0.27574204 -0.10307976  0.36188376],3.907944918,2.49999997,56.47733307,141.193331
3.907999992,0.5245017208,0.001482359411,[-0.27029021  0.01460396  0.36070769],3.908882141,2.370000005,56.47016716,133.8342964
3.909007072,0.5245080369,0.001368268102,[-0.26660545  0.12957467  0.35689351],3.910068989,2.150000006,56.47750028,121.4266259
3.910007477,0.5245152128,0.001410122561,[-0.26504076  0.19753196  0.35362134],3.911066055,1.890000045,56.513834,106.8111488
3.911008596,0.5245226808,0.00145326295,[-0.26856749  0.21946505  0.35027531],3.912003994,1.390000015,56.55700048,78.61423154
3.912001371,0.5245298393,0.001495948508,[-0.27136564  0.17856548  0.34817205],3.913190126,1.349999994,56.58383306,76.38817429
3.913002253,0.5245360673,0.001538427819,[-0.27092316  0.12194684  0.35626917],3.914194107,1.329999983,56.61200015,75.29395925
3.914000034,0.5245407399,0.001582529643,[-0.26873561  0.02893882  0.37158786],3.91514492,1.310000002,56.62716675,74.18158857
3.914999723,0.5245432435,0.001629543541,[-0.26821786 -0.09305548  0.38140895],3.91514492,1.49999997,56.63050079,84.9457495
3.91599822,0.5245429912,0.001677039291,[-0.26810894 -0.13380387  0.38286225],3.916318893,1.639999986,56.61749967,92.85269865
3.917001724,0.5245394372,0.001722989768,[-0.27206844 -0.20548301  0.37743735],3.918252945,2.030000031,56.58733304,114.8722878
3.917999268,0.5245320904,0.001764074282,[-0.27868226 -0.23338723  0.37227423],3.918252945,2.189999968,56.56033325,123.867128
3.919039488,0.5245205266,0.001799901337,[-0.28357936 -0.22141103  0.37124327],3.919450045,2.439999998,56.52083397,137.9108347
3.920038939,0.524504399,0.00182877438,[-0.28400207 -0.15584516  0.37108962],3.920449972,2.479999959,56.49650002,140.1113177
3.921049595,0.5244834477,0.001850421523,[-0.28115725 -0.08099325  0.37675595],3.921446085,2.439999938,56.48966662,137.8347831
3.92203784,0.5244575054,0.001865199906,[-0.2722727  -0.02034585  0.38374259],3.922376871,2.299999982,56.4879996,129.9223981
3.923040628,0.5244265031,0.001873268604,[-0.26228432  0.03631052  0.38818963],3.923575878,2.019999951,56.51666641,114.1636634
3.924009085,0.5243904712,0.00187231583,[-0.2578582   0.06672704  0.38738579],3.924580097,1.479999989,56.54083379,83.6804334
3.925051212,0.5243495404,0.001862511346,[-0.25669943  0.05347636  0.38340014],3.925584078,1.339999974,56.57116699,75.80536229
3.92603755,0.5243039381,0.001848665791,[-0.25648555 -0.00322826  0.38075176],3.926693916,0.7900000215,56.63499959,44.74165089
3.92702508,0.5242539843,0.00183167481,[-0.25756946 -0.09282811  0.37987342],3.92769289,0.7300000191,56.67250061,41.37092653
3.928049803,0.5242000844,0.001813203823,[-0.25733444 -0.19376181  0.37891768],3.92869401,0.8100000173,56.68399938,45.91404048
3.929044724,0.5241427198,0.001790811351,[-0.25814395 -0.31173586  0.38153865],3.929696798,0.9699999839,56.68033282,54.97992192
3.930000782,0.5240824371,0.001766472602,[-0.25925372 -0.421509    0.38599314],3.930629969,1.189999968,56.66766612,67.43452086
3.931039095,0.5240198361,0.001740150542,[-0.26100817 -0.49816205  0.38697007],3.931818962,1.439999983,56.64216677,81.56471917
3.932001114,0.5239555555,0.001708971459,[-0.26393081 -0.51937076  0.38545165],3.93281889,1.649999976,56.59916751,93.38862504
3.933003426,0.5238902588,0.001677478592,[-0.26613412 -0.49501083  0.38256983],3.933820009,1.74999997,56.56883303,98.99545612
3.933998585,0.5238246188,0.001645969163,[-0.26307777 -0.41039593  0.38423924],3.934751987,1.719999969,56.5593338,97.28205239
3.935042858,0.5237593025,0.001611049704,[-0.2576957  -0.31041265  0.3913945 ],3.935943127,1.690000027,56.54816691,95.56640363
3.936004639,0.523694956,0.001578792951,[-0.25093846 -0.2083498   0.39836063],3.936946869,1.419999987,56.56433296,80.32135206
3.93700099,0.5236321894,0.001319834533,[-0.24420995 -0.14680418  0.40851975],3.937944889,1.210000008,56.57983271,68.46159805
3.938000441,0.5235715635,0.001289646062,[-0.24125687 -0.09787091  0.41858684],3.938883066,0.950000003,56.61200015,53.78140031
3.939001083,0.5235135773,0.001263762714,[-0.23986681 -0.09741838  0.42597112],3.940069914,0.8500000238,56.63400014,48.13890147
3.940002918,0.5234586563,0.001247280874,[-0.24055626 -0.11170205  0.42528597],3.941071033,0.8599999994,56.64750099,48.71685082
3.941004276,0.523407144,0.001239354559,[-0.24200653 -0.15658363  0.42071295],3.942067862,0.8900000006,56.65533384,50.42324715
3.941999197,0.523359294,0.001242912438,[-0.24277102 -0.20531475  0.41935294],3.943071842,1.189999968,56.6395003,67.40100353
3.943041801,0.5233152652,0.001257417036,[-0.24544613 -0.26806868  0.42226366],3.944188118,1.719999969,56.60850016,97.36661853
3.944000721,0.5232751185,0.001280044406,[-0.24598704 -0.2500149   0.42189838],3.945193768,1.729999989,56.5971667,97.91309778
3.945010662,0.5232388166,0.001308160432,[-0.24571775 -0.23052356  0.41935644],3.946194887,2.009999961,56.55266698,113.6708584
3.946002722,0.5232062252,0.001341827501,[-0.24347357 -0.19037983  0.4189124 ],3.947237015,2.48999998,56.48583349,140.6497242
3.947000742,0.5231771174,0.001383798067,[-0.24162255 -0.1299284   0.42085615],3.947237015,2.719999939,56.45550028,153.5589573
3.948001146,0.5231511796,0.001427751495,[-0.23963744 -0.08493928  0.41470742],3.948320866,2.589999974,56.45433299,146.216721
3.949001312,0.5231280194,0.001477670914,[-0.2340502   0.01198113  0.40916138],3.949320793,2.450000048,56.4666659,138.3433342
3.950046539,0.5231071759,0.001528742983,[-0.23058714  0.09280884  0.40933247],3.950364828,2.140000025,56.49099986,120.8907411
3.95103693,0.5230881308,0.001581698128,[-0.23051918  0.1262989   0.4111432 ],3.95144701,1.930000002,56.51850001,109.0807051
3.952032328,0.5230703211,0.001637101659,[-0.22899807  0.13080565  0.40961104],3.952447891,1.600000003,56.55650012,90.49040038
3.9530406,0.523053153,0.001697108487,[-0.22816507  0.07600214  0.41098307],3.953444958,1.530000011,56.59450022,86.58958594
3.954037666,0.5230360157,0.001765442514,[-0.22680036  0.00464447  0.41850225],3.954446077,1.580000022,56.61200015,89.4469615
3.95503974,0.5230182962,0.001833963845,[-0.22741413 -0.08801208  0.42394324],3.95538497,1.800000021,56.60366694,101.8866017
3.956049681,0.5229993938,0.001904516945,[-0.22930314 -0.18960973  0.42615124],3.956578016,1.970000047,56.59633382,111.4947803
3.957004309,0.5229787336,0.001975164736,[-0.23417016 -0.24284336  0.42573978],3.957579851,2.220000038,56.56949997,125.5842921
3.958001852,0.5229557804,0.002042132124,[-0.24049691 -0.26225488  0.42816481],3.958509922,2.65000003,56.53066635,149.8062675
3.959038496,0.5229300505,0.002105036606,[-0.24379024 -0.26132845  0.42814171],3.959695101,2.859999929,56.49883334,161.5866593
3.960043669,0.5229011225,0.002162581125,[-0.24558437 -0.21398673  0.42676704],3.960695982,2.849999929,56.46283277,160.9190694
3.96104002,0.5228686469,0.002209801712,[-0.24593576 -0.14002663  0.42296256],3.96173501,2.739999939,56.4628334,154.7081601
3.962022066,0.522832353,0.002251549127,[-0.24611815 -0.08577463  0.42153433],3.962630987,2.619999949,56.46116765,147.9282564
3.963040829,0.5227920552,0.002285497196,[-0.24563554 -0.04173421  0.41955506],3.963821888,2.099999974,56.48249944,118.6132473
3.964004993,0.5227476555,0.002311120193,[-0.24438157 -0.01077927  0.41859053],3.964819908,1.859999964,56.49483299,105.0803873
3.96500206,0.5226991459,0.002330605163,[-0.24234791 -0.01172038  0.41805784],3.965758801,1.370000014,56.53633372,77.45477799
3.966000319,0.5226466065,0.002345004259,[-0.23758809 -0.0617049   0.42266427],3.966958046,1.239999954,56.59583346,70.17883087
3.967001677,0.5225902037,0.002357375346,[-0.23455107 -0.14520367  0.42399965],3.967956781,1.340000041,56.61116664,75.8589656
3.96800065,0.5225301844,0.002366966082,[-0.23518508 -0.24483544  0.42257485],3.969064951,1.539999995,56.61883418,87.19300437
3.969004869,0.52246687,0.002374300848,[-0.23875108 -0.33822408  0.41696016],3.970066786,1.820000041,56.6060009,103.022924
3.970039845,0.5224006477,0.002214625394,[-0.24154502 -0.42675386  0.41101369],3.971068859,2.000000004,56.58733431,113.1746688
3.971001148,0.5223319608,0.002215533338,[-0.24332424 -0.44353872  0.40706486],3.972069979,2.190000024,56.56783422,123.8835583
3.97200799,0.5222612976,0.002212864602,[-0.2426618  -0.42394861  0.40388762],3.973069906,2.340000022,56.5303332,132.2809809
3.972997904,0.5221891797,0.002206454582,[-0.23948695 -0.38396902  0.4074976 ],3.974009991,2.389999982,56.50849978,135.0553135
3.974000931,0.5221161493,0.002195327333,[-0.23759396 -0.29537034  0.40733068],3.975196838,2.329999965,56.50649961,131.6601421
3.974998713,0.5220427569,0.002180396615,[-0.23561238 -0.2570793   0.40464927],3.976197004,2.190000016,56.51033338,123.757631
3.976004601,0.5219695478,0.002161558148,[-0.23517643 -0.17894005  0.39857989],3.976197004,1.989999969,56.52066739,112.4761263
3.97699976,0.5218970504,0.002141616471,[-0.23499127 -0.14232646  0.39302887],3.97732091,1.830000002,56.54116694,103.4703356
3.978001595,0.5218257639,0.002122874859,[-0.23240842 -0.1088591   0.39057159],3.978321075,1.620000023,56.56833394,91.64070231
3.978999138,0.5217561478,0.002108798322,[-0.22653768 -0.09476304  0.39679991],3.980268955,1.550000016,56.59416707,87.72095985
3.980038643,0.5216886119,0.002100939995,[-0.21861991 -0.12993541  0.40909024],3.980268955,1.549999963,56.60466703,87.73723183
3.980999231,0.521623508,0.002101224284,[-0.21340417 -0.17221327  0.41773457],3.981453896,1.629999984,56.60649999,92.26859408
3.982022047,0.521561123,0.002110073258,[-0.21107334 -0.21128468  0.41918122],3.982448101,1.809999991,56.5915006,102.4306156
3.983044624,0.5215016739,0.00212611659,[-0.21351503 -0.220989    0.41495621],3.983380795,1.969999995,56.57500013,111.45275
3.984013796,0.5214453044,0.002150501817,[-0.21855019 -0.21760501  0.41451892],3.984577894,2.370000008,56.53416697,133.9859762
3.984999418,0.5213920836,0.0021787641,[-0.22225688 -0.20605736  0.41427953],3.985579967,2.460000012,56.51950073,139.0379725
3.986005306,0.521342006,0.002214873772,[-0.22172217 -0.178958    0.414061  ],3.986514091,2.949999988,56.46199989,166.562899
3.98703146,0.5212949939,0.002255021715,[-0.22023463 -0.13023755  0.41790874],3.987691879,3.089999974,56.43199921,174.3748761
3.988006592,0.5212509013,0.002295213601,[-0.21979113 -0.06315609  0.42624731],3.988694906,2.889999993,56.42716662,163.0745111
3.989044905,0.5212095192,0.002337846514,[-0.2153939   0.00846968  0.42750552],3.989631891,2.750000052,56.44266637,155.2173355
3.990041018,0.5211705829,0.002382766124,[-0.21401788  0.07205375  0.42180565],3.990818024,2.460000023,56.46050008,138.8928315
3.991047144,0.5211337799,0.002430034159,[-0.21394506  0.10838612  0.4143841 ],3.991819859,2.230000004,56.49100049,125.9749313
3.992001295,0.5210987591,0.002477305495,[-0.21175014  0.09465105  0.40905138],3.992820978,2.100000009,56.51733398,118.6864019
3.993002892,0.5210651411,0.002531960048,[-0.20597192  0.05157245  0.40791641],3.993752956,2.089999996,56.53749975,118.1633742
3.994028807,0.5210325283,0.002588334818,[-0.20216061 -0.01784878  0.4069128 ],3.994944811,2.169999979,56.5448335,122.7022875
3.995003223,0.521000516,0.00264781778,[-0.19932442 -0.09359666  0.40422205],3.995943069,2.350000016,56.53649966,132.8607751
3.99600482,0.520968703,0.002705565549,[-0.19726397 -0.16032509  0.40428891],3.996882915,2.519999996,56.52800051,142.4505611
3.997002363,0.5209367021,0.002767203974,[-0.19741546 -0.22162078  0.40268779],3.998075962,2.689999975,56.52033297,152.0396943
3.998008728,0.5209041499,0.002829957828,[-0.19898904 -0.25243884  0.39632233],3.999068022,2.949999951,56.4904995,166.6469707
3.99900651,0.5208707161,0.002886373334,[-0.19989897 -0.23449244  0.39134453],4.000009775,3.11999996,56.4495004,176.122439
4.000004053,0.5208361118,0.002939478531,[-0.20004148 -0.18553081  0.39228056],4.001198053,2.999999925,56.43533389,169.3059975
4.001006126,0.520800096,0.002986782039,[-0.19874471 -0.15814055  0.3951077 ],4.002196789,2.950000018,56.43600019,166.4862016
4.002004862,0.5207624819,0.003028571065,[-0.19378183 -0.13244692  0.40190192],4.003206968,2.750000007,56.44116656,155.2132085
4.003002167,0.5207231404,0.002871503313,[-0.19162877 -0.09979115  0.40595898],4.004240036,2.449999973,56.4684995,138.3478223
4.004018307,0.5206820034,0.002902904897,[-0.19188584 -0.0598273   0.41280639],4.005135059,2.190000035,56.48749987,123.7076267
4.005001068,0.5206390644,0.002930947489,[-0.19580417 -0.07381452  0.41883767],4.005135059,2.160000019,56.4829998,122.0032806
4.006002188,0.5205943784,0.002956877503,[-0.20075762 -0.10560399  0.41496721],4.006323814,1.850000001,56.53083356,104.5820422
4.007000923,0.5205480596,0.002981794971,[-0.20552324 -0.13392593  0.40997708],4.008268833,1.740000017,56.57033348,98.43238122
4.00803113,0.5205002777,0.003005505981,[-0.20812248 -0.19620974  0.40807695],4.008268833,1.750000045,56.57166608,99.00041817
4.009039402,0.5204512538,0.003026938484,[-0.20860797 -0.24473276  0.40961434],4.009448767,1.920000061,56.57616615,108.6262425
4.010042191,0.5204012534,0.003046697048,[-0.20976687 -0.33029666  0.41068164],4.010457039,2.13000001,56.57449977,120.5036851
4.011000872,0.5203505797,0.003063957108,[-0.21069651 -0.38754371  0.40847742],4.011379957,2.339999951,56.54816755,132.3227093
4.012041092,0.5202995656,0.003078499801,[-0.20990042 -0.41435742  0.40440716],4.01258111,2.480000049,56.51266734,140.1514178
4.013000727,0.5202485646,0.003088651843,[-0.2069905  -0.39385255  0.40373328],4.013578892,2.509999953,56.50366656,141.8242004
4.014047623,0.5201979422,0.00309471561,[-0.20141211 -0.3577487   0.40142842],4.014579773,2.51000005,56.48950005,141.7886479
4.015043736,0.5201480661,0.003096403506,[-0.19529761 -0.30127218  0.39885432],4.015691996,2.340000026,56.48683294,132.1791905
4.016035795,0.5200992971,0.003094288053,[-0.19313733 -0.25777887  0.39730842],4.01669693,2.219999969,56.4986674,125.4270399
4.017042875,0.5200519799,0.003090667565,[-0.19200839 -0.20448536  0.40281637],4.017696857,2.019999981,56.5188338,114.1680432
4.018001556,0.5200064344,0.003088840615,[-0.19249885 -0.17888818  0.41053631],4.018632889,1.909999996,56.54133288,107.9939456
4.019006968,0.5199629477,0.003090903185,[-0.19118228 -0.18638291  0.41423874],4.019820929,1.850000024,56.55650012,104.6295266
4.020008087,0.5199217672,0.003098409028,[-0.19066922 -0.19379801  0.41379721],4.020819902,1.839999981,56.56266658,104.0753054
4.021002293,0.5198830939,0.003112342427,[-0.19018306 -0.2117514   0.4141702 ],4.02182889,1.910000049,56.5656662,108.0404252
4.022041082,0.519847078,0.003130916841,[-0.18953901 -0.2369666   0.42133429],4.022940159,2.089999989,56.55716705,118.2044785
4.023000956,0.5198138147,0.0031569967,[-0.18680083 -0.23978953  0.42932355],4.023947954,2.429999985,56.5284996,137.3642532
4.024009466,0.5197833417,0.00318914702,[-0.18514492 -0.22742836  0.4348766 ],4.024944067,2.51000005,56.50316747,141.8229532
4.025002003,0.5197556385,0.003225776925,[-0.18397384 -0.21403686  0.44351215],4.025945902,2.939999983,56.45950063,165.9909309
4.02600193,0.5197306261,0.003266626175,[-0.1825171  -0.17650356  0.45055028],4.026959896,3.069999948,56.44166692,173.2759145
4.027040958,0.5197081691,0.003306938848,[-0.18206725 -0.13257868  0.45258726],4.028072834,2.98999998,56.4210008,168.6987912
4.028000116,0.5196880781,0.003351182237,[-0.18195263 -0.07407011  0.44799012],4.029068947,2.899999946,56.42683347,163.637814
4.029014111,0.5196701145,0.003396108375,[-0.18187837 -0.01254063  0.44463833],4.03007102,2.690000042,56.43816694,151.8186714
4.030005217,0.5196539948,0.00344233876,[-0.18377675  0.01405931  0.4451481 ],4.031085014,2.560000017,56.45583344,144.5269346
4.031000853,0.5196393977,0.00349270362,[-0.18414562  0.01705614  0.44664966],4.032081127,2.459999964,56.46733411,138.9096399
4.03200388,0.5196259705,0.003541993096,[-0.18281104 -0.00859071  0.44783898],4.033085823,2.35999997,56.4898332,133.3160046
4.033024311,0.519613337,0.003596306358,[-0.18106134 -0.06278025  0.45349703],4.034085989,2.390000015,56.4988327,135.032211
4.034002304,0.5196011059,0.00365130378,[-0.17824392 -0.09686278  0.45684521],4.034986973,2.519999936,56.49716695,142.3728571
4.034999847,0.5195888788,0.003708252948,[-0.1766387  -0.14295559  0.46086352],4.036193848,2.569999933,56.50050036,145.2062822
4.03600049,0.519576259,0.00376555928,[-0.17604565 -0.15140175  0.45945681],4.037198067,2.780000001,56.48699951,157.0338587
4.03699851,0.5195628602,0.003822567954,[-0.17520637 -0.20117188  0.45841873],4.038150072,2.829999983,56.48266602,159.8459439
4.038007975,0.5195483141,0.003504642419,[-0.17632908 -0.18493645  0.45909684],4.038150072,3.00999999,56.45800018,169.93858
4.039000273,0.519532279,0.003552789885,[-0.17690573 -0.16162333  0.462191  ],4.039323092,2.979999974,56.45133336,168.224972
4.040004015,0.5195144463,0.003596549664,[-0.17450605 -0.12479798  0.46573247],4.041256905,2.920000032,56.44383367,164.8159961
4.041002512,0.5194945471,0.003635492106,[-0.17115548 -0.11903817  0.46697232],4.041256905,2.780000046,56.44850032,156.9268335
4.041998863,0.5194723578,0.003669450165,[-0.16884    -0.12712489  0.47288721],4.042448044,2.72999993,56.44166629,154.085745
4.043001175,0.5194477048,0.003697369332,[-0.16661219 -0.11199078  0.47946012],4.043445826,2.510000035,56.47333336,141.7480687
4.044004202,0.5194204675,0.003721139586,[-0.16355297 -0.11461089  0.48303276],4.044450998,2.410000026,56.47349993,136.1011363
4.045041561,0.5193905812,0.003741469392,[-0.16183539 -0.10671404  0.48613875],4.045388937,2.189999983,56.50266711,123.74084
4.046033144,0.5193580379,0.00375933043,[-0.16123243 -0.12727466  0.49035983],4.046579838,2.140000015,56.52450116,120.9624334
4.047002554,0.5193228865,0.003775602431,[-0.16133287 -0.15388235  0.49478382],4.047580719,2.239999972,56.53350067,126.6350399
4.048051834,0.5192852315,0.003790666901,[-0.16330799 -0.20206351  0.50119854],4.048692942,2.339999989,56.52233442,132.2622619
4.04903841,0.5192452311,0.003804676248,[-0.1659596  -0.24991571  0.50387132],4.049696922,2.520000033,56.5049998,142.3926014
4.050044537,0.5192030933,0.003816720807,[-0.1700621  -0.26493177  0.50261091],4.050693989,2.620000027,56.49033356,148.0046755
4.051036596,0.5191590721,0.003826413446,[-0.17322921 -0.25306538  0.50241063],4.051630974,2.709999979,56.47066625,153.0355043
4.052035093,0.5191134622,0.003834986835,[-0.17470381 -0.23277277  0.50400915],4.05282402,2.69000002,56.45683352,151.8688833
4.053001642,0.5190665928,0.003841273531,[-0.17646862 -0.22161488  0.50297361],4.053820848,2.660000011,56.44933383,150.1552286
4.053998947,0.5190188214,0.003844879355,[-0.17645908 -0.20241411  0.50243739],4.05476284,2.55999998,56.45683289,144.5294911
4.055001259,0.5189705266,0.00384549766,[-0.17670742 -0.16401013  0.5030103 ],4.055943727,2.439999983,56.47183355,137.7912729
4.056001663,0.5189221006,0.003846073102,[-0.17690781 -0.14679118  0.50240556],4.056943893,2.369999982,56.49533335,133.8939391
4.057002544,0.5188739416,0.003847847406,[-0.17305933 -0.14058239  0.49819538],4.057945013,2.25999999,56.49716695,127.6835968
4.058001995,0.5188264465,0.003852137589,[-0.16643393 -0.14723633  0.48930599],4.058944941,2.340000018,56.50233396,132.2154625
4.059001446,0.5187800028,0.00385919887,[-0.15826277 -0.13855934  0.48569413],4.059880733,2.359999999,56.5011673,133.3427548
4.059998512,0.5187349818,0.003869477277,[-0.15083997 -0.13612665  0.49015994],4.061070919,2.399999961,56.50333341,135.607998
4.061002493,0.5186917314,0.003884507944,[-0.14551731 -0.10393965  0.49207173],4.062086105,2.430000015,56.49599965,137.28528
4.062002182,0.5186505699,0.003905441378,[-0.14360334 -0.09488383  0.48978595],4.063083887,2.440000042,56.48699951,137.8282812
4.063005209,0.5186117802,0.003931435877,[-0.14377625 -0.07507773  0.48747637],4.064197063,2.560000017,56.47633298,144.5794134
4.064022541,0.5185756047,0.003961817379,[-0.14514645 -0.05462536  0.48733048],4.065195799,2.539999962,56.46616618,143.4240599
4.065006971,0.5185422412,0.003996218188,[-0.14456568 -0.02114905  0.48750117],4.066198826,2.56999997,56.4576664,145.096201
4.066000938,0.5185118398,0.004034803492,[-0.14370491 -0.01587144  0.4879198 ],4.067198753,2.620000042,56.46000036,147.9252033
4.067005157,0.5184844999,0.004076990735,[-0.14381599 -0.00768251  0.48866438],4.068199873,2.609999973,56.45266724,147.34146
4.068002462,0.5184602697,0.004122946178,[-0.14559955 -0.00328232  0.49838677],4.069200993,2.599999983,56.45883306,146.792965
4.069003344,0.518439145,0.004171125463,[-0.14840453 -0.01349977  0.50934673],4.069200993,2.560000014,56.4678332,144.5576538
4.070003271,0.5184210704,0.004224167186,[-0.14836452 -0.01633798  0.51464064],4.070327997,2.52999999,56.47650019,142.8855449
4.071000576,0.5184059403,0.004281705926,[-0.14800389 -0.03379792  0.51583299],4.071322918,2.539999992,56.48133405,143.462588
4.072000504,0.5183936019,0.003818921534,[-0.15035653 -0.05369966  0.51742061],4.072322845,2.559999961,56.49366697,144.6237853
4.073003531,0.5183838581,0.003880195877,[-0.15218455 -0.06673621  0.51947372],4.074281931,2.589999955,56.48783366,146.3034866
4.074038506,0.5183764719,0.003943883109,[-0.15380992 -0.08311612  0.51941781],4.074281931,2.670000058,56.47349993,150.7842481
4.075041294,0.518371171,0.004008735922,[-0.15443161 -0.08026205  0.51763279],4.075460911,2.710000016,56.46633339,153.0237644
4.076042175,0.5183676534,0.004074009294,[-0.15428113 -0.07231631  0.51720599],4.076459885,2.719999928,56.4601663,153.5716483
4.077048302,0.5183655931,0.004138886352,[-0.15034955 -0.07307403  0.51893958],4.077455997,2.760000009,56.45683352,155.820861
4.078042746,0.518364647,0.004205302207,[-0.14565346 -0.05934898  0.5189502 ],4.07838583,2.769999951,56.4621671,156.4002001
4.079048634,0.5183644605,0.004267741344,[-0.14048688 -0.06698652  0.51480486],4.079581738,2.729999971,56.45999972,154.1357976
4.080041409,0.518364675,0.004327212188,[-0.13664447 -0.06345398  0.51217159],4.080579996,2.669999983,56.47583326,150.7904738
4.081002951,0.5183649344,0.004383372407,[-0.13356742 -0.05919327  0.51327891],4.081583023,2.690000001,56.4753329,151.9186456
4.08200717,0.5183648915,0.004436500767,[-0.12738395 -0.05514034  0.51510324],4.082580805,2.680000015,56.47133255,151.3431721
4.083003759,0.5183642145,0.004488205811,[-0.12353136 -0.05910909  0.51726645],4.08369875,2.67999997,56.47349866,151.3489747
4.08402586,0.5183625932,0.004536337623,[-0.12310514 -0.06356215  0.5162805 ],4.084697962,2.589999966,56.47066689,146.2590253
4.085002422,0.5183597441,0.004579954919,[-0.1248203  -0.06723184  0.51623452],4.085696936,2.649999954,56.46483358,149.6318064
4.086044312,0.5183554158,0.004622893682,[-0.12678326 -0.06918756  0.51598127],4.086696863,2.539999988,56.47749964,143.4528484
4.087027788,0.518349393,0.004663859841,[-0.12717972 -0.05995458  0.51691185],4.087734938,2.509999942,56.48199972,141.769816
4.08800602,0.5183415002,0.004704024776,[-0.12579947 -0.06459726  0.52205534],4.088822842,2.509999987,56.48033333,141.7656359
4.089007616,0.518331605,0.004740682165,[-0.12486147 -0.08127721  0.52821186],4.089821815,2.519999992,56.47533417,142.3178417
4.090044975,0.518319619,0.004777366312,[-0.12457555 -0.08224754  0.53227327],4.09086585,2.529999983,56.47183291,142.8737363
4.090999365,0.5183055002,0.004809580437,[-0.12482526 -0.09598767  0.53677353],4.09194684,2.559999991,56.46499952,144.5503983
4.092007637,0.5182892521,0.004842057901,[-0.12587376 -0.10172092  0.53610589],4.092952013,2.559999984,56.46233368,144.5435733
4.093001366,0.5182709241,0.004872220009,[-0.12758026 -0.11620905  0.5353224 ],4.09394598,2.559999984,56.46166674,144.5418659
4.094003201,0.5182506091,0.004901836845,[-0.12890839 -0.12618733  0.53559099],4.094945908,2.589999963,56.4628334,146.2387364
4.09500742,0.518228442,0.004927802522,[-0.12669095 -0.13565715  0.54031199],4.095996141,2.619999945,56.47183418,147.9562025
4.096002579,0.5182045961,0.004954583693,[-0.1224552  -0.14122899  0.54465645],4.096881151,2.599999946,56.46466637,146.8081295
4.097005367,0.5181792795,0.004979994713,[-0.12089086 -0.14500972  0.54606801],4.098072052,2.589999948,56.46283277,146.2387339
4.098004103,0.5181527312,0.005003846257,[-0.11946323 -0.13477589  0.54453465],4.099070787,2.599999998,56.4634997,146.8050991
4.099006891,0.5181252154,0.00502645957,[-0.11834636 -0.12625502  0.54407707],4.100072861,2.609999996,56.46950022,147.3853953
4.100003958,0.5180970167,0.005048185873,[-0.11643221 -0.1184995   0.54457819],4.101075888,2.609999962,56.47016716,147.3871342
4.101001263,0.5180684347,0.005070118302,[-0.11549961 -0.09752002  0.5439464 ],4.102191925,2.579999983,56.46616681,145.6827094
4.102000237,0.5180397773,0.005091336433,[-0.1140085  -0.08864225  0.54433237],4.103197813,2.549999978,56.46999995,143.9984987
4.103003979,0.5180113557,0.005112687664,[-0.11134832 -0.07275818  0.54647678],4.104197979,2.53999998,56.47200012,143.4388792
4.104004622,0.5179834781,0.005134598089,[-0.10705872 -0.06513289  0.54921375],4.104197979,2.549999986,56.46633275,143.9891477
4.105002165,0.5179564437,0.005158328489,[-0.10384663 -0.05977401  0.54975749],4.105321884,2.569999974,56.46616681,145.1180473
4.1060009,0.5179305378,0.005184710596,[-0.10146543 -0.04872002  0.54961012],4.106323957,2.559999969,56.4740003,144.573439
4.107003689,0.5179060259,0.004521918671,[-0.09849696 -0.03719048  0.55038086],4.107324123,2.529999979,56.47766685,142.8884959
4.108002901,0.5178831497,0.004552151801,[-0.09519706 -0.02624847  0.55485064],4.109285116,2.559999924,56.47083346,144.5653294
4.109043598,0.5178621225,0.004585114729,[-0.09283988 -0.00920112  0.557061  ],4.109285116,2.559999924,56.47066625,144.5649013
4.110042334,0.5178431259,0.004620830502,[-0.09339633 -0.00697369  0.55968806],4.110450745,2.509999931,56.4640007,141.7246379
4.111033916,0.5178263068,0.00465880479,[-0.09559018 -0.00463257  0.56029177],4.111454964,2.48999995,56.46233304,140.5912065
4.112029791,0.5178117753,0.004699144677,[-0.09884055 -0.01319407  0.56248986],4.112390041,2.529999992,56.46166674,142.8480164
4.113031149,0.5177996033,0.004743763997,[-0.10213197 -0.01201146  0.56412803],4.113583088,2.559999982,56.4621671,144.5431468
4.114037991,0.5177898238,0.004789458439,[-0.1055098  -0.01337033  0.56574629],4.114578724,2.519999929,56.46583366,142.2938968
4.115044594,0.5177824314,0.004837660684,[-0.10964748 -0.01922163  0.56683155],4.115511894,2.539999925,56.46966743,143.432951
4.116038322,0.5177773825,0.004886890249,[-0.11026686 -0.02900605  0.56944658],4.116697073,2.579999972,56.4709994,145.6951769
4.117041588,0.5177745975,0.004941407144,[-0.10954338 -0.04816983  0.57200977],4.117695808,2.580000024,56.46950086,145.6913136
4.118036509,0.5177739628,0.0049965339,[-0.10725104 -0.03946478  0.57464284],4.118631124,2.590000063,56.46933301,146.2555761
4.119004965,0.5177753338,0.005052903431,[-0.10603858 -0.03670137  0.57593438],4.11963582,2.589999963,56.46516609,146.2447781
4.120045185,0.5177785379,0.005108656828,[-0.10519621 -0.05214954  0.57650393],4.120819807,2.599999964,56.46400007,146.8063982
4.121002913,0.5177833788,0.005165193126,[-0.10421082 -0.06950704  0.57438694],4.12182188,2.610000063,56.45899963,147.3579926
4.122000456,0.5177896406,0.005221469181,[-0.10281652 -0.08228217  0.57118043],4.122760773,2.599999987,56.4551665,146.7834321
4.123001814,0.5177970919,0.005276153924,[-0.10112928 -0.08450751  0.56737114],4.123766899,2.660000015,56.45899963,150.1809399
4.124010086,0.517805491,0.005333968644,[-0.10007257 -0.08848784  0.56573972],4.124950886,2.660000015,56.44933383,150.1552288
4.125001192,0.51781459,0.005385535436,[-0.09792741 -0.08283954  0.56671316],4.125947952,2.639999956,56.44433339,149.0130377
4.126003265,0.5178241401,0.005438673525,[-0.09511758 -0.0567295   0.56962064],4.12706995,2.649999995,56.45216688,149.5982419
4.127000093,0.5178338953,0.00549126084,[-0.09410188 -0.05278642  0.57081028],4.128072739,2.669999968,56.45283318,150.7290628
4.128000498,0.5178436176,0.005543190771,[-0.09561959 -0.04761517  0.57033464],4.129070997,2.639999986,56.4556675,149.0429614
4.128999949,0.5178530804,0.005593322925,[-0.0968449  -0.0374542   0.56991235],4.130070925,2.639999997,56.45616722,149.0442813
4.130048037,0.5178620723,0.005642604155,[-0.09748496 -0.03471353  0.56894828],4.131084919,2.620000005,56.45450083,147.9107925
4.131002188,0.5178704003,0.005690500401,[-0.09879199 -0.03570478  0.57070088],4.132087946,2.619999997,56.45383263,147.9090413
4.132008076,0.5178778928,0.005737310465,[-0.09870512 -0.03462359  0.57261693],4.13319993,2.639999997,56.45900027,149.0517605
4.132998943,0.5178844013,0.005782930068,[-0.09912962 -0.0428589   0.57523066],4.134199858,2.649999997,56.46066729,149.6207681
4.133998632,0.5178898023,0.005829367432,[-0.1017889  -0.05791969  0.57980382],4.135200977,2.619999986,56.45933278,147.9234511
4.135007143,0.5178939985,0.005870405579,[-0.10438699 -0.05225612  0.58211662],4.13613987,2.619999986,56.45950063,147.9238909
4.136004448,0.5178969192,0.005912588632,[-0.10760133 -0.05027611  0.58355472],4.13613987,2.649999987,56.464667,149.6313668
4.137003422,0.5178985201,0.005952890101,[-0.10585711 -0.05322968  0.58341878],4.137329102,2.619999997,56.46349907,147.9343674
4.138004303,0.5178987834,0.005992182875,[-0.10312377 -0.05657442  0.5849317 ],4.139280081,2.619999997,56.45933342,147.9234534
4.139049768,0.5178977159,0.006029697821,[-0.09966141 -0.06286007  0.58628265],4.140280008,2.610000007,56.45683352,147.3523359
4.140056133,0.5178953485,0.006065168622,[-0.09657244 -0.0677142   0.58920863],4.140280008,2.630000047,56.46733411,148.5090914
4.141036749,0.5178917337,0.006099457799,[-0.09465248 -0.07363824  0.59034548],4.141456127,2.619999945,56.46516609,147.9387321
4.142036438,0.5178869436,0.005305516531,[-0.09318516 -0.06781557  0.59063843],4.142450809,2.639999986,56.46233368,149.0605601
4.143043518,0.5178810679,0.005337909806,[-0.09222043 -0.06959259  0.59004868],4.143388033,2.610000007,56.47200012,147.3919207
4.144005537,0.5178742108,0.005368584832,[-0.09171417 -0.06543672  0.58956807],4.144565821,2.629999995,56.46333377,148.4985675
4.145038366,0.5178664886,0.005397999649,[-0.08967836 -0.05930504  0.58709856],4.145576954,2.629999956,56.45966657,148.4889206
4.146002531,0.5178580269,0.005428474271,[-0.08795581 -0.07060192  0.58675889],4.146578789,2.609999944,56.46949959,147.3853907
4.147039652,0.5178489578,0.005459446096,[-0.08685812 -0.07150195  0.58734505],4.147578955,2.539999945,56.47316742,143.4418421
4.148038387,0.5178394171,0.005489285899,[-0.08583154 -0.07083738  0.58572373],4.148583889,2.589999994,56.47016652,146.257731
4.149049282,0.517829542,0.005521864569,[-0.08564654 -0.05981309  0.58514159],4.149695873,2.639999935,56.47016589,149.0812343
4.150000811,0.5178194685,0.00555256972,[-0.08617153 -0.06305067  0.58387784],4.150699854,2.609999955,56.4628334,147.3679926
4.151044369,0.5178093292,0.005586204824,[-0.08569614 -0.06321508  0.58415069],4.15169692,2.589999953,56.46250089,146.2378747
4.152046442,0.5177992514,0.005619404998,[-0.08480278 -0.07810652  0.58528829],4.152635098,2.619999994,56.46633339,147.9417931
4.153025627,0.5177893556,0.005653608271,[-0.08375756 -0.07206597  0.58755388],4.153820753,2.629999936,56.45849991,148.4858511
4.154000521,0.5177797537,0.005686400448,[-0.08201888 -0.06506844  0.58828494],4.154820919,2.639999976,56.45549965,149.0425177
4.15500474,0.5177705482,0.005723113349,[-0.08216775 -0.06636654  0.59044128],4.155761719,2.589999996,56.45233345,146.2115434
4.156003475,0.517761831,0.005758956887,[-0.08146643 -0.06346746  0.59387161],4.156958818,2.630000044,56.45166651,148.4678854
4.157000542,0.5177536834,0.005795296154,[-0.08024505 -0.06004449  0.59776064],4.157949924,2.650000045,56.4520003,149.5978033
4.158004045,0.5177461753,0.005832844041,[-0.07853079 -0.05165879  0.60038322],4.158951044,2.609999936,56.45100021,147.3371069
4.15900898,0.5177393651,0.005873289334,[-0.07736815 -0.05123233  0.60123233],4.159890175,2.629999936,56.45066579,148.4652474
4.160001993,0.5177333006,0.005915045427,[-0.0767241  -0.04522516  0.60179163],4.161072969,2.619999936,56.44783274,147.8933182
4.161000729,0.5177280184,0.005958225072,[-0.07643325 -0.04063165  0.60121494],4.162075996,2.639999945,56.45066706,149.0297579
4.162003279,0.517723545,0.006002987775,[-0.07791853 -0.03978346  0.60075153],4.163094997,2.609999945,56.44883347,147.3314523
4.163002729,0.5177198974,0.006049114513,[-0.0774045  -0.0344912   0.60113305],4.164200783,2.589999963,56.44483312,146.1921157
4.164006472,0.5177170839,0.006095927487,[-0.07638387 -0.03758449  0.60179504],4.165200949,2.640000014,56.44550006,149.0161209
4.165007353,0.5177151047,0.006143781548,[-0.07581149 -0.04591811  0.59997869],4.166206837,2.619999973,56.44166629,147.8771641
4.166001558,0.517713953,0.00619208821,[-0.07416005 -0.04911031  0.59910145],4.166206837,2.599999992,56.44099935,146.7465979
4.167013884,0.517713616,0.00624041077,[-0.07345915 -0.04474852  0.59567752],4.167326927,2.570000002,56.45383326,145.0863516
4.168004513,0.5177140756,0.006288680491,[-0.0728622  -0.03730663  0.59399505],4.168323994,2.580000021,56.45716667,145.6594912
4.169000864,0.5177153096,0.006336526726,[-0.07164461 -0.04264099  0.5941759 ],4.169333935,2.59000003,56.46800041,146.2521227
4.169997931,0.5177172923,0.005613461601,[-0.0690339  -0.06272657  0.59600709],4.171277046,2.580000022,56.46549988,145.680991
4.17103672,0.5177199955,0.005660064212,[-0.06666299 -0.0700509   0.59794184],4.171277046,2.590000011,56.46399879,146.2417575
4.172054768,0.5177233891,0.005705614126,[-0.06438962 -0.07271513  0.59933925],4.17244792,2.609999992,56.45849991,147.3566843
4.172997952,0.5177274422,0.005750885328,[-0.06400049 -0.06392433  0.59855223],4.1734519,2.619999992,56.45749982,147.9186491
4.173998356,0.5177321234,0.005795168405,[-0.06468288 -0.05296792  0.59567471],4.174449921,2.600000011,56.46149953,146.7998994
4.175041199,0.5177374014,0.005840784374,[-0.06596609 -0.0532511   0.59700404],4.175495863,2.560000023,56.46233368,144.5435755
4.176001787,0.5177432456,0.005885017224,[-0.06623948 -0.06775971  0.59989305],4.176580906,2.549999962,56.46183268,143.9776712
4.177039862,0.5177496268,0.005926090951,[-0.06442268 -0.07717506  0.60338946],4.17757988,2.649999969,56.46566645,149.6340143
4.178038359,0.517756517,0.005969878798,[-0.06434737 -0.07065465  0.60659816],4.178694963,2.549999971,56.46899986,143.995948
4.179042578,0.5177638904,0.006015477432,[-0.06459054 -0.072188    0.60500173],4.179697752,2.570000011,56.46633275,145.1184758
4.180008888,0.517771723,0.006057862655,[-0.06547158 -0.06774513  0.60153681],4.180696964,2.570000011,56.45416641,145.0872083
4.181036472,0.5177799934,0.006104236355,[-0.06616168 -0.06790299  0.60089594],4.181699991,2.570000021,56.46516673,145.1154797
4.182039738,0.5177886823,0.006149032815,[-0.06640015 -0.07479167  0.6032067 ],4.182742834,2.590000011,56.45783297,146.225788
4.183041096,0.5177977734,0.006194497794,[-0.06641339 -0.0735836   0.60432079],4.18382597,2.589999951,56.46116638,146.2344182
4.184007883,0.5178072525,0.006238464342,[-0.06456245 -0.07660832  0.60710038],4.184825897,2.569999943,56.45100021,145.0790673
4.185055733,0.5178171081,0.006285555499,[-0.06367308 -0.07483616  0.6089074 ],4.185759783,2.599999983,56.45399984,146.7803986
4.186019182,0.517827331,0.006331781815,[-0.06405249 -0.07838359  0.60729225],4.186948061,2.639999963,56.45116615,149.0310766
4.187003613,0.5178379142,0.006378438999,[-0.06581065 -0.07809353  0.60383217],4.187951088,2.630000014,56.45166651,148.4678837
4.188004732,0.5178488529,0.006423479309,[-0.06571349 -0.07339754  0.59881313],4.18888998,2.609999973,56.44933319,147.3327581
4.18900156,0.5178601437,0.006472836925,[-0.06567084 -0.06944607  0.59751006],4.190074921,2.629999973,56.45166715,148.4678831
4.190001011,0.5178717846,0.006517274058,[-0.06359932 -0.06446848  0.59788227],4.191089153,2.639999982,56.45333417,149.0368012
4.190998554,0.5178837746,0.006564989466,[-0.05990789 -0.0657582   0.60198888],4.192091942,2.609999973,56.45283381,147.3418947
4.192007303,0.517896113,0.006612925082,[-0.05622987 -0.07646115  0.60680053],4.193198919,2.649999963,56.45100085,149.5951502
4.193004131,0.5179087991,0.006661718418,[-0.05373551 -0.08046959  0.60838865],4.194200039,2.679999953,56.4533329,151.2949295
4.194005251,0.5179218316,0.006711402295,[-0.05249868 -0.07802944  0.6060953 ],4.195199966,2.679999964,56.45166715,151.2904659
4.19499898,0.5179352078,0.006761549563,[-0.05361594 -0.06420709  0.6038044 ],4.196200848,2.619999973,56.45499992,147.9120983
4.195999622,0.5179489234,0.006812778745,[-0.05382467 -0.06661946  0.60057932],4.197201014,2.609999973,56.45666631,147.3518976
4.19700098,0.5179629718,0.006864040839,[-0.05675187 -0.06824498  0.59863907],4.198216915,2.639999991,56.45616659,149.0442793
4.198010206,0.5179773432,0.006915524277,[-0.05795054 -0.05619349  0.6017759 ],4.199220896,2.609999992,56.45849991,147.3566843
4.199002266,0.5179920245,0.006967748762,[-0.05804124 -0.06194116  0.60665053],4.199220896,2.589999983,56.44799995,146.2003189
4.200001478,0.5180069988,0.007021845824,[-0.05837275 -0.06239743  0.61245232],4.200327873,2.609999983,56.45000013,147.3344994
4.20100832,0.5180222451,0.00707706829,[-0.05877828 -0.05912295  0.61476081],4.201325893,2.649999972,56.45166715,149.5969164
4.202009439,0.5180377375,0.00713368936,[-0.05917827 -0.06780488  0.61406398],4.202331066,2.629999973,56.45116679,148.4665671
4.203043222,0.5180534459,0.007190491447,[-0.06058505 -0.07396384  0.6086073 ],4.203449011,2.620000023,56.44499969,147.8859005
4.204007626,0.5180693356,0.006579922193,[-0.06300969 -0.06408709  0.60612491],4.204452038,2.640000014,56.44866689,149.0244814
4.205004692,0.5180853673,0.006636667936,[-0.06474619 -0.06064419  0.60412192],4.205458879,2.629999964,56.44049962,148.438512
4.206038952,0.5181014979,0.00669347342,[-0.06478897 -0.06483446  0.60551487],4.206461906,2.669999972,56.44750023,150.714824
4.207043409,0.5181176805,0.00675242508,[-0.0618621  -0.05716576  0.608656  ],4.207461119,2.669999965,56.44283358,150.7023637
4.208045006,0.5181338656,0.006807310503,[-0.05905391 -0.05717951  0.61164173],4.20838809,2.629999982,56.45383326,148.4735805
4.209005594,0.5181500013,0.006864508667,[-0.05732368 -0.06363332  0.61385263],4.209580898,2.689999972,56.44383303,151.8339093
4.21004343,0.518166035,0.006924136052,[-0.05626279 -0.08059235  0.61247845],4.210579872,2.719999965,56.44549942,153.5317565
4.211036444,0.5181819137,0.006981958252,[-0.0553371  -0.07737496  0.61106743],4.211694002,2.719999954,56.43649991,153.5072772
4.212037325,0.5181975859,0.007039203305,[-0.05470511 -0.07070677  0.61006966],4.212700844,2.729999956,56.43883324,154.0780122
4.213030338,0.5182130025,0.007093474415,[-0.05382688 -0.06467421  0.60978626],4.21369791,2.739999954,56.43366687,154.6282446
4.214036465,0.5182281178,0.007152106089,[-0.05314474 -0.06687946  0.61061729],4.214699984,2.76999997,56.42066638,156.2852442
4.215000629,0.5182428917,0.007207883195,[-0.05197244 -0.06270979  0.61173331],4.215740919,2.709999964,56.40700022,152.8629686
4.216032505,0.5182572898,0.007263926482,[-0.05086919 -0.06592992  0.61074299],4.216825008,2.710000023,56.41316732,152.8796847
4.217002869,0.5182712854,0.007319307359,[-0.05017869 -0.05821327  0.60997442],4.217823982,2.709999964,56.41583316,152.8869058
4.218005896,0.5182848603,0.007374783599,[-0.05081197 -0.06402338  0.61035246],4.21882391,2.709999952,56.424167,152.9094899
4.219003677,0.5182980052,0.007427479018,[-0.05186912 -0.07307231  0.61105535],4.219761133,2.739999957,56.42583402,154.6067828
4.220043898,0.518310721,0.007483553008,[-0.05260397 -0.0632923   0.61067438],4.220949888,2.739999954,56.42783356,154.6122613
4.221002817,0.5183230186,0.007535752495,[-0.05211965 -0.0663361   0.61181332],4.221948147,2.710000005,56.43316714,152.9338832
4.222002506,0.5183349192,0.007588998798,[-0.05288057 -0.07180618  0.61275402],4.222890854,2.710000005,56.43216705,152.931173
4.223002672,0.5183464543,0.007640996133,[-0.05390821 -0.07513727  0.61057528],4.224074841,2.719999947,56.4375,153.509997
4.224005222,0.5183576648,0.007694568049,[-0.05407414 -0.06638754  0.61047299],4.225095749,2.709999945,56.43650055,152.9429134
4.225004673,0.5183686001,0.007743506171,[-0.0526428  -0.05820181  0.61300545],4.226201057,2.680000013,56.42983373,151.2319551
4.226004839,0.5183793175,0.007794185184,[-0.0504848  -0.05884668  0.61766903],4.227197886,2.709999956,56.4418335,152.9573663
4.227007866,0.5183898801,0.007844851967,[-0.04776714 -0.06194957  0.62002597],4.22819972,2.759999983,56.44183413,155.7794612
4.228001356,0.5184003556,0.007895492114,[-0.04575872 -0.0514649   0.61972483],4.229214907,2.769999985,56.44099998,156.3415691
4.22900176,0.5184108138,0.007946056335,[-0.04433721 -0.05903071  0.62032416],4.230217934,2.780000024,56.43600082,156.8920836
4.23000288,0.5184213251,0.007996894536,[-0.04162786 -0.06334473  0.62219155],4.230217934,2.799999967,56.43100103,158.006801
4.231002092,0.5184319578,0.008047834336,[-0.04140265 -0.05857766  0.62275945],4.231329918,2.849999972,56.42866707,160.8216995
4.232007265,0.5184427759,0.008098245865,[-0.03973427 -0.04761108  0.6217555 ],4.232325077,2.829999991,56.42450015,159.6813349
4.233002663,0.5184538369,0.008149017008,[-0.03972086 -0.04838647  0.61952699],4.23428607,2.779999979,56.41633352,156.837406
4.234042406,0.5184651897,0.008200154355,[-0.0394479  -0.05165026  0.62014298],4.23428607,2.870000038,56.42050107,161.9268402
4.23503232,0.5184768722,0.008252009582,[-0.03949526 -0.04907666  0.61910807],4.235449076,2.839999992,56.42933337,160.2593063
4.235999584,0.5184889098,0.008304780703,[-0.03868535 -0.04280623  0.61798704],4.236456871,2.839999981,56.42999967,160.261198
4.237041235,0.5185013139,0.007645928413,[-0.03760224 -0.04279061  0.61804509],4.237456083,2.829999972,56.43533325,159.7119915
4.238000393,0.5185140805,0.007701102837,[-0.036397   -0.03544807  0.61875785],4.238451958,2.849999972,56.43916639,160.8516226
4.239037037,0.5185271899,0.007754753338,[-0.03759392 -0.02728697  0.620033  ],4.239398003,2.759999935,56.43999926,155.7743943
4.24000001,0.518540606,0.0078078781,[-0.03959363 -0.04109179  0.61876579],4.240580082,2.779999927,56.43950017,156.9018063
4.241033077,0.518554277,0.007865662562,[-0.04060666 -0.04561879  0.61614348],4.241581917,2.749999985,56.44299952,155.2182478
4.242037535,0.5185681361,0.007918927057,[-0.04044682 -0.05418075  0.61696186],4.242518902,2.770000014,56.43583234,156.3272564
4.243033886,0.5185821026,0.007976747099,[-0.03924967 -0.05325959  0.6197492 ],4.243701935,2.759999983,56.43766594,155.767957
4.244013071,0.5185960841,0.008030136515,[-0.03735466 -0.05200637  0.62378885],4.244699001,2.749999993,56.43299993,155.1907494
4.245002985,0.5186099785,0.008087265351,[-0.03594575 -0.05952497  0.62916664],4.245638132,2.709999945,56.42816671,152.9203287
4.246033669,0.5186236773,0.00814270554,[-0.03545759 -0.05855905  0.63291091],4.246825933,2.719999943,56.43466632,153.5022892
4.247004747,0.5186370683,0.00819781527,[-0.03585504 -0.05329319  0.6347374 ],4.247826099,2.729999945,56.43199984,154.0593564
4.248037338,0.5186500394,0.008252103619,[-0.03734976 -0.04716212  0.63378501],4.248763084,2.819999956,56.42966652,159.1316571
4.249006271,0.5186624822,0.008307884568,[-0.04013335 -0.05666713  0.62948858],4.249835968,2.839999996,56.42483393,160.2465282
4.250034809,0.518674296,0.008366469558,[-0.04083692 -0.05403953  0.62788701],4.250950098,2.799999945,56.42266655,157.9834632
4.251004219,0.5186853915,0.008422275706,[-0.03952526 -0.04695756  0.63149147],4.251950979,2.800000004,56.42150052,157.9802017
4.25200367,0.5186956949,0.008482566513,[-0.03850036 -0.04409999  0.63638094],4.252953053,2.859999947,56.41583316,161.3492798
4.253000498,0.518705151,0.00853960531,[-0.03688403 -0.04660576  0.63888829],4.253963947,2.879999958,56.41516685,162.4756782
4.25399971,0.5187137272,0.008601077935,[-0.0357816  -0.04155845  0.63946881],4.255086899,2.839999951,56.42100016,160.2356377
4.254998207,0.5187214154,0.0086591682,[-0.03699669 -0.04716787  0.63880044],4.256078005,2.859999962,56.42150116,161.3654912
4.256001949,0.5187282351,0.008719076108,[-0.03870643 -0.05725591  0.63726138],4.257194996,2.869999968,56.42533366,161.9407058
4.257008553,0.5187342346,0.008778944234,[-0.03803532 -0.06890512  0.6354413 ],4.258210897,2.899999999,56.42466672,163.6315334
4.257999182,0.5187394921,0.008838688568,[-0.03832271 -0.0768776   0.63387601],4.259200811,2.720000003,56.42216682,153.4682939
4.259000063,0.5187441156,0.008897571912,[-0.03834486 -0.08566344  0.63439227],4.26019907,2.80999995,56.42366664,158.5505004
4.260005236,0.5187482429,0.008955491002,[-0.04026487 -0.08802015  0.63696476],4.261205912,2.849999942,56.43216642,160.831671
4.261003256,0.5187520394,0.009012279454,[-0.04125817 -0.09355701  0.63689082],4.262228966,2.829999961,56.4248333,159.682276
4.262012005,0.518755696,0.009068103141,[-0.0410777  -0.10044718  0.63702265],4.262228966,2.79999996,56.42649968,157.9941968
4.263029099,0.5187594264,0.00912376056,[-0.03995603 -0.10418425  0.63688517],4.263327837,2.780000001,56.43533262,156.8902247
4.264031649,0.5187634626,0.009178769961,[-0.03911849 -0.11321655  0.6367671 ],4.264328957,2.770000011,56.43249957,156.3180244
4.265010834,0.5187680504,0.009232481852,[-0.03938604 -0.11437824  0.63598574],4.26532793,2.789999999,56.41300011,157.3922702
4.266019583,0.5187734448,0.00928649842,[-0.03885022 -0.11417126  0.63461443],4.26635313,2.770000003,56.41583379,156.2718598
4.267002344,0.5187799036,0.009341034524,[-0.03772168 -0.10779373  0.63649354],4.267452717,2.760000009,56.42699941,155.7385189
4.268037558,0.5187876818,0.009394920617,[-0.03456951 -0.10871555  0.64231945],4.268451929,2.799999993,56.43216642,158.0100656
4.268998384,0.5187970252,0.008605186744,[-0.03005274 -0.09852021  0.64824563],4.26945591,2.830000002,56.43133291,159.7006722
4.270035028,0.5188081641,0.008658821215,[-0.02737766 -0.11066046  0.65122677],4.270455837,2.789999995,56.43366623,157.4499285
4.271002054,0.5188213073,0.008711862241,[-0.02594457 -0.11169026  0.65094365],4.271399736,2.789999951,56.42866707,157.4359783
4.271996498,0.518836636,0.008767961241,[-0.02531227 -0.10628828  0.65036748],4.2725811,2.849999942,56.42916679,160.8231221
4.27301383,0.5188542983,0.008820233582,[-0.02595459 -0.10987386  0.65079383],4.273585796,2.849999953,56.42416636,160.8088715
4.274000406,0.5188744043,0.008876604062,[-0.02791628 -0.12363346  0.65009002],4.274579763,2.839999948,56.41683324,160.2238035
4.274999857,0.5188970223,0.008929550737,[-0.02911913 -0.12135346  0.65223785],4.275517941,2.809999932,56.43083318,158.5706374
4.275998592,0.5189221747,0.008984662175,[-0.03011266 -0.11407776  0.65484774],4.27670002,2.939999972,56.41566785,165.8620619
4.277002096,0.5189498366,0.009041539446,[-0.02973968 -0.10686337  0.65629351],4.27769804,2.879999984,56.41449992,162.4737589
4.277997255,0.5189799338,0.009098611109,[-0.02980895 -0.11217199  0.65705352],4.278743029,2.860000003,56.4173336,161.3535743
4.279000044,0.5190123431,0.009156425748,[-0.02960783 -0.11617503  0.65491004],4.279823065,2.789999966,56.41750018,157.4048236
4.28000164,0.519046893,0.009214325559,[-0.02870271 -0.12612546  0.65381068],4.280826092,2.890000004,56.41516685,163.0398325
4.281001568,0.519083366,0.009272098213,[-0.02787224 -0.12516403  0.65297836],4.281823874,2.839999992,56.4179999,160.2271193
4.282001972,0.519121502,0.009328903265,[-0.02605988 -0.12558255  0.65431409],4.282759905,2.819999997,56.42200025,159.1100405
4.283000469,0.5191610027,0.009385772511,[-0.02447211 -0.13354846  0.65783588],4.283954859,2.799999993,56.42433294,157.9881318
4.284009218,0.5192015367,0.009442204613,[-0.02233555 -0.13238278  0.65794942],4.284951925,2.800000045,56.42000008,157.9760028
4.285041332,0.5192427461,0.00949848683,[-0.01940912 -0.13272169  0.65521002],4.285891056,2.840000022,56.41683388,160.2238095
4.286043882,0.5192842535,0.009553866808,[-0.01931938 -0.13439419  0.65286015],4.28707695,2.850000005,56.42633438,160.8150533
4.287043095,0.5193256696,0.009608532275,[-0.01649634 -0.12919124  0.6544123 ],4.288076878,2.779999949,56.42750104,156.86845
4.288002729,0.519366601,0.009663286154,[-0.01484876 -0.13363231  0.65637473],4.289074898,2.800000016,56.41950035,157.9746019
4.28903532,0.5194066589,0.009719549949,[-0.01179839 -0.12185772  0.65886745],4.290086985,2.879999984,56.42050044,162.4910404
4.290046453,0.5194454671,0.009774603908,[-0.00991945 -0.12310315  0.6607664 ],4.291203022,2.849999938,56.42083359,160.7993722
4.291003942,0.5194826703,0.009829734767,[-0.00947954 -0.11883975  0.66140608],4.292201757,2.839999955,56.42183431,160.2380069
4.292038202,0.5195179418,0.009883167068,[-0.01096799 -0.1101135   0.662698  ],4.293202162,2.849999968,56.42233404,160.8036502
4.293037653,0.5195509906,0.009941531124,[-0.01138626 -0.1016463   0.66381371],4.294205904,2.900000025,56.41400083,163.6006038
4.294033527,0.5195815678,0.00999985935,[-0.01261054 -0.10515844  0.66315222],4.294205904,2.919999961,56.4121666,164.7235242
4.295047283,0.5196094722,0.01005562057,[-0.01447143 -0.11199416  0.66675755],4.295325756,2.900000025,56.41066678,163.5909351
4.296043634,0.5196345547,0.01011667936,[-0.01634511 -0.10594687  0.67071003],4.296325922,2.950000007,56.41283353,166.4178593
4.297036171,0.5196567213,0.01017588344,[-0.01577695 -0.10038593  0.67022855],4.297327995,2.989999998,56.41100057,168.6688916
4.298001289,0.5196759356,0.01023458465,[-0.01584473 -0.10220068  0.66990288],4.29928112,2.990000043,56.41066742,168.667898
4.299007416,0.5196922184,0.01029298512,[-0.01650479 -0.11300476  0.67029198],4.29928112,2.969999995,56.40749995,167.5302746
4.300038815,0.5197056482,0.01034866971,[-0.01588031 -0.10506687  0.67079625],4.300457954,2.949999992,56.4135011,166.4198278
4.301039457,0.5197163577,0.01040334069,[-0.01622258 -0.11573988  0.66942523],4.301459789,2.980000038,56.4040006,168.0839239
4.302008629,0.5197245317,0.01045472757,[-0.01721646 -0.11470439  0.66833404],4.302387953,2.969999988,56.40399996,167.5198792
4.303041697,0.5197304012,0.01050644582,[-0.01772467 -0.10995983  0.66871238],4.303581953,2.90999997,56.402167,164.1303043
4.3040061,0.5197342386,0.01055772274,[-0.01798474 -0.10902114  0.6683126 ],4.304604769,2.91000003,56.40016683,164.1244872
4.30502367,0.51973635,0.01060632937,[-0.01738644 -0.10679405  0.66836731],4.305697918,2.909999926,56.41533407,164.1686179
4.306002617,0.5197370682,0.01065224631,[-0.01620764 -0.10993563  0.66630328],4.306701899,2.959999945,56.41633352,166.9923441
4.30700326,0.5197367445,0.01070047628,[-0.01622361 -0.11401876  0.66703701],4.307707071,2.89999992,56.41516749,163.6039812
4.308035612,0.5197357393,0.009622284072,[-0.01667537 -0.10547148  0.66636078],4.308699131,2.929999989,56.41400019,165.2930199
4.309038401,0.519734414,0.009664491271,[-0.01772332 -0.10406482  0.66455897],4.30963397,2.909999926,56.41066742,164.155038
4.310040951,0.5197331215,0.009706815707,[-0.01796273 -0.09904679  0.66015356],4.310827971,2.969999935,56.40566762,167.5248292
4.311038733,0.5197321979,0.009749178721,[-0.01701409 -0.10198856  0.65882963],4.311824083,2.88999993,56.41133436,163.0287523
4.31204915,0.5197319545,0.009793299607,[-0.01547489 -0.08937531  0.66317407],4.312762976,2.909999918,56.40733401,164.1453374
4.31303525,0.5197326694,0.009836594802,[-0.01322133 -0.08719415  0.66836308],4.313837051,2.959999938,56.40833346,166.9686635
4.314034224,0.5197345819,0.009881028208,[-0.01028568 -0.07398965  0.66830703],4.314949989,2.969999928,56.40333303,167.517895
4.314996481,0.5197378861,0.009926357993,[-0.00860635 -0.08094142  0.6691574 ],4.315949917,2.969999988,56.40550041,167.5243355
4.316037655,0.5197427266,0.009972750742,[-0.00852233 -0.08664017  0.67006466],4.316948891,2.959999938,56.40399996,166.9558364
4.317045212,0.5197491956,0.01001856918,[-0.00958198 -0.08487015  0.6686503 ],4.317885876,2.939999912,56.40083313,165.8184444
4.317996979,0.5197573306,0.01006508882,[-0.01155055 -0.08438147  0.66809702],4.319074869,3.039999921,56.39666684,171.4458627
4.319009781,0.5197671141,0.010109657,[-0.01466264 -0.08382218  0.66910831],4.320073843,2.949999925,56.39900017,166.3770463
4.320022345,0.5197784749,0.01015817417,[-0.01795139 -0.07839303  0.67046408],4.321017027,2.939999957,56.39166641,165.7914968
4.321042538,0.5197912901,0.01020587367,[-0.01995446 -0.07570591  0.67095918],4.322198868,2.969999935,56.39283307,167.4867106
4.322002888,0.519805389,0.01025169901,[-0.02222345 -0.07892589  0.67085847],4.323202848,3.010000009,56.39633369,169.7529649
4.323002338,0.5198205578,0.01030087071,[-0.02497459 -0.0786712   0.66659482],4.324201822,2.89999995,56.40183385,163.5653154
4.324007273,0.5198365459,0.01035066416,[-0.02405701 -0.07398912  0.66629285],4.325211048,2.839999963,56.40966733,160.2034531
4.32503891,0.5198530728,0.01040215101,[-0.02312773 -0.06842092  0.66466034],4.326214075,3.030000005,56.39466667,170.8758403
4.326055288,0.5198698356,0.01045069647,[-0.01932455 -0.06808326  0.66371799],4.327231884,3.149999995,56.40200043,177.6663011
4.327047586,0.5198865175,0.01050141953,[-0.01614901 -0.05996034  0.66306033],4.328124762,3.090000007,56.40066719,174.278062
4.32803607,0.519902796,0.01055248237,[-0.01277096 -0.05075317  0.66274836],4.329134941,2.990000028,56.41016706,168.6664011
4.329001904,0.5199183523,0.01060526652,[-0.01097644 -0.0417776   0.66290399],4.329134941,2.990000028,56.41133372,168.6698894
4.330034494,0.519932879,0.01065795205,[-0.00874577 -0.03530988  0.66015031],4.330327988,3.050000038,56.40733401,172.0423709
4.330999374,0.5199460891,0.01071018869,[-0.0077759  -0.02967891  0.658959  ],4.332278967,3.020000044,56.40950012,170.3566929
4.332039356,0.519957723,0.0107623986,[-0.00587483 -0.02322753  0.66120832],4.332278967,2.909999993,56.40866725,164.1492213
4.33300519,0.5199675557,0.01081428647,[-0.00310998 -0.03180527  0.66376683],4.333456039,2.959999997,56.40516726,166.9592949
4.33404994,0.519975403,0.01087060713,[-0.00106377 -0.03802825  0.66328709],4.334463835,3.079999972,56.39933395,173.709947
4.3349998,0.5199811258,0.01092344169,[-0.00119284 -0.04261568  0.66128893],4.335578918,3.160000023,56.38433393,178.1744965
4.336040258,0.519984634,0.01097957963,[-0.00325838 -0.04147287  0.65912879],4.33658576,3.109999996,56.38666662,175.3625329
4.337037086,0.5199858891,0.01103109049,[-0.00547185 -0.04126106  0.66057146],4.337584019,3.070000026,56.39750036,173.1403276
4.338034391,0.5199849045,0.01108626177,[-0.00751216 -0.03688099  0.66195812],4.338583946,3.110000033,56.39716657,175.3951899
4.339041471,0.5199817459,0.01113557847,[-0.01018652 -0.04200084  0.66096006],4.33952713,3.200000037,56.38899994,180.4448019
4.340018511,0.5199765287,0.01118868408,[-0.01207782 -0.0449537   0.66271703],4.340705872,3.070000041,56.38200061,173.0927442
4.341001749,0.5199694154,0.01123851027,[-0.01442138 -0.04964642  0.66334756],4.341708899,3.090000052,56.37199974,174.1894821
4.342046738,0.519960611,0.01128717808,[-0.01565166 -0.0570916   0.66135481],4.34264183,3.160000045,56.37866656,178.1565889
4.343036175,0.5199503577,0.01133495235,[-0.01645249 -0.05756297  0.65966861],4.343828917,3.140000034,56.38833427,177.0593715
4.344005346,0.5199389284,0.01137890605,[-0.01487052 -0.06426717  0.65972938],4.344845057,3.120000023,56.37366613,175.8858396
4.345040321,0.5199266197,0.01142148546,[-0.01278164 -0.07475803  0.66038435],4.345949888,2.989999983,56.3793335,168.5742062
4.346036911,0.5199137436,0.01035959343,[-0.00780787 -0.07228584  0.66171683],4.346953869,3.060000051,56.39550018,172.5702334
4.347021341,0.5199006199,0.01039606955,[-0.00453521 -0.08353563  0.66321126],4.348072767,3.060000051,56.39216677,172.5600332
4.348034859,0.5198875678,0.01042989837,[ 2.75320731e-04 -9.46079724e-02  6.63628025e-01],4.34907794,2.979999993,56.39166641,168.0471655
4.349006653,0.5198748971,0.01046474951,[ 0.00238239 -0.0923023   0.6633537 ],4.350077868,2.989999983,56.39683278,168.6265291
4.350037336,0.5198629009,0.01049653604,[ 0.00407115 -0.08195063  0.66255362],4.351078987,2.989999987,56.39800008,168.6300195
4.351046562,0.5198518477,0.0105276296,[ 0.00646664 -0.08919083  0.66284411],4.35221076,3.02,56.39733315,170.3199461
4.352005005,0.5198419747,0.01056017464,[ 0.00828837 -0.09733869  0.66209602],4.35320282,3.02,56.39633306,170.3169258
4.352999687,0.5198334816,0.010591335,[ 0.0076753  -0.10234655  0.66279077],4.354201078,2.989999983,56.4053332,168.6519453
4.354040146,0.5198265261,0.01062423965,[ 0.00628241 -0.09225173  0.65951343],4.355202913,2.940000046,56.41183345,165.8507929
4.354997635,0.5198212197,0.01065666068,[ 0.00533366 -0.09525984  0.65810688],4.356248856,2.950000037,56.40683365,166.4001613
4.356037378,0.5198176253,0.0106878076,[ 0.00394892 -0.10644138  0.65940792],4.356248856,3.04000001,56.40283394,171.4646158
4.357035875,0.5198157558,0.01072039514,[ 0.00426149 -0.10758731  0.65995442],4.357326984,3.03000002,56.40666644,170.9122004
4.358050346,0.5198155742,0.01075489659,[ 0.00312282 -0.11077717  0.66096181],4.358326912,2.949999947,56.4046669,166.3937644
4.359037876,0.5198169948,0.01078630506,[ 0.00270044 -0.10342712  0.66344757],4.359329939,2.979999993,56.40633456,168.0908766
4.360044956,0.5198198859,0.01082058532,[-0.00113847 -0.10385293  0.66934447],4.360327005,3.060000051,56.40899976,172.6115421
4.361043692,0.5198240733,0.01085436216,[-0.00131893 -0.10692198  0.66886486],4.361326933,3.04999999,56.40416718,172.0327093
4.362041712,0.5198293456,0.01088991624,[-0.00335208 -0.11239933  0.66587167],4.362406969,2.979999993,56.40616671,168.0903764
4.363037586,0.5198354594,0.01092458539,[-0.00201952 -0.11180247  0.66277919],4.363453865,3.070000041,56.41133436,173.1827988
4.364002228,0.5198421462,0.01096043287,[ 5.98814374e-04 -1.10779451e-01  6.62708602e-01],4.364453077,3.149999995,56.39883359,177.6563255
4.365041018,0.5198491193,0.0109965526,[ 0.00446601 -0.10906969  0.66449641],4.365463018,3.110000003,56.38900057,175.369792
4.366037607,0.5198560813,0.0110329621,[ 0.00479468 -0.11290379  0.6694895 ],4.3664639,3.07,56.4046669,173.1623274
4.366996765,0.5198627321,0.01106958112,[ 0.00788661 -0.11572128  0.67138385],4.36739707,3.200000025,56.39816602,180.4741327
4.367999077,0.5198687764,0.01110581904,[ 0.0098447  -0.11145425  0.6736348 ],4.368582964,3.169999965,56.39049975,178.7578822
4.369016171,0.5198739309,0.01114627436,[ 0.01161726 -0.10166704  0.67468268],4.369586945,3.210000016,56.39516703,181.0284871
4.370047092,0.5198779321,0.01118691807,[ 0.01218374 -0.09659492  0.67214496],4.370696783,3.079999961,56.39433352,173.694545
4.371033669,0.5198805421,0.01122676835,[ 0.01272521 -0.0952145   0.66937392],4.371708155,3.099999972,56.40533384,174.8565333
4.372037649,0.5198815549,0.01126844134,[ 0.01174006 -0.09497079  0.6742443 ],4.37270689,3.089999996,56.40750058,174.2991766
4.373042345,0.519880801,0.0113111447,[ 0.01164374 -0.10323873  0.67675546],4.37370491,3.050000004,56.39666684,172.0098341
4.374039888,0.5198781512,0.01135656125,[ 0.01061546 -0.11263289  0.67668421],4.374707937,3.040000044,56.38833364,171.4205367
4.375041723,0.5198735197,0.01140029857,[ 0.00816263 -0.12498521  0.67632104],4.375705004,3.040000029,56.39483325,171.4402947
4.376040697,0.5198668658,0.0114449873,[ 0.00768549 -0.11998548  0.67915874],4.376639843,3.180000015,56.38716634,179.3111898
4.377001762,0.5198581939,0.01149045405,[ 0.00644764 -0.12248055  0.68021062],4.377829075,3.139999948,56.38066673,177.0352906
4.378026724,0.5198475534,0.01153628049,[ 0.00616491 -0.12188007  0.67916763],4.37883091,3.139999963,56.36833254,176.9965621
4.379040718,0.5198350367,0.0115821483,[ 0.00439661 -0.1294174   0.67673389],4.379829884,3.100000031,56.37583415,174.7650876
4.380037308,0.5198207762,0.01162735009,[ 0.00384469 -0.13853355  0.67801511],4.380832911,3.190000035,56.38616625,179.8718723
4.381038904,0.519804941,0.01167086557,[ 0.0033392  -0.13133038  0.68267479],4.381832838,3.240000017,56.37933413,182.6690435
4.382040262,0.5197877318,0.01171820094,[ 0.00381696 -0.13802717  0.68327145],4.382951021,3.160000015,56.37533379,178.1460556
4.383043289,0.519769376,0.01042422951,[ 0.0057885  -0.14857503  0.6840549 ],4.383954763,3.160000004,56.37916692,178.1581677
4.384004354,0.5197501214,0.01046560133,[ 0.00645583 -0.15401276  0.68536332],4.384958744,3.160000004,56.36966705,178.1281481
4.385039806,0.5197302307,0.01050643392,[ 0.007146   -0.15335754  0.68701343],4.38596487,3.119999982,56.37266668,175.882719
4.386040688,0.5197099741,0.01054669036,[ 0.00716679 -0.14859999  0.68632328],4.386986971,2.959999926,56.3938338,166.9257439
4.387030363,0.5196896236,0.01058647467,[ 0.00532797 -0.15483741  0.68571741],4.388078928,2.979999967,56.39966647,168.0710042
4.388043165,0.5196694466,0.01062335066,[ 0.00434246 -0.17383756  0.68952037],4.389081001,2.990000017,56.3996671,168.6350056
4.389034033,0.5196496993,0.01066259154,[ 0.00452689 -0.18358843  0.69522477],4.390078783,3.050000019,56.40066655,172.0220341
4.390042782,0.5196306217,0.01070050729,[ 0.00404348 -0.18138438  0.69517376],4.391079903,3.069999941,56.39600054,173.1357183
4.390997887,0.5196124324,0.01073800742,[ 0.00308234 -0.18891942  0.69325272],4.392092705,3.009999998,56.39716657,169.7554713
4.392036438,0.5195953242,0.01077631096,[ 0.00229714 -0.17236723  0.69443965],4.393093109,3.019999988,56.39166641,170.3028319
4.39304328,0.5195794605,0.01081318587,[ 0.00105455 -0.17040041  0.69549078],4.39398694,3.019999959,56.39683342,170.3184346
4.394031286,0.519564973,0.01085022658,[-0.00073006 -0.17142925  0.69605362],4.394992113,3.009999968,56.39716721,169.7554715
4.395042419,0.5195519593,0.01088498419,[-0.00172397 -0.16225621  0.69713606],4.396021843,2.979999967,56.40233358,168.0789522
4.395998478,0.5195404825,0.0109229034,[-0.00151139 -0.16912567  0.69895053],4.39702487,3.029999949,56.40966733,170.9212891
4.396998167,0.5195305709,0.01095987448,[ 1.00098301e-04 -1.59323964e-01  7.00798064e-01],4.398205757,3.019999959,56.40850004,170.3536678
4.398048878,0.5195222192,0.01099621017,[ 0.0018627  -0.15802362  0.70081666],4.399204969,2.969999947,56.40500005,167.5228471
4.399037123,0.5195153899,0.01103361372,[ 0.00268923 -0.16030197  0.69794243],4.400213957,3.000000007,56.39566676,169.1870007
4.39999795,0.5195100156,0.01106919602,[ 0.00314424 -0.15694025  0.69640639],4.401225805,2.980000027,56.40399996,168.0839214
4.400999069,0.5195060026,0.01110619024,[ 0.00393913 -0.15567768  0.6978697 ],4.401225805,3.019999988,56.39600054,170.315921
4.402001381,0.519503234,0.01114517143,[ 0.00516571 -0.15009136  0.7009969 ],4.402328968,3.029999949,56.40233421,170.8990698
4.403055906,0.5195015739,0.01118283948,[ 0.0052207 -0.1488679  0.7050621],4.403331041,3.009999998,56.40616735,169.7825636
4.404020071,0.5195008717,0.01122051741,[ 0.00667429 -0.14602334  0.70445403],4.404327154,3.090000011,56.39950053,174.2744573
4.405045986,0.5195009666,0.01126067321,[ 0.00970815 -0.13912998  0.70393614],4.405336857,3.100000031,56.38583374,174.7960864
4.406007051,0.519501692,0.01130128517,[ 0.01102981 -0.13300407  0.70770124],4.406344891,3.179999985,56.39116732,179.3239112
4.406999111,0.51950288,0.01134535007,[ 0.00966904 -0.12360018  0.70540967],4.407455921,3.180000015,56.38600032,179.3074818
4.408000469,0.5195043658,0.01138723654,[ 0.0083161  -0.12768722  0.70211081],4.408455849,3.200000025,56.39066696,180.4501357
4.408998489,0.5195059911,0.01143307849,[ 0.00713479 -0.12057855  0.70318701],4.409456015,3.120000012,56.38833364,175.9316016
4.410002947,0.5195076084,0.01147681581,[ 0.00661255 -0.11784683  0.70478733],4.410459042,3.150000013,56.38833364,177.6232517
4.411004305,0.5195090833,0.01152350442,[ 0.00641245 -0.11893908  0.70568409],4.411458969,3.100000001,56.3838342,174.7898861
4.411999464,0.5195102975,0.01157132534,[ 0.0057333  -0.11428646  0.70389151],4.412400961,3.170000015,56.3926665,178.7647536
4.413036823,0.5195111504,0.0116191778,[ 0.00538622 -0.11770516  0.70329883],4.413586855,3.070000015,56.3933328,173.1275326
4.414039612,0.5195115608,0.01166710586,[ 0.00470078 -0.12766965  0.70393568],4.414589882,3.070000021,56.39833387,173.1428861
4.415025234,0.5195114676,0.01071358967,[ 0.00610252 -0.12223643  0.70397044],4.415591717,3.110000022,56.39983368,175.403484
4.416002274,0.5195108297,0.01075883072,[ 0.00850028 -0.11852241  0.70112401],4.416701794,3.080000006,56.39000003,173.6812004
4.417042017,0.5195096259,0.01080560945,[ 0.01029693 -0.11718763  0.69979291],4.417706966,3.090000041,56.39283371,174.2538585
4.417999268,0.5195078541,0.01085011984,[ 0.01206392 -0.10317659  0.70289724],4.418707848,3.070000015,56.39683342,173.1382795
4.419034004,0.5195055294,0.01089263668,[ 0.01414975 -0.09891569  0.70414681],4.419644117,3.120000012,56.39116669,175.9404408
4.420035362,0.5195026831,0.01093772724,[ 0.0151531  -0.10283914  0.70400606],4.420829773,3.140000023,56.39150047,177.0693128
4.421035767,0.5194993601,0.01098464416,[ 0.01669337 -0.11653342  0.70040265],4.421831846,3.160000004,56.38216654,178.1676465
4.422045708,0.5194956168,0.01102779484,[ 0.01749512 -0.09907381  0.6985925 ],4.422768116,3.220000006,56.36716652,181.5022765
4.423028946,0.5194915188,0.01107357654,[ 0.01751694 -0.08635712  0.70067282],4.423956871,3.149999984,56.37650045,177.5859755
4.424016476,0.5194871381,0.0111188937,[ 0.016799   -0.08490444  0.70146431],4.42495203,3.169999994,56.3618323,178.6670081
4.425020933,0.5194825507,0.01116605063,[ 0.01769233 -0.07790581  0.70189703],4.426076889,3.129999964,56.36016591,176.4073173
4.426002979,0.5194778341,0.01121481691,[ 0.01823879 -0.07251571  0.70257675],4.427091837,3.089999942,56.37316704,174.1930829
4.427049398,0.5194730651,0.01126300335,[ 0.01623018 -0.07251928  0.70462969],4.42808485,3.02999994,56.36566671,170.7879667
4.427999258,0.5194683176,0.01131269072,[ 0.01246988 -0.08230912  0.70296926],4.429086924,3.03999996,56.36649958,171.3541565
4.42900753,0.5194636606,0.01136571141,[ 0.00891172 -0.08864307  0.69840771],4.430104971,3.089999942,56.37649981,174.2033812
4.429998875,0.5194591567,0.01141809356,[ 0.00638449 -0.08953938  0.69369163],4.431123734,3.119999973,56.37666702,175.8951996
4.430999994,0.5194548607,0.01147366215,[ 0.00295665 -0.0904095   0.69169217],4.432018042,3.099999933,56.38250033,174.7857472
4.432014465,0.519450819,0.01152411266,[ 0.00345373 -0.0886736   0.69177356],4.433204889,3.069999931,56.38500086,173.1019488
4.433003187,0.5194470681,0.01157794271,[ 0.00589653 -0.08173929  0.69267647],4.434218884,3.019999919,56.38783328,170.291252
4.433998108,0.5194436351,0.01163125903,[ 0.00614652 -0.09807449  0.69168188],4.434218884,3.059999911,56.38433393,172.5360568
4.434999466,0.5194405371,0.01168439694,[ 0.00551962 -0.09150528  0.6911179 ],4.435326815,3.069999902,56.38816706,173.1116673
4.435999632,0.5194377816,0.01173788625,[ 0.00739681 -0.0804979   0.68955035],4.436330795,3.019999919,56.39283307,170.3063513
4.437000275,0.5194353668,0.01179131308,[ 0.007972   -0.07815101  0.6869906 ],4.437333822,2.969999937,56.39850044,167.5035428
4.438000202,0.5194332824,0.01184506978,[ 0.00819691 -0.06685816  0.68348049],4.438332081,3.03999993,56.40899976,171.4833553
4.439000607,0.5194315102,0.01189862931,[ 0.00750869 -0.07000494  0.68241248],4.439332962,3.03999993,56.39950053,171.4544777
4.440000534,0.5194300252,0.01195180619,[ 0.00851345 -0.06461913  0.68519062],4.44028306,2.939999936,56.40299988,165.824816
4.441001892,0.5194287968,0.01200531941,[ 0.01017518 -0.05289797  0.68698207],4.441454887,2.929999946,56.40300051,165.2607884
4.442005873,0.5194277892,0.01205955538,[ 0.00904302 -0.0583941   0.68363514],4.442456007,2.959999947,56.4034996,166.9543558
4.443027258,0.5194269632,0.01211333368,[ 0.00679666 -0.06462587  0.68161402],4.443456888,3.009999929,56.40633392,169.7830611
4.444009542,0.5194262768,0.01216603113,[ 0.00594379 -0.07378683  0.68023267],4.444458961,3.019999949,56.38216718,170.274142
4.445046663,0.5194256864,0.01221866727,[ 0.00687278 -0.07317007  0.67870826],4.44557786,3.009999929,56.38116709,169.7073089
4.446038008,0.5194251476,0.01227042239,[ 0.00602783 -0.06932797  0.6768028 ],4.446587086,3.159999965,56.39433352,178.2060919
4.447036266,0.5194246161,0.01232078679,[ 0.00413807 -0.07747199  0.67561899],4.447584867,3.29999995,56.37699954,186.0440957
4.448046923,0.5194240483,0.0113199454,[ 0.00241931 -0.07320086  0.67390699],4.448584795,3.219999997,56.39100075,181.5790222
4.4490242,0.5194234023,0.01136576586,[ 8.86863636e-05 -6.62681103e-02  6.74811779e-01],4.449706793,3.139999984,56.39166705,177.0698336
4.450001478,0.5194226378,0.01140852974,[-0.00071686 -0.06928108  0.6763313 ],4.450706005,3.210000006,56.38716634,181.0028043
4.451004505,0.5194217171,0.01145115492,[-0.00232223 -0.08004532  0.67179045],4.451708078,3.219999997,56.38566717,181.5618481
4.452033758,0.519420605,0.0114927771,[-0.00323336 -0.09044943  0.66941656],4.452711821,3.210000006,56.38483365,180.9953164
4.453039885,0.5194192696,0.01153011239,[-0.00222199 -0.08923254  0.67058547],4.45364809,3.120000003,56.38666662,175.9264
4.454046965,0.5194176815,0.0115682545,[-0.00098941 -0.09987755  0.67011838],4.454833746,3.209999977,56.37766647,180.9723081
4.455039978,0.519415815,0.01160565706,[ 0.00158088 -0.10361069  0.66937011],4.455832005,3.199999986,56.37633324,180.4042656
4.456031322,0.5194136474,0.01164252532,[ 0.00258851 -0.10892306  0.66795761],4.456839085,3.210000006,56.3793335,180.9776609
4.457005262,0.5194111594,0.01167681505,[ 0.00389688 -0.11218943  0.66821739],4.457956076,3.099999992,56.38516744,174.7940186
4.458039045,0.5194083351,0.01171014665,[ 0.00738819 -0.1194549   0.66975345],4.458956003,3.150000004,56.38249969,177.6048743
4.45903945,0.5194051619,0.01174278366,[ 0.01044755 -0.1247592   0.66938951],4.459964037,3.199999956,56.38533274,180.4330623
4.460041761,0.5194016307,0.0117747459,[ 0.012835   -0.12352624  0.66957933],4.460969925,3.079999996,56.38200061,173.6565617
4.460998535,0.5193977356,0.01180529341,[ 0.01123669 -0.12440413  0.67017935],4.461978912,3.139999993,56.37983322,177.0326759
4.46199894,0.5193934746,0.01183816802,[ 0.01035415 -0.10245503  0.66823572],4.462876081,3.129999993,56.3774999,176.4615743
4.463031292,0.5193888488,0.01187178357,[ 0.01118325 -0.09729018  0.66692958],4.463879824,3.219999997,56.37433306,181.5253523
4.464005709,0.5193838631,0.0119073415,[ 0.01166299 -0.100077    0.66665029],4.465080976,3.110000012,56.37383334,175.3226224
4.465047598,0.5193785262,0.0119427249,[ 0.01111789 -0.1020872   0.66725428],4.46607995,3.110000042,56.37600009,175.3293627
4.466050863,0.51937285,0.01198139202,[ 0.01000317 -0.10555991  0.66641597],4.467087984,3.06000001,56.38650004,172.5426907
4.466999292,0.5193668507,0.01202344218,[ 0.00932951 -0.10236626  0.66445855],4.468091011,3.170000054,56.3718338,178.6987162
4.467998505,0.5193605477,0.01206475558,[ 0.00837208 -0.09921512  0.66173822],4.469100952,3.200000055,56.36766624,180.3765351
4.469056606,0.5193539642,0.01211035958,[ 0.0084561  -0.0974555   0.66189327],4.470118999,3.130000062,56.37533379,176.4547983
4.47004056,0.5193471269,0.01215550236,[ 0.01031502 -0.09822394  0.663524  ],4.471207857,3.180000074,56.37649981,179.2772736
4.471038103,0.519340066,0.01219910696,[ 0.01329246 -0.10070006  0.66622769],4.472213984,3.170000054,56.37933413,178.7224922
4.472043037,0.5193328146,0.01224523124,[ 0.01379819 -0.10482987  0.66826704],4.473218918,3.210000075,56.38033358,180.9808751
4.472997665,0.5193254086,0.01229349413,[ 0.01455698 -0.11085038  0.66777116],4.474221945,3.150000073,56.37466749,177.5802067
4.474000692,0.5193178865,0.01233839285,[ 0.01351491 -0.11271132  0.66705584],4.475117922,3.180000056,56.36966705,179.2555444
4.475016356,0.5193102885,0.01238244531,[ 0.01414018 -0.11601201  0.66796493],4.476133108,3.210000075,56.3648332,180.9311188
4.476040602,0.5193026567,0.01242516089,[ 0.01474936 -0.13849541  0.66873658],4.477137089,3.210000075,56.36183357,180.92149
4.477038383,0.5192950336,0.01246445897,[ 0.01555668 -0.13910036  0.66972643],4.478133917,3.140000083,56.37383334,177.0138413
4.478030443,0.5192874623,0.0125043136,[ 0.01463266 -0.13580348  0.67055892],4.479248047,3.120000012,56.38433329,175.9191206
4.479010344,0.5192799854,0.01254338282,[ 0.01369279 -0.13584797  0.67145704],4.479248047,3.150000054,56.38433329,177.6106529
4.480039358,0.5192726447,0.01149947653,[ 0.01422787 -0.13668908  0.67014513],4.480345011,3.160000063,56.38816643,178.1866095
4.481013536,0.51926548,0.01153455262,[ 0.01448138 -0.12720663  0.66871817],4.481335878,3.200000055,56.39000003,180.4480032
4.482043743,0.519258529,0.01156901583,[ 0.0141178  -0.13562331  0.66844983],4.482330084,3.120000053,56.38283285,175.9144415
4.48299861,0.5192518265,0.01160291493,[ 0.0184067  -0.13454119  0.67007409],4.483282804,3.160000075,56.38599968,178.1797632
4.484008074,0.5192454038,0.01163918881,[ 0.02249348 -0.13473779  0.67304847],4.484455109,3.150000043,56.37883313,177.5933268
4.48500967,0.5192392883,0.011673278,[ 0.02247312 -0.1369797   0.6752525 ],4.48545599,3.190000035,56.36816724,179.8144555
4.486046791,0.5192335032,0.01170946116,[ 0.02140871 -0.13186718  0.67380827],4.486456871,3.209999956,56.38050016,180.981403
4.487043619,0.5192280667,0.01174289792,[ 0.0191508  -0.13304291  0.67245632],4.487462044,3.219999976,56.38716698,181.5666763
4.488042831,0.5192229928,0.01177785519,[ 0.01806693 -0.1325634   0.67275862],4.488462925,3.289999999,56.38150024,185.4951358
4.489001274,0.5192182903,0.01181249609,[ 0.01774304 -0.13326688  0.67526923],4.489458799,3.209999986,56.3774999,180.9717739
4.490045309,0.5192139632,0.01184860055,[ 0.0176696  -0.13536707  0.6768741 ],4.490432978,3.229999997,56.38150024,182.1122456
4.491036177,0.5192100108,0.01188330983,[ 0.01783515 -0.12590534  0.67752159],4.491586924,3.250000007,56.38149961,183.2398741
4.492072105,0.5192064281,0.01191813915,[ 0.01701306 -0.13090452  0.6824111 ],4.492585897,3.289999999,56.37816683,185.4841688
4.493028402,0.5192032058,0.01195152915,[ 0.0173598  -0.13464631  0.6822047 ],4.49370575,3.250000007,56.38133367,183.2393348
4.494045973,0.5192003311,0.01198804656,[ 0.01619315 -0.14026988  0.68498767],4.494706869,3.250000007,56.38316663,183.245292
4.495035887,0.5191977879,0.01202267615,[ 0.0141538  -0.13547039  0.68340059],4.49571085,3.249999978,56.39749972,183.2918728
4.496037006,0.5191955573,0.0120591484,[ 0.01176455 -0.13230412  0.68186694],4.496707916,3.269999988,56.38433393,184.3767713
4.497038126,0.5191936183,0.01209318335,[ 0.01160043 -0.12351979  0.68066346],4.497709036,3.249999978,56.38433393,183.249084
4.498043776,0.5191919486,0.01213004419,[ 0.01120254 -0.12759563  0.68083812],4.498823166,3.199999996,56.38566653,180.4341326