timestamps,angvel_base_hist,I_hist,h_com_hist,angmom_wb_hist
0,[ 0.05576038 -0.11535424 -1.04009498],[0.81431883 1.15876909 0.62461111],0.5351801566,[-0.0793916  -0.72160987 -0.61051837]
0.001006364822,[ 0.06064885 -0.11690038 -1.05768333],[0.81350884 1.1593017  0.62467901],0.5351047014,[-0.07758956 -0.70410385 -0.61995975]
0.00200176239,[ 0.05932287 -0.11909187 -1.06820711],[0.81279116 1.15994016 0.62475958],0.5350294549,[-0.08001254 -0.68472727 -0.62654555]
0.003027915955,[ 0.05477905 -0.11960308 -1.06811564],[0.81201318 1.16055948 0.62483353],0.5349544725,[-0.08382293 -0.66281767 -0.62763099]
0.004005432129,[ 0.04124097 -0.12060723 -1.06475657],[0.81133997 1.1611864  0.62491157],0.5348798089,[-0.0940096  -0.64485547 -0.62687964]
0.005002975464,[ 0.02748297 -0.12252127 -1.06682307],[0.81068207 1.1618738  0.6249904 ],0.5348055186,[-0.10514064 -0.63440769 -0.62974113]
0.00599694252,[ 0.0192404  -0.12447765 -1.06688395],[0.80987002 1.16240096 0.62504121],0.5347316566,[-0.11179793 -0.66246299 -0.63088022]
0.006992101669,[ 0.01141424 -0.12465657 -1.07214744],[0.80907756 1.1629383  0.62509043],0.5346582793,[-0.11859964 -0.66430069 -0.63472278]
0.007988214493,[ 0.00364165 -0.12193866 -1.07117192],[0.80821308 1.1634276  0.62512607],0.5345854448,[-0.12485432 -0.70057938 -0.63554687]
0.008995294571,[-0.00350444 -0.12042986 -1.055853  ],[0.80742039 1.16390443 0.62516373],0.5345132131,[-0.12878615 -0.69599609 -0.62753549]
0.009995222092,[-0.01374345 -0.11808536 -1.03267648],[0.80641957 1.16414396 0.62515284],0.5344416465,[-0.13409231 -0.7046752  -0.61502618]
0.01099514961,[-0.0130062  -0.11151291 -1.0377766 ],[0.80561944 1.16460056 0.62518086],0.5343708098,[-0.13418367 -0.69601523 -0.617962  ]
0.01199507713,[-0.00992302 -0.10438005 -1.04645209],[0.80473086 1.16496851 0.6251952 ],0.5343007696,[-0.13269302 -0.68423674 -0.6223215 ]
0.01299190521,[-0.00868015 -0.09806103 -1.05503659],[0.80452467 1.16607226 0.625328  ],0.5342315946,[-0.13285129 -0.66638289 -0.62694794]
0.01398968697,[-0.01361857 -0.09343554 -1.05799722],[0.80376483 1.16658676 0.6253695 ],0.5341633551,[-0.13731395 -0.67120948 -0.62981094]
0.01498961449,[-0.02218242 -0.08724494 -1.05934151],[0.80284578 1.16690083 0.62536443],0.5340961223,[-0.14391178 -0.63590898 -0.63090534]
0.01599669456,[-0.02204289 -0.0798914  -1.0562778 ],[0.80268914 1.16804086 0.62550097],0.5340299677,[-0.14380688 -0.62688222 -0.62952222]
0.01699566841,[-0.01846541 -0.07539272 -1.05520291],[0.80201672 1.16861173 0.6255503 ],0.5339649623,[-0.14108686 -0.59211367 -0.62891611]
0.01799368858,[-0.0204556  -0.07023151 -1.05853952],[0.80143142 1.16926895 0.62561479],0.5339011757,[-0.14322626 -0.59126223 -0.63130676]
0.01900076866,[-0.02110889 -0.06659954 -1.06822431],[0.80068762 1.16975296 0.62564372],0.5338386753,[-0.1446713  -0.57858802 -0.6361645 ]
0.02002644539,[-0.02023376 -0.06385278 -1.07894778],[0.80010511 1.17042414 0.62570812],0.5337775252,[-0.14558019 -0.56917728 -0.64299623]
0.02100849152,[-0.02192646 -0.06366121 -1.08462186],[0.79940881 1.17097554 0.62575721],0.5337177855,[-0.14773381 -0.57750731 -0.64654696]
0.02199935913,[-0.01580659 -0.06669056 -1.10092583],[0.79872603 1.17154791 0.62580362],0.5336595107,[-0.14501792 -0.58662383 -0.65526976]
0.02299165726,[-0.00827703 -0.07047011 -1.11494989],[0.79805729 1.17214378 0.62585806],0.5336027496,[-0.1410943  -0.5930143  -0.66304636]
0.02399110794,[-0.00243426 -0.07459047 -1.1266885 ],[0.79735996 1.17272003 0.62590885],0.533547544,[-0.13798167 -0.58609896 -0.66895204]
0.02498960495,[-0.01316506 -0.07891808 -1.12495374],[0.79669202 1.17333497 0.62596368],0.533493928,[-0.14639898 -0.58277984 -0.66960154]
0.02598929405,[-0.0274098  -0.08492382 -1.11764953],[0.79570729 1.17426391 0.62590895],0.5334419273,[-0.15666656 -0.60805586 -0.66638381]
0.02699065208,[-0.02860982 -0.09309982 -1.11725946],[0.79507638 1.17487126 0.62596048],0.5333915591,[-0.15766521 -0.59189127 -0.66618736]
0.02799963951,[-0.02759696 -0.09915091 -1.12010616],[0.79449697 1.17554488 0.62602702],0.5333428317,[-0.15717411 -0.58180617 -0.66704944]
0.02899670601,[-0.03299106 -0.10410927 -1.11724485],[0.79385399 1.17614706 0.62608401],0.5332957441,[-0.1613463  -0.58051747 -0.66658008]
0.0299949646,[-0.04802937 -0.11384899 -1.11037567],[0.79328657 1.17682235 0.62614712],0.5332502863,[-0.17255521 -0.58631595 -0.66472239]
0.03100538254,[-0.0557933  -0.11992298 -1.11300019],[0.79274755 1.17752696 0.62621481],0.5332064398,[-0.17907038 -0.58931893 -0.6670425 ]
0.0319917202,[-0.06394936 -0.12565544 -1.11870608],[0.79217221 1.17819606 0.62627291],0.5331641778,[-0.18623096 -0.55964544 -0.67131524]
0.0329875946,[-0.07094842 -0.13571711 -1.12083257],[0.79164481 1.17892485 0.62634216],0.5331234662,[-0.1918792  -0.58697439 -0.67227644]
0.03398919106,[-0.06891116 -0.14333886 -1.12040125],[0.79111626 1.17963896 0.62641169],0.5330842642,[-0.19022994 -0.5805298  -0.67108637]
0.0349881649,[-0.0692691  -0.12542747 -1.11427114],[0.79058829 1.18033112 0.62647671],0.5330465258,[-0.18994767 -0.55317171 -0.66777223]
0.03599143028,[-0.06697081 -0.0839873  -1.11756038],[0.79015624 1.18110407 0.62654899],0.5330102006,[-0.18858021 -0.47668292 -0.66943801]
0.03698778152,[-0.0743154  -0.05589777 -1.11969062],[0.78936324 1.18144303 0.6265325 ],0.5329752357,[-0.19471993 -0.45725511 -0.67217656]
0.03800916672,[-0.08574532 -0.04677843 -1.11591734],[0.78890442 1.18214763 0.62658802],0.532941577,[-0.20306306 -0.4447283  -0.67027999]
0.03899216652,[-0.09121243 -0.04901894 -1.12180952],[0.78836647 1.18276776 0.62662267],0.5329091706,[-0.20844828 -0.46469647 -0.67516618]
0.03999209404,[-0.09792918 -0.05186496 -1.11985892],[0.78768312 1.18320867 0.62661892],0.5328779652,[-0.21311426 -0.45296701 -0.67337286]
0.04099845886,[-0.09545716 -0.10003305 -1.1263611 ],[0.78761967 1.18437179 0.62675054],0.5328479128,[-0.21240303 -0.52850709 -0.67652308]
0.04199099541,[-0.09083503 -0.13728365 -1.13312235],[0.78707687 1.18501658 0.62680521],0.5328189713,[-0.20986089 -0.57989657 -0.67972779]
0.0429918766,[-0.09088685 -0.1371502  -1.14789013],[0.7863026  1.18542109 0.62680346],0.5327911056,[-0.21184535 -0.58340793 -0.68881502]
0.04399061203,[-0.09086728 -0.13240427 -1.16541939],[0.78627489 1.18664468 0.62695765],0.5327642893,[-0.2142422  -0.57821038 -0.69889247]
0.0449988842,[-0.09293    -0.13524804 -1.16987345],[0.78566775 1.18722912 0.62699789],0.5327385062,[-0.21632012 -0.57776927 -0.7008912 ]
0.04599308968,[-0.09656151 -0.13101129 -1.16943988],[0.78505861 1.18780347 0.62703248],0.5327137512,[-0.21909247 -0.56217788 -0.70073986]
0.04699230194,[-0.08658904 -0.14398275 -1.17373157],[0.78463206 1.1885774  0.62711611],0.5326900317,[-0.21209222 -0.57329112 -0.70209155]
0.04799699783,[-0.08011135 -0.14434643 -1.17621209],[0.78412317 1.18926451 0.62719331],0.5326673682,[-0.20760968 -0.58385645 -0.70296352]
0.04899001122,[-0.08556236 -0.14012451 -1.16990493],[0.78365513 1.18997938 0.62727089],0.5326457948,[-0.21145323 -0.60124107 -0.70029562]
0.04999136925,[-0.09414295 -0.1094737  -1.16263491],[0.78323322 1.19072522 0.62735186],0.5326253597,[-0.21738037 -0.56586798 -0.69696967]
0.05099034309,[-0.10252635 -0.03645918 -1.16608525],[0.782746   1.19133751 0.62739938],0.5326061247,[-0.22419847 -0.50222591 -0.69942773]
0.05198764801,[-0.10455611  0.08592855 -1.17724213],[0.78232325 1.19196246 0.62742658],0.5325881653,[-0.22721344 -0.34867638 -0.70715095]
0.05298924446,[-0.11297706  0.20868325 -1.17458001],[0.78190862 1.19251901 0.62742762],0.5325715698,[-0.2334709  -0.21907571 -0.70724145]
0.0539867878,[-0.10994824  0.25858253 -1.18088212],[0.78146456 1.19301687 0.6274182 ],0.5325564384,[-0.23183308 -0.16105184 -0.71035047]
0.05507779121,[-0.10708541  0.27847865 -1.18697985],[0.78108515 1.19357064 0.6274127 ],0.532542882,[-0.23046159 -0.14046507 -0.7135014 ]
0.05604195595,[-0.12224775  0.23573574 -1.17903172],[0.78070938 1.19413678 0.62741271],0.5325310206,[-0.24157954 -0.18928064 -0.71030076]
0.05703830719,[-0.1417342   0.17311025 -1.16484831],[0.78031288 1.19468307 0.62740316],0.5325209812,[-0.25542898 -0.2329046  -0.70437609]
0.05803751945,[-0.14926335  0.08813724 -1.16905665],[0.77999893 1.19536799 0.62742582],0.5325128964,[-0.26241689 -0.31404769 -0.70814421]
0.05905652046,[-0.14873398 -0.00547259 -1.18361843],[0.77958346 1.19598661 0.62744371],0.5325069017,[-0.26451014 -0.41693522 -0.71737428]
0.05999994278,[-0.15123042 -0.06985009 -1.19132233],[0.7791508  1.19670232 0.62747988],0.5325031333,[-0.26780541 -0.4612839  -0.72226244]
0.06101441383,[-0.15983242 -0.09622838 -1.18974586],[0.77856063 1.19785114 0.62739508],0.5325017257,[-0.27452374 -0.48378641 -0.72189938]
0.06200218201,[-0.16442993 -0.12008811 -1.18731218],[0.77826044 1.19862617 0.62745554],0.5325028088,[-0.27814047 -0.48902241 -0.72112453]
0.06300020218,[-0.15492685 -0.13304421 -1.20633857],[0.77758357 1.19898429 0.62743378],0.532506506,[-0.27303726 -0.50806897 -0.73062311]
0.06399941444,[-0.1575178  -0.18926397 -1.20104495],[0.77725696 1.1997805  0.62750207],0.532512931,[-0.27508257 -0.55612132 -0.72878709]
0.06500124931,[-0.15751158 -0.27611864 -1.18497498],[0.77689252 1.20047936 0.62757677],0.5325221857,[-0.27334252 -0.65577081 -0.71846388]
0.06604766846,[-0.15880484 -0.3438642  -1.17507639],[0.77684419 1.20161334 0.62771848],0.5325343581,[-0.27349154 -0.73241958 -0.71203551]
0.0670003891,[-0.16221838 -0.34911406 -1.17058867],[0.77641652 1.20229905 0.62779421],0.5325495198,[-0.27586229 -0.7393223  -0.70988747]
0.06800127029,[-0.16328267 -0.32214949 -1.17718599],[0.77580822 1.20275642 0.62781507],0.5325677244,[-0.27782507 -0.6903455  -0.71515498]
0.06900048256,[-0.1591976  -0.26427051 -1.18461077],[0.77589949 1.20398429 0.62797474],0.532589006,[-0.2754444  -0.61926717 -0.71762847]
0.07000112534,[-0.15612823 -0.18989326 -1.18842517],[0.77557677 1.20469807 0.62803767],0.5326133776,[-0.27364512 -0.50952028 -0.7201326 ]
0.07100224495,[-0.15856478 -0.15085195 -1.1907034 ],[0.77512018 1.20526832 0.62806042],0.5326408306,[-0.27602728 -0.46526985 -0.72244015]
0.07203698158,[-0.15835667 -0.13463993 -1.18937169],[0.77496899 1.20608297 0.6281437 ],0.532671334,[-0.27558325 -0.42224057 -0.72049179]
0.07299995422,[-0.15888707 -0.12873583 -1.17521145],[0.77466551 1.20675121 0.62820269],0.5327048342,[-0.27436248 -0.43871107 -0.7118397 ]
0.07403802872,[-0.16687959 -0.1259705  -1.16843283],[0.77444829 1.2074969  0.62826657],0.5327412557,[-0.28027786 -0.43173153 -0.7097152 ]
0.07500195503,[-0.17366422 -0.12481788 -1.16748576],[0.77423897 1.20824459 0.62833444],0.5327805014,[-0.28553478 -0.43609688 -0.70916608]
0.07600092888,[-0.17767324 -0.11041643 -1.16681614],[0.77399006 1.20892833 0.62838553],0.5328224536,[-0.28899541 -0.42323962 -0.70995389]
0.07704424858,[-0.17696776 -0.07899831 -1.17475674],[0.77376588 1.20965302 0.62844002],0.5328669759,[-0.28964295 -0.41243871 -0.71446621]
0.07800626755,[-0.17727536 -0.05742548 -1.18162044],[0.77358727 1.21035249 0.62849883],0.532913915,[-0.29091714 -0.39035067 -0.71832427]
0.07903289795,[-0.17958815 -0.07622641 -1.1877558 ],[0.77334424 1.21104684 0.6285498 ],0.5329631026,[-0.2937766  -0.4238146  -0.72191208]
0.08000254631,[-0.18745931 -0.084196   -1.18548844],[0.77321327 1.21179866 0.62861876],0.5330143584,[-0.30018936 -0.43415213 -0.72223594]
0.08100628853,[-0.18919803 -0.10981207 -1.18291286],[0.77307174 1.21257279 0.62869375],0.5330674926,[-0.30145051 -0.4763417  -0.72022399]
0.0820016861,[-0.18680737 -0.12254347 -1.18252167],[0.77289312 1.21334328 0.62876962],0.5331223095,[-0.30002905 -0.48075081 -0.72034802]
0.08300161362,[-0.17760956 -0.14021222 -1.18209861],[0.77282137 1.21416021 0.62886774],0.5331786101,[-0.29309939 -0.49625969 -0.71882226]
0.0840382576,[-0.17457722 -0.17141351 -1.16881585],[0.77273526 1.21502001 0.62897223],0.5332361963,[-0.28927556 -0.50619386 -0.71013079]
0.08500218391,[-0.17149459 -0.17867982 -1.17300218],[0.77266593 1.21584142 0.62907976],0.5332948737,[-0.28756167 -0.49791905 -0.71160802]
0.08601021767,[-0.17316528 -0.17149541 -1.18494826],[0.77267975 1.21678203 0.62920433],0.5333544558,[-0.29042531 -0.47390152 -0.71759585]
0.08700609207,[-0.18340824 -0.16945121 -1.18662336],[0.77270762 1.21772613 0.62932567],0.5334147668,[-0.29945166 -0.44690796 -0.72126661]
0.08800625801,[-0.18878214 -0.17172174 -1.19770367],[0.77233968 1.21819414 0.62934484],0.5334756457,[-0.30539196 -0.44522213 -0.72881708]
0.08900308609,[-0.19764023 -0.17160186 -1.19572378],[0.77233414 1.21911211 0.6294473 ],0.5335369491,[-0.31251339 -0.4357769  -0.72880914]
0.09000253677,[-0.20240581 -0.17111857 -1.18976672],[0.77231858 1.2199469  0.62954798],0.5335985543,[-0.31595556 -0.44001883 -0.72622216]
0.09100365639,[-0.20070676 -0.17070547 -1.19076181],[0.77280331 1.22137499 0.62973956],0.5336603621,[-0.31524116 -0.40576451 -0.72647378]
0.092004776,[-0.20275581 -0.16596024 -1.1841439 ],[0.77288997 1.22233036 0.62985787],0.5337222993,[-0.31646348 -0.39806964 -0.72301268]
0.09300208092,[-0.20773251 -0.16028827 -1.18304176],[0.77275665 1.22359832 0.62980615],0.5337843205,[-0.32050772 -0.40056159 -0.72242161]
0.09400677681,[-0.21229152 -0.15366155 -1.18112942],[0.77278777 1.22445186 0.62990462],0.5338464101,[-0.32431246 -0.41321884 -0.72202513]
0.09500479698,[-0.225883   -0.1437574  -1.15254525],[0.77247477 1.22486151 0.62990783],0.5339085833,[-0.33134323 -0.40874624 -0.70672659]
0.09600090981,[-0.224408   -0.13200134 -1.14652397],[0.77312756 1.22638696 0.63012002],0.5339708869,[-0.33008382 -0.40995785 -0.70286915]
0.09699892998,[-0.21724676 -0.12010581 -1.15342434],[0.77322102 1.22726082 0.63022782],0.5340333993,[-0.32596096 -0.40912733 -0.70690083]
0.09800076485,[-0.21732825 -0.10304155 -1.15349899],[0.77345382 1.22827947 0.63036334],0.5340962308,[-0.32626558 -0.39519768 -0.70619925]
0.09899926186,[-0.22208656 -0.08701679 -1.15337218],[0.77325293 1.22876254 0.6303868 ],0.5341595223,[-0.33024266 -0.40231835 -0.70681571]
0.09999990463,[-0.22644418 -0.07311834 -1.14983501],[0.77341773 1.22966736 0.63049839],0.5342234446,[-0.3338262  -0.39442328 -0.70587649]
0.1010038853,[-0.22307697 -0.05873419 -1.14487818],[0.77356969 1.23054109 0.63060857],0.534288196,[-0.33108527 -0.40086373 -0.70302271]
0.1020002365,[-0.21885107 -0.04277159 -1.1350651 ],[0.77373952 1.23140673 0.6307113 ],0.534354001,[-0.32678658 -0.38048821 -0.69664148]
0.1030085087,[-0.21641779 -0.02997185 -1.12339422],[0.77395819 1.23231586 0.63082773],0.534421107,[-0.32366027 -0.37911652 -0.68917734]
0.1040008068,[-0.2172631  -0.02019384 -1.10874761],[0.77402471 1.23303286 0.63091901],0.5344897817,[-0.32284889 -0.40591012 -0.68087918]
0.1050066948,[-0.22286901 -0.01356954 -1.0948312 ],[0.77424379 1.23390181 0.63102739],0.5345603096,[-0.32570885 -0.39996436 -0.67282015]
0.1059992313,[-0.22123919 -0.01056408 -1.09147538],[0.77449473 1.23480184 0.6311469 ],0.5346329885,[-0.32405326 -0.39135966 -0.66930762]
0.1070353985,[-0.2273752  -0.01298093 -1.07866561],[0.77473724 1.2356712  0.63125584],0.5347081258,[-0.3281053  -0.3718533  -0.66428207]
0.1080021858,[-0.23512179 -0.02063316 -1.0684829 ],[0.7750804  1.2366499  0.63138083],0.5347860343,[-0.33341442 -0.36412639 -0.65934553]
0.1090447903,[-0.24343113 -0.02735225 -1.06231861],[0.77550914 1.23770908 0.6315139 ],0.5348670281,[-0.3399515  -0.32763114 -0.65771342]
0.1099984646,[-0.24523543 -0.03464137 -1.06526692],[0.77582503 1.23863652 0.63162527],0.5349514187,[-0.34245957 -0.30479803 -0.66037786]
0.1110057831,[-0.24785742 -0.04038295 -1.06841447],[0.77629491 1.23973391 0.63176215],0.5350395104,[-0.34530686 -0.27687381 -0.661795  ]
0.1120073795,[-0.24985345 -0.04503327 -1.07303242],[0.77669186 1.24075818 0.63188158],0.5351315968,[-0.34811288 -0.26424361 -0.66491291]
0.1130008698,[-0.25102496 -0.04553542 -1.06524018],[0.77714953 1.24180721 0.63201235],0.5352279565,[-0.34872138 -0.23410045 -0.66131983]
0.1140391827,[-0.25828626 -0.04200851 -1.05806998],[0.77755288 1.24280303 0.63211306],0.5353288497,[-0.35415793 -0.21369465 -0.65853586]
0.1150019169,[-0.25993144 -0.03502008 -1.06021312],[0.77795927 1.2437555  0.63221801],0.5354345148,[-0.35628187 -0.20066606 -0.66010711]
0.1159994602,[-0.26192855 -0.02599217 -1.06791534],[0.77833923 1.24468902 0.6323139 ],0.5355451651,[-0.35942389 -0.20540168 -0.66480338]
0.1170060635,[-0.26819941 -0.01741428 -1.06716237],[0.77878013 1.24568426 0.63242232],0.5356609865,[-0.36506455 -0.20028276 -0.6658655 ]
0.1180021763,[-0.27217427 -0.0091256  -1.06211969],[0.77864437 1.24596776 0.63239006],0.535782135,[-0.36781872 -0.21844405 -0.66383245]
0.1190061569,[-0.27370034 -0.00789843 -1.05181004],[0.77915648 1.24703117 0.63250298],0.5359087352,[-0.36810437 -0.20982401 -0.65778346]
0.1200540066,[-0.2737272  -0.0091521  -1.04227095],[0.77960778 1.24799181 0.63261666],0.5360408786,[-0.3674903  -0.23935091 -0.65263727]
0.1210141182,[-0.27734617 -0.01582337 -1.03046937],[0.78011011 1.24901991 0.63274132],0.5361786233,[-0.36946939 -0.25078384 -0.6467046 ]
0.1220021248,[-0.26152078 -0.02599814 -1.0356005 ],[0.78074522 1.250167   0.63285827],0.5363219936,[-0.35800223 -0.26900043 -0.64718619]
0.1229994297,[-0.2539625  -0.0362302  -1.03785162],[0.78124501 1.25119689 0.63300163],0.5364709803,[-0.35278227 -0.29703301 -0.64724356]
0.1240017414,[-0.24592743 -0.04950553 -1.04691533],[0.78131873 1.25170606 0.63303891],0.5366255416,[-0.34812668 -0.31081344 -0.652346  ]
0.1250007153,[-0.24804105 -0.06098963 -1.03998963],[0.78271897 1.25380183 0.63336493],0.5367856044,[-0.34989701 -0.32167406 -0.64833775]
0.1259987354,[-0.25552827 -0.06601099 -1.01980949],[0.78254285 1.25413779 0.63318698],0.5369510661,[-0.3528566  -0.28007226 -0.63644015]
0.1269996166,[-0.25791429 -0.06807587 -1.01257741],[0.78349402 1.25563179 0.63338413],0.537121797,[-0.35476976 -0.26761165 -0.63354455]
0.1280014515,[-0.26413416 -0.06868824 -1.00510137],[0.78436114 1.25704167 0.63358692],0.5372976433,[-0.35948909 -0.19915608 -0.63043718]
0.1290049553,[-0.27485949 -0.067714   -0.99465659],[0.78517133 1.25836084 0.63375996],0.5374784297,[-0.36741568 -0.14135363 -0.6262014 ]
0.1300051212,[-0.28518672 -0.06773818 -0.98873645],[0.78608398 1.25978367 0.63394254],0.5376639633,[-0.37578051 -0.10400036 -0.62459271]
0.1310031414,[-0.29004137 -0.06945893 -0.98586448],[0.78693514 1.26112643 0.63411142],0.5378540372,[-0.38019992 -0.08509694 -0.62416549]
0.1320040226,[-0.29480536 -0.07458007 -0.97352526],[0.78774657 1.26240577 0.63426145],0.5380484344,[-0.38255446 -0.06080593 -0.61615518]
0.1330034733,[-0.29633139 -0.08179903 -0.96338085],[0.78860205 1.26373286 0.63442341],0.538246932,[-0.38318194 -0.07117439 -0.61080735]
0.1340043545,[-0.30005811 -0.08599526 -0.95656541],[0.78945254 1.26504488 0.63458096],0.5384493057,[-0.38597602 -0.06604239 -0.60743328]
0.1349999905,[-0.30073019 -0.08617624 -0.94863938],[0.79022937 1.2662602  0.63472249],0.5386553334,[-0.38598333 -0.07250376 -0.60268655]
0.1359994411,[-0.30063296 -0.08343641 -0.93817833],[0.79108605 1.26755838 0.63487897],0.5388648,[-0.38511727 -0.07725558 -0.5966968 ]
0.1370015144,[-0.30235244 -0.075637   -0.92400916],[0.7918922  1.26879176 0.63503076],0.5390775012,[-0.38502333 -0.09630845 -0.58831412]
0.1380252838,[-0.3002024  -0.06680699 -0.91845314],[0.79281487 1.27016327 0.63521724],0.5392932474,[-0.38331691 -0.09867723 -0.58531331]
0.13899827,[-0.30429535 -0.0592295  -0.91226346],[0.79383525 1.27163376 0.63541432],0.5395118675,[-0.38649508 -0.09985497 -0.58214818]
0.1400229931,[-0.30989882 -0.05292584 -0.90496137],[0.79485921 1.27309221 0.63560443],0.5397332123,[-0.39083377 -0.08635212 -0.57895308]
0.1410040855,[-0.31170654 -0.04971865 -0.9028201 ],[0.79595222 1.27464051 0.63582254],0.5399571575,[-0.39293163 -0.09109221 -0.57827315]
0.1420454979,[-0.30545554 -0.052875   -0.90889705],[0.79698103 1.27611083 0.63603021],0.5401836063,[-0.38934501 -0.13509079 -0.58007969]
0.1429989338,[-0.29971308 -0.0584089  -0.89882043],[0.79803816 1.27760847 0.63623989],0.5404124915,[-0.38404391 -0.15573139 -0.57366311]
0.1440012455,[-0.28795717 -0.06955352 -0.88998509],[0.79814786 1.27797876 0.63627149],0.5406437776,[-0.37275708 -0.21601782 -0.56468035]
0.1449995041,[-0.27718874 -0.08631746 -0.88723334],[0.79917169 1.2794515  0.63650098],0.5408774619,[-0.36357092 -0.24176302 -0.55899026]
0.1460392475,[-0.27747132 -0.10073336 -0.88252792],[0.80021484 1.28094399 0.63674436],0.5411135751,[-0.3632498  -0.23921864 -0.55407359]
0.146999836,[-0.27766477 -0.11741399 -0.89444568],[0.80159695 1.2828014  0.63700657],0.5413521817,[-0.36647602 -0.25701937 -0.56200064]
0.1479995251,[-0.29334385 -0.13375367 -0.89179047],[0.80276011 1.28442705 0.63726768],0.5415933797,[-0.38028153 -0.24455377 -0.56387468]
0.149004221,[-0.30786852 -0.14492263 -0.88634691],[0.80390794 1.28602121 0.63750473],0.5418372998,[-0.39272476 -0.22478519 -0.56409296]
0.1500022411,[-0.31679801 -0.15182762 -0.88165808],[0.80426783 1.28667183 0.63757704],0.542084104,[-0.40014577 -0.1460038  -0.56422439]
0.1510052681,[-0.32373817 -0.15517657 -0.87871127],[0.80678294 1.28982105 0.63802055],0.542333984,[-0.40707817 -0.13830151 -0.56341461]
0.1520092487,[-0.32775264 -0.15336703 -0.88070228],[0.80804862 1.29151031 0.63825681],0.5425871589,[-0.4117624  -0.07866507 -0.56578165]
0.1530025005,[-0.32170119 -0.14749004 -0.8951937 ],[0.80867176 1.29242387 0.63834875],0.5428438726,[-0.40924392 -0.0707122  -0.57262934]
0.1540038586,[-0.32730176 -0.13418764 -0.88443496],[0.81009438 1.29428957 0.63861334],0.543104391,[-0.41306145 -0.04421621 -0.56657335]
0.154999733,[-0.32446346 -0.11668857 -0.87372374],[0.81152016 1.29612637 0.638858  ],0.5433689982,[-0.40986817  0.01508173 -0.5597958 ]
0.1560003757,[-0.31393379 -0.08980837 -0.86444456],[0.81298912 1.29800391 0.63911538],0.5436379936,[-0.40112084  0.03180057 -0.55483504]
0.1570034027,[-0.30430223 -0.06293081 -0.85271807],[0.81445785 1.29987658 0.63938275],0.5439116876,[-0.39198391  0.02469097 -0.5459822 ]
0.1580078602,[-0.29569746 -0.03087994 -0.84191671],[0.81577854 1.30156721 0.63962824],0.5441903982,[-0.38367284  0.02796628 -0.53764447]
0.1589994431,[-0.29025007 -0.00558    -0.8411009 ],[0.8172325  1.30339154 0.6398869 ],0.5444744464,[-0.37975755  0.02645524 -0.53586495]
0.1599993706,[-0.28683492  0.01613426 -0.84450537],[0.81867108 1.30517345 0.63993365],0.5447641529,[-0.37853795  0.00802699 -0.53805555]
0.161005497,[-0.2819287   0.0366742  -0.84578472],[0.8200578  1.30691989 0.64020376],0.5450598336,[-0.37576084 -0.02497862 -0.53870904]
0.1619992256,[-0.27541141  0.05390057 -0.84109228],[0.82149113 1.3087065  0.6404781 ],0.5453617959,[-0.3706199  -0.06345728 -0.53547436]
0.16299963,[-0.26939643  0.06668226 -0.82648696],[0.82286143 1.31043069 0.64076192],0.5456703349,[-0.36416259 -0.11793773 -0.52611257]
0.1640000343,[-0.26174185  0.07368033 -0.81670631],[0.82414395 1.31204357 0.6410324 ],0.5459857303,[-0.35696827 -0.16471104 -0.51918392]
0.1649990082,[-0.26042411  0.07775269 -0.80690761],[0.82567584 1.31393695 0.6413397 ],0.5463082425,[-0.35594959 -0.16654176 -0.51574948]
0.1659982204,[-0.2650768   0.07716498 -0.79538065],[0.82727298 1.31590103 0.64165713],0.5466381105,[-0.35966453 -0.14725825 -0.51197013]
0.1670012474,[-0.26717577  0.06948594 -0.79065314],[0.82902348 1.31803105 0.64199139],0.5469755484,[-0.36212668 -0.09888796 -0.51099246]
0.1680073738,[-0.26159469  0.05544287 -0.78902103],[0.8307892  1.32015541 0.64230735],0.547320744,[-0.35847759 -0.04216092 -0.51056871]
0.1690030098,[-0.26052229  0.044716   -0.78423127],[0.832795   1.32255613 0.64266376],0.5476738568,[-0.35792905  0.03786294 -0.50793624]
0.1700339317,[-0.26661992  0.03005288 -0.76191105],[0.83366385 1.32359088 0.64278063],0.5480350163,[-0.35965057  0.10346382 -0.49510426]
0.1709980965,[-0.27593783  0.01483328 -0.74479593],[0.83591211 1.32622153 0.64312715],0.5484043218,[-0.36653085  0.20730216 -0.48863592]
0.1720025539,[-0.28030566 -0.00237442 -0.73433479],[0.83791227 1.32858088 0.64344684],0.5487818415,[-0.36984581  0.21720216 -0.48376751]
0.1730427742,[-0.28351935 -0.01321124 -0.72312098],[0.84023618 1.33126553 0.64377249],0.5491676129,[-0.37196613  0.21915227 -0.47764194]
0.1740391254,[-0.29230175 -0.01569554 -0.70476517],[0.84218543 1.33354482 0.64406556],0.5495616431,[-0.37790683  0.23893358 -0.46955705]
0.1749985218,[-0.28960649 -0.00646087 -0.69228525],[0.8431725  1.33466748 0.64416115],0.5499639098,[-0.37416532  0.26098572 -0.46258013]
0.1759991646,[-0.28109074  0.0131897  -0.68239514],[0.84649001 1.33850223 0.64466793],0.550374363,[-0.36713257  0.27839707 -0.45668004]
0.1770021915,[-0.27944195  0.03563421 -0.67353937],[0.8471693  1.33931094 0.64477159],0.5507929266,[-0.36443554  0.27166532 -0.45080714]
0.178000927,[-0.28446174  0.06643002 -0.66039621],[0.8495287  1.34196955 0.6450657 ],0.5512195007,[-0.36779956  0.29913753 -0.44438468]
0.1790015697,[-0.29645637  0.09174766 -0.64427592],[0.85162951 1.34437722 0.64537058],0.5516539642,[-0.37681836  0.28254982 -0.4375699 ]
0.1800012589,[-0.30467993  0.11059576 -0.63143875],[0.85360878 1.34664582 0.64566209],0.5520961777,[-0.38346271  0.25725092 -0.43338456]
0.1810061932,[-0.30481088  0.11883874 -0.61844278],[0.85576954 1.34911187 0.64597281],0.5525459864,[-0.38226381  0.22135388 -0.42512911]
0.1820006371,[-0.29875944  0.11947902 -0.60117955],[0.85786267 1.35151098 0.64628704],0.5530032239,[-0.37519811  0.17671831 -0.41465844]
0.1830017567,[-0.28915356  0.11460571 -0.59553293],[0.85985469 1.35380308 0.64659705],0.5534677151,[-0.36666889  0.14153093 -0.409417  ]
0.1840417385,[-0.27308135  0.10598833 -0.59797707],[0.86215557 1.35644441 0.64695338],0.5539392805,[-0.35412937  0.13757859 -0.40854153]
0.1849982738,[-0.26202812  0.08875992 -0.59668345],[0.86439091 1.35902419 0.64731235],0.5544177396,[-0.34441905  0.12246597 -0.40337419]
0.1860005856,[-0.26227399  0.070179   -0.58668474],[0.86686794 1.36189987 0.64772535],0.5549029142,[-0.34373515  0.14467633 -0.39669544]
0.187002182,[-0.26606721  0.05037541 -0.57754234],[0.86955388 1.36498368 0.64813683],0.5553946329,[-0.34681252  0.18810934 -0.39243378]
0.1880185604,[-0.26325826  0.03134226 -0.57637887],[0.87228973 1.3681167  0.64854719],0.5558927339,[-0.34537833  0.23038716 -0.39140613]
0.1890306473,[-0.25913756  0.01763339 -0.57943732],[0.87493263 1.37112164 0.64892338],0.5563970685,[-0.34369414  0.3246557  -0.39354618]
0.1900019646,[-0.25727398  0.0055518  -0.58137105],[0.87785562 1.37444073 0.64933523],0.5569075048,[-0.34374149  0.38673276 -0.39461792]
0.1910016537,[-0.26689577 -0.00558604 -0.57388968],[0.88055829 1.37750014 0.64970444],0.5574239301,[-0.35241593  0.40133208 -0.39227102]
0.1920022964,[-0.2777069  -0.01653678 -0.57194887],[0.88338492 1.38070802 0.65009635],0.5579462536,[-0.36310699  0.41116618 -0.39262995]
0.1930015087,[-0.29059489 -0.02014099 -0.57323424],[0.88633339 1.38393597 0.65033338],0.5584744092,[-0.37657333  0.4328639  -0.39600175]
0.1940009594,[-0.29847938 -0.01723103 -0.57614138],[0.88906453 1.38696103 0.65064065],0.5590083567,[-0.38594452  0.47988923 -0.40016639]
0.1950471401,[-0.30075545 -0.0099839  -0.57842727],[0.89189516 1.39012515 0.65098988],0.559548084,[-0.38989315  0.49457256 -0.40200894]
0.1959993839,[-0.29774358  0.00338922 -0.5734391 ],[0.89332805 1.39167146 0.65111877],0.560093608,[-0.38705716  0.48300676 -0.39917439]
0.1970019341,[-0.29310177  0.02399455 -0.57096679],[0.89599601 1.39463642 0.65144201],0.5606449752,[-0.38350241  0.48167009 -0.39660093]
0.1980021,[-0.29594648  0.04308961 -0.5657821 ],[0.89908763 1.39800897 0.65175594],0.561202262,[-0.38647347  0.51750028 -0.39397198]
0.199026823,[-0.3019453   0.05609985 -0.55527251],[0.90203523 1.40126484 0.65209762],0.5617655747,[-0.39161536  0.50451841 -0.38963166]
0.2000007629,[-0.30697715  0.06452335 -0.54835405],[0.90333372 1.40260294 0.65217146],0.5623350485,[-0.39561417  0.44215087 -0.38655981]
0.2010161877,[-0.30584059  0.07026468 -0.54317762],[0.90822223 1.40801148 0.6527361 ],0.5629108465,[-0.39574698  0.46027268 -0.38314221]
0.2020273209,[-0.29660856  0.07700716 -0.53175122],[0.91104558 1.41114904 0.65308587],0.5634931583,[-0.38630348  0.41806441 -0.374992  ]
0.2030017376,[-0.28233776  0.0787981  -0.52351247],[0.91249945 1.41270733 0.65323261],0.5640821976,[-0.37184837  0.39960428 -0.36717501]
0.2040095329,[-0.26485574  0.07218724 -0.51468608],[0.91560942 1.41616636 0.65362868],0.5646782001,[-0.35499483  0.36077763 -0.35847902]
0.2050352097,[-0.25295089  0.0567716  -0.50564878],[0.91840648 1.41933033 0.6540376 ],0.5652814208,[-0.34307314  0.30839344 -0.35038961]
0.2060010433,[-0.25633587  0.03397989 -0.49029772],[0.92169314 1.42298243 0.65444413],0.5658921305,[-0.3441194   0.33822295 -0.34089073]
0.2070083618,[-0.26987609  0.01404091 -0.47798246],[0.92507087 1.42673557 0.65485665],0.5665106125,[-0.35600196  0.36872899 -0.33682794]
0.2080001831,[-0.28284779 -0.00605278 -0.47529888],[0.92836965 1.43038505 0.65523908],0.5671371591,[-0.36931563  0.42431014 -0.3382512 ]
0.2089996338,[-0.29555063 -0.02578699 -0.4771088 ],[0.93195872 1.43433318 0.65562905],0.5677720675,[-0.3837127   0.45806889 -0.34280768]
0.2099995613,[-0.29685148 -0.04498266 -0.48747657],[0.93562155 1.43834836 0.65601405],0.5684156359,[-0.3894569   0.48899487 -0.35132453]
0.2110025883,[-0.30315895 -0.05684604 -0.47745736],[0.93907266 1.44212118 0.65636452],0.5690681591,[-0.39530416  0.55893267 -0.34801712]
0.2120065689,[-0.30104205 -0.06584001 -0.47003255],[0.94281726 1.44619697 0.6567246 ],0.5697299247,[-0.39297225  0.59722931 -0.34224895]
0.2130010128,[-0.31048716 -0.06786595 -0.45358952],[0.94635705 1.45001672 0.65703206],0.5704012086,[-0.40066101  0.65128783 -0.33622197]
0.214050293,[-0.32154333 -0.05985415 -0.42753241],[0.95003273 1.4540139  0.65737719],0.5710822713,[-0.40742727  0.64763053 -0.3231651 ]
0.2150075436,[-0.31993858 -0.04034873 -0.41792782],[0.95384234 1.45813249 0.65771282],0.5717733534,[-0.40565661  0.67107613 -0.31802369]
0.2160019875,[-0.31192825 -0.01854954 -0.41411262],[0.95767909 1.4622596  0.6580354 ],0.5724746729,[-0.39883079  0.70418701 -0.31500492]
0.2170064449,[-0.30529324  0.00350852 -0.40406613],[0.96117007 1.46603472 0.65835324],0.5731864208,[-0.39136235  0.68686001 -0.30712947]
0.2180025578,[-0.29867684  0.02604258 -0.38837055],[0.9650242  1.47018667 0.65868781],0.5739087588,[-0.38296371  0.69416881 -0.29677312]
0.2190022469,[-0.29696347  0.04296865 -0.37181885],[0.96896033 1.47441225 0.65901634],0.5746418164,[-0.37902231  0.7034948  -0.2864363 ]
0.2200033665,[-0.29658898  0.05417022 -0.35077987],[0.9705381  1.47609942 0.65915631],0.5753856887,[-0.37474252  0.65579383 -0.27444957]
0.2210118771,[-0.29239426  0.05774992 -0.33361746],[0.97453041 1.48043047 0.65952906],0.576140435,[-0.36811452  0.61107382 -0.26304471]
0.2220032215,[-0.28502087  0.05880867 -0.32488817],[0.97820304 1.48443137 0.65989081],0.5769060773,[-0.36022312  0.57188026 -0.25650014]
0.2230019569,[-0.27182067  0.05821048 -0.32760399],[0.98260937 1.48909887 0.66019128],0.5776826001,[-0.34915631  0.56951453 -0.25531557]
0.224036932,[-0.25471211  0.05132072 -0.34142663],[0.98372348 1.49045132 0.66046493],0.5784699507,[-0.33576198  0.5043447  -0.26018894]
0.2249999046,[-0.24945742  0.04497695 -0.34523855],[0.9882651  1.49527392 0.66079017],0.5792680394,[-0.33249675  0.52273553 -0.26022138]
0.2260360718,[-0.25244359  0.03505847 -0.33986366],[0.99520535 1.50271684 0.66124116],0.580076741,[-0.33655946  0.53433904 -0.25751938]
0.2270023823,[-0.25479246  0.02417083 -0.33339028],[0.99664663 1.50438521 0.66150081],0.5808958973,[-0.33790102  0.58327708 -0.2541028 ]
0.228000164,[-0.25729206  0.01536423 -0.33327258],[1.00152667 1.50952256 0.66179925],0.5817253188,[-0.34264793  0.63193648 -0.25639909]
0.2290005684,[-0.26582926  0.00390833 -0.34072779],[1.00635585 1.51466628 0.66215535],0.5825647886,[-0.35563883  0.74884439 -0.26527562]
0.2299997807,[-0.26739806 -0.00913599 -0.36268398],[1.01090483 1.51948361 0.6624693 ],0.5834140659,[-0.36456024  0.83817536 -0.28004858]
0.2309994698,[-0.25944416 -0.02308916 -0.38649044],[1.01573435 1.52455811 0.662763  ],0.5842728901,[-0.36478468  0.90653392 -0.29533672]
0.232000351,[-0.24730593 -0.03581186 -0.38354531],[1.02069534 1.52977014 0.66306252],0.5851409855,[-0.35296575  0.97811414 -0.29046707]
0.2330005169,[-0.23629334 -0.04162561 -0.37044857],[1.0254079  1.53472035 0.66334793],0.5860180662,[-0.33942576  1.04685281 -0.2792632 ]
0.2340009212,[-0.2213939  -0.04058479 -0.36585357],[1.03040774 1.53996361 0.66364165],0.5869038419,[-0.32411856  1.07604389 -0.27285663]
0.2349994183,[-0.20618192 -0.02923254 -0.35479236],[1.0353718  1.54516308 0.66393259],0.587798023,[-0.30666531  1.0950823  -0.26244245]
0.2360012531,[-0.19163485 -0.00703314 -0.33993957],[1.04007734 1.55009951 0.6642158 ],0.5887003261,[-0.2885712   1.14206439 -0.24958275]
0.237000227,[-0.18207624  0.01919624 -0.33274222],[1.04532905 1.55557955 0.66450086],0.5896104804,[-0.27801381  1.20510797 -0.24336862]
0.2379996777,[-0.18112294  0.04636407 -0.33382909],[1.05065017 1.56112611 0.66478667],0.5905282327,[-0.27876979  1.2539931  -0.24416679]
0.2390391827,[-0.19165776  0.07546736 -0.33262231],[1.05559058 1.56626278 0.66504256],0.5914533532,[-0.29173056  1.25811424 -0.2475125 ]
0.240000248,[-0.2099983   0.09816962 -0.32092769],[1.06103039 1.57188576 0.66529035],0.5923856407,[-0.31029314  1.26540363 -0.24547693]
0.2410082817,[-0.21927604  0.10580535 -0.31430667],[1.066182   1.57721627 0.66552858],0.5933249274,[-0.32029237  1.233095   -0.24396104]
0.2420008183,[-0.21969958  0.10033992 -0.30876005],[1.07158951 1.5828384  0.66580131],0.5942710835,[-0.32133159  1.18607212 -0.24175938]
0.2430026531,[-0.21148011  0.0863273  -0.31103093],[1.07707798 1.58852202 0.66605402],0.595224021,[-0.3144305   1.14258151 -0.24071701]
0.2440090179,[-0.20467605  0.05896701 -0.30860474],[1.08252995 1.59419517 0.66633313],0.5961836972,[-0.30810406  1.06728858 -0.2380445 ]
0.2450006008,[-0.2021417   0.03025382 -0.2978158 ],[1.08474537 1.59655189 0.66652112],0.5971501173,[-0.30308575  0.99330697 -0.23075269]
0.2460010052,[-0.19332235 -0.00648853 -0.28400327],[1.09029782 1.60234614 0.66680682],0.5981233363,[-0.29075766  0.97211607 -0.21927474]
0.2469987869,[-0.18204298 -0.03952802 -0.26403563],[1.09613128 1.60828963 0.66695664],0.5991034602,[-0.27413683  1.00497726 -0.2043814 ]
0.2479991913,[-0.17370355 -0.06370543 -0.24731508],[1.1019492  1.61433292 0.66721495],0.6000906466,[-0.26161315  1.06115137 -0.19240349]
0.248998642,[-0.17130523 -0.0853823  -0.23236436],[1.10797896 1.62058566 0.66746445],0.6010851038,[-0.25583115  1.14957641 -0.18206481]
0.2499992847,[-0.17223669 -0.10095728 -0.22192124],[1.11373595 1.62651932 0.66766571],0.60208709,[-0.25580144  1.22645065 -0.1776071 ]
0.2510361671,[-0.17339693 -0.10761917 -0.21453963],[1.11636585 1.62929164 0.66782872],0.6030969107,[-0.25550549  1.34150932 -0.17331393]
0.2520060539,[-0.17819203 -0.10686135 -0.19252036],[1.12609362 1.63912894 0.66795428],0.6041149162,[-0.25637676  1.36627482 -0.15977487]
0.2530004978,[-0.17906556 -0.09736943 -0.18100385],[1.13194502 1.6451018  0.66808924],0.6051414975,[-0.25516588  1.45023959 -0.15264331]
0.2540001869,[-0.17845058 -0.08580457 -0.16927718],[1.13525591 1.64846355 0.66815181],0.606177082,[-0.25132491  1.50699556 -0.14419648]
0.2550392151,[-0.17883482 -0.06465627 -0.14955924],[1.14158158 1.65487111 0.66824274],0.6072221281,[-0.24723846  1.55231471 -0.13192747]
0.2559988499,[-0.18059886 -0.03863051 -0.12891614],[1.14754627 1.66089458 0.66830763],0.6082771198,[-0.24449835  1.61054423 -0.11987619]
0.25705266,[-0.17764861 -0.01286336 -0.12282635],[1.15399077 1.66738271 0.66835773],0.6093425601,[-0.24024331  1.65467161 -0.11472612]
0.258010149,[-0.18487567  0.00753615 -0.11755646],[1.16041339 1.67384439 0.66840418],0.6104189642,[-0.24889915  1.65296484 -0.11444672]
0.2590129375,[-0.19483833  0.02670392 -0.13277096],[1.16643338 1.67987435 0.66842579],0.6115068523,[-0.26681094  1.6510344  -0.12724606]
0.2600417137,[-0.20178911  0.03923402 -0.14917622],[1.1729882  1.68641138 0.66842593],0.6126067425,[-0.28180611  1.63595215 -0.14008664]
0.2610080242,[-0.2152978   0.05572709 -0.16093086],[1.17956064 1.69296518 0.6684264 ],0.613719143,[-0.30336456  1.63827937 -0.15168737]
0.2620034218,[-0.22078394  0.06991182 -0.16412579],[1.185645   1.69900783 0.6684079 ],0.6148445447,[-0.31266115  1.60235746 -0.15565495]
0.2630441189,[-0.20712934  0.0785307  -0.16391391],[1.1922822  1.70558005 0.66836536],0.6159834134,[-0.29755265  1.62849817 -0.15169051]
0.2640018463,[-0.18092262  0.07976869 -0.1563452 ],[1.19902483 1.71225283 0.66832031],0.6171361831,[-0.26439401  1.63821375 -0.13893603]
0.2650463581,[-0.15968635  0.07616126 -0.14763757],[1.20522654 1.71849311 0.66828063],0.6183032485,[-0.23644348  1.65276197 -0.12656205]
0.2660033703,[-0.14720917  0.06259568 -0.15443491],[1.21230935 1.72545347 0.66818364],0.6194849588,[-0.22472677  1.74880875 -0.1282453 ]
0.2670025826,[-0.14699308  0.04452742 -0.15699526],[1.21945704 1.7324667  0.66807455],0.6206816116,[-0.22674134  1.81101687 -0.13048852]
0.2680027485,[-0.14515572  0.02477665 -0.16810583],[1.22626641 1.73909491 0.66792177],0.6218934476,[-0.2292138   1.89467619 -0.13719382]
0.26902771,[-0.14309924  0.00634085 -0.18397833],[1.23389395 1.74645764 0.66768547],0.6231206459,[-0.23303204  2.05070169 -0.14686439]
0.2700026035,[-0.13744399 -0.01760571 -0.1826218 ],[1.24171446 1.75396756 0.66740599],0.6243633204,[-0.22721529  2.18217569 -0.1457392 ]
0.2710208893,[-0.13720689 -0.04049797 -0.1628005 ],[1.24541373 1.75744865 0.66720868],0.6256215166,[-0.22061547  2.28549439 -0.13218208]
0.2720274925,[-0.14798952 -0.0661271  -0.12234647],[1.25324988 1.76494568 0.66687681],0.6268952101,[-0.22263205  2.3381542  -0.11032012]
0.2730016708,[-0.15552744 -0.08744079 -0.09817508],[1.26080268 1.77216874 0.66654933],0.628184305,[-0.22584546  2.373112   -0.09792234]
0.2740385532,[-0.160722   -0.09780981 -0.09688707],[1.26890278 1.7799011  0.6661744 ],0.6294886347,[-0.23398653  2.40828948 -0.09984651]
0.2750008106,[-0.17093233 -0.09807342 -0.10652355],[1.27305499 1.78382942 0.66595339],0.6308079625,[-0.25129631  2.39021234 -0.10926427]
0.2760033607,[-0.16998711 -0.09294683 -0.11647244],[1.2807227  1.79112136 0.66557997],0.632141984,[-0.25517893  2.42027998 -0.11630533]
0.2770013809,[-0.16690781 -0.08518159 -0.1129629 ],[1.292866   1.80265269 0.66496848],0.6334903302,[-0.2519877   2.48678063 -0.11283419]
0.2780482769,[-0.16988598 -0.07678448 -0.08792943],[1.30068661 1.81005369 0.66454147],0.6348525719,[-0.24951714  2.51560891 -0.09944964]
0.2790362835,[-0.17371307 -0.07183353 -0.04667537],[1.30520252 1.81429797 0.66425854],0.6362282248,[-0.2416899   2.52984688 -0.07523895]
0.2800035477,[-0.18016417 -0.0714774  -0.02052929],[1.31374213 1.82238695 0.66378445],0.6376167559,[-0.24287779  2.53937778 -0.06061354]
0.2810115814,[-0.19080792 -0.08214027 -0.01691513],[1.32198077 1.83015119 0.6632838 ],0.63901759,[-0.25758497  2.57096453 -0.06201503]
0.2820036411,[-0.19937228 -0.10299893 -0.02702745],[1.33087467 1.83852972 0.66274283],0.6404301178,[-0.27497429  2.56635649 -0.07256916]
0.2830069065,[-0.20113661 -0.12810731 -0.0338139 ],[1.33983153 1.8469648  0.66219243],0.6418537043,[-0.28133692  2.5453848  -0.07699606]
0.2840433121,[-0.19308469 -0.154625   -0.02087016],[1.3483373  1.85499099 0.66168165],0.6432876976,[-0.26786079  2.51966456 -0.06725724]
0.2850027084,[-0.18282286 -0.17686464 -0.001844  ],[1.3575542  1.86367786 0.66111429],0.6447314381,[-0.24874446  2.53535588 -0.05208992]
0.2860052586,[-0.16204261 -0.19496699  0.00975231],[1.36638078 1.87199271 0.66056214],0.6461842686,[-0.2174739   2.5763934  -0.03885874]
0.287009716,[-0.14897985 -0.20941356  0.02626139],[1.37589319 1.88093238 0.65994413],0.6476455438,[-0.1947965   2.65263232 -0.02451761]
0.2880091667,[-0.14207574 -0.21907192  0.03701829],[1.38561836 1.89003345 0.65927249],0.6491146403,[-0.18287262  2.74127987 -0.01642464]
0.2890048027,[-0.138018   -0.2272096   0.02989792],[1.39546943 1.89923774 0.65857718],0.6505909658,[-0.18038248  2.80504268 -0.01847145]
0.290004015,[-0.13788744 -0.22925755  0.01479574],[1.40467828 1.90780903 0.65789898],0.6520739691,[-0.18682198  2.85366598 -0.02810753]
0.291000843,[-0.1299956  -0.22093889  0.0075791 ],[1.41454168 1.91697341 0.65716036],0.6535631486,[-0.17904837  2.89488498 -0.02955324]
0.2920022011,[-0.11741438 -0.20295662  0.0162002 ],[1.42390601 1.92565694 0.65644093],0.6550580608,[-0.15868685  2.9558766  -0.01985989]
0.2930064201,[-0.1109789  -0.17409471  0.0428142 ],[1.43303121 1.93436318 0.65583555],0.6565583277,[-1.40857397e-01  3.02467272e+00 -1.57999226e-03]
0.2939987183,[-0.10865182 -0.14283253  0.06754959],[1.44313619 1.94367972 0.65500055],0.6580636437,[-0.12959067  3.09264125  0.01428913]
0.2950079441,[-0.10779482 -0.11078759  0.08424918],[1.4531834  1.95294508 0.65417086],0.659573781,[-0.12362649  3.10100939  0.02401408]
0.2960031033,[-0.10434374 -0.0811066   0.08300609],[1.46349466 1.96242003 0.65328969],0.6610885947,[-0.11949324  3.16024877  0.02509609]
0.2970004082,[-0.10452496 -0.05363126  0.07319727],[1.46818649 1.96680818 0.65294762],0.6626080253,[-0.12387015  3.1426301   0.01871644]
0.2980010509,[-0.10629393 -0.02560251  0.06088615],[1.47870043 1.97642346 0.65201424],0.6641321015,[-0.1317806   3.19355127  0.01087318]
0.2990007401,[-1.17798729e-01  7.26636499e-05  6.87271744e-02],[1.48872166 1.98557566 0.65111048],0.6656609403,[-0.14753774  3.23662145  0.01133456]
0.3000004292,[-0.12934415  0.02162936  0.09141354],[1.49995664 1.99565649 0.64991814],0.6671947465,[-0.15853795  3.34173237  0.02018231]
0.3010048866,[-0.14161631  0.03549426  0.12367639],[1.51034304 2.00507718 0.64890541],0.66873381,[-0.16720912  3.37776762  0.03473424]
0.3020071983,[-0.14459707  0.04415916  0.13887536],[1.52163336 2.01519648 0.64768544],0.6702785025,[-0.1677133   3.408358    0.04267904]
0.3030064106,[-0.14896596  0.05290452  0.14219589],[1.53277849 2.02527513 0.64656829],0.6718292719,[-0.17437873  3.40612757  0.04378929]
0.3040025234,[-0.14763659  0.05958912  0.14178501],[1.53835056 2.03036405 0.64603743],0.6733866358,[-0.17358936  3.37626402  0.04294977]
0.305003643,[-0.13395562  0.06509077  0.13331556],[1.54907955 2.0399933  0.6448956 ],0.6749511736,[-0.15755511  3.45252277  0.03983166]
0.306003809,[-0.11335959  0.07119051  0.13956446],[1.56076081 2.05043676 0.64361728],0.6765235169,[-0.12438796  3.60877345  0.04893681]
0.3070034981,[-0.09492173  0.07620917  0.14980758],[1.57266043 2.06101238 0.64225311],0.6781043395,[-0.09153421  3.75147784  0.06236852]
0.3080060482,[-0.08591838  0.08328465  0.17302144],[1.58422295 2.07121729 0.64085275],0.6796943457,[-0.06840349  3.97128511  0.08070891]
0.3090054989,[-0.08657779  0.0898696   0.18936426],[1.59611359 2.08161968 0.63932024],0.6812942582,[-0.06319818  4.22980222  0.09187124]
0.3100390434,[-0.08701513  0.09796761  0.18853147],[1.60883686 2.09270905 0.6376457 ],0.6829048053,[-0.06526481  4.4334756   0.09046287]
0.3110020161,[-0.08495539  0.10564374  0.17874765],[1.62165861 2.10383194 0.63591377],0.6845267075,[-0.06643104  4.57291263  0.08498064]
0.3120076656,[-0.08190798  0.11285786  0.1579076 ],[1.63365971 2.11423063 0.6342832 ],0.6861606638,[-0.07082531  4.62966757  0.07180612]
0.3130016327,[-0.0757708   0.11895346  0.13600111],[1.64627356 2.12514965 0.63256858],0.6878073388,[-0.07031196  4.64385272  0.05944232]
0.314002037,[-0.07560056  0.12722224  0.13084958],[1.65901493 2.13613135 0.63079271],0.6894673487,[-0.07294881  4.67898233  0.05604262]
0.3150010109,[-0.06416895  0.14019531  0.14440781],[1.67082764 2.14633154 0.62916307],0.6911412492,[-0.0487751   4.64000197  0.06880874]
0.3160023689,[-0.05077035  0.15335873  0.17682308],[1.68338916 2.15722646 0.62747845],0.6928295234,[-0.01409676  4.59305899  0.09284783]
0.3170046806,[-0.04496027  0.16164461  0.19877912],[1.69600225 2.16815208 0.62577077],0.6945325709,[3.91647145e-03 4.53917177e+00 1.08107878e-01]
0.3180496693,[-0.05067197  0.16205393  0.19589947],[1.70799604 2.17852361 0.6241306 ],0.6962506982,[-0.00763005  4.5204232   0.10407624]
0.319000721,[-0.0642541   0.15660374  0.17840341],[1.72096555 2.18970667 0.62233065],0.6979841108,[-0.03939242  4.55395123  0.0872749 ]
0.3200027943,[-0.08010095  0.14127502  0.14923282],[1.73438994 2.20120483 0.62039602],0.6997329065,[-0.07957566  4.63623828  0.0637102 ]
0.3210062981,[-0.09165901  0.12114324  0.14088201],[1.74720068 2.21214672 0.61851698],0.7014970713,[-0.10448976  4.71031748  0.05412463]
0.3220055103,[-0.09944233  0.09636518  0.14819062],[1.76027652 2.22328442 0.61656462],0.7032764767,[-0.11667917  4.79683291  0.05564715]
0.3230009079,[-0.10549313  0.06197419  0.17006354],[1.76657042 2.22869712 0.61564846],0.7050708796,[-0.12034776  4.80672639  0.06507705]
0.3239989281,[-0.10278906  0.02320429  0.18270299],[1.78164339 2.24149259 0.61334739],0.7068799243,[-0.11299591  4.9118139   0.07146042]
0.3250017166,[-0.09454247 -0.01138269  0.18297216],[1.79548132 2.25315777 0.61114666],0.7087031466,[-0.10058267  5.14928108  0.07141746]
0.3260023594,[-0.07848715 -0.03674878  0.17637224],[1.8106127  2.26584372 0.60859024],0.7105399807,[-0.07531339  5.3113736   0.07223507]
0.3270020485,[-0.05676129 -0.05923912  0.17220835],[1.8250498  2.27792479 0.60621168],0.7123897677,[-0.03742507  5.60689518  0.07754078]
0.3280017376,[-0.04906686 -0.07484661  0.17720669],[1.83332676 2.28480722 0.60478205],0.7142517669,[-0.02091186  5.80901178  0.08428627]
0.3289999962,[-0.04919047 -0.08635634  0.18106893],[1.85584859 2.30361671 0.60105913],0.7161251681,[-0.01970754  5.96118899  0.08837097]
0.3300001621,[-0.05364473 -0.09129679  0.18122312],[1.86329523 2.30978949 0.59974486],0.7180091067,[-0.02815904  6.023216    0.08751698]
0.3310000896,[-0.05910911 -0.0909633   0.17521763],[1.87870038 2.32261943 0.59714624],0.7199026797,[-0.04243431  6.0731972   0.08085432]
0.3320009708,[-0.06138028 -0.08406022  0.1569836 ],[1.89402328 2.33537638 0.59456134],0.721804963,[-0.05526589  6.04082178  0.06862572]
0.3329997063,[-0.06298598 -0.07128288  0.14297785],[1.90832315 2.34728914 0.59215745],0.7237150294,[-0.06469328  5.98547368  0.06004211]
0.3340001106,[-0.06273793 -0.05723257  0.14490557],[1.92359822 2.35999167 0.58957321],0.7256319676,[-0.06517716  5.96306214  0.0600636 ]
0.3350021839,[-0.06181981 -0.04830924  0.16054839],[1.93903897 2.37280697 0.58693621],0.7275549008,[-0.05835662  5.99481912  0.06957411]
0.3360006809,[-0.0623099  -0.04607194  0.1694014 ],[1.95359443 2.38489148 0.5844513 ],0.7294830049,[-0.05747838  5.99789627  0.07355636]
0.3369996548,[-0.06062447 -0.05260099  0.16333186],[1.96929515 2.39788877 0.58173801],0.7314155267,[-0.05741767  6.03072063  0.07081012]
0.3380038738,[-0.05944803 -0.06588288  0.1406639 ],[1.98422145 2.41023294 0.57914684],0.7333517999,[-0.06461087  6.07752955  0.05830004]
0.3390007019,[-0.06146127 -0.0769521   0.12387516],[2.00034806 2.42355029 0.57633233],0.7352912601,[-0.07558049  6.16034763  0.04899077]
0.3400399685,[-0.06280218 -0.09381509  0.12005248],[2.01670383 2.43700686 0.57342731],0.7372334579,[-0.0810493   6.26494243  0.04606219]
0.3410081863,[-0.05965551 -0.11337091  0.13328528],[2.03333642 2.4506831  0.57046149],0.7391780688,[-0.07118305  6.36722391  0.05388975]
0.3420052528,[-0.06195176 -0.13318822  0.15626316],[2.04908065 2.46362923 0.5676442 ],0.7411249013,[-0.06921893  6.46962977  0.06482092]
0.3430025578,[-0.06580186 -0.15204808  0.16768533],[2.06576872 2.47734519 0.56465015],0.7430739018,[-0.07481228  6.477728    0.06916067]
0.3440027237,[-0.06961472 -0.16949855  0.1577197 ],[2.08241187 2.49103917 0.56167606],0.7450251554,[-0.08830298  6.44467858  0.06173435]
0.3450024128,[-0.06716169 -0.18317741  0.14298295],[2.09821857 2.50401556 0.55881665],0.7469788843,[-0.09044307  6.53708125  0.05320333]
0.3460009098,[-0.06110591 -0.19549218  0.12948897],[2.11541136 2.51802023 0.5556122 ],0.7489354423,[-0.08481549  6.74544607  0.04572827]
0.3470058441,[-0.05282872 -0.20535712  0.11904931],[2.13276911 2.53212521 0.5523429 ],0.7508953055,[-0.0712442   6.96644917  0.04375807]
0.3480012417,[-0.04668191 -0.2118082   0.11451771],[2.1421365  2.53977994 0.5505895 ],0.7528590601,[-0.06025987  7.1416415   0.042887  ]
0.3490006924,[-0.04498552 -0.2176833   0.1140405 ],[2.15881432 2.55326415 0.54737834],0.7548273864,[-0.05699002  7.35882308  0.04434777]
0.3500001431,[-0.04786722 -0.22091743  0.11039345],[2.16712856 2.56004666 0.5458009 ],0.7568010399,[-0.06469248  7.46561223  0.04216713]
0.3509998322,[-0.05197323 -0.21948837  0.10250759],[2.19350248 2.58129049 0.54068525],0.7587808298,[-0.07838859  7.65900583  0.03645513]
0.3520021439,[-0.05705838 -0.21140558  0.08919219],[2.20189428 2.58812231 0.53908239],0.7607675952,[-0.09455485  7.6768099   0.02843167]
0.3530025482,[-0.06261929 -0.19616474  0.07455798],[2.22838216 2.60937705 0.53387329],0.7627621786,[-0.11443983  7.85599611  0.01830164]
0.3540010452,[-0.06266215 -0.18132712  0.06199869],[2.24649463 2.62394979 0.53033377],0.7647653999,[-0.12083765  7.93069464  0.01060629]
0.3550014496,[-0.06029681 -0.16859579  0.04807097],[2.26451794 2.63842709 0.52679353],0.7667780274,[-1.21327774e-01  7.99576563e+00  4.14758198e-03]
0.3559994698,[-0.0574355  -0.16018936  0.03668856],[2.27268908 2.64506656 0.52523609],0.7688007508,[-1.18832064e-01  7.96638034e+00 -5.52971839e-04]
0.357000351,[-0.05778742 -0.1553984   0.0254755 ],[2.28960832 2.65866809 0.52192651],0.7708341536,[-1.24307553e-01  7.99666088e+00 -6.19700186e-03]
0.3579995632,[-0.06001553 -0.15934351  0.01707851],[2.30762089 2.67313238 0.51839051],0.772878687,[-0.13323891  8.03125084 -0.01078863]
0.3589999676,[-0.06237459 -0.17324844  0.01738561],[2.32558709 2.68774554 0.51490791],0.7749346463,[-0.13966056  8.04514626 -0.01064319]
0.3600273132,[-0.06100069 -0.19242015  0.01804377],[2.34379963 2.70237906 0.51133399],0.7770021493,[-0.13833686  8.0623791  -0.01107616]
0.3610048294,[-0.05794975 -0.21475628  0.01089254],[2.36101869 2.71622507 0.50795929],0.7790811186,[-0.13399658  8.13028847 -0.01314372]
0.3620393276,[-0.06091024 -0.2350724   0.00654893],[2.3795804  2.73111441 0.50428656],0.7811712678,[-0.14377611  8.25831136 -0.01624079]
0.3630001545,[-0.0635135  -0.25769234  0.00320151],[2.39828469 2.74609299 0.50055685],0.7832720916,[-0.15225997  8.42765626 -0.0183921 ]
0.3639993668,[-0.05736788 -0.27734286 -0.00042371],[2.41612505 2.76037199 0.49698647],0.7853828612,[-0.13969928  8.66016866 -0.01897084]
0.3650007248,[-0.04947126 -0.29135117 -0.00113276],[2.43537016 2.77572905 0.4930929 ],0.7875026253,[-0.12165216  8.97027146 -0.0174948 ]
0.3659996986,[-0.03731056 -0.30699012  0.00331149],[2.45505719 2.79139241 0.48907017],0.7896302159,[-0.09179832  9.36383318 -0.01334025]
0.3670027256,[-0.02767991 -0.31889224  0.00802478],[2.4739706  2.80640797 0.48516608],0.7917642601,[-6.73341522e-02  9.83871384e+00 -9.23088060e-03]
0.3679995537,[-0.01754156 -0.32753962  0.00418575],[2.49433126 2.8225422  0.48094776],0.7939031973,[-4.29134016e-02  1.02889438e+01 -8.39647430e-03]
0.3690006733,[-0.01422729 -0.33416656 -0.00448993],[2.51464691 2.83865822 0.47675376],0.7960453022,[-0.03623524 10.60272706 -0.01085092]
0.3699994087,[-0.0171402  -0.34029019 -0.01867423],[2.5338308  2.85387256 0.47278591],0.7981887121,[-0.04638368 10.8247237  -0.01694521]
0.3709990978,[-0.02442227 -0.34331879 -0.03447692],[2.55389811 2.86980439 0.46865665],0.8003314597,[-0.06921552 10.97246792 -0.02617747]
0.3720002174,[-0.03718986 -0.34272686 -0.04968354],[2.57369392 2.88555073 0.46461086],0.8024715097,[-0.10523953 10.97927088 -0.03440711]
0.3729991913,[-0.04710465 -0.34063661 -0.05850202],[2.58277769 2.89283956 0.46277134],0.8046067986,[-0.1336038  10.8375009  -0.04069098]
0.3739998341,[-0.05259421 -0.34065434 -0.06128399],[2.60190783 2.90813217 0.45893129],0.8067352773,[-0.14890864 10.69464775 -0.04205885]
0.375,[-0.05480662 -0.3459169  -0.0646128 ],[2.6196371  2.92236493 0.45542461],0.8088549552,[-0.15681455 10.68744394 -0.04477636]
0.3759994507,[-0.06482774 -0.3598437  -0.08539907],[2.63876187 2.93767785 0.4516085 ],0.8109639452,[-0.18778515 10.59613359 -0.05514615]
0.3770000935,[-0.08330583 -0.38416541 -0.11415795],[2.65753483 2.9527508  0.44789613],0.8130605077,[-0.24179587 10.50827836 -0.06873037]
0.3779995441,[-0.09073024 -0.42172804 -0.13817127],[2.66643204 2.95999282 0.44617598],0.8151430933,[-0.26583586 10.37449453 -0.07980608]
0.3790049553,[-0.09037177 -0.46118268 -0.14891549],[2.69478354 2.98276778 0.44061728],0.8172103832,[-0.26590265 10.66715574 -0.0815087 ]
0.3800010681,[-0.08370248 -0.51192892 -0.14952724],[2.71277477 2.99729741 0.43711748],0.8192613247,[-0.24899401 10.78001094 -0.08148837]
0.3810141087,[-0.07960813 -0.56401706 -0.13638457],[2.72347835 3.00601644 0.43504883],0.8212951627,[-0.23655218 11.00167064 -0.075583  ]
0.3820028305,[-0.08009929 -0.60785615 -0.11731152],[2.74331507 3.02207053 0.43121263],0.8233114647,[-0.23565074 11.33602933 -0.06641229]
0.3830385208,[-0.07664925 -0.64638174 -0.10173088],[2.76208303 3.03729022 0.42759812],0.8253101388,[-0.22550121 11.64671293 -0.05980314]
0.3840003014,[-0.05810363 -0.68606472 -0.09977593],[2.78189185 3.0534036  0.42383648],0.827291444,[-0.17391441 11.93541298 -0.05719507]
0.3849999905,[-0.0409632  -0.7178582  -0.10696217],[2.80048781 3.06855786 0.4203247 ],0.8292559924,[-0.12537473 12.30376008 -0.05793866]
0.3860077858,[-0.03024633 -0.74902982 -0.1136501 ],[2.82027642 3.08467669 0.41659192],0.8312047417,[-0.09497609 12.77277737 -0.06042204]
0.3870027065,[-0.01894395 -0.77752841 -0.11899606],[2.83978341 3.10062815 0.41297196],0.8331389794,[-0.06263268 13.20528032 -0.06314737]
0.388001442,[-0.01214143 -0.79911947 -0.12209518],[2.85915086 3.11652359 0.40942904],0.8350602965,[-0.04138423 13.64859834 -0.06388096]
0.3890008926,[-0.01403968 -0.81962329 -0.11738689],[2.8774442  3.13154648 0.40609591],0.8369705535,[-0.04544462 14.08970455 -0.06239614]
0.3899991512,[-0.02346266 -0.83509946 -0.11383767],[2.89633327 3.147181   0.40276933],0.838871836,[-0.07149797 14.36014627 -0.0609836 ]
0.391036272,[-0.02887545 -0.84393239 -0.11897395],[2.91512438 3.16280515 0.39953094],0.8407664032,[-0.08572777 14.62305089 -0.06262678]
0.3919994831,[-0.03133475 -0.85468102 -0.13513382],[2.93269087 3.1775011  0.39658683],0.8426566286,[-0.08990057 14.825338   -0.06753297]
0.3930051327,[-0.0297329  -0.87014991 -0.15136785],[2.95095347 3.1930787  0.39364748],0.8445449343,[-0.08306853 15.00146374 -0.07455219]
0.3940043449,[-0.03871619 -0.89969361 -0.15374121],[2.96912622 3.20849309 0.39081726],0.8464337206,[-0.10707874 15.07672166 -0.07373979]
0.3950037956,[-0.04655338 -0.93822718 -0.1613114 ],[2.98624459 3.22310834 0.38823668],0.8483252918,[-0.12843429 15.17412957 -0.07627648]
0.3960003853,[-0.05904798 -0.98998374 -0.1671739 ],[3.00412597 3.23851325 0.38567044],0.85022178,[-0.16315334 15.3139437  -0.07648511]
0.3970272541,[-0.07066303 -1.07318449 -0.16949339],[3.02070298 3.25291739 0.38340196],0.8521250695,[-0.19597394 15.21456064 -0.074904  ]
0.3980312347,[-0.07923305 -1.17805946 -0.16115018],[3.03801744 3.26809899 0.38115529],0.8540367218,[-0.22137751 15.06599586 -0.06916595]
0.3990008831,[-0.08324982 -1.27446008 -0.14825439],[3.04737354 3.27643458 0.37997885],0.8559579057,[-0.23463665 14.76065798 -0.06242896]
0.4000012875,[-0.08169206 -1.3652848  -0.13936958],[3.06294718 3.29030931 0.3781423 ],0.8578893318,[-0.23018528 14.62405474 -0.05796095]
0.4010050297,[-0.07878993 -1.46719372 -0.13163052],[3.07898624 3.30472372 0.37637604],0.8598311956,[-0.2209201  14.45150664 -0.05345716]
0.4020020962,[-0.0787774  -1.56579876 -0.11992457],[3.09341824 3.31778199 0.37484691],0.8617831297,[-0.22275446 14.27382819 -0.04793573]
0.4030020237,[-0.07436062 -1.65606821 -0.10818241],[3.10875508 3.33182263 0.37340678],0.8637441671,[-0.21029047 14.53894075 -0.04279928]
0.404001236,[-0.0715085  -1.72572434 -0.09506234],[3.12298755 3.34490054 0.3721201 ],0.8657127179,[-0.20516838 14.49963449 -0.03849467]
0.4050006866,[-0.07429974 -1.7846508  -0.07569363],[3.13874837 3.3596526  0.37099682],0.8676865594,[-0.2183182  15.2087723  -0.02910781]
0.4060218334,[-0.0806474  -1.84532726 -0.06167052],[3.15293062 3.37318536 0.37024678],0.8696628421,[-0.24196267 16.18781293 -0.02107949]
0.4070298672,[-0.08858125 -1.90487599 -0.0680352 ],[3.16772215 3.38753269 0.36972307],0.8716381113,[-0.26391484 17.26964088 -0.02006516]
0.4080030918,[-0.088484   -1.95535457 -0.09460274],[3.1814734  3.40117787 0.36956427],0.8736083454,[-0.25242107 18.39022036 -0.02969595]
0.4090003967,[-0.08537068 -1.99941599 -0.11778201],[3.18895782 3.40895006 0.36983531],0.8755690112,[-0.23174807 19.5523206  -0.03993982]
0.41000247,[-0.07907015 -2.0448153  -0.12830926],[3.20217368 3.42263602 0.37031028],0.8775151343,[-0.20541955 20.54476393 -0.04670757]
0.4110050201,[-0.06971059 -2.0850606  -0.13122159],[3.21541548 3.43685295 0.37131467],0.8794413867,[-0.17141877 21.22804291 -0.05133124]
0.4120073318,[-0.06635989 -2.1220715  -0.13469233],[3.22791582 3.45053451 0.37255309],0.881342188,[-0.15581101 21.49838758 -0.05354561]
0.4130368233,[-0.07521147 -2.15961623 -0.13990682],[3.23945022 3.46371026 0.37427708],0.8832118195,[-0.17835032 21.55287014 -0.05133369]
0.4140057564,[-0.09577661 -2.21798253 -0.1552067 ],[3.2495754  3.47577865 0.37634086],0.8850445507,[-0.23159144 21.51385467 -0.04628326]
0.4150476456,[-0.10680102 -2.28871202 -0.17553918],[3.25957423 3.48791643 0.37865447],0.8868347734,[-0.25127355 21.1836622  -0.048433  ]
0.4160013199,[-0.11051031 -2.37769079 -0.19998628],[3.2689407  3.49968065 0.38126678],0.8885771438,[-0.24382643 20.80327334 -0.05628224]
0.417006731,[-0.12252778 -2.51619601 -0.20423095],[3.27702824 3.51063325 0.38441144],0.8902667271,[-0.27289466 20.43474994 -0.04875065]
0.418005228,[-0.13448986 -2.66180396 -0.1946839 ],[3.28526821 3.52182297 0.3877301 ],0.8918991443,[-0.31097973 20.23868769 -0.03439221]
0.4190061092,[-0.13516646 -2.85720086 -0.1683211 ],[3.29281651 3.53298954 0.39176195],0.893470715,[-3.25699631e-01  2.01310319e+01 -1.89837274e-02]
0.4200055599,[-0.11401855 -3.07791233 -0.13535925],[3.29950806 3.54326734 0.39592849],0.8949785961,[-2.77502957e-01  2.00464681e+01 -1.50897501e-02]
0.4210093021,[-0.09747681 -3.30546522 -0.09516208],[3.30602971 3.55386715 0.40063582],0.8964209108,[-2.51408588e-01  2.00012462e+01 -4.38876295e-03]
0.4220044613,[-0.08834435 -3.49110627 -0.07005044],[3.31196579 3.56413256 0.40577473],0.8977968656,[-2.38976658e-01  2.01862559e+01  4.00472713e-03]
0.4230055809,[-0.07494868 -3.67875004 -0.05704808],[3.31633026 3.57344985 0.41168344],0.8991068518,[-2.04763997e-01  2.03640094e+01  2.14701159e-03]
0.4240076542,[-0.05399707 -3.82645655 -0.05942036],[3.32079382 3.58281732 0.41771475],0.9003525295,[-1.35382850e-01  2.04800787e+01 -1.61197692e-02]
0.4250354767,[-0.03694233 -3.94912505 -0.05926736],[3.32401123 3.59160871 0.42456649],0.9015368901,[-0.08118439 20.71693796 -0.03165601]
0.4260027409,[-0.03136313 -4.05393076 -0.06439613],[3.3258774  3.59482108 0.42869173],0.9026642956,[-0.06021525 21.0681591  -0.04252549]
0.4270248413,[-0.04331489 -4.16010618 -0.07378649],[3.32804711 3.60266657 0.43613233],0.9037404932,[-0.08724649 21.17927548 -0.03848849]
0.4280040264,[-0.04092036 -4.26102114 -0.10460188],[3.32873116 3.60938533 0.44413043],0.9047726033,[-0.0462662  21.30763426 -0.06076425]
0.4290018082,[-0.01922454 -4.35612106 -0.13332952],[3.33251303 3.61565614 0.44899168],0.9057690796,[ 0.05321298 21.08469952 -0.10129287]
0.4300014973,[-4.25765384e-03 -4.45170546e+00 -1.43298044e-01],[3.33191449 3.62126221 0.45765598],0.9067396414,[ 0.11436587 21.27503186 -0.12560795]
0.4310057163,[-9.63899955e-04 -4.53554964e+00 -1.58975755e-01],[3.32631311 3.62333398 0.4677567 ],0.9076951787,[ 0.14408602 21.43557157 -0.14497277]
0.4320015907,[-3.20727547e-03 -4.63611889e+00 -1.90472319e-01],[3.33325566 3.63179261 0.47247904],0.9086476294,[ 0.17356812 20.99706691 -0.16969312]
0.4330017567,[-0.01097216 -4.73194599 -0.20562249],[3.3296091  3.63561554 0.48289356],0.9096098319,[ 0.17107913 20.94293734 -0.17896063]
0.4340057373,[-0.01245332 -4.832726   -0.21290321],[3.32644289 3.63620837 0.49021703],0.9105953533,[ 0.17815164 20.90411422 -0.18808257]
0.4350078106,[-0.00953276 -4.93585825 -0.20990158],[3.32248727 3.63930259 0.50085601],0.9116182969,[ 0.18956744 20.91663861 -0.19437577]
0.4360072613,[-4.91808261e-03 -5.06865597e+00 -1.97239268e-01],[3.31642863 3.64127327 0.51272582],0.9126930914,[ 0.1933997  20.92859018 -0.19553617]
0.4370033741,[-0.00893091 -5.22842836 -0.17494926],[3.31065699 3.64298401 0.52442869],0.9138342656,[ 0.15979654 20.80276671 -0.17641823]
0.4380021095,[-0.01368004 -5.40625954 -0.14646673],[3.30427231 3.64365195 0.53617205],0.9150562127,[ 0.11517484 20.5916133  -0.14907184]
0.4390025139,[-0.01375212 -5.56389809 -0.12897956],[3.29610902 3.64380926 0.54948685],0.9163729482,[ 0.09619912 20.53663785 -0.13708731]
0.4400005341,[-0.01358332 -5.73591518 -0.12824528],[3.28720026 3.64288502 0.56290788],0.9177978655,[ 0.09831124 20.36476207 -0.14086474]
0.4410090446,[-0.03330968 -5.90021467 -0.12641924],[3.27822198 3.6415181  0.57646026],0.9193434949,[ 0.04296945 20.11407487 -0.11707005]
0.4420015812,[-0.05462496 -6.03119946 -0.13396055],[3.26867167 3.6391681  0.59005397],0.9210212704,[-3.09359447e-03  1.99347035e+01 -9.98914579e-02]
0.4429988861,[-0.07077473 -6.14043999 -0.15162546],[3.25635902 3.63604171 0.60583429],0.9228413081,[-1.90825503e-02  1.96442612e+01 -1.00754104e-01]
0.4440000057,[-0.08747199 -6.23090506 -0.16871411],[3.24577874 3.63239752 0.62000615],0.9248122024,[-0.0343017  18.95377411 -0.09904361]
0.4449973106,[-0.11041911 -6.30266523 -0.1884166 ],[3.23599412 3.62807458 0.63325628],0.9269408428,[-0.06095532 17.38221518 -0.09119147]
0.4460020065,[-0.13705963 -6.34238577 -0.2018067 ],[3.22651198 3.62281611 0.64584743],0.9292322567,[-0.10452142 14.74538762 -0.07023469]
0.4470019341,[-0.15539063 -6.35705757 -0.18860917],[3.22079574 3.61764026 0.65551512],0.9316894804,[-0.16355989 11.3194049  -0.02764043]
0.447999239,[-0.15172145 -6.3565917  -0.18609117],[3.21803806 3.61209675 0.66268764],0.9343134627,[-0.15174029  7.39092703 -0.029283  ]
0.448997736,[-0.13510457 -6.3448596  -0.17976934],[3.21720526 3.6063727  0.66846416],0.9371030028,[-0.11199796  2.65067224 -0.04373431]
0.4499983788,[-0.14929592 -6.32942152 -0.13671816],[3.21990616 3.60062749 0.67168051],0.9400547241,[-0.20786274 -1.73761276  0.03331874]
0.4510474205,[-0.13507709 -6.30024481 -0.13024013],[3.22537883 3.59473749 0.67291904],0.9431630859,[-0.17650153 -6.31402552  0.02448321]
0.4520373344,[-0.13090123 -6.24913311 -0.13984117],[3.23467183 3.58824148 0.67086918],0.9464204329,[-1.49110382e-01 -1.01484989e+01  9.65235574e-03]
0.4530351162,[-0.14566428 -6.18472052 -0.11169415],[3.24454723 3.5822414  0.66928052],0.9498170816,[ -0.22548572 -14.09944363   0.07142502]
0.4540424347,[-0.1391779  -6.09390974 -0.11314339],[3.25643168 3.57608502 0.66637429],0.9533414437,[ -0.20488691 -17.68414466   0.06367843]
0.4550468922,[-0.1293328  -5.93416548 -0.09696505],[3.27035317 3.56993989 0.66218389],0.9569801836,[ -0.20264037 -20.95088776   0.07337058]
0.4560523033,[-0.12490123 -5.75370121 -0.10871563],[3.28318165 3.56311911 0.65911258],0.9607184072,[ -0.17356245 -22.4744708    0.05352674]
0.4570345879,[-0.12446306 -5.49689007 -0.1322162 ],[3.29821174 3.55700409 0.65427242],0.9645398806,[ -0.13719181 -25.06678109   0.02653676]
0.4580376148,[-0.14927634 -5.19107485 -0.09634046],[3.31794426 3.55117364 0.6463039 ],0.9684272719,[ -0.25533666 -27.72885824   0.11254353]
0.4589979649,[ 0.12288701 -4.85411406 -0.67823996],[3.32529174 3.5449682  0.64533153],0.9723624147,[  1.30808771 -28.20590457  -1.01590128]
0.4600367546,[ 0.11491145 -3.89705157 -0.78136806],[3.34726013 3.54161726 0.63417287],0.976326586,[  1.43769123 -27.77034705  -1.11313074]
0.4610393047,[ 0.12722865 -2.17086267 -0.497242  ],[3.35917654 3.53944087 0.62791231],0.9803007953,[  1.05352254 -24.23380046  -0.77715732]
0.4619989395,[ 0.03247194 -1.12052381 -0.40840693],[3.37357101 3.53232525 0.62301854],0.9842660778,[  0.67405892 -22.14517468  -0.52680938]
0.4630348682,[-0.04725079 -0.10679412 -0.48519291],[3.38478653 3.53282103 0.61518822],0.9882037877,[  0.57137475 -20.38903408  -0.49485114]
0.4640045166,[-0.34704608  0.07016088 -0.3285721 ],[3.39468186 3.53263407 0.60841676],0.9920958847,[ -0.46226833 -21.37261576   0.12728988]
0.4650440216,[-0.42515856  0.23157297  0.02550191],[3.40390987 3.53185751 0.60220186],0.9959252096,[ -1.18794514 -22.19241164   0.64646779]
0.4660406113,[-0.50607786  0.43564022 -0.07291937],[3.41322946 3.53114351 0.5955698 ],0.9996757426,[ -1.27792833 -22.47659274   0.64495404]
0.466999054,[-0.60118733  0.31401086 -0.39971964],[3.42110566 3.52973321 0.58947521],1.00333284,[ -1.09317254 -23.70730701   0.41484099]
0.4680101871,[-0.55499978  0.39378142 -0.56961457],[3.42786937 3.52813234 0.58349468],1.006883447,[ -0.74821705 -23.68779212   0.16741116]
0.4689993858,[-0.58000798  0.72040892 -0.3603918 ],[3.43344358 3.5264934  0.57802301],1.010316277,[ -1.12277907 -21.90344978   0.42538983]
0.4699983597,[-0.50251299  0.86805487 -0.30107576],[3.43678102 3.52448393 0.57327511],1.013621959,[ -1.00089242 -20.37812644   0.37903358]
0.4710009098,[-0.22142495  0.94683278 -0.47467921],[3.43867395 3.5228037  0.56865968],1.016793154,[ 1.26325406e-02 -1.82647539e+01 -1.80367868e-01]
0.4720020294,[-0.00290693  1.16836238 -0.44641346],[3.43892835 3.52102531 0.56419047],1.019824627,[  0.58429087 -14.70984326  -0.44221709]
0.4730000496,[ 0.06469736  1.33177209 -0.30425596],[3.43703692 3.51946932 0.5607114 ],1.022713284,[  0.58200128 -11.16505697  -0.38900356]
0.4740040302,[ 0.17755446  1.98486745 -0.10132591],[3.43296702 3.51829693 0.55747515],1.025458173,[ 0.63225376 -5.54206703 -0.33784427]
0.4749999046,[0.06922041 2.95736551 0.08856412],[3.4260323  3.51843411 0.55515033],1.02806044,[ 0.07625336  1.5482196  -0.01214869]
0.4760015011,[-0.03064126  3.7931211  -0.02286332],[3.41650603 3.51952544 0.55338675],1.030523253,[-6.13332272e-02  8.19777472e+00  2.19985284e-03]
0.4770021439,[ 0.03550542  4.88411236 -0.25063129],[3.40443672 3.52213404 0.55167892],1.032851694,[ 0.42295778 15.65417262 -0.31568397]
0.4780006409,[ 0.27787615  5.66618681 -0.47374728],[3.38935189 3.52541248 0.55042468],1.035052608,[ 1.39449921 21.95594472 -0.8602293 ]
0.47900033,[ 0.41079846  5.85335541 -0.64485336],[3.37409585 3.52861298 0.54899485],1.037134438,[ 1.98574365 25.09176614 -1.20873444]
0.4800004959,[ 0.42278264  5.78479385 -0.63871976],[3.35807078 3.53087729 0.54840028],1.039107019,[ 2.00545904 26.56444095 -1.2218536 ]
0.4810061455,[ 0.30525192  5.70745277 -0.57398453],[3.33942435 3.53542189 0.55249948],1.040981367,[ 1.59193871 27.65610845 -1.01527881]
0.4820027351,[ 0.4021879   5.87049675 -0.68658682],[3.32229552 3.53640002 0.55310043],1.042769441,[ 2.00293374 28.39544126 -1.25857584]
0.4830067158,[ 0.40458664  6.08874702 -0.74299921],[3.30400933 3.53713379 0.5547112 ],1.044483898,[ 2.07760838 28.58603572 -1.32218983]
0.4840016365,[ 0.33445359  6.45209217 -0.56119201],[3.29171452 3.53740363 0.55191079],1.046137842,[ 1.64324778 28.2161153  -1.03539842]
0.4849998951,[ 0.29389143  6.63839197 -0.48762706],[3.27325976 3.5368726  0.55382306],1.047744574,[ 1.43266787 27.84782383 -0.90614531]
0.4860007763,[ 0.12901057  6.76852179 -0.31897397],[3.25477699 3.53886072 0.5588869 ],1.04931734,[ 0.76194478 27.88838149 -0.52288765]
0.4870393276,[ 0.07419271  6.62320995 -0.29340485],[3.24246188 3.53238823 0.55328168],1.050869096,[ 0.57524662 24.85206261 -0.41502876]
0.4880032539,[ 0.10045957  6.60170984 -0.34103668],[3.22497067 3.52940413 0.55533298],1.052412278,[ 0.70565038 22.78137222 -0.49220818]
0.4890058041,[ 0.09727908  6.96407223 -0.52988674],[3.20821227 3.52981203 0.55975568],1.0539586,[ 0.9353534  21.85802716 -0.6767407 ]
0.4900019169,[ 0.10971162  7.27924633 -0.71068525],[3.19270817 3.52567258 0.55960402],1.055518861,[ 1.19080801 20.31676441 -0.8634262 ]
0.4910366535,[ 0.12869806  7.88624477 -0.86480782],[3.17696515 3.52176082 0.5599049 ],1.057102785,[ 1.42640552 19.27722977 -1.02846489]
0.4920005798,[ 0.08210473  8.26207352 -0.91303799],[3.16243536 3.51685259 0.55860638],1.058718886,[ 1.34667929 17.34819247 -1.00028568]
0.4929997921,[-0.06097234  8.53572559 -0.76740844],[3.13133756 3.51678172 0.56963086],1.060374361,[ 0.76622929 14.96614577 -0.66960343]
0.4940087795,[-0.22189204  8.9334259  -0.55546055],[3.11832835 3.50924701 0.56811126],1.062075008,[ 0.05847997 12.37265112 -0.26397981]
0.4949996471,[-0.34906207  9.34283924 -0.39903074],[3.1059457  3.50148679 0.5666948 ],1.063825184,[-0.48718233 10.21585405  0.03579322]
0.496039629,[-0.31835902  9.58426666 -0.47739098],[3.09394756 3.49214334 0.56412626],1.065627787,[-0.32813103  7.44333721 -0.0661409 ]
0.4969997406,[-0.32318034  9.65447903 -0.5012448 ],[3.08391416 3.48237431 0.56060631],1.067484266,[-0.33132893  4.24347734 -0.07490289]
0.4979999065,[-0.39280826  9.71450233 -0.48642954],[3.07386753 3.47165343 0.55703452],1.069394666,[-0.55980747  1.3000105   0.01965744]
0.4990000725,[-0.33479939  9.86632061 -0.62782143],[3.06420683 3.45996056 0.55311185],1.071357689,[-0.26797922 -0.96776245 -0.15176361]
0.500002861,[-0.42602838 10.09425068 -0.52175609],[3.05541745 3.44632205 0.54743077],1.07337079,[-0.6608109  -3.12579943  0.0319111 ]
0.501003027,[-0.43786885 10.28335953 -0.4273345 ],[3.04476795 3.43148435 0.54340262],1.075430285,[-0.81086585 -4.69473369  0.11572939]
0.5020005703,[-0.49451932 10.4121542  -0.21171713],[3.03533639 3.41550134 0.5378855 ],1.07753148,[-1.19704535 -6.23530317  0.3210799 ]
0.5030009747,[-0.48726313 10.45907021  0.05054322],[3.02496733 3.3993186  0.53399777],1.079668812,[-1.42617537 -7.7201701   0.4842418 ]
0.5040006638,[-0.7142921  10.59393978  0.44964479],[3.01263943 3.38094338 0.53058195],1.081836007,[-2.42160152 -8.63942333  0.92496679]
0.5050003529,[-0.6403225  10.74942493  0.45863861],[2.99988779 3.36219289 0.52819419],1.084026234,[-2.20226683 -9.18226176  0.83160203]
0.5060412884,[-0.75128256 10.93834305  0.68695904],[2.98634484 3.34104906 0.52490111],1.086232271,[-2.68178974 -9.40779144  1.0170317 ]
0.5069992542,[-0.80864518 11.21289444  0.86332821],[2.97031826 3.31850452 0.52365436],1.088446667,[-2.94816659 -9.03821183  1.11323419]
0.5080006123,[-0.92045235 11.33811951  0.77972791],[2.95338916 3.29572358 0.52411937],1.090661896,[-3.17862868 -8.64309198  1.08975655]
0.5089991093,[-1.01863344 11.39743042  0.72281188],[2.94142987 3.28099258 0.52906328],1.092870512,[-3.40612035 -7.91472466  1.08130046]
0.5100007057,[-0.88726653 11.63297653  0.75925291],[2.92037865 3.25345546 0.53102421],1.095065286,[-3.01142621 -6.08431348  0.96209475]
0.5110359192,[-0.57240718 12.21436405  0.79393727],[2.89870887 3.22653361 0.536795  ],1.097239333,[-2.08736568 -2.68198232  0.75211871]
0.5120055676,[-0.60337363 12.74711323  0.79571202],[2.87636526 3.19868452 0.54319993],1.099386227,[-2.14182595  0.91869372  0.73486116]
0.5130038261,[-0.71547694 11.37010288  0.57890623],[2.85034008 3.1697963  0.55243181],1.101500093,[-2.32266103 -2.07801813  0.66101957]
0.5140097141,[-0.82353775  9.70115757  0.48953386],[2.83770735 3.15205865 0.55805408],1.103575687,[-2.572869   -5.07825611  0.6456552 ]
0.5150413513,[-0.81475295  8.83666325  0.88467028],[2.81464018 3.12339593 0.56153868],1.105608454,[-2.69563584 -6.01722818  0.79946529]
0.5160033703,[-0.30168959  8.86185741  0.7558953 ],[2.78161838 3.08330269 0.56458112],1.107594574,[-1.14237625 -5.79074381  0.49296172]
0.5170035362,[0.298014   8.98846054 0.32549208],[2.75977709 3.05371037 0.5686942 ],1.109530975,[ 0.72514278 -4.0249579   0.05316792]
0.518045187,[0.45574974 9.05158424 0.10568095],[2.74591074 3.03237491 0.5754312 ],1.111415347,[ 1.24798933 -2.82445555 -0.09770681]
0.5190062523,[0.20357921 9.21310425 0.3331764 ],[2.72061245 3.00063083 0.58278965],1.113246125,[ 0.46977225 -2.26490565  0.09846545]
0.5200109482,[-0.15124565  9.6415987   0.89820896],[2.69634887 2.96873242 0.58961033],1.115022466,[-0.66291742 -1.10602348  0.46067665]
0.5210130215,[-0.17727981 10.46660042  0.98293932],[2.67055646 2.93488399 0.5963706 ],1.116744204,[-0.72192372  0.9918337   0.49621356]
0.5220470428,[ 0.14389985 10.86102867  0.72331185],[2.64428783 2.89896622 0.60430803],1.1184118,[0.24239246 1.38961269 0.29933798]
0.5230066776,[ 0.76243445 11.40174866 -0.08167581],[2.61895951 2.86158572 0.61471453],1.120026284,[ 2.07912821  2.14442449 -0.17097678]
0.5240397453,[ 1.1011961  11.7980299  -0.59032613],[2.59272981 2.82201688 0.62410166],1.12158918,[ 3.04016822  2.39273832 -0.42119834]
0.5250406265,[ 1.07153137 12.12282085 -0.85758358],[2.56554073 2.78020966 0.63492116],1.123102441,[ 2.94808704  2.28587634 -0.49308668]
0.5260050297,[ 1.06832417 12.29609489 -1.31266048],[2.49928916 2.67869047 0.7459401 ],1.124568364,[ 2.92613125  1.80293972 -0.65360127]
0.5270049572,[ 0.77564117 12.69399643 -1.16547997],[2.4709699  2.63202138 0.7599381 ],1.125989521,[ 2.08915946  2.19708951 -0.53673571]
0.5280067921,[ 0.80773189 12.93491268 -0.83936568],[2.44382086 2.58735731 0.77292186],1.12736868,[ 2.10045729  2.40123688 -0.37402774]
0.5290029049,[ 0.78214833 12.72405148 -0.82259094],[2.41442755 2.5391998  0.78656314],1.128708734,[ 1.98058219  1.61647516 -0.34296246]
0.5300042629,[ 0.55283009 12.39792442 -0.94697885],[2.3845618  2.49244228 0.79939203],1.130012638,[ 1.35748357  0.88999341 -0.3845355 ]
0.5310025215,[ 0.36339881 12.1895895  -1.01010232],[2.35587529 2.44838531 0.81178498],1.131283341,[ 0.84886817  0.94898898 -0.4113868 ]
0.5320022106,[ 0.27239621 12.14783955 -0.94858352],[2.32506837 2.40261384 0.82510178],1.132523741,[ 0.59742951  1.92294251 -0.38693048]
0.5330035686,[ 0.35467897 12.52721024 -0.75617992],[2.29515536 2.35776036 0.8401476 ],1.133736633,[ 0.78167464  4.49153662 -0.29332114]
0.5340018272,[ 0.42794566 12.75905609 -0.72355185],[2.26347755 2.31175841 0.85627828],1.134924677,[ 0.92948701  6.77054404 -0.26914722]
0.5350027084,[ 0.25919194 12.93196392 -0.81884084],[2.23139602 2.26610923 0.87329899],1.136090367,[ 0.49975356  8.88367997 -0.33741461]
0.5360200405,[ 0.18340711 13.06735039 -0.95242113],[2.21159682 2.23320167 0.89686867],1.137236013,[ 0.29492888 10.95318956 -0.41454629]
0.5370066166,[ 0.44232892 12.96020508 -1.80149355],[2.17964184 2.18748665 0.91485521],1.138363726,[ 0.72069698 11.91049753 -0.7737071 ]
0.5380034447,[ 0.18811578 11.27600861 -1.11784798],[2.14986482 2.14662501 0.92923891],1.139475416,[ 0.23532039  8.56841515 -0.49636911]
0.5390019417,[-0.09812299  8.69387436 -0.05821177],[2.11993486 2.10963949 0.93646359],1.140572791,[-0.21711494  2.4125261  -0.04145928]
0.5400059223,[-0.15732931  7.64543867  0.26950475],[2.10317066 2.08657262 0.94720643],1.141657366,[-0.28286158  0.36608763  0.10540989]
0.5410113335,[-0.27154293  7.42493916  0.08628968],[2.06201318 2.04128183 0.94594163],1.14273047,[-0.55039367 -0.11970366 -0.00808401]
0.5420069695,[-0.32888909  7.2063427   0.15906916],[2.03220284 2.00707917 0.9481649 ],1.143793266,[-0.64328572 -0.6018736   0.01313381]
0.5430076122,[-0.38972277  7.01452208  0.17271093],[2.00212361 1.97310915 0.94978208],1.14484676,[-0.75044857 -1.23841534  0.00480657]
0.5440051556,[-0.41571365  7.06633186  0.35657225],[1.97308847 1.94032683 0.95168633],1.145891821,[-0.74420925 -1.47062962  0.08814312]
0.5450093746,[-0.29028458  7.14921188  0.38221736],[1.95609689 1.91760597 0.95863376],1.146929195,[-0.47882193 -1.73284864  0.13079796]
0.5460040569,[-0.12472063  7.46622801  0.20760411],[1.92672119 1.88406586 0.96162055],1.14795952,[-0.18721018 -1.28891399  0.08211557]
0.5470042229,[-0.29333828  7.60626173  0.27040539],[1.89531658 1.8488062  0.96275069],1.148983337,[-0.48491436 -1.27550806  0.07224435]
0.5480012894,[-0.57557521  7.71083355  0.25112148],[1.86513406 1.81545813 0.96441963],1.150001099,[-1.00402285 -1.11871677 -0.01345038]
0.5490026474,[-0.6528111   7.91894579  0.24056579],[1.83332249 1.78114994 0.96574473],1.151013177,[-1.12279807 -0.48937159 -0.04082712]
0.550003767,[-0.89018851  8.02666187  0.66639385],[1.80140402 1.74766509 0.96721693],1.152019861,[-1.40250047  0.13406635  0.1196646 ]
0.5510013103,[-0.94597906  8.09006691  1.11474566],[1.77115792 1.71614133 0.96942369],1.153021358,[-1.33847549  0.89415044  0.34700805]
0.5520017147,[-0.78566088  7.93374395  1.31869882],[1.7398326  1.68413709 0.97117355],1.154017786,[-0.96711491  1.36339007  0.50624778]
0.55300951,[-0.45817233  7.70675135  1.02679297],[1.70912886 1.65263199 0.97284956],1.155009169,[-0.4693132   1.72409506  0.44387265]
0.5540027618,[-0.30400711  7.45366764  0.36958731],[1.68047053 1.62310223 0.97498872],1.155995423,[-0.38970741  2.15233878  0.12471844]
0.5550041199,[-0.19937259  7.42350006 -0.14997746],[1.6505806  1.59284365 0.97642872],1.156976343,[-0.36069716  2.97766854 -0.13660689]
0.5560019016,[ 0.03084496  7.3533597  -0.10339944],[1.6210667  1.56301089 0.97795901],1.157951594,[ 0.02491151  3.67415897 -0.04426674]
0.557002306,[0.09020944 7.27489281 0.14580379],[1.59329645 1.53504539 0.98024263],1.158920695,[0.18886087 4.33489859 0.11468909]
0.5580022335,[ 0.33778766  7.34050512 -0.09160875],[1.56409124 1.50575298 0.98187647],1.159883009,[0.49476736 5.10764385 0.0476357 ]
0.5590014458,[ 0.65326375  7.45089006 -0.74695429],[1.49589337 1.38621685 1.113245  ],1.160837731,[ 0.76887703  5.84521329 -0.24493386]
0.5600032806,[ 0.46066625  7.55538273 -0.8397275 ],[1.46786972 1.35927107 1.11192826],1.161783888,[ 0.44337566  6.46457289 -0.35802993]
0.5610420704,[ 0.1186017   7.52181816 -0.36241785],[1.44106295 1.33430166 1.11082458],1.16272033,[ 0.07442131  6.6647038  -0.17952331]
0.5620043278,[0.05266644 7.8109827  0.23124966],[1.41268871 1.30850286 1.10892045],1.163645736,[0.14231976 7.410325   0.1473562 ]
0.5630025864,[0.17595659 8.17819214 0.48040003],[1.38595127 1.28386316 1.10862432],1.164558626,[0.37672344 8.26098045 0.32550946]
0.5640046597,[0.10649194 8.59764576 0.35023222],[1.37093916 1.26809408 1.11672116],1.16545737,[0.24553342 9.19818426 0.23181326]
0.5650463104,[0.13628778 8.98000717 0.27364021],[1.34331473 1.24275315 1.11604247],1.166340209,[0.26172489 9.92745423 0.19557667]
0.566003561,[0.21942602 9.30560207 0.18389509],[1.31735909 1.21839902 1.11721232],1.167205286,[ 0.34328973 10.50772337  0.16410884]
0.5670161247,[ 0.24720485  9.42579079 -0.17079164],[1.29032329 1.19311473 1.11467391],1.168050673,[ 0.28137841 10.72123461 -0.04079803]
0.5680034161,[ 0.44277923  9.581604   -0.80750052],[1.26607777 1.1703125  1.11532565],1.168874409,[ 0.36307796 11.0031479  -0.3722515 ]
0.5690057278,[-0.02896307  9.48990631 -0.46709859],[1.25090923 1.15523116 1.12213727],1.169674546,[-0.14316643 10.76281888 -0.28925312]
0.5700037479,[-0.37355706  9.26903057  0.35193606],[1.21544174 1.12575005 1.11227988],1.170449186,[-0.35798509 10.45176882  0.11596289]
0.5710020065,[-0.11169889  8.8946085   0.44794962],[1.19300756 1.10665882 1.11080376],1.171196533,[-0.0200461   9.85491046  0.23834009]
0.5720033646,[0.10028047 8.67496777 0.07307316],[1.17884952 1.09290342 1.11551703],1.17191494,[0.1409258  9.50506047 0.0651002 ]
0.5730023384,[-0.2864189   8.38833427 -0.27531644],[1.15693905 1.07494496 1.11271878],1.172602954,[-0.38423593  9.13890206 -0.23120951]
0.5740020275,[-0.61656075  8.07163429 -0.29923134],[1.13435949 1.05755317 1.10868672],1.17325936,[-0.75287344  8.79913598 -0.31604843]
0.575001955,[-0.63265998  7.96741915 -0.51373494],[1.11214199 1.04058056 1.10402491],1.17388322,[-0.80141691  8.77376991 -0.44465525]
0.5759999752,[-0.62171348  8.05054283 -0.45465547],[1.09140485 1.02479791 1.10033035],1.174473913,[-0.76144494  9.09709874 -0.40367433]
0.5770010948,[-0.58686113  8.12308025 -0.26788393],[1.07090269 1.00929043 1.09661109],1.175031156,[-0.67119445  9.38892969 -0.28063151]
0.5780012608,[-0.32021447  8.26030159 -0.33871837],[1.04980947 0.99337155 1.09234977],1.175555025,[-0.39423124  9.81075728 -0.26803967]
0.5790035725,[-0.286302    8.56843281 -0.48057328],[1.02883972 0.97742608 1.08792706],1.176045968,[-0.37758705 10.45123096 -0.34409513]
0.5800015926,[-0.55567869  9.02882671 -0.09597778],[1.00800099 0.96190555 1.08377339],1.176504801,[-0.56663522 11.28576388 -0.16230984]
0.5810067654,[-0.21208817  9.49589825 -0.32132316],[0.98889957 0.94726846 1.0813677 ],1.176932695,[-0.25874811 12.15081163 -0.23306583]
0.5820038319,[-0.24630912  9.99382973 -0.1589637 ],[0.9690674  0.93201309 1.07824607],1.177331159,[-0.25689492 13.03485656 -0.14005515]
0.5830061436,[-0.31765533 10.31405926  0.09444668],[0.94994674 0.91743977 1.07569435],1.177702001,[-2.76207631e-01  1.36624798e+01  1.55223223e-03]
0.5840001106,[-0.11610168 10.52455235 -0.17192958],[0.93273894 0.90393003 1.07437472],1.178047283,[-0.12703907 14.09915254 -0.12283486]
0.5850467682,[-0.16833774 10.44430637 -0.22045428],[0.91556552 0.89059138 1.07216215],1.17836927,[-0.17930048 14.12319568 -0.15741656]
0.5860025883,[-0.33006391 10.31644058 -0.17088206],[0.89941418 0.87831895 1.07027799],1.178670365,[-0.31373332 14.09749769 -0.14994587]
0.5870049,[-0.57038037 10.24195576  0.0306521 ],[0.88495598 0.86746358 1.06926343],1.178953033,[-0.49282286 14.0884809  -0.06319065]
0.5880043507,[-6.24409092e-01  1.01717396e+01  2.86312425e-03],[0.87052655 0.85665581 1.06752893],1.179219732,[-0.53671467 14.06252032 -0.08362615]
0.5890080929,[-0.65923468 10.12195969  0.2124385 ],[0.85692925 0.84651982 1.06605451],1.179472826,[-0.53030201 14.01684496  0.04051802]
0.5900046825,[-0.54649139 10.11714363  0.2847996 ],[0.84952403 0.84022774 1.07116899],1.179714504,[-0.42118808 13.9540297   0.10230654]
0.5910015106,[-0.46293588 10.20422935  0.32816491],[0.83689567 0.83052109 1.06918066],1.179946699,[-0.33944194 13.98162901  0.14139803]
0.5920026302,[-0.26084457 10.35678196  0.11614358],[0.83033904 0.82461873 1.07410322],1.18017101,[-0.19477194 14.07670868  0.04466523]
0.5930025578,[-0.09605881 10.46454144 -0.09240805],[0.78392332 0.77746842 1.12789572],1.180388626,[-0.0805641  14.072032   -0.05764642]
0.5940020084,[-0.08545576 10.76202202 -0.10430595],[0.77387839 0.76970912 1.12532537],1.180600264,[-0.07230018 14.25038499 -0.06320999]
0.5950078964,[-0.22488271 11.20827293  0.01637431],[0.76697627 0.76461694 1.12732008],1.180806112,[-1.70613281e-01  1.46973767e+01 -8.36587510e-03]
0.5960114002,[-0.30113292 11.49490547  0.03635941],[0.75231583 0.75230738 1.11667139],1.181005786,[-2.24828322e-01  1.48159094e+01 -2.80995614e-03]
0.5970022678,[-0.25630025 11.73037624 -0.13634569],[0.74620653 0.74776053 1.11921512],1.181198301,[-0.20690232 14.90829921 -0.09688713]
0.598004818,[-0.26263616 12.12468052 -0.26749042],[0.73617934 0.73956156 1.11517499],1.181382057,[-0.22236026 15.19458641 -0.1727343 ]
0.5990073681,[-0.3779353  12.4287672  -0.26588306],[0.72652026 0.73166416 1.11133711],1.181554842,[-0.30722806 15.41817428 -0.18199788]
0.6000027657,[-0.45593275 12.51694107 -0.2249351 ],[0.71776388 0.72450903 1.10842516],1.181713852,[-0.35867682 15.45420052 -0.16475143]
0.601006031,[-0.4961716  12.58068275 -0.1812706 ],[0.70916668 0.71731366 1.10504813],1.181855726,[-0.38026679 15.51949057 -0.14165397]
0.6020050049,[-0.5525287  12.53485966 -0.10762496],[0.70157503 0.7109767  1.10279161],1.181976598,[-0.4113596  15.52407993 -0.10200383]
0.6030066013,[-0.61604015 12.51354027 -0.02858445],[0.69443075 0.70501665 1.1008044 ],1.182072173,[-0.44702762 15.62071149 -0.05974748]
0.6040034294,[-0.65325069 12.54119778 -0.01299938],[0.68787453 0.69948761 1.09926625],1.182137803,[-0.46904631 15.82344295 -0.05248854]
0.6050026417,[-0.70872789 12.61717892  0.01831013],[0.68215311 0.69477145 1.09880579],1.18216859,[-0.50378447 16.09231036 -0.03923473]
0.6060037613,[-7.70950814e-01  1.27836008e+01 -1.06356994e-02],[0.67681273 0.69044785 1.09875919],1.182159491,[-0.54773502 16.46056752 -0.05965267]
0.6070024967,[-0.83417853 12.98500729 -0.04598618],[0.67168839 0.68627468 1.09872293],1.182105436,[-0.59286696 16.7883726  -0.08535825]
0.608001709,[-0.86790077 13.15741444 -0.0635454 ],[0.66704091 0.68262603 1.09930149],1.182001451,[-0.61503055 17.04419996 -0.0959693 ]
0.6090028286,[-0.88874472 13.24321365 -0.0284983 ],[0.66255053 0.67909496 1.09981069],1.181842781,[-0.62371847 17.11231089 -0.07436147]
0.6100008488,[-0.89492875 13.34719181  0.02067979],[0.65808874 0.67547559 1.09994223],1.181625016,[-0.6210935  17.1450063  -0.04411555]
0.6110038757,[-0.87942099 13.50064182  0.06433338],[0.65384993 0.67206797 1.10020666],1.181344212,[-6.04178636e-01  1.71703818e+01 -1.62354551e-02]
0.6120073795,[-0.84570403 13.63600254  0.10233769],[0.6496284  0.66855448 1.10006128],1.180997004,[-5.75255568e-01  1.71357631e+01  8.99877232e-03]
0.6130025387,[-0.81138671 13.7422781   0.12655943],[0.64570607 0.66541955 1.10023638],1.180580709,[-0.54744094 17.07563385  0.0267211 ]
0.6140024662,[-0.78795849 13.84317493  0.13321071],[0.64182866 0.66225891 1.10009285],1.180093419,[-0.52860298 17.01658102  0.03328687]
0.6150009632,[-0.75201278 13.92576027  0.13167685],[0.6391555  0.6613693  1.10297188],1.179534074,[-0.50421812 17.00986222  0.03447424]
0.6160018444,[-0.7125604  13.96966934  0.17284006],[0.63567802 0.65885367 1.10312542],1.178902521,[-0.47246867 16.98733379  0.06279645]
0.6170041561,[-0.67691182 13.92310619  0.2118425 ],[0.63232455 0.65661911 1.10329171],1.178199551,[-0.44383527 16.95604537  0.08989693]
0.61800313,[-0.63800103 13.91734982  0.19272937],[0.62948331 0.65527987 1.10439399],1.177426916,[-0.41805146 17.00273117  0.08193199]
0.6190061569,[-0.6045044  13.87548923  0.12049615],[0.62688142 0.65455281 1.10593575],1.176587324,[-0.40028505 17.05519346  0.04139979]
0.620038271,[-0.60378323 13.83309841  0.06333229],[0.62455968 0.65458844 1.10809469],1.175684409,[-4.04062469e-01  1.71293398e+01  7.76244041e-03]
0.6210055351,[-0.65232635 13.79191685  0.05195946],[0.6220982  0.65467542 1.10979115],1.174722686,[-4.37646295e-01  1.72267216e+01 -1.28102526e-03]
0.6220037937,[-0.69733642 13.76237392  0.02016613],[0.62004774 0.65588364 1.11262899],1.173707476,[-0.47127815 17.36787464 -0.02315051]
0.6230018139,[-0.72203687 13.76319695  0.02111437],[0.61804211 0.65752916 1.11557737],1.172644818,[-0.48916382 17.50971496 -0.02442662]
0.6240026951,[-0.72792959 13.82583427  0.09123934],[0.61602506 0.65950216 1.11851747],1.171541364,[-4.90014102e-01  1.76410101e+01  1.42280179e-02]
0.6250197887,[-0.66907794 13.93499374  0.13251299],[0.61387999 0.66159313 1.12118895],1.170404247,[-0.44832551 17.78711222  0.04153878]
0.6260032654,[-0.61709061 14.0166111   0.18526818],[0.59593442 0.67662582 1.1262549 ],1.169240954,[-0.41033825 17.83245609  0.07472266]
0.6270034313,[-0.57505554 14.05052567  0.19792342],[0.59388011 0.67946096 1.12649112],1.168059178,[-0.38180481 17.74351957  0.08289554]
0.6280038357,[-0.56836208 14.12866116  0.19756877],[0.5918091  0.68211783 1.12618632],1.166866662,[-0.3771657  17.59895488  0.08360759]
0.6290090084,[-0.6070457  14.25329304  0.21557543],[0.58970774 0.68476093 1.12546814],1.165671052,[-0.402478   17.46679351  0.09173108]
0.6300008297,[-0.65107745 14.32240868  0.22124247],[0.58758438 0.68729949 1.12426325],1.164479741,[-0.43214959 17.26317854  0.0919378 ]
0.6309998035,[-0.6863489  14.25810623  0.21852824],[0.58553003 0.69007713 1.12304344],1.163299721,[-0.45633149 16.95652375  0.08821707]
0.6320011616,[-0.71602481 14.10838318  0.23249005],[0.58352944 0.69316622 1.12186469],1.162137445,[-0.47521381 16.61473533  0.09611331]
0.6329989433,[-0.7443879  13.9752636   0.29643669],[0.58159456 0.69670821 1.12089408],1.160998699,[-0.49048648 16.41977771  0.13126582]
0.6340355873,[-0.9098384  13.77775383  0.38790557],[0.57971239 0.70100597 1.12043218],1.159888488,[-0.59810821 16.24174455  0.17192068]
0.6349992752,[-0.77578698 13.40162849  0.15047012],[0.57797128 0.70599038 1.12064441],1.158810945,[-0.52496834 15.97698591  0.03971241]
0.6360046864,[-0.66999505 13.23100662  0.03345506],[0.57628427 0.71178068 1.1214816 ],1.15776925,[-0.46295837 16.01514863 -0.02377551]
0.637001276,[-0.61082855 13.07473278 -0.0581812 ],[0.57465157 0.7184811  1.12307682],1.15676558,[-0.43120312 16.14029156 -0.07475072]
0.6380000114,[-0.67359888 13.02324772  0.02241618],[0.57303881 0.72604693 1.12531597],1.155801076,[-0.47193183 16.42823146 -0.03457904]
0.6390013695,[-0.63378123 13.01313686  0.04681177],[0.5713781  0.7341342  1.12761492],1.154875836,[-0.4454188  16.75316009 -0.01854197]
0.6400005817,[-0.61855243 13.04940796  0.12648861],[0.56990298 0.74071326 1.12861122],1.153988927,[-0.43069884 17.03896384  0.02916169]
0.6410086155,[-0.67474974 13.09274769  0.32885461],[0.56831488 0.74978748 1.13151353],1.153138429,[-0.45810582 17.36487889  0.14216786]
0.642002821,[-0.73758725 13.1391468   0.53594167],[0.56676256 0.75849372 1.13375905],1.152321489,[-0.48950562 17.60474416  0.25775058]
0.6429994106,[-0.69472339 13.16715813  0.54904596],[0.56526053 0.76706837 1.13564391],1.151534403,[-0.46101224 17.77589194  0.26648286]
0.6440007687,[-0.55799053 13.12503242  0.37406781],[0.56381304 0.77476991 1.1365416 ],1.150772716,[-0.3793159  17.76051663  0.17240464]
0.6450400352,[-0.50197854 13.13230419  0.29463246],[0.56253771 0.78220674 1.13711177],1.150031332,[-0.34710163 17.78566661  0.12950288]
0.6459980011,[-0.44488517 13.16983986  0.09823752],[0.56116895 0.78983009 1.13759782],1.149304643,[-3.23512946e-01  1.77740521e+01  1.76692450e-02]
0.6470017433,[-0.60344811 13.22960758  0.28344223],[0.55998071 0.79704004 1.13753979],1.14858666,[-0.42502098 17.74125667  0.11270527]
0.6480007172,[-0.7261895  13.27638912  0.4785256 ],[0.55885915 0.80421151 1.13713387],1.147871162,[-0.49976912 17.66941096  0.21746816]
0.6490497589,[-0.68704308 13.27569962  0.49500837],[0.55787678 0.81070063 1.13589983],1.147151833,[-0.47145367 17.50891002  0.22845696]
0.6499998569,[-0.64751079 13.23853683  0.55355819],[0.55688505 0.81764052 1.13458946],1.146422412,[-0.43906211 17.40745842  0.26474977]
0.651042223,[-0.58577213 13.21687317  0.57571016],[0.55607241 0.82480995 1.13401008],1.145676825,[-0.3926882  17.35093638  0.28415898]
0.65204072,[-0.54716622 13.25836658  0.56786001],[0.55530888 0.83257667 1.13350933],1.144909327,[-0.36623541 17.4124872   0.28246176]
0.6530435085,[-0.54151161 13.30417728  0.56059821],[0.55464261 0.84079742 1.13330347],1.144114614,[-0.36429039 17.51692126  0.27784951]
0.6540358067,[-0.52776382 13.34928513  0.52456608],[0.55407494 0.84959203 1.13312189],1.143287941,[-0.35889036 17.66441458  0.25718124]
0.6550433636,[-0.51041418 13.3681097   0.50766059],[0.5536646  0.85847255 1.13368978],1.142425208,[-0.34932559 17.81047659  0.24775687]
0.656001091,[-0.49314521 13.35511589  0.52710694],[0.55336733 0.8680829  1.13409615],1.141523043,[-0.33656105 17.91908167  0.25971004]
0.6570031643,[-0.501332   13.34750557  0.54837089],[0.55324459 0.87739472 1.13445134],1.140578856,[-0.3426329  17.97927442  0.2710547 ]
0.6580216885,[-0.52520839 13.37787914  0.53724086],[0.55327739 0.88689644 1.13479428],1.13959088,[-0.36371533 18.05142393  0.26225253]
0.6590511799,[-0.54061403 13.44214249  0.50931963],[0.5534835  0.89617094 1.13487266],1.138558189,[-0.38015482 18.11644389  0.24388578]
0.6600019932,[-0.54436309 13.52713776  0.50382581],[0.55386247 0.90493538 1.13412496],1.137480699,[-0.38545694 18.13955475  0.23963385]
0.6610562801,[-0.51972346 13.57485867  0.50822623],[0.55438153 0.9132211  1.13320553],1.136359146,[-0.3673835  18.04952755  0.2446053 ]
0.6620533466,[-0.47366078 13.65950584  0.52943488],[0.55506966 0.92112108 1.13129193],1.13519505,[-0.33067025 17.96401939  0.26099736]
0.6630017757,[-0.4433663  13.74297237  0.58291134],[0.56286122 0.95730645 1.0934976 ],1.133990658,[-0.30212252 17.84569198  0.29749204]
0.6640036106,[-0.41777788 13.80367184  0.64883227],[0.56477695 0.96480673 1.08946038],1.132748879,[-0.2759191  17.73223434  0.34035069]
0.6650075912,[-0.37542971 13.84999084  0.68875349],[0.56671859 0.97178107 1.08550399],1.131473196,[-0.23909337 17.64691285  0.36811619]
0.666002512,[-0.34137117 13.89348698  0.70352421],[0.56881195 0.97800836 1.07947033],1.130167579,[-0.21027145 17.62371852  0.38242044]
0.6670050621,[-0.30402493 13.93004513  0.6765863 ],[0.57112403 0.98498015 1.07461511],1.128836379,[-0.18345052 17.61770283  0.37096682]
0.6680049896,[-0.3026207  13.96596813  0.64431818],[0.57351363 0.99176952 1.07001253],1.127484228,[-0.18600224 17.66931147  0.35183223]
0.669002533,[-0.32531315 14.01810837  0.60920563],[0.57623869 0.99898956 1.06499975],1.126115927,[-0.20821266 17.77943892  0.32856589]
0.6700022221,[-0.36634734 14.06657887  0.59422461],[0.57890772 1.00519742 1.05872311],1.124736339,[-0.24343553 17.86080789  0.31383565]
0.6710047722,[-0.41780247 14.10865593  0.60153661],[0.58241786 1.01413558 1.05499138],1.123350283,[-0.28551436 18.01277315  0.31208489]
0.6720032692,[-0.44978375 14.15566921  0.61449769],[0.58588083 1.02197827 1.04978056],1.121962436,[-0.31067825 18.12549503  0.31754994]
0.6730012894,[-0.45286793 14.23142719  0.63281906],[0.58951966 1.02976764 1.04426585],1.120577235,[-0.31170832 18.22224822  0.33010604]
0.6740033627,[-0.40516166 14.35110569  0.66128665],[0.5929163  1.03613506 1.03704914],1.119198796,[-0.27006103 18.32126435  0.35331648]
0.6750028133,[-0.34131421 14.48690701  0.70701589],[0.59686607 1.04381911 1.03080164],1.117830842,[-0.21405958 18.41919108  0.38691394]
0.676002264,[-0.29401372 14.60033989  0.74794138],[0.60098842 1.05152617 1.02421517],1.116476635,[-0.17139935 18.4260887   0.41685261]
0.67700243,[-0.27306268 14.67246151  0.75928262],[0.60524348 1.05912794 1.01727156],1.115138933,[-0.15312441 18.34959196  0.42644251]
0.6780056953,[-0.27165292 14.73293877  0.74971682],[0.60955647 1.06650051 1.00987932],1.11381995,[-0.15279255 18.21320101  0.42206955]
0.6790006161,[-0.28808153 14.74689102  0.74518965],[0.61384147 1.07345478 1.00183306],1.112521335,[-0.16678569 17.97772848  0.41797188]
0.6800012589,[-0.30731497 14.74578667  0.74322516],[0.6182424  1.08037783 0.99356119],1.111244164,[-0.18243039 17.75017275  0.41668698]
0.6810083389,[-0.31243459 14.75934124  0.73633118],[0.62261746 1.08697711 0.98482048],1.109988941,[-0.18697714 17.56497373  0.41373678]
0.6820030212,[-0.30621115 14.79693031  0.73837517],[0.62703486 1.0934306  0.97573525],1.108755615,[-0.18106312 17.4441594   0.4177724 ]
0.6830029488,[-0.30601758 14.85399532  0.76881832],[0.63156692 1.09990499 0.96639628],1.107543607,[-0.17740957 17.37799917  0.43721055]
0.6840097904,[-0.2956584  14.91090298  0.78980515],[0.63601314 1.10608933 0.95671484],1.106351845,[-0.16586255 17.34444199  0.45339211]
0.6850430965,[-0.27560028 14.97142315  0.78549313],[0.64068893 1.11247719 0.94697653],1.105178812,[-0.14868888 17.35554407  0.456864  ]
0.6860477924,[-0.24554596 15.03195858  0.78085703],[0.64551659 1.11894617 0.93707869],1.104022592,[-0.12395513 17.42275937  0.45916639]
0.6870024204,[-0.20944185 15.03863335  0.77538991],[0.65021021 1.12509178 0.92699957],1.102880932,[-0.09439598 17.42537001  0.46074443]
0.6880040169,[-0.17561439 15.0664978   0.76526371],[0.65519319 1.13153359 0.91700019],1.101751299,[-0.06795171 17.49572111  0.45706818]
0.6890017986,[-0.15015494 15.10239887  0.75461925],[0.66026257 1.13796614 0.90687644],1.100630945,[-0.0483667  17.56601353  0.45258067]
0.6900014877,[-0.13297884 15.1812458   0.74910177],[0.66540875 1.1443471  0.89613788],1.099516966,[-0.0342876  17.66826325  0.45302611]
0.691003561,[-0.14802182 15.3099823   0.77107465],[0.67071565 1.1508452  0.88555383],1.098406368,[-0.04462126 17.81613     0.46481848]
0.6920025349,[-0.1714551  15.40376377  0.77877372],[0.67573647 1.15691119 0.87540258],1.097296122,[-0.06272413 17.89488247  0.46967419]
0.6930027008,[-0.18492677 15.39285851  0.76069256],[0.70524332 1.18877449 0.81291861],1.096183223,[-0.07580084 17.80598593  0.45845601]
0.694024086,[-0.16961831 15.33225727  0.73620804],[0.71060446 1.19461627 0.80234904],1.095064739,[-0.06503219 17.62912283  0.44826491]
0.6950025558,[-0.14814706 15.30851555  0.73821593],[0.71634431 1.20073347 0.7919591 ],1.093937857,[-0.04673662 17.51663824  0.45314639]
0.6960024834,[-0.11621183 15.38832474  0.74418211],[0.72160143 1.20623753 0.78141645],1.092799926,[-0.01917146 17.49816979  0.46175904]
0.6970021725,[-0.09910791 15.44352341  0.76411796],[0.72665989 1.21142988 0.77090388],1.091648485,[-2.32681185e-03  1.74328695e+01  4.75587120e-01]
0.6980035305,[-0.08242556 15.58763409  0.75517655],[0.73114478 1.21574849 0.76013275],1.090481293,[1.10135758e-02 1.75002068e+01 4.75182329e-01]
0.6990015507,[-0.08730216 15.69394207  0.75336264],[0.73740363 1.22200039 0.74981714],1.089296351,[6.59268133e-03 1.75424530e+01 4.74160684e-01]
0.7000029087,[-0.11236509 15.7172327   0.76384434],[0.74149323 1.2256853  0.73941528],1.088091913,[-1.34747524e-02  1.74138056e+01  4.77401870e-01]
0.701007843,[-0.10677224 15.74242592  0.73639647],[0.74619194 1.22994651 0.72917068],1.086866495,[-1.19424307e-02  1.73087642e+01  4.62266225e-01]
0.7020030022,[-0.09557967 15.81885624  0.72348077],[0.75060379 1.2337573  0.71902079],1.085618881,[-4.19577653e-03  1.72707583e+01  4.56326485e-01]
0.7030034065,[-0.09615177 15.9616251   0.76753054],[0.75484682 1.23722495 0.70897354],1.084348112,[3.54858017e-04 1.73466154e+01 4.84413372e-01]
0.7040030956,[-0.08331318 16.1124115   0.77381567],[0.7591552  1.24060434 0.69912418],1.083053487,[1.24150933e-02 1.74662506e+01 4.93775144e-01]
0.7050023079,[-0.07409365 16.2266922   0.76222569],[0.76328577 1.24361939 0.68944564],1.081734547,[ 0.01929759 17.53930402  0.49180175]
0.7060027122,[-0.09037212 16.28341484  0.7748888 ],[0.76710008 1.24612406 0.67994064],1.080391063,[7.19251697e-03 1.75743424e+01 4.99680053e-01]
0.7070031166,[-0.09773316 16.29241371  0.77776041],[0.77099376 1.24856641 0.67086179],1.079023018,[8.15515533e-04 1.75455395e+01 5.00194414e-01]
0.7080030441,[-0.10589024 16.24183464  0.78168357],[0.7747691  1.25071401 0.66210261],1.07763059,[-6.15423162e-03  1.74630138e+01  5.00668118e-01]
0.7090024948,[-0.0734179  16.20004654  0.73350477],[0.77824385 1.25238511 0.65372213],1.07621413,[1.47476979e-02 1.74171064e+01 4.75719604e-01]
0.7100040913,[-0.06481    16.24316025  0.72736806],[0.78188599 1.25404005 0.64571208],1.074774143,[ 0.02097492 17.48278525  0.47501925]
0.7110068798,[-0.06152391 16.39736366  0.74547029],[0.785442   1.25540222 0.63800563],1.073311267,[ 0.02529636 17.68025955  0.48768441]
0.7120060921,[-0.04187816 16.56993294  0.72027549],[0.78874204 1.25628967 0.630634  ],1.071826253,[ 0.03817506 17.88132014  0.47677873]
0.7130055428,[-0.02228761 16.70392227  0.70091529],[0.79217993 1.25708396 0.62363137],1.070319945,[ 0.05190908 18.0345993   0.47083378]
0.7140038013,[6.90026078e-03 1.67926235e+01 6.69284684e-01],[0.79537662 1.25742325 0.61704748],1.068793261,[ 0.07143538 18.08759301  0.45581691]
0.7150030136,[ 0.01690526 16.81607819  0.67729059],[0.79815397 1.25710364 0.61087888],1.067247176,[ 0.07982277 18.0777603   0.4624021 ]
0.7160391808,[1.26970209e-02 1.67646942e+01 7.33148455e-01],[0.80079284 1.25643187 0.60518937],1.065682702,[ 0.08221209 17.90754101  0.49598048]
0.717004776,[1.24683451e-02 1.67411880e+01 7.62367796e-01],[0.80319477 1.25531362 0.59999494],1.064100877,[ 0.08504102 17.78406668  0.5153109 ]
0.7180027962,[ 0.02167444 16.79059219  0.74719897],[0.80533047 1.25368851 0.59526231],1.062502746,[ 0.08988571 17.74782043  0.50800954]
0.7190027237,[1.16356086e-04 1.69028244e+01 7.31214958e-01],[0.80707025 1.25141241 0.59098839],1.06088935,[ 0.07011286 17.79395725  0.49840021]
0.7200548649,[-0.04113458 16.98571205  0.73512298],[0.80879076 1.24886127 0.58719697],1.059261713,[ 0.03678815 17.800259    0.49816854]
0.7210094929,[-0.04552169 16.95973206  0.72213746],[0.81130524 1.24675462 0.58385835],1.057620828,[ 0.03095013 17.7103731   0.48988446]
0.7220034599,[-0.05131525 16.90331459  0.741434  ],[0.81241661 1.24331942 0.58122459],1.055967649,[ 0.02822161 17.5603213   0.50284147]
0.7230036259,[-0.04438303 16.87576866  0.76610302],[0.81343237 1.23941907 0.5790101 ],1.054303076,[ 0.03555668 17.45541763  0.51784197]
0.7240021229,[-0.01851249 16.87907028  0.7586957 ],[0.81471333 1.23556267 0.57732176],1.052627953,[ 0.05427585 17.4179358   0.51616886]
0.7250015736,[ 0.02813828 16.94314575  0.73490139],[0.81644343 1.23171499 0.57616555],1.050943047,[ 0.08734379 17.46559963  0.50616934]
0.7260017395,[ 0.04611156 17.01027107  0.77629682],[0.82659608 1.21386931 0.5785868 ],1.049249052,[ 0.10445339 17.57389262  0.5309788 ]
0.727001667,[ 0.07983706 17.06033134  0.78825595],[0.82675735 1.2074701  0.58046755],1.047546568,[ 0.13124354 17.65813055  0.5419433 ]
0.7280492783,[ 0.14170682 17.0798378   0.733111  ],[0.82649161 1.20043765 0.58284239],1.045836105,[ 0.17304575 17.7181585   0.51829317]
0.7290034294,[ 0.18926614 17.05405235  0.67504159],[0.82617003 1.19322153 0.58569877],1.044118068,[ 0.20299174 17.74682336  0.49037185]
0.7300050259,[ 0.15831719 17.01190567  0.7031971 ],[0.82572522 1.18572327 0.58905137],1.042392754,[ 0.18067283 17.75385312  0.50491065]
0.7310042381,[ 0.08229244 16.96439934  0.76248588],[0.82516482 1.17794757 0.59288125],1.040660349,[ 0.12646964 17.75782201  0.53238175]
0.7320384979,[ 0.03377297 16.94241524  0.78444971],[0.82425892 1.16966698 0.59714716],1.038920922,[ 0.08976599 17.78536662  0.54049136]
0.7330021858,[ 0.05381547 16.93191338  0.71407366],[0.82329514 1.16097951 0.60213038],1.037174427,[ 0.09736421 17.78754294  0.50088895]
0.7340021133,[ 0.07741987 17.01760483  0.6673759 ],[0.82214827 1.15244606 0.60707097],1.035420698,[ 0.10809626 17.88706187  0.4749163 ]
0.7350008488,[ 0.04408951 17.08942795  0.75381809],[0.82051745 1.14308397 0.61270544],1.03365946,[ 0.09088538 17.94985934  0.52202742]
0.7360413074,[-7.44478615e-03  1.71109524e+01  8.93384738e-01],[0.81901904 1.13364422 0.61869918],1.031890325,[ 0.0635022  17.9492958   0.59737317]
0.7370393276,[-6.66975956e-03  1.70917244e+01  9.45553606e-01],[0.81716867 1.12362571 0.62538171],1.030112807,[ 0.06927603 17.88072826  0.62791473]
0.738039732,[ 0.05378922 17.05929756  0.89317183],[0.81516564 1.11392113 0.63185725],1.028326327,[ 0.10897779 17.80117751  0.6041588 ]
0.7390017509,[ 0.16048921 17.06587219  0.76215119],[0.81292076 1.10365973 0.63885322],1.026530229,[ 0.17552466 17.77393329  0.53928496]
0.7400069237,[ 0.21488534 17.10303688  0.70045552],[0.81071888 1.09338381 0.64624132],1.024723794,[ 0.20895923 17.80185891  0.50931066]
0.7410109043,[ 0.21852586 17.11574936  0.71487545],[0.80838802 1.08261811 0.65426069],1.02290626,[ 0.21157502 17.78194295  0.51824763]
0.7420051098,[ 0.21225839 17.1965313   0.71483769],[0.80582054 1.07185671 0.66225153],1.021076838,[ 0.20479489 17.85922429  0.5169343 ]
0.7430071831,[ 0.20859114 17.30027199  0.70269316],[0.8033282  1.06109679 0.67064694],1.019234739,[ 0.19849076 17.98648216  0.50812761]
0.744004488,[ 0.1876002  17.28891945  0.70482073],[0.80072583 1.05054336 0.67893456],1.017379196,[ 0.18106776 17.98995802  0.50581715]
0.7450041771,[ 0.17058947 17.21875     0.68892048],[0.79852274 1.03996702 0.68797095],1.015509487,[ 0.16488316 17.97014488  0.49141261]
0.7460033894,[ 0.14569505 17.18501663  0.7098181 ],[0.79603101 1.02924172 0.69721649],1.013624966,[ 0.14620151 18.05909888  0.49735869]
0.7470004559,[ 0.12368596 17.20347404  0.76259882],[0.79355087 1.01861219 0.70669823],1.01172508,[ 0.13295407 18.24329708  0.52243439]
0.747998476,[ 0.11487114 17.24630928  0.82106126],[0.79104806 1.00795521 0.71651189],1.009809403,[ 0.13046917 18.45673179  0.55373941]
0.7489984035,[ 0.12867026 17.2501545   0.8635043 ],[0.78881021 0.99768062 0.72666753],1.007877655,[ 0.14363863 18.54708279  0.57882354]
0.7500033379,[ 0.12066013 17.3100872   0.9433671 ],[0.78604794 0.98698646 0.73683672],1.005929723,[ 0.14440741 18.80146982  0.62611151]
0.7510004044,[ 0.14897734 17.34603882  0.96897664],[0.78320593 0.97634955 0.74717894],1.00396568,[ 0.16674049 18.98524726  0.64496816]
0.7520010471,[ 0.19846936 17.2828598   0.92663838],[0.78071929 0.9661013  0.75775817],1.001985801,[ 0.198187   19.03634697  0.62485273]
0.7530031204,[ 0.21993514 17.18093872  0.89836983],[0.77717053 0.95531656 0.76805622],0.9999905749,[ 0.21033735 18.94575763  0.61177113]
0.75400877,[ 0.25164698 17.11183167  0.85442651],[0.77388406 0.94481485 0.7784861 ],0.9979807097,[ 0.22805409 18.95116825  0.58812881]
0.7550005913,[ 0.29623634 17.05467796  0.79343092],[0.7710422  0.93475752 0.78922436],0.9959571341,[ 0.25381476 18.95431101  0.55614067]
0.7559998035,[ 0.31583854 17.01292419  0.77510253],[0.76752419 0.92442729 0.79962382],0.9939209942,[ 0.26500361 18.9441764   0.54651841]
0.7570006847,[ 0.32167701 17.05475616  0.77154119],[0.76387924 0.91412403 0.81005628],0.9918736438,[ 0.26729749 19.0083401   0.54460167]
0.7579996586,[ 0.30663181 17.05076408  0.78556731],[0.76031007 0.90402878 0.82060094],0.9898166297,[ 0.2560587  19.03019534  0.5502638 ]
0.7590389252,[ 0.27528366 17.06317139  0.80287094],[0.74778746 0.86348685 0.87064292],0.9877516707,[ 0.23298557 19.07067161  0.5553195 ]
0.7600002289,[ 0.26683352 16.96711922  0.75918327],[0.74380967 0.85418939 0.8808731 ],0.9856806323,[ 0.22141296 18.96098353  0.52726332]
0.7610044479,[ 0.27105028 16.83457565  0.68773861],[0.73993524 0.84520039 0.89102009],0.9836054954,[ 0.21686637 18.81873107  0.48524798]
0.7619998455,[ 0.26036246 16.76444817  0.66093621],[0.73603365 0.83645232 0.90103401],0.9815283219,[ 0.20542489 18.76860665  0.46721999]
0.762999773,[ 0.2443913  16.73429489  0.69133874],[0.73219769 0.82800885 0.91098708],0.979451216,[ 0.19526258 18.76163346  0.48045567]
0.7640006542,[ 0.23728106 16.72437286  0.73583808],[0.72817872 0.81948366 0.92116823],0.9773762828,[ 0.19236157 18.76598585  0.49959392]
0.7649996281,[ 0.26281126 16.70963478  0.75478678],[0.72450257 0.81190218 0.93050146],0.9753055858,[ 0.21078172 18.81111438  0.50666759]
0.7660429478,[ 0.32962309 16.65604973  0.71467955],[0.7208491  0.80440871 0.94025959],0.9732411027,[ 0.25420135 18.86050689  0.48611658]
0.7670023441,[ 0.39766806 16.57217789  0.66102254],[0.71735731 0.79734432 0.94993978],0.9711846832,[ 0.29816028 18.89102552  0.46080008]
0.7679994106,[ 0.42283214 16.48118019  0.66021753],[0.71395786 0.79066641 0.95956721],0.9691380069,[ 0.31581295 18.93117122  0.46207181]
0.7689981461,[ 0.40453994 16.37274551  0.72236178],[0.71057206 0.78435767 0.96900847],0.9671025451,[ 0.30823404 18.95720456  0.49779822]
0.7700035572,[ 0.43288695 16.26698112  0.71289294],[0.70723237 0.77841081 0.97830556],0.9650795267,[ 0.32785273 18.97862904  0.49618033]
0.7710039616,[ 0.4404852  16.20220757  0.72459369],[0.70375064 0.77253944 0.98781968],0.9630699085,[ 0.3342298  19.04465041  0.50453211]
0.7720000744,[ 0.41148344 16.14558601  0.79044789],[0.70070524 0.76763229 0.99662644],0.9610743522,[ 0.31896899 19.11574559  0.53901258]
0.7730002403,[ 0.37093251 16.06340027  0.84614324],[0.69729629 0.76262795 1.00528032],0.959093209,[ 0.29437126 19.12596627  0.56626696]
0.7740437984,[ 0.37325182 15.96499538  0.82059461],[0.69369268 0.7577335  1.01344407],0.9571265107,[ 0.29300653 19.08967229  0.54828622]
0.7750000954,[ 0.36604668 15.89325237  0.80955631],[0.69040628 0.75341872 1.02195354],0.9551739703,[ 0.28659944 19.10182244  0.5398621 ]
0.7760078907,[ 0.36342032 15.83996677  0.80852581],[0.68696187 0.74926059 1.02994783],0.9532349908,[ 0.28417482 19.112969    0.53718581]
0.7770001888,[ 0.35386904 15.80160618  0.81652195],[0.68370046 0.74558811 1.03804049],0.9513086831,[ 0.27783538 19.13404249  0.53974362]
0.7780017853,[ 0.30609755 15.75033092  0.9040575 ],[0.68000012 0.74167977 1.04509872],0.9493938917,[ 0.25062468 19.11667677  0.58444615]
0.7790350914,[ 0.35739086 15.69412136  0.8520153 ],[0.67677032 0.73876253 1.05351373],0.94748923,[ 0.28310368 19.14174928  0.55738333]
0.7799994946,[ 0.37954797 15.6410265   0.82987453],[0.67326731 0.73543571 1.05974953],0.9455931218,[ 0.29646468 19.10493091  0.54380984]
0.7810053825,[ 0.3780125  15.59710693  0.83020673],[0.6701595  0.73311326 1.06731198],0.9437038509,[ 0.29538173 19.13719547  0.54224145]
0.7820005417,[ 0.41017999 15.54207802  0.771255  ],[0.66699082 0.73095981 1.07455541],0.9418196148,[ 0.31365009 19.13029051  0.51051576]
0.7829999924,[ 0.44146447 15.48773479  0.72359548],[0.66391955 0.7292033  1.08179354],0.9399385843,[ 0.33236635 19.129192    0.4848754 ]
0.7839987278,[ 0.42400697 15.41726971  0.76346406],[0.66083264 0.72788795 1.0892861 ],0.9380589644,[ 0.32399778 19.15111664  0.50658869]
0.7849991322,[ 0.42390599 15.34519005  0.79035442],[0.65808511 0.72718837 1.09642173],0.9361790576,[ 0.327125   19.19860114  0.52190531]
0.7860000134,[ 0.4738802  15.25080872  0.73389569],[0.65539952 0.72705401 1.10408787],0.9342973255,[ 0.35944815 19.27328692  0.49333245]
0.7870042324,[ 0.49200153 15.1607008   0.71502918],[0.65288239 0.72757869 1.1120407 ],0.9324124491,[ 0.37205169 19.40897528  0.48232572]
0.7880008221,[ 0.51029027 15.05174065  0.69150399],[0.65036226 0.72849285 1.11991009],0.9305233836,[ 0.3849839  19.49508041  0.4706411 ]
0.7890007496,[ 0.51915296 14.95357704  0.67220227],[0.6479304  0.72999549 1.12797003],0.9286294087,[ 0.39150848 19.59295788  0.45950785]
0.7900009155,[ 0.53862989 14.83977985  0.65741489],[0.6455106  0.73200536 1.13607893],0.9267301698,[ 0.40651818 19.68574795  0.45107763]
0.7910075188,[ 0.55905613 14.72426891  0.6533845 ],[0.64305309 0.73435541 1.14402445],0.9248257111,[ 0.42378286 19.73846956  0.45009966]
0.7920007706,[ 0.5634781  14.63111496  0.66585901],[0.64053325 0.73704826 1.15179847],0.9229164974,[ 0.43103928 19.79495231  0.45858994]
0.7929992676,[ 0.5661983  14.53420448  0.6795243 ],[0.62641102 0.7409439  1.17004783],0.921003425,[ 0.4372965  19.83192672  0.46777775]
0.7940003872,[ 0.56528762 14.4581356   0.70563542],[0.62372081 0.74474428 1.17643978],0.9190878192,[ 0.44182235 19.8270738   0.48263515]
0.79500103,[ 0.63658217 14.38032722  0.63737833],[0.62102721 0.74884624 1.1827417 ],0.9171714203,[ 0.49212566 19.80254118  0.45052149]
0.7959992886,[ 0.63772756 14.31231594  0.6825502 ],[0.61829812 0.75332955 1.18900175],0.9152563548,[ 0.5006891  19.80236104  0.47720994]
0.7969996929,[ 0.60159141 14.25477791  0.78148458],[0.61552468 0.75777058 1.19470148],0.9133450954,[ 0.4861242  19.77994681  0.53243193]
0.7979981899,[ 0.59799311 14.19607449  0.80940715],[0.61274574 0.76259452 1.20042822],0.9114404072,[ 0.48920661 19.74619504  0.54820187]
0.7990002632,[ 0.64016069 14.11019802  0.74086053],[0.60998141 0.76775553 1.20615412],0.9095452842,[ 0.51783064 19.68200148  0.51211102]
0.8000004292,[ 0.66370256 14.00638103  0.66447219],[0.60709761 0.77202084 1.21049511],0.9076628744,[ 0.53068062 19.56016967  0.47105335]
0.8010060787,[ 0.64755889 13.91466522  0.61599597],[0.60440583 0.77794538 1.2163327 ],0.9057963971,[ 0.51634252 19.52875099  0.44127199]
0.8020026684,[ 0.559182   13.78960419  0.65546748],[0.60166342 0.78373064 1.22161528],0.9039490543,[ 0.45427203 19.4755276   0.45574157]
0.8030004501,[ 0.51283868 13.6831789   0.65670398],[0.59902308 0.79098982 1.2281194 ],0.9021239369,[ 0.42163673 19.46375084  0.45338909]
0.8039999008,[ 0.50081725 13.56139851  0.62205492],[0.59639011 0.79876732 1.23481974],0.9003239303,[ 0.41196982 19.45679178  0.43245678]
0.8049998283,[ 0.52829655 13.42668724  0.55652853],[0.59365676 0.80437831 1.23895225],0.8985516199,[ 0.42906537 19.35773888  0.39773332]
0.8060007095,[ 0.54557102 13.32934475  0.53001882],[0.59115819 0.81559185 1.24858204],0.8968092003,[ 0.44553392 19.5738139   0.3861743 ]
0.807002306,[ 0.56637178 13.19156361  0.54201728],[0.58851962 0.82299583 1.25399536],0.8950983916,[ 0.46721406 19.59637326  0.39657326]
0.8079998493,[ 0.58530596 13.02470303  0.57414979],[0.58595428 0.83297839 1.26178011],0.8934203626,[ 0.49154672 19.69252571  0.41830444]
0.8090348244,[ 0.61726327 12.87413788  0.54849798],[0.58340151 0.84441428 1.27075936],0.8917756673,[ 0.5209483  19.86091653  0.40750245]
0.8100013733,[ 0.62834535 12.70378113  0.55889137],[0.58083896 0.85598226 1.27962366],0.8901641932,[ 0.53783481 19.97772214  0.41548073]
0.8110003471,[ 0.64480276 12.53400993  0.59450559],[0.57826761 0.86830713 1.28901586],0.8885851264,[ 0.56345462 20.09179297  0.44011673]
0.8120036125,[ 0.67684259 12.39627361  0.58921082],[0.57569425 0.881048   1.29861828],0.8870369326,[ 0.59788433 20.2410164   0.44210854]
0.813000679,[ 0.71827995 12.25031567  0.55938253],[0.57315901 0.89330849 1.30759611],0.8855173576,[ 0.63769385 20.29987479  0.43043388]
0.8140013218,[ 0.75350235 12.11083317  0.50238605],[0.57057484 0.90594455 1.31667493],0.884023446,[ 0.66974907 20.299973    0.40304993]
0.8149991035,[ 0.74197064 12.00125408  0.50743235],[0.568184   0.91830841 1.32557174],0.8825515797,[ 0.66873325 20.27934969  0.40591618]
0.8159995079,[ 0.71396314 11.90609455  0.53940985],[0.56578934 0.93004819 1.33366804],0.8810975356,[ 0.65586192 20.18050245  0.42251915]
0.8170051575,[ 0.68624475 11.78782272  0.57948865],[0.56343264 0.94205255 1.34192615],0.8796565615,[ 0.64420974 20.02355332  0.44353336]
0.818000555,[ 0.67126727 11.67105103  0.59365984],[0.561157   0.95410978 1.35019812],0.8782234694,[ 0.64040477 19.83640303  0.4510521 ]
0.8190004826,[ 0.64509491 11.53953457  0.60768775],[0.55896836 0.96589787 1.35816714],0.8767927434,[ 0.62574522 19.652321    0.4569621 ]
0.8200011253,[ 0.62773998 11.43117046  0.56934124],[0.55683496 0.97851288 1.36688034],0.875358662,[ 0.61176759 19.56476294  0.43240958]
0.8210043907,[ 0.59212394 11.32783413  0.49433587],[0.55477771 0.99167616 1.37605835],0.8739154293,[ 0.57525278 19.53064441  0.38427783]
0.8220019341,[ 0.55239982 11.21230221  0.43286069],[0.55280161 1.0053918  1.38572351],0.8724573144,[ 0.5363016  19.51515476  0.34462391]
0.8229987621,[ 0.53364298 11.09244537  0.42707376],[0.55095336 1.0190814  1.39540916],0.8709787944,[ 0.52426116 19.56340429  0.33948419]
0.8240344524,[ 0.53961662 10.93259716  0.42758225],[0.54916397 1.03408711 1.40638692],0.8694746979,[ 0.53777614 19.62992623  0.34161073]
0.8249983788,[ 0.54234433 10.78213215  0.45940967],[0.54784012 1.04311991 1.41183086],0.8679403446,[ 0.5491217  19.56342413  0.35922734]
0.8260030746,[ 0.54916852 10.63124275  0.48154795],[0.54392201 1.06686465 1.41874184],0.8663716787,[ 0.5676693  19.74739786  0.37446485]
0.8270022869,[ 0.5667516  10.44523525  0.47255691],[0.54305573 1.08207767 1.43027175],0.8647653904,[ 0.5923787  19.85855579  0.37183903]
0.828045845,[ 0.57195184 10.24643421  0.45420465],[0.54238846 1.09894401 1.44363175],0.8631190237,[ 0.60499697 19.96840446  0.36347543]
0.8289997578,[ 0.58545384 10.08671761  0.40865002],[0.54194417 1.11611105 1.45733815],0.8614310665,[ 0.62214782 20.12222915  0.33937427]
0.8300015926,[0.60647042 9.9138279  0.40051664],[0.54193748 1.12528103 1.46358299],0.8597010204,[ 0.64871979 20.03372494  0.33833388]
0.8309993744,[0.64316023 9.72780895 0.40470814],[0.54175654 1.1481934  1.48338316],0.8579294467,[ 0.70414196 20.18174567  0.34804194]
0.8320002556,[0.63511287 9.56230736 0.44747713],[0.54222086 1.15838869 1.49096549],0.8561179888,[ 0.70910424 20.01698935  0.37070248]
0.8329982758,[0.63514086 9.38042068 0.45154705],[0.54268557 1.17469359 1.50453682],0.8542693674,[ 0.72148507 19.93071121  0.37358966]
0.8339986801,[0.6049306  9.2176857  0.44320694],[0.54344059 1.19074052 1.51836132],0.8523873494,[ 0.69806782 19.72933084  0.36342729]
0.8349988461,[0.58406664 9.09795284 0.43974005],[0.54449578 1.20640588 1.5318791 ],0.8504766895,[ 0.68484784 19.56181832  0.35764686]
0.8360028267,[0.59641482 8.9939127  0.39868302],[0.54579927 1.22084554 1.54429494],0.848543046,[ 0.70244848 19.40862664  0.33575937]
0.8369987011,[0.60591844 8.87922096 0.38753407],[0.54738274 1.23581714 1.55742033],0.8465928711,[ 0.7225472  19.23731607  0.33101046]
0.8380000591,[0.59237803 8.77702141 0.42270529],[0.54920959 1.24983836 1.56974176],0.8446332792,[ 0.7224198  19.06776016  0.34845597]
0.8390004635,[0.60412403 8.67280579 0.40238513],[0.55136013 1.26469441 1.58309801],0.8426718944,[ 0.74400831 19.00355999  0.33919572]
0.840000391,[0.54615695 8.57684708 0.42221248],[0.55385901 1.27980858 1.5969484 ],0.8407166809,[ 0.68753181 19.02087982  0.34046719]
0.8410048485,[0.54089435 8.49920845 0.35240583],[0.55666052 1.29435298 1.61032762],0.8387757612,[ 0.67892462 19.08110974  0.29907951]
0.8420431614,[0.48186536 8.40824509 0.3608791 ],[0.55993784 1.31016014 1.62532854],0.8368572239,[ 0.61654196 19.23460683  0.29354343]
0.8430001736,[0.51647848 8.31987    0.30220666],[0.56366074 1.32640176 1.64098359],0.8349689279,[ 0.66047964 19.44800941  0.26600421]
0.8439996243,[0.51123786 8.21520519 0.3026752 ],[0.5677037  1.34199781 1.65613347],0.8331183064,[ 0.66319167 19.60115272  0.26311828]
0.8450024128,[0.52918918 8.10146809 0.2878606 ],[0.57236624 1.35896934 1.67306593],0.8313121757,[ 0.69442653 19.83989285  0.25481475]
0.8460047245,[0.53071968 8.00515842 0.27768265],[0.57755975 1.37623833 1.69056882],0.8295565537,[ 0.70600237 20.09093231  0.24746545]
0.8470368385,[0.53916137 7.91548681 0.24592508],[0.58312599 1.3925114  1.70701111],0.8278564925,[ 0.72315003 20.21324984  0.22921189]
0.8480401039,[0.47548806 7.81130743 0.29339513],[0.58913446 1.4097722  1.7250506 ],0.8262159297,[ 0.65609641 20.2810176   0.24583125]
0.8489983082,[0.51303161 7.71798944 0.21257399],[0.59359047 1.41753933 1.7317647 ],0.8246375619,[ 0.70096082 20.01656002  0.20792723]
0.8499991894,[0.53181536 7.60902357 0.21088462],[0.60026427 1.43443137 1.74935879],0.8231227438,[ 0.74025379 19.83444948  0.2114574 ]
0.8510386944,[0.47691942 7.50417042 0.35571309],[0.6090039  1.45761259 1.7748233 ],0.8216714168,[ 0.70173506 19.59861596  0.27968169]
0.8519983292,[0.4555689  7.42798567 0.39244558],[0.61388961 1.46471706 1.78058542],0.8202820674,[ 0.68209839 19.1000963   0.29562987]
0.8530342579,[0.55034857 7.3460803  0.24193373],[0.62126785 1.48024582 1.79667102],0.8189517185,[ 0.80788054 18.72276326  0.22628917]
0.8539984226,[0.53724575 7.26383018 0.26896444],[0.62576967 1.48672901 1.80149606],0.8176759532,[ 0.79771386 18.2262704   0.2364572 ]
0.8550000191,[0.54846683 7.20933008 0.25139881],[0.63689733 1.50907266 1.82679535],0.8164489717,[ 0.82912966 18.16794356  0.22451052]
0.8560109138,[0.4310823  7.14283895 0.43978124],[0.64492269 1.52266484 1.84056526],0.8152636796,[ 0.69008039 17.97484788  0.30727278]
0.857003212,[0.42644775 7.06915522 0.47883671],[0.65342945 1.53714935 1.85574999],0.814111806,[ 0.69857107 17.81125991  0.32640131]
0.8580019474,[0.48634758 7.01252413 0.39890969],[0.65908752 1.5431932  1.85970095],0.81298405,[ 0.78401617 17.61784556  0.29218371]
0.8590033054,[0.46466229 6.94200945 0.38538412],[0.67228292 1.56405518 1.88390952],0.8118702504,[ 0.76169388 17.90507494  0.27804456]
0.859998703,[0.42991207 6.88088608 0.37698591],[0.67901489 1.57185256 1.89011643],0.8107595764,[ 0.709607   18.00820841  0.26710683]
0.8610203266,[0.45123111 6.82584286 0.2772095 ],[0.69002111 1.58703613 1.90626768],0.8096407343,[ 0.73798057 18.35734594  0.21464938]
0.8620066643,[0.50688283 6.78883314 0.14312553],[0.73027574 1.59617378 1.89802608],0.8085021857,[ 0.81896535 18.73926246  0.14967862]
0.863001585,[0.38363007 6.7649107  0.298332  ],[0.74361656 1.61177418 1.91376891],0.807332372,[ 0.64689034 19.07513297  0.21078839]
0.8640141487,[0.20836597 6.74630547 0.60459453],[0.7579908  1.6273068  1.92961821],0.8061199391,[ 0.40189691 19.28556552  0.34293966]
0.8649990559,[0.22878255 6.73281765 0.59002936],[0.7720566  1.64195604 1.94396399],0.8048539599,[ 0.43984118 19.32140365  0.33815397]
0.8660407066,[0.35792319 6.71916103 0.4293263 ],[0.78653946 1.6576383  1.9588292 ],0.8035241449,[ 0.64939981 19.1312496   0.27318514]
0.8670010567,[ 0.63126862  6.71621895 -0.01684168],[0.80097392 1.67337136 1.97338042],0.8021210407,[ 1.08161254 18.77714688  0.08066881]
0.8680002689,[ 0.58848868  6.73419714 -0.06276587],[0.81542648 1.68874526 1.98705019],0.8006362085,[ 1.01312775 18.33341639  0.04896704]
0.869001627,[0.5117306  6.74234581 0.05241001],[0.82821214 1.70312004 1.99852687],0.7990623792,[ 0.90233439 17.64422612  0.09706203]
0.8699994087,[0.3103143  6.75515652 0.38103005],[0.84254856 1.71785401 2.0107036 ],0.7973935832,[ 0.58756877 17.06156717  0.23346098]
0.8709998131,[0.32930789 6.74578524 0.39107347],[0.85631014 1.73160728 2.02073164],0.7956252494,[ 0.63146234 16.50045678  0.23956817]
0.8719997406,[0.34775892 6.72973967 0.36042836],[0.86944126 1.7463931  2.0318977 ],0.7937542733,[ 0.67017912 16.03691149  0.22627684]
0.8729991913,[0.48446327 6.70743418 0.16769898],[0.88387921 1.76112207 2.04259953],0.7917790513,[ 0.91300542 15.77360075  0.14827172]
0.8740005493,[ 0.58177575  6.68980074 -0.04002105],[0.89780101 1.77518179 2.05195981],0.7896994821,[ 1.08217796 15.71197869  0.05791596]
0.8749997616,[ 0.6337135   6.6643939  -0.02892709],[0.91226959 1.78941867 2.06118115],0.7875169341,[ 1.19818009 15.87185862  0.07128346]
0.8760001659,[ 0.64340069  6.65938044 -0.06190071],[0.92826114 1.8045937  2.07136419],0.7852341803,[ 1.22699139 16.14164919  0.05524917]
0.8769986629,[0.50758371 6.66570282 0.12981983],[0.9431012  1.81917123 2.08014552],0.7828553029,[ 0.99504513 16.49445533  0.12926022]
0.8780319691,[0.48011561 6.68880939 0.26129393],[0.96050868 1.83446695 2.08980179],0.7803855696,[ 0.96967709 16.85334072  0.18874041]
0.8790001869,[0.41454868 6.75912237 0.39159342],[0.9775298  1.84914286 2.09800792],0.7778312849,[ 0.86366747 17.21322171  0.24137162]
0.8799993992,[0.36440806 6.86729908 0.35218864],[0.98499134 1.85778595 2.09687991],0.775199621,[ 0.75978754 17.28663399  0.21670517]
0.8810048103,[0.33423657 6.98088217 0.58438577],[1.00444575 1.87455117 2.10643826],0.7724984309,[ 0.7398054  17.40027686  0.32397626]
0.8820002079,[0.37529279 7.09328175 0.56674244],[1.02157182 1.89005202 2.11322493],0.7697360498,[ 0.83155905 17.26066629  0.32074939]
0.8829987049,[0.41449329 7.20774269 0.44581757],[1.03838693 1.90575244 2.11925802],0.7669210897,[ 0.9063627  16.90665187  0.26856222]
0.8839998245,[0.36776961 7.33710432 0.38212354],[1.06170441 1.92074082 2.12545862],0.7640622307,[ 0.80513399 16.8017273   0.22789443]
0.8850011826,[0.36552224 7.44382429 0.29045979],[1.07660676 1.93590171 2.12930549],0.7611680157,[ 0.79615436 16.20797453  0.18636204]
0.8860039711,[0.26783152 7.5238719  0.44791965],[1.08558778 1.94635355 2.12656923],0.7582466528,[ 0.61333959 16.0591056   0.24907129]
0.8870022297,[0.04963184 7.59674931 0.87196709],[1.11996596 1.96623991 2.13698295],0.7553058296,[ 0.19955215 15.83057382  0.41309441]
0.8880023956,[0.40989272 7.64882565 0.48275908],[1.1340678  1.98198671 2.13865687],0.7523525442,[ 0.95106754 15.56054198  0.28588043]
0.8890006542,[0.44954332 7.70692921 0.31251242],[1.14231096 1.99272983 2.1339941 ],0.7493929569,[ 1.01943473 15.45281117  0.21531564]
0.8900020123,[0.27328317 7.76597071 0.47824209],[1.16051875 2.00859023 2.13533014],0.7464322658,[ 0.65787361 15.57058298  0.26435316]
0.8909995556,[ 0.72109412  7.81967831 -0.20549314],[1.17555475 2.02470181 2.13574536],0.7434746087,[ 1.56934905 15.89983695  0.02182029]
0.8919985294,[ 0.77744867  7.88215828 -0.21934442],[1.19410064 2.04132842 2.13613131],0.7405229936,[ 1.70990687 16.32897897  0.02727772]
0.8930003643,[0.50511033 8.00286579 0.17853127],[1.26315124 2.06633437 2.07767636],0.7375792593,[ 1.1627864  16.86733756  0.16619545]
0.8940005302,[0.25950971 8.1176424  0.5534616 ],[1.2812145  2.08314399 2.07440785],0.734644067,[ 0.66626914 17.36661825  0.29727532]
0.8950459957,[0.35505081 8.23548985 0.39381377],[1.30243353 2.10060862 2.07076637],0.7317169217,[ 0.8687321  17.69812056  0.2415329 ]
0.8960001469,[0.41506184 8.38595772 0.22845425],[1.32219671 2.11756544 2.06570042],0.7287962242,[ 0.98868179 17.92416663  0.17963688]
0.8969993591,[0.27454006 8.5532341  0.37923021],[1.34097724 2.13551764 2.06078062],0.7258793503,[ 0.69154945 17.87774249  0.22511322]
0.8979995251,[0.30341495 8.71154118 0.35654664],[1.36125093 2.15334316 2.05440927],0.7229627572,[ 0.76379694 17.64512324  0.22252631]
0.898999691,[0.26772464 8.83495712 0.38304932],[1.37949964 2.17060266 2.04677224],0.7200421127,[ 0.68991988 17.16752189  0.2290249 ]
0.9000072479,[0.10938915 8.94216156 0.53661389],[1.39684486 2.18890465 2.0386285 ],0.7171124445,[ 0.34482074 16.51107374  0.26719727]
0.9010052681,[-0.02251059  9.02042675  0.57310574],[1.41495102 2.20631008 2.03096816],0.714168306,[ 0.03718944 15.96266906  0.25698491]
0.9020016193,[0.26637207 9.05743599 0.12500598],[1.43154389 2.2235634  2.02176575],0.7112039552,[ 0.65026178 15.45299483  0.12116071]
0.9030387402,[ 0.67409521  9.09279919 -0.38839909],[1.4457939  2.24226448 2.01345289],0.7082135415,[ 1.53953501e+00  1.51179176e+01 -1.05020641e-02]
0.9040005207,[ 0.75154074  9.13251686 -0.47553917],[1.46303424 2.26076632 2.00364034],0.7051912958,[ 1.71595534 15.17962755 -0.02508015]
0.9050016403,[ 0.47298447  9.18567657 -0.04838645],[1.48047818 2.27837996 1.99222129],0.7021317216,[ 1.13388106 15.69550291  0.10016085]
0.9060032368,[0.33706756 9.23503876 0.18995566],[1.48669856 2.29101034 1.97775087],0.6990297797,[ 0.85663373 16.58967602  0.17484001]
0.9070029259,[0.27745452 9.28917408 0.25951403],[1.50786254 2.30895145 1.96452801],0.6958810653,[ 0.73039056 17.51089668  0.1887493 ]
0.9080011845,[0.08532014 9.34752274 0.47133312],[1.53045149 2.32672809 1.94911683],0.692681971,[ 0.311138   18.28236789  0.23202077]
0.9090092182,[0.14073507 9.39917088 0.42224353],[1.5586961  2.34293576 1.93128434],0.6894298338,[ 0.44037211 18.59761431  0.22604551]
0.9100005627,[0.33299904 9.46970463 0.17258592],[1.57883975 2.36041074 1.91529481],0.6861230626,[ 0.86364203 18.67657432  0.17126751]
0.9110031128,[0.41442968 9.57412052 0.05077466],[1.59455369 2.376966   1.89893261],0.6827612421,[ 1.04046645 18.30551188  0.14520627]
0.9120047092,[0.21490309 9.8221035  0.35299426],[1.61164121 2.39363513 1.88122559],0.6793452134,[ 0.62621114 17.94275106  0.22456894]
0.9130015373,[ 0.41925659 10.17914009  0.14583751],[1.62562669 2.40974444 1.86239025],0.6758771264,[ 1.08846378 17.57068309  0.19755853]
0.9139997959,[ 0.57646911 10.52798653 -0.10788567],[1.63049702 2.42234173 1.84250729],0.6723604661,[ 1.40604749 17.32078879  0.14143774]
0.9150085449,[ 0.43867644 10.93509579  0.19161094],[1.65917086 2.44144475 1.81778934],0.6688000498,[ 1.15925049 16.57974414  0.23228674]
0.9159998894,[6.24986087e-01 1.12925978e+01 6.71834515e-03],[1.64685131 2.45365105 1.80231861],0.665201996,[ 1.56677158 15.09497108  0.23081133]
0.9170031548,[ 0.55764627 11.51144791  0.18371434],[1.66747571 2.46907426 1.77478405],0.6615736671,[ 1.46456805 14.25767542  0.29524216]
0.9180016518,[ 0.33389771 11.80511189  0.34476276],[1.67073382 2.48293533 1.75343487],0.6579235839,[ 0.95660497 12.81401748  0.29586424]
0.9190013409,[ 0.02652859 12.13574409  0.52672423],[1.67217942 2.49529511 1.73153504],0.6542613171,[ 0.25453717 11.61114545  0.26463235]
0.9200088978,[ 0.06071823 12.3698082   0.50289973],[1.67401418 2.50716889 1.70830459],0.6505973556,[ 0.34108787 10.23780579  0.27179601]
0.9210109711,[-0.03662834 12.68953705  0.54134724],[1.67411678 2.51780397 1.68523587],0.6469429549,[0.1249133  9.29484645 0.25368515]
0.9220027924,[-0.0498406  13.03558064  0.53108421],[1.66903486 2.52706277 1.6631054 ],0.6433099688,[0.10076207 8.68642794 0.24637603]
0.9230315685,[ 0.0745803  13.32865238  0.45696349],[1.66715234 2.53603695 1.63882261],0.6397106679,[0.38390659 8.28148576 0.27492319]
0.9240005016,[ 0.03203145 13.5343008   0.54355266],[1.66418468 2.54389808 1.61426474],0.6361575469,[0.330537   7.70737523 0.29932675]
0.9250018597,[ 0.1093315  13.76652908  0.73398704],[1.65613716 2.55041938 1.59115403],0.6326631267,[0.62946341 7.37570879 0.44260422]
0.9259986877,[ 0.20327987 14.06826115  0.57860082],[1.70906723 2.5821241  1.48256448],0.6292397535,[0.77336209 7.34323347 0.40916786]
0.9269990921,[ 0.26567538 14.47267151  0.4773327 ],[1.7030713  2.58640389 1.45799685],0.6258993985,[0.86675117 7.62278299 0.39663404]
0.9280018806,[ 0.34948032 14.93133736  0.34962334],[1.69339248 2.58907794 1.4338026 ],0.6226534631,[0.98868197 8.06497543 0.38917509]
0.9290013313,[ 0.59997749 15.32351398  0.14725447],[1.68481433 2.59063408 1.41019412],0.6195125926,[1.43960775 8.29305246 0.44563459]
0.9299993515,[ 0.69687941 15.76541519  0.17228256],[1.67729546 2.59173508 1.38474127],0.6164865014,[1.66447899 8.86301626 0.54587294]
0.930999279,[ 0.41054944 16.05972862  0.30777424],[1.66583555 2.58994846 1.36116552],0.613583814,[1.09411025 9.25132642 0.46041225]
0.9319987297,[ 0.18300967 16.19890594  0.31651655],[1.65913383 2.58775063 1.3352461 ],0.6108119236,[0.58871004 9.43112201 0.31885171]
0.9330334663,[ 0.18441468 16.2318306   0.34532867],[1.65069895 2.58389755 1.31063052],0.6081768714,[0.60937033 9.67838435 0.3429205 ]
0.9340002537,[ 0.15200832 16.24069023  0.43612524],[1.64758648 2.58233532 1.28545804],0.6056832486,[ 0.6031691  10.4842187   0.38452011]
0.9350409508,[ 0.1270576  16.24654388  0.42021053],[1.64381628 2.57786124 1.25961181],0.6033341233,[ 0.53980168 11.37543867  0.3629806 ]
0.9360363483,[ 0.12771135 16.17326546  0.11527588],[1.64014566 2.57260894 1.23497245],0.6011309925,[ 0.31397183 12.42056244  0.14702823]
0.9370059967,[ 0.17726018 16.07256889 -0.03234644],[1.65077672 2.57144362 1.20331463],0.5990737614,[ 0.30315734 12.83101443  0.07753748]
0.9379992485,[-0.02616444 15.90218067  0.17930534],[1.65084096 2.56570542 1.17750256],0.5971607487,[ 0.04789724 14.05202783  0.08064626]
0.9389982224,[-0.47012774 15.62316418  0.75494092],[1.65293726 2.56013056 1.1528474 ],0.5953887196,[-0.39461061 15.05072319  0.1743393 ]
0.9399988651,[-0.3214606  15.30849171  0.75771596],[1.65811115 2.55498437 1.12601556],0.593752944,[-0.08223994 15.97525604  0.2946787 ]
0.9410073757,[ 0.06860564 14.97950649  0.39374885],[1.66696464 2.55270999 1.10088124],0.5922472803,[ 0.40542618 16.63595806  0.31518836]
0.9419996738,[ 0.50192715 14.71595287 -0.12200843],[1.67201858 2.54536986 1.07617314],0.5908642819,[ 0.84038219 16.80393411  0.24896251]
0.9430000782,[ 0.75201501 14.57477188 -0.28372196],[1.67408532 2.53796028 1.05504579],0.5895953255,[ 1.17920951 18.28714744  0.31205225]
0.9440057278,[ 0.98794553 14.35854912 -0.34138641],[1.68256531 2.53444995 1.03287899],0.5884307585,[ 1.56482329 19.46496841  0.43810841]
0.9450435638,[ 1.12554094 13.92130661 -0.39281281],[1.68624402 2.52647914 1.01239336],0.5873600619,[ 1.75746615 19.79772931  0.4858706 ]
0.9460020065,[ 0.91483255 13.52894878 -0.0577165 ],[1.68983211 2.51775992 0.99260322],0.586372027,[ 1.60547289 20.2127915   0.57697442]
0.9470005035,[ 0.20614115 13.03463745  0.82784988],[1.69355133 2.50763634 0.9727608 ],0.585454942,[ 0.98524365 19.81023865  0.74040867]
0.9480021,[-0.14239765 12.50392723  1.00790352],[1.6976455  2.49706514 0.95347327],0.5845967848,[ 0.49223166 19.1557663   0.62217311]
0.9490001202,[ 0.02019848 12.09889889  0.27628358],[1.69923691 2.48456487 0.93602266],0.5837854188,[ 0.21513117 18.77543911  0.15475279]
0.9500045776,[ 0.08467888 11.90069103 -0.06810232],[1.7009008  2.47131237 0.91869052],0.5830087884,[ 0.06143369 18.56549658 -0.07781671]
0.9510023594,[ 0.03718816 11.84976196 -0.05891166],[1.70057949 2.45709468 0.90338172],0.5822551092,[-1.53955780e-02  1.86517158e+01 -1.08705776e-01]
0.952059269,[ 0.13214366 11.80462742 -0.13937895],[1.7009546  2.44275763 0.88803861],0.5815130514,[ 0.08661847 18.80584109 -0.10695869]
0.9530014992,[1.96833469e-01 1.16487284e+01 1.00823456e-02],[1.70028734 2.4270414  0.87321908],0.5807719115,[ 0.31383862 18.72113907  0.06901926]
0.9540374279,[ 0.25782813 11.52081299  0.28060826],[1.69927451 2.41055439 0.85886739],0.5800217691,[ 0.62753607 18.89002602  0.3514607 ]
0.9549982548,[ 0.39166817 11.18386269  0.63007903],[1.70001023 2.39481857 0.84446231],0.5792536274,[ 1.1214324  19.17810087  0.75801436]
0.955999136,[ 0.66749383 10.64425087  0.76224082],[1.6985213  2.37733923 0.83139499],0.578459533,[ 1.67795761 18.98597731  1.08639716]
0.9570405483,[0.79829654 9.84842491 0.93617692],[1.69724395 2.35932953 0.81851449],0.5776326743,[ 2.0150653  18.46629801  1.33504701]
0.9580020905,[0.72479888 8.75092125 1.01252785],[1.69681878 2.34319504 0.80656476],0.5767674553,[ 1.93960978 17.80031519  1.34312707]
0.9589996338,[0.47063253 7.4755373  0.77142667],[1.72590704 2.31784665 0.77063479],0.5758595456,[ 1.32978047 16.53430745  0.94279576]
0.960041523,[0.12380581 6.38529873 0.47992926],[1.72245199 2.29991479 0.7603894 ],0.5749059035,[ 0.54246289 15.8703887   0.43531306]
0.9610023499,[-0.26233056  5.42493153  0.25793877],[1.73567203 2.295805   0.74690986],0.5739047739,[-0.248      16.14156662 -0.03182084]
0.962002039,[-0.56791704  4.58912468  0.16552535],[1.73252621 2.27871729 0.73586246],0.5728556603,[-0.80819207 15.94808515 -0.32310118]
0.9630374908,[-0.63562152  3.86961484  0.09283683],[1.73158075 2.26405694 0.72431959],0.5717592721,[-0.96438751 16.13073819 -0.41826162]
0.9640128613,[-0.43562981  3.17359495  0.21392986],[1.71322156 2.24018974 0.72046006],0.570617448,[-0.54356005 14.77369278 -0.16203805]
0.9650025368,[-0.14811801  2.55044436  0.42001218],[1.70826835 2.2233408  0.71047925],0.5694330588,[ 0.06220618 14.87548132  0.22379367]
0.9660012722,[0.04564471 2.00761962 0.54173328],[1.72075977 2.22211318 0.69883735],0.5682098901,[ 0.45346355 14.89716493  0.45857997]
0.9670419693,[0.05794768 1.53853118 0.6339627 ],[1.68338925 2.18400044 0.69862606],0.5669525089,[ 0.52555225 14.01945546  0.54414996]
0.9680008888,[0.06434647 1.10372734 0.62828565],[1.6948028  2.1830086  0.68777065],0.565666117,[ 0.5269335  14.10430158  0.53634685]
0.9690020084,[0.12399127 0.80341369 0.56675629],[1.68489911 2.16527711 0.6805131 ],0.5643563938,[ 0.57210699 14.02235012  0.51866936]
0.9699995518,[0.2594329  0.37860686 0.45301017],[1.67440602 2.14774889 0.6737616 ],0.5630293338,[ 0.70477162 13.57935338  0.50889312]
0.9710445404,[ 0.31505203 -0.07496992  0.35809929],[1.66847645 2.13385638 0.66582982],0.5616910799,[ 0.72948164 13.06701439  0.46835652]
0.9720423222,[ 0.19476804 -0.71618819  0.18600932],[1.65651663 2.11689609 0.65992169],0.5603477595,[ 0.4340348  11.99403221  0.26265207]
0.9730377197,[-0.03033128 -1.35578084 -0.02166783],[1.64623134 2.10210408 0.65386091],0.5590053241,[-0.03421532 10.89190783 -0.01647831]
0.9740002155,[-0.30004727 -2.15331817 -0.29072476],[1.63606915 2.08763193 0.64699602],0.5576693988,[-0.5969377   9.44352837 -0.35501029]
0.9750001431,[-0.40080519 -2.99647546 -0.45214562],[1.62212739 2.07191559 0.64190516],0.5563451421,[-0.83146664  7.87275231 -0.51659169]
0.9759991169,[-0.2460065  -3.78728318 -0.43759909],[1.60731186 2.05657662 0.63762669],0.5550371224,[-0.58024001  6.45618326 -0.4202674 ]
0.9769990444,[ 1.66683730e-03 -4.37678242e+00 -3.61740477e-01],[1.59712639 2.04487066 0.63255614],0.5537492111,[-0.16075707  5.54288801 -0.24009882]
0.9780232906,[ 0.23981708 -4.82850599 -0.28850621],[1.58185043 2.03005077 0.62947544],0.5524844966,[ 0.23681266  4.9731386  -0.07764092]
0.9790449142,[ 0.36245731 -5.20858526 -0.25980766],[1.5683333  2.01648583 0.62607024],0.5512452195,[ 0.43382534  4.59304357 -0.0095276 ]
0.9799990654,[ 0.32488509 -5.45536184 -0.28173333],[1.55693398 2.00519789 0.62277789],0.5500327318,[ 0.36577443  4.47143476 -0.05302668]
0.9810063839,[ 0.16323824 -5.62413692 -0.35682593],[1.54259602 1.99179871 0.62029363],0.5488474792,[ 0.08803898  4.42131459 -0.18758869]
0.9820485115,[ 0.07656845 -5.71513891 -0.42072075],[1.53024035 1.98019881 0.61779012],0.5476890076,[-0.06812729  4.37525807 -0.27389583]
0.9829986095,[ 0.13250665 -5.76197052 -0.42063568],[1.5184752  1.96849761 0.61483941],0.5465559935,[ 0.01740666  4.21462066 -0.25368228]
0.984030962,[ 0.35777059 -5.79889488 -0.34305322],[1.50335537 1.95498534 0.61367511],0.5454462957,[ 0.38364435  3.88569524 -0.11207222]
0.9849998951,[ 0.61239186 -5.83981562 -0.20673039],[1.48823564 1.94119751 0.61279354],0.5443570286,[0.81210932 3.41663623 0.07780253]
0.9860019684,[ 0.74406935 -5.89406538 -0.0708053 ],[1.49022565 1.94250595 0.61018034],0.5432846532,[1.06535288 2.62466502 0.21150061]
0.9870026112,[ 0.77183938 -5.9774251   0.04900911],[1.47363456 1.92824415 0.61057372],0.5422250844,[1.14223805 1.96093557 0.28675739]
0.9880440235,[ 0.72531747 -6.09725285  0.15789679],[1.46056002 1.91644918 0.61022671],0.5411738105,[1.10318076 1.30293044 0.31931182]
0.9890379906,[ 0.62677596 -6.27348185  0.27849236],[1.4370068  1.89814572 0.61385177],0.5401260224,[0.9849869  0.89006058 0.34111454]
0.9899990559,[ 0.55441906 -6.4430685   0.35130443],[1.42279025 1.88544972 0.61399946],0.5390767482,[0.89416191 0.36672238 0.34497694]
0.9909977913,[ 0.48882331 -6.57803106  0.32759093],[1.4213013  1.8848093  0.61361651],0.5380209899,[0.78867532 0.10929861 0.29723119]
0.9920046329,[ 0.3742098  -6.64485788  0.20701746],[1.38983883 1.85592658 0.61624094],0.5369538585,[0.57218906 0.21489131 0.18318911]
0.9929983616,[ 0.23958222 -6.64458609  0.09431031],[1.39134195 1.8574355  0.6150758 ],0.5358707029,[0.34763351 0.1956601  0.06881492]
0.9940013885,[ 0.09221065 -6.60059309  0.04046286],[1.37845356 1.84593409 0.61552458],0.5347672307,[ 0.1228203   0.45506551 -0.00995526]
0.9950063229,[-0.06653762 -6.50598049  0.10822928],[1.36774075 1.83605055 0.61566737],0.5336396159,[-0.07800905  0.76026792 -0.01663789]
0.9960048199,[-0.16128589 -6.40134811  0.26652807],[1.35788308 1.82641719 0.61541388],0.5324845922,[-0.16524123  1.03743287  0.04841734]
0.9970002174,[-0.1880996  -6.29570961  0.46241851],[1.34653744 1.81579111 0.61589337],0.531299528,[-0.14962306  1.27346407  0.1561918 ]
0.9979999065,[-0.16386533 -6.18574286  0.6341358 ],[1.33541645 1.80528289 0.61647911],0.5300824823,[-0.07376083  1.44746923  0.26354992]
0.9990329742,[ 0.08192126 -6.10259962  0.30738598],[1.32746287 1.79736383 0.61663568],0.5288322396,[0.16907263 1.45921193 0.13644184]
1,[ 0.29355044 -6.05983639 -0.08818391],[1.3164684  1.78725069 0.61776114],0.527548323,[ 0.35055825  1.3861176  -0.04280773]
1.00104332,[-0.0646142  -6.05036402  0.08066554],[1.3058569  1.77723919 0.61879909],0.5262309857,[-0.09127981  1.25785081 -0.03545914]
1.002000093,[-0.38443972 -6.03842306 -0.02574609],[1.29829641 1.76945922 0.61921883],0.524881181,[-0.54485785  1.04042307 -0.17259341]
1.002999306,[-0.63755298 -6.00994492 -0.10803367],[1.28823233 1.75960773 0.62028539],0.523500512,[-0.89337513  0.91216896 -0.2668347 ]
1.004037857,[-0.78745292 -5.96387339 -0.23507223],[1.27910351 1.75038827 0.62130499],0.5220911631,[-1.10792356  0.79820514 -0.35330761]
1.005007744,[-0.8276212  -5.90568304 -0.36485661],[1.27150681 1.74236322 0.6221139 ],0.5206558152,[-1.17421149  0.67994846 -0.41165214]
1.006039143,[-0.77463229 -5.79543447 -0.38884937],[1.26203926 1.73293768 0.62363901],0.5191975466,[-1.09509268  0.64862342 -0.394244  ]
1.007034779,[-0.67154432 -5.62839746 -0.27177616],[1.25328971 1.72403158 0.624949  ],0.5177197244,[-0.9293912   0.71443079 -0.30066884]
1.007998228,[-0.44785232 -5.41822243 -0.21239434],[1.24681593 1.71708356 0.62605482],0.5162258885,[-0.62031247  0.70271582 -0.21157014]
1.009032011,[-0.12610158 -5.20943356 -0.27506645],[1.23826007 1.70877631 0.627889  ],0.5147196313,[-0.21918694  0.76065911 -0.1951034 ]
1.00999999,[ 0.20788036 -5.03399515 -0.40271111],[1.23063399 1.70126942 0.62942801],0.5132044791,[ 0.18730825  0.70541381 -0.20411642]
1.010999203,[ 0.35670034 -4.91232777 -0.39014016],[1.23072444 1.70108855 0.63077868],0.5116837761,[ 0.37925837  0.50142182 -0.17796653]
1.012002468,[ 0.33664017 -4.83305979 -0.26849194],[1.2229223  1.69371131 0.6327099 ],0.5101605769,[ 0.3721158   0.36260548 -0.11898244]
1.013000011,[ 0.29456631 -4.78863525 -0.29699367],[1.21608585 1.68716339 0.63453337],0.508637549,[ 0.31124585  0.15327758 -0.14699568]
1.013999939,[ 0.14804104 -4.76796246 -0.27922223],[1.21477362 1.685692   0.63624204],0.50711689,[ 0.12854226 -0.15180472 -0.16316901]
1.015041351,[ 0.04159667 -4.75376844 -0.43128619],[1.19871509 1.67129401 0.63948113],0.5056002609,[-0.03190237 -0.03154658 -0.2669508 ]
1.016039371,[-0.0359615  -4.73079729 -0.47092341],[1.20186671 1.67278648 0.63997349],0.5040887382,[-0.13264482 -0.4933128  -0.29854007]
1.017005682,[-0.10115087 -4.67773771 -0.23867583],[1.18238268 1.65606255 0.64440979],0.5025827858,[-0.17351499 -0.26248305 -0.17328422]
1.018002748,[-0.05276976 -4.57340717  0.01858327],[1.17712912 1.65052615 0.64611701],0.5010822491,[-0.07026143 -0.23187274 -0.01573349]
1.019003153,[ 0.05933159 -4.40663147  0.22798523],[1.17093892 1.64438667 0.6480449 ],0.4995863693,[ 0.1026416  -0.13454548  0.12510162]
1.020008087,[ 0.1180367  -4.22243452  0.34980585],[1.1699664  1.6430875  0.64975024],0.4980938197,[ 0.19392351 -0.08171012  0.20521963]
1.021008015,[ 0.23161606 -4.0243721   0.17839083],[1.1641038  1.63731782 0.65155686],0.4966027622,[0.30807337 0.10345574 0.1278873 ]
1.022003651,[ 0.24211115 -3.86443114  0.10606468],[1.15985942 1.63283027 0.65297557],0.4951109218,[0.30994075 0.16708969 0.08973954]
1.023001671,[ 0.19012208 -3.64440751 -0.02514351],[1.15452485 1.62751639 0.65463024],0.493615678,[0.22761404 0.35060328 0.01051848]
1.02400589,[ 0.04012158 -3.41082025 -0.00379322],[1.14964721 1.62251921 0.65614826],0.4921141699,[0.04785951 0.51711247 0.00301708]
1.02500391,[-0.08616583 -3.14722061  0.01669944],[1.14616696 1.61857311 0.65733371],0.4906034116,[-0.1014091   0.6294737   0.00075777]
1.02600193,[-0.17909225 -2.84760284  0.02685255],[1.14353506 1.61541966 0.65519252],0.4890804152,[-0.21126982  0.80459793 -0.00341204]
1.027039766,[-0.23270961 -2.50358391  0.0425082 ],[1.13978529 1.61129114 0.65616368],0.4875423166,[-0.27205282  1.04553001  0.00182895]
1.028037786,[-0.24831989 -2.16581488  0.0868025 ],[1.13604497 1.60705649 0.65686024],0.4859865016,[-0.28241767  1.15971569  0.02959759]
1.029009104,[-0.21371085 -1.74793029  0.15540062],[1.13172781 1.60245056 0.65749326],0.4844107273,[-0.23018879  1.37831164  0.07536052]
1.030002356,[-0.14161476 -1.38571572  0.1848423 ],[1.1271202  1.59766103 0.65797395],0.4828132355,[-0.13797512  1.42225587  0.10500591]
1.03100276,[-0.05371164 -1.06468999  0.16311388],[1.12290728 1.5932715  0.65824866],0.4811928544,[-0.03421334  1.2338876   0.10746656]
1.032039404,[ 0.02852657 -0.77701527  0.08492645],[1.11740823 1.58790703 0.65858837],0.4795490857,[0.0544829  1.02316572 0.07597958]
1.033000946,[ 0.08840853 -0.47330314 -0.08572249],[1.11178294 1.58250238 0.65879687],0.4778821736,[ 0.1037825   0.77259135 -0.01206536]
1.03400445,[ 0.09369624 -0.15546277 -0.23630274],[1.10586325 1.57687999 0.65889912],0.4761931538,[ 0.091359    0.55377388 -0.09476666]
1.035005808,[-0.33823975  0.2363967   0.1727773 ],[1.10036541 1.5713729  0.65870884],0.4744838804,[-0.36104885  0.55278385  0.08573524]
1.036000729,[-0.38082706  0.42728752  0.45675738],[1.09802693 1.56875302 0.65828277],0.4727570301,[-0.37210808  0.24213637  0.24611837]
1.037002802,[-0.35308398  0.35039988  0.54330193],[1.09175743 1.56260464 0.65811018],0.4710160819,[-0.3252959  -0.32482745  0.30143162]
1.038000345,[0.073471   0.52213633 0.02738749],[1.08633637 1.55753142 0.65791922],0.4692652743,[ 0.10315956 -0.29885502  0.06142005]
1.038999796,[ 0.2914827   1.15227365 -0.25232975],[1.08140233 1.55296223 0.65732142],0.4675095389,[ 0.31684051  0.55628448 -0.07092564]
1.039999485,[ 0.49469428  1.39980495 -0.57124777],[1.07665231 1.54866094 0.6566119 ],0.4657544126,[ 0.50678714  0.94855655 -0.22735463]
1.041004658,[ 0.47305426  1.77464366 -0.50963155],[1.07180239 1.54416283 0.65564467],0.4640059316,[ 0.48772172  1.48768134 -0.19292608]
1.042003155,[ 0.43545154  1.66949189 -0.43203999],[1.06986212 1.54233019 0.65463591],0.462270508,[ 0.4544575   1.34191852 -0.15170178]
1.043001175,[ 0.387158    1.26238728 -0.40573378],[1.06272066 1.53575061 0.65413044],0.4605547925,[ 0.39962325  0.69976908 -0.14471498]
1.044035435,[ 0.38354691  0.95399463 -0.58125385],[1.05805559 1.53149604 0.65374648],0.4588655284,[ 0.36892801  0.13847658 -0.25275895]
1.045004606,[ 0.25104362  1.02224243 -0.56674478],[1.05588613 1.52947142 0.65322511],0.457209398,[ 0.22158696  0.19170298 -0.26125372]
1.046043158,[ 0.08853981  1.30073297 -0.40095115],[1.05139349 1.52511812 0.65256517],0.4555928677,[ 0.05579349  0.57991113 -0.19726364]
1.047040701,[ 0.05258203  1.51393867 -0.34485859],[1.04728074 1.52107633 0.65176946],0.4540220346,[ 0.02239755  0.85283759 -0.16968248]
1.048000336,[ 0.04439016  2.01175594 -0.23256892],[1.04317099 1.51693525 0.65065637],0.4525024792,[ 0.02621009  1.57303244 -0.10750644]
1.049038172,[ 0.04427319  2.57619953 -0.07404114],[1.0395516  1.51314215 0.64913246],0.4510391273,[ 0.04473668  2.41500054 -0.01757923]
1.050039053,[ 3.29117917e-02  2.77848601e+00 -1.40330447e-03],[1.03627615 1.50965729 0.64760966],0.4496361258,[0.04121418 2.67815442 0.02326236]
1.051047564,[ 0.09169844  2.68054628 -0.14401128],[1.03299229 1.5061719  0.64607399],0.4482967355,[ 0.0876076   2.5420876  -0.05017439]
1.052020073,[ 0.16667439  2.61333609 -0.33049818],[1.03017397 1.50318371 0.64466295],0.4470232423,[ 0.14565406  2.48459955 -0.14664571]
1.053039551,[ 0.19749195  2.6206913  -0.35336414],[1.02744771 1.50030716 0.64334581],0.4458168917,[ 0.17642412  2.56454125 -0.15331321]
1.054039717,[ 0.27228145  2.7105639  -0.42484827],[1.02507524 1.49775379 0.64188632],0.4446778454,[ 0.24801335  2.74787902 -0.18283395]
1.055039883,[ 0.30124388  2.88115549 -0.39218599],[1.02297587 1.49544539 0.64040498],0.4436051641,[ 0.28200044  3.06812028 -0.16053648]
1.056005001,[ 0.35503246  2.93311524 -0.41016783],[1.02123771 1.49348583 0.63890801],0.4425968145,[ 0.33599732  3.20554721 -0.16504421]
1.057003021,[ 0.46649429  2.98156023 -0.51553607],[1.01943404 1.49152933 0.63753006],0.4416497013,[ 0.4394997   3.30427601 -0.21487803]
1.058047295,[ 0.47103865  2.92378521 -0.35790569],[1.01777687 1.48968896 0.63607861],0.4407597247,[ 0.46183381  3.22471863 -0.12630339]
1.059047699,[ 0.52117753  2.75084352 -0.28515878],[1.01623158 1.48802064 0.63480568],0.4399218587,[ 0.52220047  2.9727399  -0.08099611]
1.06000042,[ 0.59513219  2.51710129 -0.3319368 ],[1.01455068 1.48629699 0.63371353],0.4391302524,[ 0.59331803  2.61925296 -0.09987519]
1.061053038,[ 0.66081921  2.39182448 -0.46527518],[1.01286067 1.48461036 0.63275705],0.4383783475,[ 0.64408085  2.45831247 -0.17037995]
1.062004566,[ 0.62495553  2.40470171 -0.5091436 ],[1.01220357 1.48386525 0.63173669],0.4376590129,[ 0.59941716  2.48105947 -0.20086779]
1.063001871,[ 0.54681537  2.44204068 -0.48751354],[1.01396614 1.48382728 0.62602934],0.4369646903,[ 0.51776858  2.5970347  -0.19941199]
1.064042568,[ 0.43551168  2.40978241 -0.37716984],[1.01282503 1.48246288 0.62507281],0.4362875488,[ 0.4097982   2.62459322 -0.15909484]
1.065000296,[ 0.37821726  2.35583425 -0.2912613 ],[1.0119272  1.48130622 0.6241524 ],0.4356196444,[ 0.35330042  2.56940429 -0.13350435]
1.066028118,[ 0.42371672  2.29247999 -0.33274669],[1.01045422 1.47964916 0.6232678 ],0.4349530799,[ 0.38870267  2.47563034 -0.16844672]
1.066999912,[ 0.44337241  2.20365143 -0.28651663],[1.00897669 1.47803179 0.62252685],0.4342801636,[ 0.41176707  2.3114111  -0.14615119]
1.068018198,[ 0.41580172  2.09007835 -0.21003045],[1.00756795 1.47644974 0.62178452],0.4335935602,[ 0.39253121  2.1582947  -0.10376891]
1.069002867,[ 0.39976277  1.98914027 -0.26027425],[1.00606584 1.47478149 0.621084  ],0.4328864334,[ 0.37135032  1.99186805 -0.12822015]
1.070000172,[ 0.37499117  1.93116784 -0.34429003],[1.0047448 1.4732996 0.6204691],0.4321525754,[ 0.33644551  1.91881167 -0.17448231]
1.071038961,[ 0.32951327  1.88354993 -0.39757113],[1.00364257 1.47198797 0.61981554],0.4313865214,[ 0.28258461  1.89115363 -0.20928625]
1.071999788,[ 0.25268573  1.84167886 -0.37816795],[1.00335249 1.4714388  0.61917548],0.4305836468,[ 0.20459071  1.83351538 -0.2088203 ]
1.072999954,[ 0.20301868  1.82383931 -0.31427384],[1.00264929 1.47046926 0.61853189],0.4297402453,[ 0.15963419  1.8265118  -0.18120997]
1.074021339,[ 0.18491943  1.82273519 -0.26260893],[1.00209744 1.46965356 0.61791612],0.4288535866,[ 0.1454972   1.85632003 -0.15794743]
1.075001717,[ 0.2005126   1.85452628 -0.22791839],[1.00171402 1.46898317 0.61727747],0.4279219535,[ 0.16483183  1.92320349 -0.13848888]
1.07600069,[ 0.24017045  1.9096055  -0.24759577],[1.00129674 1.46825575 0.61661422],0.4269446578,[ 0.20316021  1.95169949 -0.14478134]
1.076999426,[ 0.28051302  1.97535598 -0.30145154],[1.00065561 1.46737669 0.61603569],0.4259220351,[ 0.23670527  1.95526445 -0.17357635]
1.078035593,[ 0.31465297  2.04026747 -0.36470137],[0.99975937 1.46625452 0.61545162],0.4248554203,[ 0.2624503   1.89480341 -0.20881858]
1.078999519,[ 0.34416782  2.10231018 -0.40523598],[0.99861343 1.46484883 0.61485842],0.4237471046,[ 0.28719523  1.79521189 -0.2284671 ]
1.079999447,[ 0.37525903  2.15152121 -0.41757909],[0.99702242 1.46307769 0.61435284],0.4226002743,[ 0.3152919   1.63009328 -0.23583027]
1.081005335,[ 0.40599632  2.2011621  -0.41711545],[0.99517845 1.4610466  0.61384539],0.4214189366,[ 0.34432989  1.48581345 -0.23602788]
1.08202672,[ 0.43490301  2.25436211 -0.4253662 ],[0.99299284 1.45869768 0.61337598],0.4202078305,[ 0.37049807  1.33291379 -0.24043124]
1.083001137,[ 0.45902806  2.3172648  -0.44969112],[0.99088812 1.45639643 0.61288153],0.418972329,[ 0.39023132  1.25305589 -0.25306746]
1.084000826,[ 0.46478331  2.40104866 -0.4736113 ],[0.98867975 1.45398237 0.61241594],0.4177183324,[ 0.39074107  1.26469537 -0.26884419]
1.085000992,[ 0.44851548  2.49665189 -0.47936671],[0.98641309 1.45145423 0.61190724],0.4164521563,[ 0.37061472  1.35983996 -0.27826234]
1.086000919,[ 0.42055737  2.5945673  -0.45404701],[0.98422536 1.44894138 0.61135587],0.4151804173,[ 0.34331878  1.4967917  -0.26970905]
1.087002039,[ 0.39256075  2.66225529 -0.39166913],[0.9819555  1.44626792 0.61075328],0.4139099178,[ 0.32274253  1.64973318 -0.23474407]
1.088038445,[ 0.37400566  2.68883371 -0.31931953],[0.97947024 1.4433804  0.61018846],0.4126475318,[ 0.31314585  1.83304767 -0.19250275]
1.089004755,[ 0.36688921  2.6562798  -0.23290337],[0.97833048 1.4417259  0.60953693],0.4114000961,[ 0.31862031  1.96512858 -0.1373898 ]
1.090004444,[ 0.3589551   2.56531596 -0.17061366],[0.97584468 1.4387782  0.60897071],0.4101743055,[ 0.31918473  2.00066189 -0.0979819 ]
1.091004848,[ 0.33617822  2.43128848 -0.13712391],[0.97308245 1.4355692  0.60845034],0.4089766159,[ 0.30051233  1.96975466 -0.07912654]
1.09200263,[ 0.27910314  2.27495575 -0.11994199],[0.96984025 1.43190058 0.60797773],0.4078131554,[ 0.24582488  1.91908586 -0.07388588]
1.09300375,[ 0.16925374  2.10392547 -0.11565245],[0.96654726 1.42816866 0.60751631],0.4066896447,[ 0.13737865  1.71225098 -0.08390264]
1.094009876,[ 0.03056315  1.9697566  -0.1049168 ],[0.96477789 1.42399023 0.60535223],0.4056113277,[ 0.00285953  1.66038503 -0.09195047]
1.095005035,[-0.08056539  1.89219022 -0.06321793],[0.96086479 1.41962327 0.60495742],0.4045829119,[-0.09856997  1.69525139 -0.0756967 ]
1.096037388,[-0.11280115  1.85321498  0.01501857],[0.95703368 1.41533001 0.60456037],0.4036085197,[-0.11733255  1.74362966 -0.02746617]
1.097002745,[-0.07996402  1.8266561   0.08765853],[0.95302098 1.41087326 0.60418903],0.4026916502,[-0.07343845  1.80578198  0.02576216]
1.098001719,[0.00932921 1.77747703 0.15214815],[0.94871211 1.40618887 0.60389626],0.4018351501,[0.02368302 1.74320394 0.08151372]
1.099003553,[0.078293   1.7236706  0.18287251],[0.94430553 1.40140972 0.60361677],0.4010411957,[0.09492112 1.82479785 0.1118525 ]
1.100002289,[0.15784567 1.6083473  0.18254359],[0.94013299 1.39690414 0.60338477],0.4003112833,[0.17137398 1.81442234 0.12415936]
1.101006269,[0.22242604 1.46895862 0.15890374],[0.93593343 1.39240114 0.6031922 ],0.3996462276,[0.22975349 1.79253107 0.12024975]
1.102003098,[0.29796991 1.24639308 0.12020336],[0.93133689 1.38761998 0.60310935],0.3990461693,[0.29577515 1.65354288 0.1080481 ]
1.10304141,[0.37281364 0.9616183  0.09527164],[0.93055213 1.38653363 0.60290919],0.3985105887,[0.363461   1.58928474 0.10339521]
1.104003191,[0.41272792 0.6453346  0.09129575],[0.92520458 1.38126168 0.60306041],0.398038326,[0.39732602 1.21422169 0.10276263]
1.105002165,[0.41144483 0.37678805 0.08771505],[0.92105632 1.37715719 0.60315927],0.3976276085,[0.39159478 1.07536869 0.0940847 ]
1.106003046,[0.36458823 0.0949471  0.06463387],[0.91642563 1.37266468 0.60332811],0.3972760818,[0.34314845 0.88308081 0.07439601]
1.107002735,[ 0.30225122 -0.16693184  0.02344738],[0.91216538 1.36859241 0.60351648],0.3969808467,[0.27649741 0.69778801 0.03596829]
1.108013391,[ 0.27339824 -0.36104652 -0.00203048],[0.90776465 1.36442753 0.60373456],0.3967385005,[0.24448151 0.5785692  0.01445352]
1.109001875,[ 0.28654624 -0.51283342  0.00686375],[0.90328778 1.36023213 0.6039873 ],0.3965451822,[0.25560079 0.49639153 0.01889222]
1.110001326,[ 0.34563602 -0.63261271  0.04419804],[0.89920011 1.35647082 0.60427805],0.3963966214,[0.31138025 0.40889793 0.04366432]
1.111001968,[ 0.46032482 -0.73767704  0.12927629],[0.89501881 1.35266909 0.60461887],0.3962881912,[0.42184525 0.32138694 0.1005337 ]
1.112006426,[ 0.57901693 -0.82794064  0.23108414],[0.89072159 1.34882295 0.60503014],0.396214964,[0.53615521 0.22033571 0.16584535]
1.113001823,[ 0.64498995 -0.91572505  0.32363541],[0.88688294 1.34546428 0.60546655],0.3961717702,[0.60086226 0.09873621 0.21894977]
1.114002705,[ 0.64717152 -0.99087191  0.38947434],[0.88303548 1.34211106 0.6059104 ],0.3961532603,[ 0.60552519 -0.01602704  0.25158951]
1.114999294,[ 0.60636157 -1.0754838   0.43428289],[0.87914587 1.33874077 0.60637113],0.3961539692,[ 0.56951315 -0.14568685  0.26780736]
1.116001368,[ 0.56268721 -1.15304375  0.46998879],[0.87569334 1.33580627 0.60682333],0.3961683819,[ 0.53038013 -0.27686729  0.27827591]
1.117002726,[ 0.53441971 -1.24980819  0.5252231 ],[0.87231045 1.33295189 0.60727897],0.3961910024,[ 0.50751639 -0.43117525  0.3024256 ]
1.118000269,[ 0.53744391 -1.33917737  0.57976374],[0.86888789 1.33008776 0.60776136],0.3962164215,[ 0.51310567 -0.56170862  0.33164676]
1.119000673,[ 0.56498179 -1.44336319  0.63693437],[0.86550202 1.32729197 0.60827527],0.3962393872,[ 0.54094229 -0.72457926  0.36606735]
1.12000227,[ 0.58491619 -1.5318718   0.68170007],[0.86449855 1.3268252  0.60873935],0.3962548728,[ 0.56188391 -0.86929643  0.39199136]
1.121008158,[ 0.59587245 -1.61643505  0.70956404],[0.86137379 1.32432894 0.6092928 ],0.3962581445,[ 0.57050967 -0.95801137  0.40378944]
1.122012854,[ 0.59910258 -1.67494512  0.71861367],[0.85807264 1.32169209 0.60988638],0.3962448265,[ 0.57068129 -1.03273518  0.40496024]
1.123052597,[ 0.61397318 -1.71789324  0.69888364],[0.85523735 1.31948848 0.61045368],0.3962109621,[ 0.57811821 -1.08103177  0.39033232]
1.124018192,[ 0.63169207 -1.74253225  0.67641355],[0.85236683 1.31725727 0.61103536],0.3961530711,[ 0.58670349 -1.09113333  0.37163691]
1.12501955,[ 0.63685399 -1.75255167  0.66192556],[0.85209725 1.31753147 0.61153098],0.3960681996,[ 0.58566938 -1.04458335  0.35300872]
1.12601018,[ 0.62723415 -1.75576389  0.62888474],[0.84746703 1.31307118 0.61190193],0.3959539643,[ 0.56745143 -0.9889479   0.32364983]
1.127008677,[ 0.60524903 -1.75486147  0.59014351],[0.84518226 1.31138598 0.61244785],0.3958085875,[ 0.54166707 -0.96341125  0.2951191 ]
1.12801075,[ 0.57698075 -1.74984217  0.54603307],[0.84291318 1.30971361 0.6129959 ],0.3956309232,[ 0.51110097 -0.93103313  0.26566116]
1.129006386,[ 0.58462352 -1.7484225   0.48233737],[0.84086972 1.30825297 0.61353774],0.3954204722,[ 0.51026572 -0.92849954  0.22995862]
1.130002499,[ 0.62667025 -1.7447381   0.43233014],[0.84011624 1.30806115 0.61406857],0.3951773871,[ 0.54064219 -0.97145112  0.20396005]
1.131000996,[ 0.70255799 -1.73225963  0.39983753],[0.83800915 1.30654574 0.61464201],0.3949024643,[ 0.60079078 -0.99613805  0.19076089]
1.132049799,[ 0.80869252 -1.70160711  0.40936654],[0.83609392 1.30523128 0.61523711],0.3945971249,[ 0.69038276 -1.0166516   0.20269173]
1.133001566,[ 0.90105292 -1.65046775  0.45133852],[0.83402733 1.303772   0.61585353],0.3942633829,[ 0.77092443 -1.02298173  0.23144809]
1.134001732,[ 0.95858568 -1.5900625   0.48454624],[0.83205932 1.30239325 0.61646644],0.393903802,[ 0.8200375  -1.05079834  0.24985871]
1.135000229,[ 0.97817993 -1.51852572  0.50763089],[0.83017801 1.30107112 0.6170663 ],0.3935214402,[ 0.83605643 -1.10871796  0.25972988]
1.136014223,[ 0.96438115 -1.41674447  0.50972661],[0.82825701 1.29968116 0.61764327],0.3931197845,[ 0.82222749 -1.07733259  0.25608139]
1.137004137,[ 0.92867119 -1.29079962  0.4963891 ],[0.82632529 1.29825513 0.61820494],0.3927026755,[ 0.78849348 -1.06131356  0.24186534]
1.13800168,[ 0.89701754 -1.15520942  0.50073297],[0.82468608 1.29702212 0.61867743],0.3922742249,[ 0.76049954 -1.01953227  0.23871197]
1.139001131,[ 0.8738822  -1.04792571  0.53534374],[0.82285562 1.29557797 0.61914057],0.3918387253,[ 0.74314901 -1.01909656  0.25548569]
1.140001297,[ 0.85319207 -0.95817935  0.59079596],[0.82099871 1.29406428 0.61957307],0.3914005567,[ 0.72978629 -1.0268317   0.28415752]
1.141007185,[ 0.82718187 -0.86840278  0.66980762],[0.81934165 1.29271164 0.61997724],0.3909640899,[ 0.7156215  -1.02711702  0.32924728]
1.142003298,[ 0.7995323  -0.79585707  0.72838498],[0.81765392 1.29139217 0.62038395],0.3905335898,[ 0.69737134 -0.99714509  0.3610018 ]
1.143005133,[ 0.76341964 -0.71739215  0.76616447],[0.81603485 1.28998063 0.62071896],0.390113121,[ 0.67037473 -0.95310986  0.38012078]
1.144003391,[ 0.74228931 -0.6455583   0.76964271],[0.81457168 1.2886975  0.62102959],0.3897064573,[ 0.65211327 -0.91000435  0.37873225]
1.145002365,[ 0.73915621 -0.55173033  0.75002185],[0.81309775 1.28736613 0.62131354],0.3893169982,[ 0.64671051 -0.82430775  0.36514677]
1.1460042,[ 0.73840534 -0.43792948  0.75863934],[0.81226412 1.28662932 0.62156672],0.3889476939,[ 0.64675864 -0.75929682  0.36846365]
1.14700079,[ 0.71331669 -0.3099016   0.80514905],[0.81084516 1.28524452 0.62177546],0.3886009805,[ 0.62946924 -0.63930895  0.39008341]
1.148002148,[ 0.67616255 -0.19624722  0.84636562],[0.80969245 1.28404564 0.62193483],0.3882787279,[ 0.60198952 -0.54157904  0.40774308]
1.149003744,[ 0.63273382 -0.08839604  0.86728694],[0.80863059 1.28290157 0.62205878],0.3879822012,[ 0.56779159 -0.43880908  0.41442506]
1.150039911,[0.59205737 0.03771427 0.84834747],[0.80762007 1.28175845 0.622142  ],0.3877120363,[ 0.53264412 -0.35629711  0.39980676]
1.151024103,[0.57537552 0.15006348 0.80744148],[0.80670021 1.28066296 0.62219021],0.3874682319,[ 0.51586703 -0.23979965  0.37605551]
1.152005672,[0.59569456 0.27200103 0.7366685 ],[0.80582217 1.27955292 0.6222059 ],0.3872501553,[ 0.52680791 -0.16166852  0.33712812]
1.153003693,[0.6298804  0.37020889 0.69194   ],[0.80508138 1.27857717 0.62221856],0.3870565653,[ 0.55154864 -0.15613154  0.31379707]
1.154004097,[0.68153938 0.47246873 0.6900471 ],[0.8045418  1.27774979 0.62220132],0.3868856491,[0.59503164 0.01533723 0.31522693]
1.155001402,[0.72656625 0.57357293 0.73236184],[0.80376091 1.27662303 0.62217342],0.386735073,[0.6374825  0.04920044 0.34299682]
1.156039715,[0.76007561 0.67518616 0.77257124],[0.8030088  1.27551125 0.62213483],0.3866020458,[0.67015428 0.10625961 0.36872496]
1.156998158,[0.77320123 0.7599082  0.78392777],[0.80250082 1.27461339 0.62208236],0.3864833929,[0.68364425 0.13174436 0.3778806 ]
1.158000469,[0.77349715 0.83554262 0.76381999],[0.80189909 1.27356102 0.62200266],0.3863756397,[0.68369916 0.14934513 0.36859989]
1.159035206,[0.76211077 0.90510219 0.72651536],[0.80181198 1.2724275  0.62158568],0.3862751009,[0.67225021 0.19272497 0.34822267]
1.160000563,[0.7370179  0.97798342 0.67527294],[0.80132328 1.27145742 0.6214923 ],0.3861779742,[0.64823848 0.25083929 0.31866125]
1.161007881,[0.69959354 1.04019296 0.65451431],[0.80101464 1.27058251 0.6213576 ],0.3860804365,[0.61669884 0.30033077 0.30292171]
1.162010431,[0.66357515 1.08431506 0.6661565 ],[0.80079122 1.26980671 0.62121661],0.3859787379,[0.58935578 0.35417264 0.30558781]
1.163001299,[0.61896627 1.12312102 0.6987236 ],[0.80059678 1.26900476 0.62105066],0.3858692939,[0.55698333 0.42613024 0.31914269]
1.164000273,[0.5809157  1.15567529 0.72045507],[0.80057344 1.26831685 0.62085878],0.3857487707,[0.53050799 0.49972231 0.33394196]
1.165001392,[0.56007298 1.17873275 0.72058781],[0.80052889 1.26767481 0.62068986],0.3856141637,[0.5165895  0.56766925 0.34308932]
1.166001081,[0.55190913 1.19783556 0.69974784],[0.80052685 1.267071   0.62052518],0.3854628651,[0.51109272 0.62295582 0.34301113]
1.167005539,[0.55143509 1.21878016 0.67806695],[0.80052895 1.2664873  0.62037176],0.3852927213,[0.51175638 0.67875469 0.34358165]
1.168003798,[0.5467707  1.24339116 0.67270088],[0.80073877 1.26609571 0.6202174 ],0.3851020764,[0.50984968 0.7263881  0.3487872 ]
1.169004202,[0.53553686 1.2741673  0.68593409],[0.80099122 1.2657027  0.62004725],0.3848898031,[0.50386046 0.80033562 0.36064806]
1.170001745,[0.51896099 1.31634533 0.717974  ],[0.80138708 1.26541773 0.61986604],0.3846553188,[0.49433878 0.883609   0.37608809]
1.171001911,[0.51081668 1.35561299 0.74106835],[0.80196849 1.26527482 0.6196726 ],0.3843985879,[0.49083822 0.96152923 0.38434227]
1.17200017,[0.52464644 1.39975071 0.74448033],[0.80267314 1.26521257 0.6194705 ],0.3841201097,[0.50356838 1.03752971 0.38149256]
1.173040867,[0.56601187 1.44894922 0.7222609 ],[0.8033095  1.26506364 0.61927465],0.3838208938,[0.5369354  1.07823624 0.36858182]
1.17399931,[0.60896719 1.49156463 0.69160822],[0.80416544 1.26512566 0.61909227],0.3835024232,[0.57136119 1.12075645 0.3538066 ]
1.174999714,[0.66150641 1.53108191 0.656744  ],[0.80435686 1.26451427 0.61891585],0.3831666061,[0.61285829 1.14611365 0.33906539]
1.176009417,[0.69899293 1.55823946 0.64611685],[0.80517101 1.26452903 0.61876939],0.38281572,[0.6450519  1.15283734 0.34064148]
1.177000046,[0.73483425 1.57840204 0.65512513],[0.80593876 1.26467508 0.61874148],0.3824523476,[0.67633712 1.15134977 0.34971041]
1.177999973,[0.76743751 1.59563863 0.65877791],[0.80672024 1.26460702 0.61862506],0.3820793084,[0.70575313 1.14002794 0.35959372]
1.179025173,[0.78815529 1.60734856 0.64936286],[0.80745958 1.26452278 0.61851308],0.3816995871,[0.72397736 1.14555298 0.36145134]
1.180001497,[0.80384528 1.61907697 0.61920349],[0.80844811 1.26467792 0.61842423],0.3813162616,[0.73574491 1.14893853 0.34970506]
1.181003571,[0.80457307 1.62486899 0.58018451],[0.80912568 1.26453436 0.61835161],0.3809324327,[0.73384964 1.143612   0.33287189]
1.182005167,[0.78481539 1.6199702  0.54602987],[0.80964472 1.26424413 0.6182797 ],0.3805511565,[0.71488982 1.13900247 0.31598633]
1.182999134,[0.72743828 1.59852457 0.4875846 ],[0.81009983 1.26390531 0.61820393],0.3801753831,[0.66182973 1.14255252 0.28158372]
1.184000254,[0.61276919 1.56254399 0.3932124 ],[0.81045043 1.26351372 0.61811815],0.3798079013,[0.55707663 1.15062579 0.22544599]
1.185003281,[0.48177105 1.52105236 0.27038794],[0.81050675 1.26293093 0.61803623],0.3794512925,[0.43591318 1.3068062  0.16023028]
1.186012268,[0.32214064 1.44942033 0.0691165 ],[0.81104553 1.26292483 0.61793689],0.3791078929,[0.28184916 1.1190146  0.04536125]
1.187034369,[ 0.17421167  1.35487008 -0.14393237],[0.81090522 1.26233638 0.61780391],0.3787797658,[ 0.13633461  1.09767365 -0.08152722]
1.188000917,[ 0.10410409  1.27010286 -0.26868195],[0.81073035 1.26175761 0.61764962],0.3784686847,[ 0.0646252   1.09312073 -0.15909886]
1.189001322,[ 0.12476347  1.19583237 -0.29804799],[0.81029417 1.26094354 0.61750403],0.3781761256,[ 0.07793259  1.0850066  -0.17429573]
1.190003395,[ 0.31008703  1.13133323 -0.17858969],[0.80982841 1.26010255 0.61743412],0.3779032697,[ 0.24339942  1.089807   -0.08464524]
1.191016436,[0.55863147 1.09413612 0.00459387],[0.80934543 1.25922968 0.61746537],0.3776510147,[0.46782037 1.16503813 0.05132395]
1.192005873,[0.8468665  1.07804179 0.21080319],[0.80872711 1.2581955  0.61761364],0.3774199943,[0.72718597 1.21484091 0.20704643]
1.193003893,[1.00601485 1.07244658 0.29335072],[0.80728261 1.25736964 0.61827053],0.3772106046,[0.86662122 1.26157738 0.279401  ]
1.194010496,[1.01126136 1.059623   0.18415871],[0.80655917 1.25630534 0.61850861],0.3770230356,[0.85910957 1.3088818  0.22480309]
1.195003986,[ 0.91496481  1.02601254 -0.03377979],[0.80557193 1.2550514  0.61872191],0.3768573066,[0.75626037 1.29255495 0.09461183]
1.196005821,[ 0.82658355  0.96486598 -0.19132647],[0.8043984  1.25367921 0.61891438],0.3767133038,[ 6.65972372e-01  1.24531589e+00 -1.06085459e-03]
1.19700408,[ 0.78972142  0.88973576 -0.2076032 ],[0.80307266 1.25220271 0.61911283],0.3765908185,[ 0.63251679  1.15919158 -0.00860173]
1.198007107,[ 0.77004515  0.80230355 -0.13043806],[0.80137573 1.2503526  0.61930003],0.3764895841,[0.62205942 1.03920922 0.03763422]
1.199003458,[ 0.73016676  0.70617509 -0.0111891 ],[0.79948173 1.24830027 0.61947873],0.3764093107,[0.59904061 0.91308937 0.1053371 ]
1.200005293,[0.62056029 0.5871923  0.05619689],[0.79742514 1.24609851 0.61962239],0.3763497153,[0.51362044 0.76855283 0.13329168]
1.201009035,[ 0.48715176  0.46451253 -0.00398634],[0.79545892 1.24405111 0.61973789],0.376310548,[0.39668795 0.66088831 0.08310374]
1.202007532,[ 0.41137277  0.36864436 -0.1159423 ],[0.79350429 1.24206596 0.61982634],0.3762916114,[0.32224589 0.61643493 0.00698264]
1.203005791,[ 0.42919564  0.27586806 -0.24297425],[0.79135848 1.23996166 0.61992526],0.3762927737,[ 0.32261456  0.57689166 -0.06892782]
1.204003572,[ 0.51261077  0.19449873 -0.29836206],[0.7894682  1.23813688 0.62005288],0.3763139752,[ 0.38294998  0.58176097 -0.10179558]
1.205049038,[ 0.56037705  0.12681019 -0.28805143],[0.78740324 1.23612373 0.62017727],0.376355228,[ 0.42025433  0.58421298 -0.10497748]
1.206005573,[ 0.53190286  0.08244552 -0.28927349],[0.78687936 1.23563509 0.62032266],0.3764166085,[ 0.39580547  0.63060583 -0.1238897 ]
1.207005739,[ 0.4128712   0.04806199 -0.33147136],[0.78508732 1.23388617 0.62038307],0.3764982448,[ 0.29420312  0.65372298 -0.17237293]
1.20800519,[ 0.32136982  0.0260572  -0.37895227],[0.78331138 1.23216779 0.62041119],0.3766002977,[ 0.21505083  0.6812559  -0.21721454]
1.209004402,[ 2.57357424e-01 -3.55426222e-04 -4.60870982e-01],[0.78167334 1.23062227 0.62042655],0.3767229384,[ 0.15525475  0.68609367 -0.27426159]
1.210005045,[ 0.28172572 -0.02687373 -0.54140899],[0.77996076 1.22906912 0.62047238],0.3768663226,[ 0.16678809  0.64493541 -0.31611808]
1.211005449,[ 0.40195474 -0.06025324 -0.61552768],[0.77816176 1.22747498 0.62056678],0.3770305625,[ 0.25553041  0.57610089 -0.34100779]
1.212008238,[ 0.53395432 -0.09972528 -0.66323712],[0.77587518 1.2254506  0.62071239],0.377215699,[ 0.35564384  0.50367531 -0.34781876]
1.213025808,[ 0.58826331 -0.14521278 -0.69564252],[0.7738293  1.22370654 0.62089926],0.377421674,[ 0.39502352  0.42818595 -0.35471107]
1.214004993,[ 0.54871315 -0.19365372 -0.75162176],[0.77173243 1.22193292 0.62107029],0.3776483057,[ 0.35732582  0.34784127 -0.38881602]
1.215005875,[ 0.47871597 -0.22858772 -0.83844547],[0.7697279  1.22027322 0.62121792],0.3778952665,[ 0.29273559  0.26566612 -0.44683473]
1.216003656,[ 0.40468547 -0.24921639 -0.95442117],[0.7675332  1.21842914 0.62131914],0.3781620657,[ 0.22239991  0.20899333 -0.5262839 ]
1.217008591,[ 0.3100275  -0.25144196 -1.09708363],[0.76557944 1.21684476 0.6213926 ],0.3784480382,[ 0.13391246  0.18982797 -0.62415515]
1.218005419,[ 0.21670618 -0.23884661 -1.17983062],[0.76392148 1.21556036 0.62144162],0.3787523382,[ 0.05270443  0.19301022 -0.68594439]
1.2190063,[ 0.1142311  -0.21769083 -1.18910245],[0.76221661 1.2141935  0.62144553],0.3790739405,[-0.02824939  0.23797653 -0.70390598]
1.220010519,[-0.01378657 -0.17981732 -1.11812454],[0.76167576 1.2139544  0.62144209],0.3794116472,[-0.12159202  0.28391741 -0.67649417]
1.221012115,[-0.13915104 -0.12232744 -1.03470697],[0.76029497 1.2128149  0.62135795],0.3797641023,[-0.21096017  0.38224784 -0.63998908]
1.222006083,[-0.22420087 -0.05588198 -1.03901623],[0.75921359 1.21193568 0.62124505],0.3801298113,[-0.27688847  0.47159569 -0.65267137]
1.223004103,[-0.24340695 -0.00401479 -1.15169508],[0.75801021 1.21095819 0.62113657],0.380507167,[-0.30136357  0.5391116  -0.72120011]
1.224001646,[-0.20091706  0.04414012 -1.38570031],[0.75685221 1.21001987 0.62102615],0.3808944793,[-0.28903006  0.61347509 -0.85530601]
1.225010395,[-0.1531341   0.07915536 -1.57991153],[0.75587142 1.20927577 0.62094001],0.3812900096,[-0.26906539  0.64371241 -0.96462524]
1.226032019,[-0.12058711  0.11124325 -1.69650662],[0.75512969 1.20804621 0.62075177],0.3816920059,[-0.25374273  0.65959906 -1.02878155]
1.22700429,[-0.1297784   0.13370311 -1.69336963],[0.75397257 1.20708662 0.62067405],0.3820987407,[-0.25996769  0.6534282  -1.02778215]
1.228009939,[-0.18359697  0.14698721 -1.59677009],[0.75297913 1.2062255  0.62056575],0.3825085468,[-0.29229005  0.6329226  -0.97650388]
1.229042292,[-0.27827683  0.14644302 -1.44355214],[0.75191004 1.20523987 0.62041526],0.3829198525,[-0.35089787  0.60305066 -0.89596247]
1.23000598,[-0.34808574  0.13994923 -1.34470521],[0.75102313 1.20440608 0.6202461 ],0.3833312128,[-0.39519523  0.61465758 -0.84602397]
1.231005907,[-0.35273399  0.12893049 -1.36630238],[0.75024856 1.20367145 0.62007108],0.3837413369,[-0.40008931  0.62409197 -0.86083183]
1.23200345,[-0.32222343  0.11547802 -1.44768057],[0.74968181 1.20314166 0.61992166],0.3841491096,[-0.38342739  0.63606322 -0.90814849]
1.232994795,[-0.28610137  0.10098952 -1.54090124],[0.74927084 1.20277762 0.61979369],0.3845536066,[-0.36353264  0.67320901 -0.96006268]
1.234044075,[-0.27823577  0.08487344 -1.6154827 ],[0.74910917 1.20266258 0.61967707],0.3849541031,[-0.36371526  0.73719385 -1.00360664]
1.235040903,[-0.33161763  0.07237183 -1.64816947],[0.74916955 1.20275002 0.61955812],0.385350074,[-0.40731673  0.81697739 -1.02816063]
1.236038685,[-0.41706356  0.06917765 -1.64834812],[0.74938716 1.20297101 0.61940819],0.3857411881,[-0.4727973   0.87773233 -1.03612353]
1.236994505,[-0.53243042  0.07064503 -1.62810622],[0.74969716 1.20325104 0.61921799],0.3861272935,[-0.55960566  0.92382557 -1.03433555]
1.238026857,[-0.62561455  0.07207432 -1.60851206],[0.75017066 1.20366958 0.61900221],0.3865083974,[-0.62958283  0.97011789 -1.03171081]
1.238991976,[-0.70699867  0.07309098 -1.59440011],[0.75074046 1.20415511 0.61874664],0.3868846391,[-0.69132568  0.9645133  -1.03010474]
1.239993811,[-0.77457493  0.07751837 -1.57805001],[0.75118683 1.20448873 0.61847255],0.3872562584,[-0.74205156  0.94537658 -1.02610214]
1.241000175,[-0.82847508  0.08397397 -1.56584515],[0.75157202 1.2047318  0.61817487],0.3876235598,[-0.78265163  0.90391392 -1.02272668]
1.241998911,[-0.87626189  0.09223061 -1.56360133],[0.75192807 1.20493022 0.61787501],0.387986875,[-0.8194508   0.87313595 -1.02461081]
1.242995501,[-0.91848268  0.10399516 -1.60080938],[0.75234656 1.20514936 0.61753526],0.3883465234,[-0.85552452  0.84031518 -1.04941319]
1.244018316,[-0.94282007  0.11632206 -1.68568729],[0.75260711 1.20520174 0.61720957],0.3887027744,[-0.88198388  0.79380391 -1.09748769]
1.245009184,[-0.95464693  0.12263668 -1.77371146],[0.75308407 1.20546566 0.61689463],0.3890558113,[-0.89930707  0.74632264 -1.1409182 ]
1.246008396,[-0.9642801   0.11833989 -1.8547345 ],[0.75351555 1.20567443 0.61658878],0.3894056994,[-0.91425988  0.68939216 -1.17932681]
1.246999979,[-0.98384537  0.10428116 -1.8863351 ],[0.75408506 1.20601528 0.61629508],0.3897523588,[-0.93253598  0.65943415 -1.18965   ]
1.24801898,[-1.02615201  0.07519449 -1.86617073],[0.75433208 1.20602005 0.6159856 ],0.3900955443,[-0.96310741  0.58858627 -1.17312828]
1.249040842,[-1.0751963   0.03369331 -1.81621852],[0.75495243 1.20637747 0.6156663 ],0.3904348326,[-0.99670934  0.51121232 -1.14311323]
1.250000477,[-1.10126825 -0.01011338 -1.78452288],[0.75556663 1.20670836 0.61534014],0.3907696176,[-1.01434624  0.46177726 -1.12672107]
1.250994205,[-1.10333513 -0.05821819 -1.77921293],[0.7562551  1.2070772  0.61500089],0.3910991148,[-1.01610293  0.41781494 -1.12758371]
1.252048492,[-1.06567264 -0.12418392 -1.83115065],[0.75701233 1.20748913 0.61467455],0.3914223743,[-0.99275032  0.37975513 -1.16291148]
1.253036022,[-1.01574132 -0.18630704 -1.90517926],[0.75781959 1.20791679 0.61436051],0.3917383032,[-0.9619415   0.36254166 -1.20932634]
1.253995657,[-0.96309418 -0.25531626 -1.98763558],[0.75863986 1.20832429 0.61405974],0.3920456952,[-0.92973517  0.32232424 -1.25657373]
1.254993677,[-0.94033204 -0.32134479 -2.04489465],[0.75944888 1.20873101 0.61379631],0.392343269,[-0.91831388  0.26491064 -1.28977585]
1.256026506,[-0.95505235 -0.37701333 -2.06285687],[0.76029631 1.20914767 0.6135311 ],0.392629712,[-0.93228116  0.22510119 -1.301045  ]
1.257040262,[-0.98247354 -0.411935   -2.06592996],[0.76119063 1.20956529 0.61325221],0.3929037289,[-0.95450145  0.21481945 -1.30200875]
1.25799346,[-1.03263929 -0.42958015 -2.05041055],[0.76307905 1.2094383  0.61260602],0.3931640948,[-0.99263638  0.21780044 -1.29308115]
1.259046793,[-1.01334506 -0.4362902  -2.13868753],[0.76403913 1.20986302 0.61234815],0.3934097081,[-0.98637012  0.23894665 -1.34059284]
1.259993553,[-1.19786455 -0.43581131 -1.95870471],[0.76505465 1.21030505 0.61201836],0.3936396444,[-1.11383032  0.26363635 -1.24958633]
1.261002779,[-1.26911351 -0.46642175 -1.86057676],[0.76611144 1.21071531 0.61163107],0.3938532076,[-1.16116946  0.24438086 -1.19820864]
1.262042284,[-1.21231891 -0.50401294 -1.95525869],[0.7671326  1.21113441 0.6113219 ],0.3940499763,[-1.12666712  0.20999896 -1.24943483]
1.262995005,[-1.1980135  -0.53168166 -1.98581187],[0.76821137 1.21153918 0.61099704],0.3942298452,[-1.11941652  0.17657092 -1.26615688]
1.264024973,[-1.18301644 -0.55242884 -2.04838256],[0.76928437 1.21186583 0.61067661],0.3943930576,[-1.11421392  0.16216719 -1.29845881]
1.265000105,[-1.14739093 -0.58737963 -2.1350842 ],[0.77026451 1.21216036 0.61042745],0.3945402294,[-1.09476988  0.12844942 -1.33683949]
1.266022682,[-1.11112849 -0.62978268 -2.20332913],[0.77134738 1.21247912 0.61018829],0.3946723623,[-1.07308008  0.08411831 -1.36465489]
1.267015457,[-1.08547773 -0.66491759 -2.24486055],[0.77244005 1.2127159  0.60994526],0.3947908461,[-1.05742044  0.06567231 -1.3841844 ]
1.267998457,[-1.072971   -0.71174186 -2.24879116],[0.77349662 1.21294427 0.60972699],0.3948974487,[-1.04914808  0.03946569 -1.39018118]
1.268996716,[-1.10118151 -0.75639302 -2.17903851],[0.77469554 1.2132079  0.60947198],0.3949942945,[-1.06612686  0.02585997 -1.35799709]
1.269993067,[-1.15234845 -0.79260403 -2.08225647],[0.77588144 1.21350705 0.60922157],0.3950838307,[-1.09841657  0.02828541 -1.3102712 ]
1.270992994,[-1.20539335 -0.83447003 -2.01048134],[0.77718089 1.21388923 0.60895648],0.3951687828,[-1.13453706  0.02024597 -1.27517208]
1.27199626,[-1.22030712 -0.87497509 -2.03113745],[0.77846003 1.2141916  0.6086907 ],0.3952520999,[-1.14937184  0.01094094 -1.2902156 ]
1.273001432,[-1.19579823 -0.9016521  -2.0999763 ],[0.77978181 1.21450639 0.60844916],0.3953368912,[-1.1376635   0.00815204 -1.32856133]
1.27400136,[-1.15480341 -0.91595709 -2.15129815],[0.78085669 1.21450422 0.6082251 ],0.3954263554,[-1.11079494e+00 -7.73556654e-04 -1.35424408e+00]
1.274996996,[-1.13162475 -0.92072171 -2.16980741],[0.78224346 1.21477142 0.60801268],0.3955237053,[-1.09524994  0.01698172 -1.36245118]
1.275990963,[-1.13346412 -0.91680878 -2.15908385],[0.78358406 1.21497232 0.60781491],0.395632089,[-1.09612407  0.01789671 -1.35231233]
1.276994944,[-1.16498491 -0.90562743 -2.12217141],[0.78494625 1.2151506  0.60760531],0.3957545105,[-1.11797623  0.00486964 -1.33079763]
1.277999401,[-1.22256562 -0.88498467 -2.06651034],[0.78594881 1.21494648 0.60738577],0.3958937522,[-1.15809762  0.01431588 -1.30152563]
1.278995514,[-1.26667476 -0.86432683 -2.04075571],[0.78726224 1.2150094  0.60715065],0.3960523014,[-1.19104919 -0.05640149 -1.28927443]
1.279997587,[-1.27385302 -0.83581465 -2.06616845],[0.78839215 1.21484509 0.60692431],0.3962322824,[-1.19932807 -0.14068639 -1.30330586]
1.28099823,[-1.25426792 -0.7919327  -2.12740053],[0.78946112 1.21453987 0.60670205],0.3964353981,[-1.18960265 -0.24748604 -1.33546703]
1.282034159,[-1.21742982 -0.73040092 -2.24470521],[0.79044429 1.2140196  0.60648719],0.3966628811,[-1.17118684 -0.34187464 -1.39889374]
1.283039093,[-1.1924444  -0.6690172  -2.36896958],[0.79131781 1.21327399 0.60628356],0.3969154566,[-1.16255744 -0.47334367 -1.46756308]
1.284036875,[-1.08960362 -0.64577663 -2.40490287],[0.79210218 1.21240959 0.60611648],0.3971933192,[-1.08369801 -0.60461673 -1.47343997]
1.285037041,[-1.0833421  -0.60820693 -2.43270563],[0.79283243 1.21143852 0.60596288],0.397496123,[-1.07938381 -0.71731839 -1.47959236]
1.286035538,[-1.01867071 -0.57342786 -2.54973375],[0.79365082 1.21044754 0.60582879],0.3978229864,[-1.03746808 -0.77424108 -1.53438137]
1.286995649,[-0.94993053 -0.55141634 -2.60745993],[0.79461221 1.20945177 0.60570341],0.3981725118,[-0.98739692 -0.78518116 -1.55826709]
1.288041592,[-0.88262548 -0.539244   -2.63117688],[0.7956707  1.20854749 0.60559998],0.3985428188,[-0.93609729 -0.74382761 -1.56713586]
1.289037704,[-0.82807047 -0.53514266 -2.6925163 ],[0.79685304 1.20766495 0.60549697],0.3989315912,[-0.89916115 -0.68206846 -1.60270969]
1.289990425,[-0.80843075 -0.52811193 -2.78640217],[0.7981698  1.20678189 0.60539395],0.3993361358,[-0.89299511 -0.60188002 -1.66112052]
1.291039705,[-0.7869904  -0.51326698 -2.90681574],[0.79958063 1.20584437 0.60529496],0.3997534517,[-0.8877197  -0.50517582 -1.73339338]
1.292035103,[-0.75598042 -0.49404877 -2.97929471],[0.80097683 1.20491336 0.6052214 ],0.4001803081,[-0.86948674 -0.426992   -1.77126193]
1.293039322,[-0.72759822 -0.47724319 -3.00242766],[0.80413903 1.20283183 0.60443961],0.4006133285,[-0.84842329 -0.3778005  -1.77886324]
1.293997288,[-0.67517176 -0.44514579 -3.00087953],[0.80555343 1.20166227 0.6043768 ],0.4010490788,[-0.80562568 -0.34228822 -1.76797553]
1.295026779,[-0.6171589  -0.40532494 -3.00340629],[0.80687524 1.20048354 0.60433303],0.4014841564,[-0.75874014 -0.31544887 -1.75947378]
1.296038151,[-0.58266964 -0.37645394 -3.01105585],[0.80835768 1.19914587 0.6042865 ],0.401915279,[-0.73084842 -0.31554611 -1.75623632]
1.296996832,[-0.5514452  -0.34408185 -3.04670809],[0.80979827 1.19780911 0.6042463 ],0.4023393688,[-0.70869765 -0.31892649 -1.77275437]
1.298032999,[-0.52190774 -0.32128128 -3.09774906],[0.811255   1.19641976 0.60421902],0.4027536309,[-0.68926309 -0.31600266 -1.79852705]
1.298998117,[-0.48500352 -0.30990124 -3.12526243],[0.81278582 1.19511001 0.60419596],0.4031556239,[-0.66155591 -0.30122189 -1.80799734]
1.300041914,[-0.43651262 -0.30470321 -3.10755151],[0.81439379 1.19364744 0.60418054],0.403543319,[-0.62064007 -0.34228893 -1.79060624]
1.301033258,[-0.3929019  -0.30659392 -3.07481625],[0.81610859 1.1921642  0.60411394],0.403915148,[-0.58317103 -0.35613815 -1.76700008]
1.302022696,[-0.34764744 -0.3176817  -3.04852037],[0.81764825 1.19084491 0.60413692],0.4042700378,[-0.54400977 -0.3735375  -1.74499837]
1.302995205,[-0.29302568 -0.34176755 -3.0453616 ],[0.81932932 1.18936377 0.60416724],0.4046074303,[-0.50005609 -0.41709786 -1.73673248]
1.304042816,[-0.23715794 -0.36535448 -3.06377721],[0.82090951 1.18800999 0.60423343],0.4049272882,[-0.46289832 -0.42658983 -1.76712633]
1.305038452,[-0.15781149 -0.38845366 -3.09920253],[0.82278636 1.18645355 0.6042649 ],0.4052300853,[-0.40755159 -0.43411982 -1.79716324]
1.30603528,[-0.08400522 -0.40497369 -3.1235844 ],[0.82464    1.18493259 0.60429995],0.4055167829,[-0.35182614 -0.43078617 -1.80460358]
1.307046175,[ 1.78455527e-03 -4.19277310e-01 -3.11794054e+00],[0.82640635 1.18337048 0.60438302],0.4057887932,[-0.28554641 -0.43444476 -1.80147774]
1.307992458,[ 0.07627925 -0.43184093 -3.07308414],[0.82821635 1.18194541 0.60449107],0.4060479293,[-0.22264286 -0.43815093 -1.76838198]
1.3090446,[ 0.1235235  -0.44055957 -3.0275597 ],[0.83017577 1.18045695 0.60462313],0.4062963455,[-0.18051443 -0.41382852 -1.73484258]
1.31001687,[ 0.15218246 -0.4439851  -3.01545861],[0.8320819  1.17906827 0.6047683 ],0.4065364686,[-0.1547911  -0.40047095 -1.71721018]
1.310997963,[ 0.17371296 -0.4474251  -3.03128838],[0.83392619 1.17758394 0.60492845],0.4067709222,[-0.13693533 -0.41578004 -1.71524505]
1.312040567,[ 0.21251324 -0.45279881 -3.07856263],[0.83578527 1.17599774 0.60510712],0.4070024469,[-0.10849271 -0.41376115 -1.73076065]
1.313039303,[ 0.24893007 -0.45948192 -3.0876923 ],[0.83746746 1.17441855 0.60529726],0.4072338191,[-0.07891216 -0.44640844 -1.72663431]
1.314038992,[ 0.30139192 -0.46572137 -3.05722854],[0.83920875 1.17251341 0.60551214],0.4074677697,[-0.03413427 -0.49942601 -1.70233272]
1.315034389,[ 0.35923688 -0.46876088 -3.00195889],[0.84073901 1.17079976 0.60572391],0.4077069057,[ 0.01567109 -0.55178885 -1.66916684]
1.315993309,[ 0.39113907 -0.46676999 -2.95547942],[0.84231377 1.1689103  0.60594517],0.4079536375,[ 0.04349775 -0.59837059 -1.64589961]
1.317050457,[ 0.40630615 -0.45896271 -2.92574159],[0.84399323 1.16696935 0.60617184],0.4082101135,[ 0.05649107 -0.62093455 -1.63440118]
1.318029404,[ 0.40618744 -0.44601509 -2.91330873],[0.84559693 1.16507327 0.6063865 ],0.4084781632,[ 0.05542918 -0.6333809  -1.6358375 ]
1.318990946,[ 0.40010723 -0.43258303 -2.90573008],[0.84726096 1.16318598 0.60659206],0.4087592512,[ 0.04997159 -0.63625364 -1.6378014 ]
1.319992781,[ 0.40096016 -0.41823572 -2.89789136],[0.84904817 1.16140542 0.60679147],0.4090544435,[ 0.05062605 -0.61901363 -1.63684302]
1.321017504,[ 0.41071031 -0.40366873 -2.87802203],[0.85079622 1.15972131 0.60698666],0.4093643855,[ 0.0598257  -0.59947247 -1.62643223]
1.322001457,[ 0.43283903 -0.38741326 -2.83905089],[0.85272736 1.15788188 0.60719896],0.4096892937,[ 0.08069362 -0.55952365 -1.60309092]
1.323006153,[ 0.45722901 -0.37118879 -2.78353644],[0.8544875  1.15616663 0.6074031 ],0.4100289595,[ 0.10499404 -0.54197951 -1.56933698]
1.324012756,[ 0.47419309 -0.35546318 -2.722971  ],[0.85618403 1.15447738 0.60759421],0.4103827663,[ 0.12132985 -0.51130044 -1.54263189]
1.324997902,[ 0.49361094 -0.34093413 -2.66779641],[0.85794241 1.15269104 0.6077757 ],0.4107497175,[ 0.13552367 -0.4700505  -1.53198786]
1.326040745,[ 0.51341692 -0.32798386 -2.62309579],[0.85971186 1.15088691 0.60795117],0.4111284757,[ 0.14969724 -0.41092437 -1.52531746]
1.326995373,[ 0.53143514 -0.31538859 -2.57893746],[0.86336808 1.14783646 0.60746111],0.4115174105,[ 0.16491663 -0.34041359 -1.51017035]
1.328038216,[ 0.54556111 -0.30300358 -2.53043637],[0.86518946 1.14617632 0.60764472],0.4119146535,[ 0.18088293 -0.26769991 -1.47996833]
1.32904911,[ 0.54395039 -0.28638762 -2.46608861],[0.866924   1.14452367 0.60783612],0.4123181591,[ 0.18724599 -0.25291704 -1.43650119]
1.330025911,[ 0.52366147 -0.26975632 -2.41050517],[0.86862274 1.14297089 0.60801547],0.412725769,[ 0.17780301 -0.21607548 -1.40105501]
1.330989122,[ 0.47013032 -0.24619806 -2.34324109],[0.87030954 1.14125527 0.60818576],0.4131352768,[ 0.1423818  -0.17451134 -1.36499106]
1.33202672,[ 0.40144756 -0.22010517 -2.27246186],[0.87196257 1.13983504 0.6083126 ],0.4135444936,[ 0.09444088 -0.15028115 -1.33135375]
1.332993031,[ 0.34208729 -0.19567895 -2.18115337],[0.87357037 1.13819188 0.60843087],0.4139513091,[ 0.05575588 -0.11556698 -1.28501557]
1.334043503,[ 0.29900833 -0.17553788 -2.0827444 ],[0.87507273 1.13662435 0.60852619],0.4143537497,[ 0.0300394  -0.12362956 -1.23491918]
1.335034609,[ 0.27403814 -0.16366698 -2.01311744],[0.87649014 1.1351697  0.60860234],0.4147500291,[ 0.01545331 -0.12709741 -1.20194086]
1.336025476,[ 0.24858604 -0.15868591 -1.95874949],[0.87776864 1.13367913 0.60869743],0.4151385921,[ 4.60192187e-04 -1.52655539e-01 -1.17207558e+00]
1.337024689,[ 0.21835059 -0.15943091 -1.91226586],[0.87921981 1.13203898 0.60872553],0.4155181492,[-0.02217433 -0.17575776 -1.16036927]
1.337990284,[ 0.18378171 -0.16769901 -1.86468619],[0.88048751 1.13065265 0.60880261],0.415887702,[-0.0450155  -0.19941565 -1.13539215]
1.338998556,[ 0.1452705  -0.18477803 -1.80717278],[0.8819271  1.12915876 0.60884279],0.4162465581,[-0.07121521 -0.21404701 -1.11007658]
1.339990854,[ 0.11835851 -0.20134813 -1.73823833],[0.88326359 1.12779588 0.60887267],0.4165943365,[-0.08679767 -0.23112473 -1.07554766]
1.340995312,[ 0.1001737  -0.21456338 -1.65544164],[0.88456068 1.12650431 0.60889847],0.4169309622,[-0.09391462 -0.23380946 -1.03117531]
1.341991186,[ 0.07245817 -0.22560576 -1.57646136],[0.88586717 1.12529984 0.60891647],0.4172566529,[-0.10872623 -0.2266633  -0.98932315]
1.343001366,[ 0.03364246 -0.23290093 -1.51111641],[0.88709587 1.12416815 0.60892165],0.4175718952,[-0.13357543 -0.22823398 -0.95640975]
1.34399271,[-0.00878862 -0.23522376 -1.45826774],[0.88826959 1.12294405 0.60891701],0.4178774156,[-0.16240511 -0.24540977 -0.93087894]
1.34499836,[-0.05726244 -0.23440371 -1.40433944],[0.8893501  1.12169479 0.6088934 ],0.4181741435,[-0.19567505 -0.2770839  -0.90440169]
1.346039534,[-0.1089397  -0.2310493  -1.35124834],[0.89034082 1.12039629 0.60885747],0.4184631708,[-0.23185871 -0.32061075 -0.88012461]
1.346994638,[-0.15692885 -0.22592913 -1.30370146],[0.8912889  1.11910919 0.60880309],0.418745708,[-0.26577564 -0.34074798 -0.85974601]
1.34803772,[-0.20945459 -0.21710812 -1.24852555],[0.89214679 1.11775201 0.60872245],0.419023039,[-0.30261228 -0.37368536 -0.83607406]
1.349034309,[-0.26146213 -0.20404127 -1.19026301],[0.89296064 1.11644255 0.60862918],0.4192964766,[-0.33838166 -0.40636406 -0.80925409]
1.350036621,[-0.31240762 -0.18800527 -1.13276268],[0.8937183  1.11512718 0.60851482],0.4195673187,[-0.37329325 -0.40973721 -0.78282385]
1.351027727,[-0.36025452 -0.1711078  -1.07029178],[0.89458136 1.11390577 0.6083698 ],0.4198368094,[-0.40496201 -0.38513887 -0.75248619]
1.35204196,[-0.40996257 -0.1537827  -0.99916314],[0.89533707 1.1128419  0.60822075],0.4201061032,[-0.43711878 -0.3556061  -0.7163216 ]
1.353040695,[-0.44449921 -0.1380554  -0.94406758],[0.89619507 1.11179934 0.60804833],0.4203762357,[-0.45863847 -0.32355137 -0.68757455]
1.353994608,[-0.46978835 -0.12016357 -0.89824881],[0.89700599 1.11085784 0.60787145],0.4206481005,[-0.47348074 -0.28667946 -0.66195232]
1.355029345,[-0.48169438 -0.10490126 -0.87063644],[0.89776072 1.10987868 0.60768189],0.4209224332,[-0.47929045 -0.26949992 -0.64483991]
1.356041431,[-0.48778276 -0.07857737 -0.84694274],[0.89860288 1.10905737 0.60749225],0.4211998024,[-0.48101907 -0.21918455 -0.6304068 ]
1.35701561,[-0.48146236 -0.0446123  -0.83849254],[0.89933166 1.10810231 0.6072947 ],0.4214806089,[-0.47454781 -0.19691311 -0.62478687]
1.357993126,[-0.47000565 -0.00431266 -0.8351094 ],[0.90005429 1.10717451 0.60709309],0.4217650906,[-0.46441754 -0.15739774 -0.62156686]
1.359036207,[-0.45702214  0.03656251 -0.81605594],[0.90063887 1.106202   0.60688553],0.4220533351,[-0.45157753 -0.1130349  -0.60917783]
1.359990835,[-0.44145401  0.07633905 -0.78130388],[0.90241888 1.10489998 0.60578022],0.4223452976,[-0.43538297 -0.08578685 -0.58825829]
1.360999584,[-0.41973843  0.11523916 -0.75294542],[0.90297223 1.10395111 0.60556497],0.4226408232,[-0.41468162 -0.04222779 -0.5691179 ]
1.361996889,[-0.39974462  0.14642693 -0.73872099],[0.90362386 1.10321263 0.60534951],0.4229396737,[-0.39709001 -0.0153986  -0.56059257]
1.36303091,[-0.38082275  0.17432517 -0.73928104],[0.90398822 1.1021311  0.60513334],0.4232415559,[-3.81361190e-01 -1.84030303e-04 -5.59273758e-01]
1.364031076,[-0.36219133  0.19931084 -0.74911734],[0.90439094 1.10103003 0.6049148 ],0.4235461519,[-0.36640585  0.02302253 -0.56053073]
1.364994764,[-0.34571807  0.22313917 -0.76172775],[0.90499485 1.10025916 0.6047146 ],0.423853148,[-0.35314468  0.04120687 -0.55973004]
1.366038084,[-0.33120648  0.24855149 -0.77242715],[0.90536203 1.09917947 0.60451886],0.4241622639,[-0.34076993  0.0094944  -0.55300686]
1.367002726,[-0.31648241  0.27307242 -0.77229861],[0.90570198 1.0981128  0.60434066],0.4244732774,[-0.32750304 -0.0202408  -0.54076835]
1.367997169,[-0.2975321   0.29217127 -0.77086149],[0.9060177  1.09698525 0.60416381],0.4247860463,[-0.31110709 -0.07046469 -0.5292095 ]
1.368996143,[-0.27385981  0.30722871 -0.77467223],[0.90630598 1.09588271 0.60399673],0.4251005261,[-0.29188158 -0.09969705 -0.52351809]
1.370017529,[-0.25102736  0.31717813 -0.78037118],[0.90656307 1.09479163 0.60383118],0.4254167812,[-0.27405334 -0.11775237 -0.52450685]
1.370993376,[-0.21872902  0.32361627 -0.7935833 ],[0.90691736 1.09366765 0.603649  ],0.4257349915,[-0.24997948 -0.12636439 -0.5341805 ]
1.372031212,[-0.1874398   0.32540095 -0.80479395],[0.90721031 1.09258092 0.60347642],0.4260554521,[-0.22655937 -0.12630971 -0.54422548]
1.372995377,[-0.1550571   0.32507277 -0.81350755],[0.90763118 1.09156551 0.60329517],0.4263785679,[-0.20185791 -0.11992467 -0.55161018]
1.373994589,[-0.11369934  0.32332319 -0.82054298],[0.90808261 1.09058886 0.60313122],0.4267048416,[-0.1697371  -0.09786518 -0.55445308]
1.374992609,[-0.07573382  0.32271221 -0.82234705],[0.90857831 1.0896479  0.60298031],0.4270348574,[-0.13959877 -0.04604689 -0.55150149]
1.376039267,[-0.0319189   0.32703245 -0.82556596],[0.90903701 1.08874402 0.60284878],0.4273692589,[-0.10492163 -0.00648567 -0.54680141]
1.37699604,[ 0.00986366  0.33317086 -0.83672328],[0.90948981 1.08775923 0.60273049],0.4277087252,[-0.07257701  0.02883058 -0.54502753]
1.378038645,[ 0.05132974  0.34062102 -0.86515054],[0.90992419 1.0868265  0.60262931],0.4280539425,[-0.04220729  0.06855694 -0.55423718]
1.379028082,[ 0.08267795  0.34912285 -0.89218573],[0.91032857 1.08578637 0.60253573],0.4284055756,[-0.01971731  0.09688334 -0.56225637]
1.379994392,[ 0.10800336  0.36004415 -0.9129113 ],[0.91076318 1.0847845  0.60248904],0.4287642385,[-0.00176284  0.12760455 -0.57226723]
1.381048441,[ 0.12850643  0.3721562  -0.92365982],[0.911254   1.08372195 0.60237285],0.4291304659,[ 0.01392578  0.15765972 -0.5707873 ]
1.382035017,[ 0.14861612  0.38644296 -0.9289749 ],[0.9116377  1.08268202 0.6023033 ],0.4295046872,[ 0.02948202  0.16742023 -0.56880124]
1.383012533,[ 0.17668843  0.39840683 -0.93557795],[0.91207994 1.08161349 0.60226697],0.4298872035,[ 0.05087099  0.18081538 -0.57015097]
1.384004831,[ 0.21618877  0.40807977 -0.95295893],[0.9125699  1.08063654 0.60221203],0.4302781687,[ 0.08040039  0.21043287 -0.57397212]
1.385004282,[ 0.25489997  0.41417423 -0.97401129],[0.91307773 1.07968881 0.60217151],0.4306775758,[ 0.10903241  0.23455735 -0.5793584 ]
1.386001348,[ 0.29889824  0.41747731 -1.00580783],[0.91376897 1.0787677  0.60214315],0.4310852484,[ 0.14077367  0.28472767 -0.59123286]
1.387007713,[ 0.33265643  0.41518939 -1.0318822 ],[0.91438585 1.07783672 0.60212678],0.4315008394,[ 0.16484766  0.31999239 -0.60185517]
1.388000011,[ 0.36813006  0.40499336 -1.06072868],[0.91507956 1.07697345 0.60212693],0.4319238344,[ 0.1900605   0.35394532 -0.61237502]
1.388999462,[ 0.39696522  0.39110929 -1.08268623],[0.91591295 1.07620018 0.60213819],0.4323535626,[ 0.21069634  0.36808858 -0.61963949]
1.390033007,[ 0.4217511   0.37487081 -1.10028285],[0.91668946 1.07532196 0.6021667 ],0.4327892133,[ 0.22847783  0.3984392  -0.6251888 ]
1.390996456,[ 0.44837696  0.35266593 -1.12041904],[0.91739508 1.07436165 0.60221124],0.4332298573,[ 0.24730656  0.39482207 -0.63198746]
1.391993999,[ 0.47022546  0.32329929 -1.14466127],[0.91807591 1.07332754 0.60227346],0.4336744737,[ 0.26193068  0.36704427 -0.64133536]
1.393020868,[ 0.49130194  0.28739625 -1.17721345],[0.91936068 1.07212344 0.60177536],0.4341219806,[ 0.27507114  0.33334452 -0.65683852]
1.393995047,[ 0.50547173  0.25457805 -1.21184053],[0.92000264 1.07094891 0.60186736],0.4345712676,[ 0.28263207  0.29604367 -0.67394328]
1.394996643,[ 0.52354288  0.21685146 -1.25465013],[0.92061961 1.06961506 0.60197983],0.435021231,[ 0.29237096  0.24258658 -0.69510188]
1.396039724,[ 0.54071442  0.18169665 -1.28574046],[0.9211815  1.06831073 0.60209755],0.4354708091,[ 0.30254818  0.18579364 -0.71030338]
1.397023916,[ 0.56151648  0.13657878 -1.30617724],[0.92182853 1.06699135 0.60223573],0.4359190161,[ 0.31656354  0.13592153 -0.71888357]
1.39802742,[ 0.57584814  0.10291739 -1.3180543 ],[0.92263475 1.06575776 0.60238654],0.4363649744,[ 0.32642214  0.1039457  -0.72357385]
1.399018764,[ 0.58555913  0.05995855 -1.3346937 ],[0.92327684 1.06443562 0.60254713],0.4368079437,[ 0.3321658   0.07774136 -0.73076068]
1.399996758,[ 0.57963732  0.01562565 -1.36120217],[0.9239797  1.06306817 0.60271703],0.4372473449,[ 0.32478437  0.04233131 -0.74624438]
1.401000261,[ 0.55810642 -0.0291567  -1.39679268],[0.92486426 1.06171778 0.60289637],0.4376827802,[ 0.30457683  0.0064551  -0.76771576]
1.401991367,[ 0.52929296 -0.07218271 -1.43253053],[0.92574601 1.06040631 0.60306752],0.4381140453,[ 0.27864148 -0.01401473 -0.79028244]
1.402998447,[ 0.50181686 -0.10850812 -1.45851277],[0.92673447 1.05910925 0.60324104],0.4385411368,[ 0.25476479 -0.01881503 -0.80699241]
1.403995275,[ 0.4866674  -0.12976934 -1.47341952],[0.92770181 1.05783999 0.60340651],0.4389642513,[ 0.24150015 -0.00937964 -0.81699383]
1.405038834,[ 0.46753789 -0.15033151 -1.48470242],[0.92864853 1.05643687 0.60357104],0.4393837789,[ 0.22531941 -0.02925735 -0.82698295]
1.405994415,[ 0.44652179 -0.16845018 -1.50063001],[0.92966223 1.05504512 0.60373108],0.4398002884,[ 0.20731934 -0.03620041 -0.83991888]
1.406995058,[ 0.42955617 -0.17961438 -1.51275163],[0.93075114 1.05372342 0.60388066],0.4402145076,[ 0.19288447 -0.00966247 -0.85190257]
1.408037186,[ 0.40397697 -0.18976904 -1.53234001],[0.93192623 1.05241472 0.60402058],0.440627297,[ 0.17108579  0.025128   -0.86911354]
1.409032106,[ 0.37220417 -0.19561152 -1.5533379 ],[0.93315171 1.05112164 0.60415052],0.4410396188,[ 0.14435829  0.04159374 -0.88648581]
1.410038233,[ 0.33037269 -0.19793049 -1.5701631 ],[0.93442624 1.04970576 0.60427336],0.4414525026,[ 0.11020251  0.04442571 -0.90149634]
1.410997391,[ 0.27842731 -0.19710493 -1.5816107 ],[0.93558518 1.04835921 0.60437508],0.4418670072,[ 0.06866562  0.0682316  -0.91213915]
1.412032366,[ 0.21818136 -0.19461946 -1.58951644],[0.93680331 1.04691375 0.60446309],0.4422841824,[ 0.02099285  0.06705563 -0.92163759]
1.413002968,[ 0.16625537 -0.19365388 -1.59626892],[0.93805861 1.04535471 0.60453973],0.4427050296,[-0.02007834  0.04684044 -0.92909733]
1.414034367,[ 0.12163987 -0.19461814 -1.60898569],[0.93926756 1.04382298 0.60460202],0.4431304643,[-5.59526935e-02  3.65938330e-04 -9.38782290e-01]
1.414989948,[ 0.079995   -0.19695617 -1.6236611 ],[0.94051418 1.04226893 0.60465382],0.4435612805,[-0.08971121 -0.03027705 -0.94941068]
1.416031599,[ 0.04087785 -0.20060807 -1.63956854],[0.94171293 1.04075196 0.60469314],0.4439981194,[-0.12159926 -0.03633413 -0.96139933]
1.4170506,[-0.00443258 -0.20889616 -1.65687734],[0.94308668 1.03911376 0.60472205],0.4444414428,[-0.15843742 -0.04593364 -0.9746429 ]
1.41804409,[-0.04673193 -0.22238411 -1.67041047],[0.94450419 1.03770782 0.60473408],0.4448915121,[-0.19265289 -0.06692991 -0.98676343]
1.419032812,[-0.08212041 -0.24190101 -1.68145687],[0.94600886 1.03611972 0.60473969],0.4453483739,[-0.22119729 -0.09012997 -0.9964881 ]
1.420038462,[-0.1219478  -0.26535898 -1.68958312],[0.94747668 1.03469403 0.60473361],0.445811853,[-0.25296772 -0.10584462 -1.00596634]
1.421040297,[-0.16108815 -0.28721493 -1.7000473 ],[0.94920906 1.0332538  0.60471774],0.4462815522,[-0.28440353 -0.08534075 -1.01622105]
1.422037601,[-0.2134606  -0.31102401 -1.7275251 ],[0.95088813 1.03174382 0.60468648],0.4467568605,[-0.32775312 -0.086483   -1.03848085]
1.423041582,[-0.26293517 -0.32935175 -1.75946474],[0.95271843 1.03037422 0.60464409],0.4472369676,[-0.36928117 -0.07196305 -1.06224118]
1.424038887,[-0.30415111 -0.34297076 -1.79288112],[0.95457308 1.02897426 0.60459507],0.447720886,[-0.40455403 -0.09869847 -1.08480177]
1.425045252,[-0.34040388 -0.35214078 -1.82000982],[0.95628655 1.0273025  0.6045412 ],0.4482074789,[-0.43536022 -0.11907656 -1.10246238]
1.426029921,[-0.37513073 -0.35526234 -1.84546821],[0.95866135 1.0253355  0.60406694],0.4486954938,[-0.46484361 -0.17586632 -1.11927415]
1.427029133,[-0.40998192 -0.35191917 -1.87179861],[0.96031696 1.0234908  0.60399292],0.4491836004,[-0.49444265 -0.23341652 -1.13688172]
1.428000927,[-0.44591969 -0.34152976 -1.90275444],[0.961942   1.02152855 0.60390571],0.4496704311,[-0.52522449 -0.29020158 -1.15797852]
1.429038763,[-0.48334345 -0.32627568 -1.93625907],[0.96373539 1.01968587 0.60380124],0.4501546245,[-0.55746705 -0.33266473 -1.18181808]
1.430034161,[-0.51413614 -0.3120195  -1.96567718],[0.96532536 1.01753358 0.60368461],0.4506348686,[-0.58395645 -0.34035459 -1.20353093]
1.431037664,[-0.54178096 -0.2952258  -2.00095715],[0.96701059 1.01548522 0.60355984],0.4511099434,[-0.6084559  -0.35928079 -1.2272969 ]
1.432037115,[-0.56493902 -0.28177008 -2.02998483],[0.96884823 1.01347689 0.60342117],0.4515787611,[-0.62886785 -0.34668756 -1.24742543]
1.43303895,[-0.58871847 -0.27008975 -2.05578275],[0.97078077 1.01162314 0.60327305],0.4520404039,[-0.64945584 -0.31536621 -1.26494603]
1.434003115,[-0.60989858 -0.26019526 -2.08342404],[0.97296201 1.00969543 0.60311142],0.4524941557,[-0.66826347 -0.27943794 -1.28307924]
1.435039759,[-0.62798549 -0.25108597 -2.12262599],[0.97521861 1.00793325 0.60295039],0.4529395294,[-0.68580373 -0.22932716 -1.3071492 ]
1.436006308,[-0.6378023  -0.24312186 -2.16174242],[0.97753351 1.00612186 0.60278522],0.4533762871,[-0.69701754 -0.18730484 -1.33026668]
1.43703866,[-0.63998937 -0.23464352 -2.1919513 ],[0.97983911 1.00427702 0.60262781],0.4538044535,[-0.70153669 -0.15427993 -1.34780438]
1.437995434,[-0.63910794 -0.22511481 -2.21487807],[0.98212663 1.00235414 0.60245426],0.4542243213,[-0.70306866 -0.13051742 -1.36137864]
1.439040899,[-0.63208865 -0.21238345 -2.23663358],[0.98429628 1.00046902 0.60229898],0.4546364494,[-0.69965226 -0.12410721 -1.37337726]
1.440032005,[-0.62167769 -0.19889261 -2.25817885],[0.98659959 0.99830863 0.60213035],0.4550416528,[-0.69357528 -0.12536953 -1.38518845]
1.441006184,[-0.61595007 -0.18793905 -2.2777628 ],[0.98866801 0.99624047 0.60197871],0.4554409856,[-0.69089052 -0.1438217  -1.39568253]
1.442035437,[-0.61271143 -0.17701218 -2.2985828 ],[0.99086037 0.99393773 0.60181387],0.4558357165,[-0.69024193 -0.16168666 -1.40780863]
1.442999125,[-0.61170227 -0.16664547 -2.32467372],[0.99294136 0.99182981 0.60166417],0.4562272985,[-0.69168674 -0.16645127 -1.42194834]
1.444028616,[-0.6100137  -0.15519115 -2.36176865],[0.99521719 0.98945766 0.60149809],0.4566173324,[-0.69367225 -0.16597563 -1.44336621]
1.444997311,[-0.6046135  -0.14789167 -2.39849106],[0.99737076 0.98718359 0.60135327],0.4570075265,[-0.69256406 -0.15476423 -1.46158607]
1.446025848,[-0.59257219 -0.14583151 -2.43679863],[0.99962078 0.98496649 0.60121103],0.4573996532,[-0.68647532 -0.1476524  -1.48075094]
1.447037458,[-0.57607752 -0.14599276 -2.47040907],[1.0021103  0.9827005  0.60106723],0.4577955026,[-0.67646097 -0.13497334 -1.49617801]
1.448030472,[-0.55406394 -0.14955075 -2.50098055],[1.00454932 0.98065427 0.60094156],0.4581968361,[-0.66201787 -0.11441678 -1.51078575]
1.449018955,[-0.52654255 -0.15825605 -2.53303665],[1.00715772 0.9784239  0.60081346],0.4586053402,[-0.64360524 -0.10454143 -1.52668715]
1.450039864,[-0.50037009 -0.16780826 -2.56437209],[1.00968978 0.97636289 0.6007023 ],0.4590225818,[-0.62621097 -0.09063839 -1.54269564]
1.450994968,[-0.47192324 -0.1779457  -2.59469683],[1.01235809 0.97411954 0.60059413],0.4594499668,[-0.60701197 -0.08370206 -1.5580217 ]
1.451998234,[-0.43549917 -0.19164214 -2.63315824],[1.01490989 0.97178127 0.60050512],0.4598887016,[-0.58239158 -0.1035378  -1.57788782]
1.453004122,[-0.39822338 -0.20126507 -2.6666868 ],[1.01748765 0.96949526 0.60042447],0.4603397611,[-0.55672811 -0.11121149 -1.59547741]
1.453995943,[-0.35323227 -0.20803855 -2.69543988],[1.01998927 0.96725926 0.60036241],0.4608038605,[-0.52450345 -0.12571666 -1.60840802]
1.455026388,[-0.30327826 -0.21293211 -2.71542239],[1.02249853 0.96463177 0.60030933],0.4612814347,[-0.48771326 -0.15423976 -1.61718387]
1.455992937,[-0.26203925 -0.21634784 -2.72994599],[1.02488142 0.96230308 0.60027589],0.4617726236,[-0.45706794 -0.16936231 -1.62233673]
1.456996679,[-0.21964259 -0.21798761 -2.75950341],[1.02738947 0.95983824 0.6002479 ],0.4622772649,[-0.42690907 -0.19475929 -1.63677129]
1.457994938,[-0.19104186 -0.21871105 -2.78964452],[1.02992258 0.95738988 0.60022484],0.462794893,[-0.40760846 -0.20574441 -1.65356656]
1.459041595,[-0.16406011 -0.22061491 -2.82271351],[1.0342479 0.9537026 0.5996636],0.4633247458,[-0.38972274 -0.20331169 -1.67105742]
1.459997416,[-0.14008136 -0.22469994 -2.84505066],[1.03689367 0.95115544 0.59965596],0.4638657768,[-0.37316333 -0.21548272 -1.68228749]
1.461003304,[-0.10733661 -0.23184632 -2.8566256 ],[1.03942934 0.94880887 0.59965414],0.4644166743,[-0.34891539 -0.20334293 -1.68750895]
1.462038279,[-0.07418319 -0.24247149 -2.85798421],[1.04209978 0.94644399 0.5996652 ],0.464975885,[-0.3232523  -0.19430336 -1.68497215]
1.463038921,[-0.05063639 -0.25444233 -2.85658004],[1.04474144 0.94409554 0.59968342],0.4655416433,[-0.3049534  -0.19233262 -1.68278288]
1.464021921,[-0.03238107 -0.26777232 -2.86165688],[1.04756213 0.94169095 0.59970531],0.4661120031,[-0.29146506 -0.18261326 -1.68616079]
1.46501708,[-0.01355856 -0.28527787 -2.87471248],[1.05012628 0.93948429 0.59973021],0.4666848741,[-0.27839226 -0.2005782  -1.69494352]
1.466037512,[ 0.0072894  -0.30067778 -2.88567395],[1.05281727 0.93716449 0.59975881],0.4672580586,[-0.26369627 -0.21417487 -1.70395587]
1.466995955,[ 0.02640503 -0.31068984 -2.88909525],[1.05560596 0.93478683 0.59979633],0.4678292904,[-0.2494667  -0.20035334 -1.70696299]
1.467994213,[ 0.04460908 -0.3177546  -2.88737769],[1.05832723 0.93254317 0.5998352 ],0.4683962734,[-0.23543736 -0.19786033 -1.70695286]
1.469049692,[ 0.06185003 -0.3224529  -2.88285955],[1.06092471 0.93042978 0.59987905],0.4689567194,[-0.22174529 -0.18031911 -1.70364053]
1.470037222,[ 0.07141018 -0.32382068 -2.87770396],[1.06361796 0.9282332  0.59992851],0.4695083852,[-0.21394162 -0.16380302 -1.70025105]
1.471003294,[ 0.07821647 -0.32228813 -2.87444008],[1.06632565 0.92584826 0.59998722],0.470049106,[-0.20840244 -0.1773057  -1.69706805]
1.472005844,[ 0.08439697 -0.32101989 -2.87225663],[1.06874625 0.92361248 0.60004386],0.4705768271,[-0.2034748  -0.20329872 -1.69469379]
1.47304368,[ 0.0905406  -0.32053843 -2.86690676],[1.07124311 0.92130044 0.6001065 ],0.471089632,[-0.19822037 -0.21864168 -1.69007205]
1.473997355,[ 0.09972517 -0.32072487 -2.85942883],[1.07381314 0.91880127 0.6001806 ],0.4715857664,[-0.19033988 -0.23052105 -1.6831175 ]
1.475002766,[ 0.10795946 -0.32033163 -2.85104151],[1.07619227 0.91647309 0.60025182],0.4720636581,[-0.18320007 -0.24609752 -1.67733553]
1.476043224,[ 0.11221002 -0.32138956 -2.83844864],[1.0784565  0.91421586 0.60032223],0.472521933,[-0.17870301 -0.29398956 -1.66876917]
1.476999044,[ 0.10991374 -0.32378235 -2.82403834],[1.08085022 0.9118992  0.60039622],0.4729594267,[-0.17909566 -0.32680841 -1.65963829]
1.477993965,[ 0.09883086 -0.32859632 -2.79950498],[1.08331076 0.90956362 0.60046992],0.4733751913,[-0.18546123 -0.34462147 -1.64607106]
1.478999853,[ 0.08192451 -0.33435166 -2.77391691],[1.08548746 0.90737566 0.60053481],0.4737684993,[-0.19637622 -0.37407005 -1.63322444]
1.47999239,[ 0.06490409 -0.33981425 -2.7488885 ],[1.0878447  0.90522911 0.60059494],0.4741388419,[-0.20744146 -0.3738805  -1.62133533]
1.481048107,[ 0.04922175 -0.34396416 -2.72356473],[1.09029658 0.90304205 0.60064496],0.4744859254,[-0.21756075 -0.36419434 -1.61092823]
1.482027769,[ 0.0292912  -0.34638089 -2.69025607],[1.09264876 0.90119577 0.60069713],0.4748096635,[-0.23001981 -0.36929476 -1.59301004]
1.483035803,[ 0.01056557 -0.34692529 -2.65737741],[1.09492525 0.89917642 0.60074225],0.4751101665,[-0.24171431 -0.36661242 -1.57623908]
1.483992815,[-0.0089099  -0.34527969 -2.62437412],[1.09711259 0.89710115 0.60078126],0.4753877287,[-0.25405624 -0.37471856 -1.56012462]
1.48504281,[-0.02893294 -0.3396408  -2.58570387],[1.09914134 0.89498046 0.60081401],0.4756428135,[-0.26626687 -0.37508638 -1.54127946]
1.486039877,[-0.04630714 -0.3321251  -2.55391419],[1.10129947 0.89281801 0.60084203],0.4758760369,[-0.27702233 -0.38905908 -1.52552102]
1.487021923,[-0.06591257 -0.31988913 -2.5220458 ],[1.10319592 0.89075318 0.60086253],0.4760881499,[-0.28939621 -0.39877938 -1.50886051]
1.487996817,[-0.09115897 -0.30433413 -2.48781135],[1.10508975 0.88866501 0.60087353],0.4762800204,[-0.30592645 -0.40534237 -1.49160361]
1.489041567,[-0.12249043 -0.28654513 -2.45067147],[1.10688031 0.88672543 0.60087336],0.4764526139,[-0.32677929 -0.3965273  -1.47214624]
1.490038633,[-0.15588157 -0.26950893 -2.4166603 ],[1.10882122 0.88466367 0.60086071],0.4766069753,[-0.34954688 -0.38000224 -1.45502726]
1.490992546,[-0.19629169 -0.25106439 -2.38306418],[1.11067907 0.88277347 0.60083278],0.4767442102,[-0.37782924 -0.35214212 -1.4387093 ]
1.492028952,[-0.22446056 -0.23707578 -2.35853289],[1.11253729 0.88100223 0.60079022],0.476865467,[-0.39744904 -0.32575053 -1.42752409]
1.493033409,[-0.25893664 -0.21850789 -2.32102782],[1.11433229 0.87927265 0.60073776],0.47697192,[-0.42073181 -0.30665685 -1.40856373]
1.494008303,[-0.29314208 -0.19898689 -2.28030973],[1.11700045 0.87712198 0.60023125],0.4770647529,[-0.44364932 -0.28881654 -1.3899556 ]
1.494999886,[-0.31832946 -0.1823208  -2.25001288],[1.1187981  0.875464   0.60014927],0.4771451443,[-0.46040587 -0.27750938 -1.37475871]
1.495998621,[-0.34847482 -0.16615564 -2.21929878],[1.12042163 0.87384292 0.60005706],0.477214254,[-0.48107234 -0.26939537 -1.36058203]
1.497030497,[-0.3795063  -0.14973369 -2.18896551],[1.12212884 0.87209254 0.59995141],0.4772732108,[-0.50238788 -0.26612784 -1.34549968]
1.497994184,[-0.40616957 -0.13639574 -2.16234458],[1.12370551 0.87036859 0.5998363 ],0.4773231017,[-0.52067612 -0.28367363 -1.33359316]
1.498996258,[-0.43736319 -0.1214361  -2.13118024],[1.12518228 0.86872094 0.59971681],0.4773649631,[-0.54199706 -0.27975065 -1.3181658 ]