timestamps,pos_com_hist,pos_clear_hist,angmom_wb_hist
0,[-0.06534182 -0.87236183  0.66009006],[-0.11039083 -0.93486108 -0.00533571],[ 1.05664791 -0.28712824  0.21284416]
0.005046129227,[-0.06044074 -0.87170905  0.66400845],[-0.10999833 -0.93260137 -0.0049032 ],[ 1.49753975 -0.31533296  0.44591698]
0.009999036789,[-0.05708292 -0.87096552  0.66829475],[-0.11014222 -0.93030235 -0.00433027],[ 1.01454561 -0.35030089  0.07140976]
0.01505208015,[-0.05491758 -0.87023418  0.67294998],[-0.11043193 -0.92787382 -0.00380299],[ 0.3904298  -0.55200271 -0.16830765]
0.02000164986,[-0.05300196 -0.86919441  0.6777429 ],[-0.11079298 -0.92486443 -0.00353424],[ 0.36513749 -0.46379333 -0.19133132]
0.02505373955,[-0.05167816 -0.86812188  0.68185832],[-0.11162519 -0.92100941 -0.00507089],[ 0.50343764 -0.62844781 -0.18600579]
0.03000068665,[-0.04957597 -0.86736367  0.68655842],[-0.11241569 -0.91672375 -0.00523966],[ 0.7492678  -1.19263459 -0.29147015]
0.03503656387,[-0.04864431 -0.86660638  0.69181961],[-0.11346875 -0.91201965 -0.00526739],[-0.16128815 -0.99764475 -0.63865939]
0.04000735283,[-0.04812996 -0.86535097  0.6973368 ],[-0.11469542 -0.90667074 -0.00517067],[-0.09026841 -0.44687556 -0.47072951]
0.04500198364,[-0.04759924 -0.86424845  0.70276345],[-0.11575329 -0.90054916 -0.00519129],[-0.02405037 -1.02727874 -0.59641479]
0.05001211166,[-0.04683516 -0.86302141  0.70800988],[-0.11643288 -0.89373387 -0.00527832],[-0.0802187  -1.54673154 -0.68582295]
0.05505228043,[-0.04561372 -0.86215288  0.71202989],[-0.1168987  -0.88584929 -0.00673474],[ 0.38306564 -1.00584094 -0.31571132]
0.06005597115,[-0.0441943  -0.86084012  0.71757484],[-0.1165555  -0.87818335 -0.00643546],[ 0.08014814 -1.24397328 -0.29425562]
0.06500267982,[-0.04299526 -0.85963756  0.72352934],[-0.11581601 -0.8704027  -0.00568972],[-0.23198331 -1.3726017  -0.40864375]
0.07003760338,[-0.04151624 -0.85784604  0.72972134],[-0.1147371  -0.86201344 -0.00486849],[-0.21819816 -0.93254808 -0.24233711]
0.07505059242,[-0.0390761  -0.8544949   0.73713713],[-0.11298277 -0.85312922 -0.00415198],[ 0.05788227 -0.35883094  0.11748891]
0.08005309105,[-0.03649421 -0.85224298  0.74382121],[-0.11054868 -0.8441967  -0.00327828],[-0.29456376 -0.55959426  0.10861141]
0.08501434326,[-0.03453519 -0.85014242  0.75065276],[-0.10783213 -0.83478927 -0.0023261 ],[-0.49176341 -0.39927929  0.16273015]
0.09001779556,[-0.03173041 -0.84922199  0.75596829],[-0.1047278  -0.82404372 -0.0029918 ],[-0.47494029 -0.36416155  0.17403617]
0.09500265121,[-0.02827707 -0.84674094  0.76260699],[-0.10155651 -0.81330216 -0.002503  ],[-0.08076652  0.46885045  0.56015237]
0.1000015736,[-0.02459714 -0.84410383  0.76944676],[-0.09814925 -0.8022473  -0.0018914 ],[-0.01899184 -0.07106833  0.4933562 ]
0.1050033569,[-0.02075038 -0.84216361  0.77606686],[-0.09508072 -0.79039675 -0.00126749],[ 0.26794926 -0.67408371  0.41596159]
0.1099989414,[-0.01716502 -0.84072826  0.78232203],[-9.25328528e-02 -7.77804430e-01 -6.68354826e-04],[ 0.30593633 -0.38643736  0.41096844]
0.1150083542,[-0.01307794 -0.83920183  0.78881033],[-9.02478612e-02 -7.64951303e-01  1.28414911e-04],[0.47006275 0.04357509 0.58415625]
0.1200120449,[-0.00892573 -0.83931897  0.7940604 ],[-8.75692223e-02 -7.51257323e-01 -1.81055627e-04],[-0.18058302  0.08557551  0.46923249]
0.1250076294,[-0.00575412 -0.83586386  0.80236295],[-8.58271384e-02 -7.37429791e-01  5.61641941e-04],[ 0.02215429 -0.46811089  0.49494759]
0.1300141811,[-0.00270384 -0.83566286  0.8079965 ],[-0.08471413 -0.72279378  0.00123343],[ 0.18770276 -1.3031389   0.24904661]
0.1350195408,[ 1.10452988e-04 -8.36371791e-01  8.12583162e-01],[-0.08396992 -0.7080281   0.00227455],[-0.19973916 -1.77767068  0.12208558]
0.1400060654,[ 7.92466475e-04 -8.39386699e-01  8.16118839e-01],[-0.08227924 -0.69398934  0.00360613],[-2.96484386 -3.80880197  0.33736907]
0.1450166702,[ 0.00169407 -0.84125787  0.8206979 ],[-0.07864564 -0.68389802  0.0057205 ],[-1.44485199 -1.47829086  0.54690068]
0.1500062943,[ 0.00399087 -0.84190646  0.82531102],[-0.07514922 -0.67488117  0.00852617],[-0.30299407 -0.89951085  0.46403142]
0.154998064,[ 0.00758016 -0.84474066  0.82688042],[-0.0729046  -0.66477556  0.01032677],[-0.10746227 -2.02900225 -0.1733117 ]
0.160007,[ 0.01014933 -0.84765663  0.82931608],[-0.07059721 -0.65700537  0.01317859],[ 0.12543946 -3.65308495 -0.57689041]
0.1649990082,[ 0.01430491 -0.85024527  0.83158592],[-0.06785633 -0.6515342   0.01662004],[ 1.25253408 -2.68648732 -0.40729815]
0.1700057983,[ 0.01715474 -0.85153777  0.83444626],[-0.06416639 -0.64921372  0.02042588],[-0.15803044 -1.56706804  0.12090952]
0.1750044823,[ 0.01964085 -0.85292241  0.83708003],[-0.05913984 -0.64943644  0.02409729],[-0.67060088 -1.58551885  0.52721918]
0.1800186634,[ 0.02190855 -0.85450174  0.83970157],[-0.05317125 -0.65127067  0.02782891],[-1.01869597 -2.32138759  0.49883194]
0.1849989891,[ 0.0244089  -0.85512452  0.84256682],[-0.0471402  -0.65468393  0.03184899],[-0.39533979 -0.6593639   0.90291834]
0.1900136471,[ 0.0270494  -0.85469082  0.84437568],[-0.04078379 -0.65907932  0.034812  ],[-0.82754653 -1.05973613  0.50836893]
0.1950078011,[ 0.02963732 -0.85487815  0.84744303],[-0.03529407 -0.6637825   0.03915152],[-0.48301352 -0.29737207  0.19896394]
0.2000024319,[ 0.03441264 -0.85408596  0.85086696],[-0.03021822 -0.66887412  0.0436385 ],[1.88378457 0.56311447 0.37180415]
0.2050061226,[ 0.03892603 -0.8528513   0.85410723],[-0.02559826 -0.67367616  0.04801016],[0.29072325 0.91140632 0.26467705]
0.2100059986,[ 0.04177449 -0.85190054  0.85712942],[-0.02111366 -0.67840912  0.05196566],[-0.23225279  0.63146807  0.42696699]
0.215003252,[ 0.04513876 -0.85143953  0.85945185],[-0.01592308 -0.68275727  0.05558315],[ 0.08582205 -0.28215932  0.50591386]
0.2200112343,[ 0.04800577 -0.85003692  0.86056425],[-0.01036073 -0.68712491  0.0578741 ],[-0.83073579 -0.41596789  0.32042267]
0.2250139713,[ 0.05018567 -0.85083698  0.86144879],[-0.00489133 -0.69169297  0.06116541],[-0.75834483 -0.18040172  0.44470101]
0.2300043106,[ 0.05256353 -0.85072123  0.86290593],[ 0.00069861 -0.69640711  0.06443196],[-0.67572571 -0.8067271   0.34550607]
0.2350091934,[ 0.05497411 -0.85136007  0.86376241],[ 0.00650672 -0.7003039   0.06756455],[-0.53788151 -0.95086474  0.40764006]
0.2400035858,[ 0.05843716 -0.85061625  0.86546218],[ 0.01199148 -0.70521464  0.07063569],[0.15783937 0.24955276 0.55120801]
0.2449979782,[ 0.06136117 -0.84991593  0.86677034],[ 0.01716498 -0.70914621  0.07335845],[-0.66039545  0.27887583  0.43019748]
0.2500026226,[ 0.06427342 -0.84916565  0.86771355],[ 0.02218284 -0.71267515  0.07558711],[-0.03459024  0.61940175  0.51943488]
0.2550029755,[ 0.06800339 -0.84722919  0.86717825],[ 0.02756399 -0.71595018  0.0760135 ],[-0.18403864 -0.11608185  0.39078813]
0.2600026131,[ 0.07017236 -0.84710357  0.8669975 ],[ 0.03240582 -0.71873404  0.07743274],[-1.23573546 -0.38344872  0.21923774]
0.2650022507,[ 0.07214898 -0.84721813  0.86652152],[ 0.03744851 -0.72158677  0.07867395],[-1.03174238 -0.40057539  0.25994505]
0.270005703,[ 0.07482194 -0.84712801  0.86583554],[ 0.04256455 -0.72436381  0.07988925],[-0.29334104 -0.29563687  0.36206826]
0.2750029564,[ 0.07734297 -0.84738205  0.86448199],[ 0.04792457 -0.72743506  0.08103846],[-0.73496326 -0.14320757  0.33279588]
0.2800123692,[ 0.08018974 -0.84707996  0.86356359],[ 0.05335839 -0.73037034  0.08199868],[-0.30757046 -0.30473766  0.46281902]
0.2850022316,[ 0.08295678 -0.84687891  0.86234416],[ 0.05880089 -0.73329382  0.0827486 ],[-0.66119622 -0.3336647   0.34871628]
0.2900128365,[ 0.08623911 -0.84566891  0.85965665],[ 0.06481148 -0.73616055  0.08186466],[-0.48743053 -0.28929264  0.41858833]
0.2950029373,[ 0.08917079 -0.84532369  0.85784838],[ 0.07022352 -0.73896987  0.0821916 ],[-0.2929052   0.03672888  0.4507762 ]
0.3000090122,[ 0.09158336 -0.84459793  0.85610476],[ 0.0756043  -0.74184632  0.08231101],[-0.93353429  0.56728616  0.33276845]
0.3050022125,[ 0.09464886 -0.84384546  0.85394627],[ 0.08057994 -0.74432796  0.08212058],[0.20244607 0.26608243 0.44234035]
0.3100028038,[ 0.09796187 -0.84338735  0.85159904],[ 0.08553789 -0.74654111  0.08159422],[-0.13324698 -0.27183662  0.32939349]
0.3150084019,[ 0.10042357 -0.84283193  0.84883753],[ 0.09029578 -0.74855794  0.08081807],[-0.69945959  0.31682918  0.21579953]
0.3200175762,[ 0.10416195 -0.84166432  0.84424918],[ 0.09583177 -0.75032823  0.07828177],[-0.55440966 -0.13038088  0.31747896]
0.3250083923,[ 0.10686897 -0.84222545  0.84016982],[ 0.10098927 -0.75208971  0.07708304],[-0.55073317 -0.74700658  0.28264599]
0.330009222,[ 0.10920686 -0.84205446  0.83646635],[ 0.10635536 -0.753984    0.07591432],[-0.9554749  -0.15922823  0.3050776 ]
0.335007906,[ 0.11128098 -0.84177975  0.83262636],[ 0.11189064 -0.75587911  0.0746122 ],[-0.56731788 -0.09853368  0.40826807]
0.3400220871,[ 0.114468   -0.84155552  0.82847618],[ 0.11744327 -0.75773671  0.07307441],[-0.21296592 -0.36381328  0.47631748]
0.3450088501,[ 0.11762014 -0.84133332  0.82422085],[ 0.12280328 -0.7596485   0.0713864 ],[-0.32988902 -0.30021006  0.38774831]
0.3500113487,[ 0.12044775 -0.84110702  0.81967499],[ 0.12801019 -0.76153705  0.06947212],[-0.37648671 -0.24955414  0.32248306]
0.3550055027,[ 0.12536409 -0.84021871  0.81368693],[ 0.1336304  -0.76318963  0.06586303],[ 0.31052236 -0.24645898  0.44798053]
0.3600037098,[ 0.13023586 -0.83963358  0.808733  ],[ 0.13860524 -0.76496641  0.06337589],[ 0.80317363 -0.2546413   0.69123667]
0.3650066853,[ 0.13387553 -0.83935722  0.80354742],[ 0.14344969 -0.76717264  0.06065997],[ 0.19865259 -0.05363336  0.41047969]
0.3700072765,[ 0.13793956 -0.83874964  0.79815208],[ 0.14818596 -0.76946762  0.05766465],[ 0.10896372 -0.13461589  0.52806991]
0.3750042915,[ 0.14122889 -0.83833116  0.79258483],[ 0.15288193 -0.77180404  0.05431261],[-0.25894637 -0.09872592  0.37022645]
0.3800213337,[ 0.14394188 -0.83827077  0.78640487],[ 0.15746459 -0.77429601  0.05063806],[-0.3144015   0.04354974  0.35369376]
0.3850226402,[ 0.14707351 -0.8377291   0.78047126],[ 0.16211822 -0.77642205  0.04650451],[-0.10906264  0.14027689  0.396469  ]
0.3900072575,[ 0.15031385 -0.83722208  0.77272471],[ 0.16696833 -0.77843699  0.04040505],[-0.58964534  0.12002363  0.24922302]
0.3950064182,[ 0.15352683 -0.83691095  0.76643997],[ 0.17142797 -0.78012532  0.03533262],[-0.00346801 -0.21681168  0.42879577]
0.3999989033,[ 0.15651678 -0.83643751  0.75986977],[ 0.1757227  -0.78164364  0.02978688],[-0.49551588  0.27525934  0.22961338]
0.4050004482,[ 0.15928078 -0.83595067  0.75302904],[ 0.18003321 -0.78293475  0.02360837],[-0.1665882   0.11519428  0.38839957]
0.4100010395,[ 0.16272406 -0.83555648  0.7458074 ],[ 0.18420257 -0.78377359  0.01682454],[-0.26770941  0.002881    0.3286601 ]
0.4150006771,[ 0.16533216 -0.83503031  0.73833859],[ 0.18840743 -0.78466181  0.00964928],[-0.59607251  0.38747533  0.23797972]
0.4200055599,[ 0.1689993  -0.83470505  0.72841477],[ 1.93083617e-01 -7.85066131e-01  3.39773877e-04],[-0.08052279 -0.64504145  0.39980896]
0.4250075817,[ 0.17265324 -0.83620767  0.71740186],[ 0.19736167 -0.78594218 -0.00741692],[-0.43091307 -2.02516034  0.12711214]
0.4300088882,[ 0.17548192 -0.83795571  0.70596807],[ 0.20120191 -0.78924339 -0.01364842],[ 0.14579159 -1.25271795 -0.07588833]
0.4350147247,[ 0.18064561 -0.83862922  0.69575438],[ 0.20457832 -0.79435339 -0.01734335],[ 1.01138888 -1.33436985  0.26795399]
0.4400141239,[ 0.18300436 -0.83866705  0.68670528],[ 0.20766982 -0.80154296 -0.01872358],[ 0.1823285  -0.14265558 -0.42034723]
0.4450075626,[ 0.18595586 -0.83867736  0.67771268],[ 0.20993932 -0.80864505 -0.01861597],[ 1.18619866 -1.37994829  0.24317455]
0.4500117302,[ 0.18843331 -0.83898574  0.67048097],[ 0.21232964 -0.81650197 -0.01682842],[ 0.04837646 -0.80908372 -0.42458111]
0.4550049305,[ 0.19129448 -0.83871446  0.66497294],[ 0.21282955 -0.82486573 -0.01430243],[ 2.23840119 -1.19684395  0.07940503]
0.4600031376,[ 0.19354553 -0.83786453  0.66120375],[ 0.21264998 -0.83203348 -0.0116881 ],[ 1.44570965  1.2406495  -0.15807838]
0.4650061131,[ 0.1943223  -0.83627815  0.65718395],[ 0.21091621 -0.83834286 -0.01054057],[ 1.37857358  1.77219464 -0.16942555]
0.4700052738,[ 0.1958759  -0.8365302   0.65166751],[ 0.20930446 -0.84294389 -0.01150793],[ 1.39358868 -0.82882301 -0.32546406]
0.4750154018,[ 0.19678292 -0.83720115  0.64619708],[ 0.20817913 -0.84737029 -0.0133021 ],[ 1.01304866  0.35523264 -0.0424123 ]
0.4800195694,[ 0.19845224 -0.83745486  0.63999921],[ 0.20723039 -0.85124591 -0.01565026],[1.57391441 0.66976011 0.0018882 ]
0.4850010872,[ 0.20059258 -0.83779016  0.63418647],[ 0.20567161 -0.85490747 -0.01808495],[ 1.95859753 -0.01817788  0.07386237]
0.4900066853,[ 0.20330451 -0.83804013  0.62832012],[ 0.20408678 -0.85889906 -0.02024585],[ 1.56083856  0.15602606 -0.13112095]
0.4950025082,[ 0.2052074  -0.83817194  0.62313825],[ 0.20334406 -0.86317814 -0.0212997 ],[1.39275828 0.64962629 0.09654519]
0.5000030994,[ 0.20739421 -0.83851432  0.61843093],[ 0.20388214 -0.86772313 -0.02175831],[1.06174779 0.22639656 0.2169214 ]
0.5050017834,[ 0.20994462 -0.83863512  0.61445554],[ 0.20559332 -0.87244253 -0.02165073],[0.87087751 0.58751271 0.38038985]
0.5100016594,[ 0.21207623 -0.83869219  0.61101552],[ 0.20764482 -0.87715929 -0.02115275],[0.51938482 1.03285185 0.2992484 ]
0.5150039196,[ 0.21440269 -0.83886325  0.60793952],[ 0.20955423 -0.88162807 -0.02041141],[0.83944653 0.70979799 0.34810047]
0.5200047493,[ 0.21729689 -0.83853194  0.6059338 ],[ 0.21194309 -0.88614751 -0.01918377],[0.40305222 1.11048411 0.19589818]
0.5250198841,[ 0.2197249  -0.83834307  0.60384265],[ 0.21419268 -0.89001239 -0.01844239],[0.72632154 1.11444511 0.50037877]
0.5300030708,[ 0.22216038 -0.83844453  0.60174211],[ 0.21642926 -0.89338937 -0.01810351],[0.46861755 1.08197881 0.34895433]
0.5350012779,[ 0.22467607 -0.83818333  0.60034396],[ 0.21843685 -0.89635717 -0.01809006],[0.71558562 1.09877883 0.46438323]
0.5400042534,[ 0.22677736 -0.83819395  0.59877173],[ 0.21979918 -0.89897475 -0.01831338],[0.60836994 1.22922299 0.23175291]
0.5450046062,[ 0.22895057 -0.83814323  0.59762474],[ 0.22051122 -0.90108929 -0.01876082],[0.8590739  1.10197577 0.27775647]
0.5500285625,[ 0.23094701 -0.83810724  0.59652262],[ 0.2208052  -0.90278393 -0.01934548],[0.83738189 1.03439892 0.16300116]
0.555011034,[ 0.23363714 -0.83783547  0.59574458],[ 0.22101905 -0.90387412 -0.01964648],[0.81349978 0.99174744 0.08964519]
0.5600173473,[ 0.23562637 -0.83791287  0.59495186],[ 0.22074436 -0.90491673 -0.02002361],[1.16649217 0.55010649 0.20785419]
0.5650072098,[ 0.23776067 -0.83778535  0.59441487],[ 0.22041769 -0.90554182 -0.02025578],[1.12456541 0.62205134 0.18926878]
0.5700037479,[ 0.23953994 -0.83753787  0.59439786],[ 0.22018597 -0.90598458 -0.02014122],[0.9504289  0.75785252 0.13859116]
0.5750131607,[ 0.24176093 -0.83711244  0.59479789],[ 0.21992349 -0.90607666 -0.01977479],[1.23088618 0.59086647 0.23017676]
0.5801460743,[ 0.24395296 -0.83655907  0.59573359],[ 0.21972458 -0.90590427 -0.01942147],[0.84044421 0.62396774 0.07021267]
0.585003376,[ 0.24602459 -0.83597311  0.59685616],[ 0.21980413 -0.90514847 -0.01936632],[0.7243045  0.62516154 0.13192418]
0.5900113583,[ 0.24899185 -0.83543088  0.59844685],[ 0.22052726 -0.90355558 -0.0189558 ],[0.62491493 0.39634591 0.09735174]
0.5950012207,[ 0.25124763 -0.83447841  0.59991296],[ 0.22125893 -0.90203375 -0.0189662 ],[0.63076405 0.52952294 0.15886895]
0.600007534,[ 0.25371289 -0.83341241  0.60157123],[ 0.22213117 -0.90009469 -0.01907161],[0.56049692 0.29089308 0.11540601]
0.6050028801,[ 0.25637357 -0.83246134  0.60337384],[ 0.22311734 -0.89767038 -0.01930916],[ 6.29102371e-01 -2.38417327e-04  1.55331176e-01]
0.610001564,[ 0.25898678 -0.83137397  0.60537408],[ 0.22427511 -0.89495418 -0.01950253],[ 0.51687813 -0.06703522  0.11749135]
0.615016222,[ 0.26249637 -0.82987036  0.60728719],[ 0.22545974 -0.89192707 -0.01965425],[ 1.2277086  -0.19261833  0.53466999]
0.6200089455,[ 0.26621848 -0.82863058  0.60928509],[ 0.22646286 -0.88876416 -0.01970647],[ 0.93785674 -0.6394829   0.17819703]
0.6250061989,[ 0.27107409 -0.82698577  0.61204377],[ 0.22748644 -0.88490255 -0.01901333],[ 1.47912255 -0.61157698  0.51691839]
0.6300132275,[ 0.27452889 -0.82503398  0.61524741],[ 0.22775015 -0.88178811 -0.01854018],[ 1.00753268 -0.32323555  0.20106971]
0.6350135803,[ 0.27834231 -0.82335145  0.6182117 ],[ 0.22767277 -0.87858652 -0.01800393],[ 1.59553612 -0.85577449  0.46540762]
0.640005827,[ 0.28201793 -0.82153694  0.62154487],[ 0.22711773 -0.87519106 -0.01763902],[ 1.31081926 -0.65013921  0.18583916]
0.6450033188,[ 0.28560502 -0.81957947  0.6249248 ],[ 0.22590535 -0.8716106  -0.01749033],[ 1.78661983 -0.53122537  0.38179474]
0.650005579,[ 0.28932613 -0.81757046  0.62817046],[ 0.22389478 -0.86772065 -0.01754209],[ 1.87029798 -0.9801506   0.20405006]
0.6550016403,[ 0.29256036 -0.81565585  0.63261024],[ 0.22156104 -0.86328389 -0.01705295],[ 0.62086553 -0.85506601 -0.35675698]
0.6600093842,[ 0.29383781 -0.81391141  0.63669505],[ 0.21929573 -0.85897111 -0.01736921],[ 0.67540661 -0.88865812 -0.31507351]
0.6650059223,[ 0.29508938 -0.81230097  0.64072574],[ 0.21715909 -0.85392552 -0.01795149],[ 0.40434942 -1.03888038 -0.49410326]
0.6700029373,[ 0.29638602 -0.81093255  0.64467304],[ 0.21508193 -0.84821036 -0.01868807],[ 0.6141073  -1.3116532  -0.49170299]
0.6750032902,[ 0.2979854  -0.80968925  0.64867791],[ 0.21315652 -0.84185184 -0.01935794],[ 0.51156826 -1.42331917 -0.57368119]
0.6800136566,[ 0.29916937 -0.80756126  0.65376366],[ 0.21157674 -0.8352466  -0.01971005],[ 0.38887248 -1.21075859 -0.44237588]
0.6850044727,[ 0.30061621 -0.80560151  0.65848194],[ 0.21080776 -0.82834203 -0.01982841],[ 0.09573184 -1.27789386 -0.47829671]
0.6900053024,[ 0.30165797 -0.80418565  0.66427184],[ 0.21085467 -0.82028408 -0.01914012],[-0.20838843 -1.04504014 -0.39056979]
0.6950011253,[ 0.30397254 -0.80187642  0.66922507],[ 0.21139393 -0.81236219 -0.01921498],[ 0.40839307 -0.80773927 -0.02462885]
0.7000191212,[ 0.30703926 -0.79953006  0.67421132],[ 0.21225634 -0.80403289 -0.01927883],[ 0.55096505 -1.04771455  0.05629866]
0.7050411701,[ 0.3099253  -0.79725541  0.67947468],[ 0.21343045 -0.79539099 -0.01919497],[ 2.74827723e-01 -1.24361732e+00  1.27830387e-04]
0.709997654,[ 0.31245283 -0.79463546  0.68501567],[ 0.21490279 -0.78649121 -0.01908114],[-0.14357763 -0.95801391 -0.03693078]
0.71499753,[ 0.31557363 -0.79165528  0.69067957],[ 0.21661643 -0.77718927 -0.01902833],[ 0.15408655 -0.309598    0.30890718]
0.7200567722,[ 0.32040518 -0.78885026  0.69723781],[ 0.21890004 -0.76625652 -0.01800351],[ 0.48611125 -0.65563613  0.29309779]
0.7250390053,[ 0.32408402 -0.78600965  0.70308147],[ 0.22027365 -0.75603727 -0.01777733],[ 0.65642918 -0.87104087  0.29717304]
0.7300100327,[ 0.32778024 -0.78210601  0.71042385],[ 0.22122796 -0.74507636 -0.01763571],[ 0.82221871 -0.89130346  0.31144083]
0.7350578308,[ 0.33126232 -0.77863802  0.71685404],[ 0.22213134 -0.73373733 -0.01746589],[0.54301613 0.1619524  0.53067734]
0.7400074005,[ 0.33504731 -0.7750519   0.72360847],[ 0.22286911 -0.72205754 -0.01708906],[0.36617265 0.23137336 0.4461435 ]
0.7450511456,[ 0.33889979 -0.772102    0.72992131],[ 0.22278181 -0.709204   -0.01675243],[ 0.81072987 -0.68596929  0.2385762 ]
0.7500097752,[ 0.34276587 -0.7695522   0.73589453],[ 0.22215329 -0.69575068 -0.01650497],[ 0.81301984 -0.95461073  0.1704176 ]
0.7550137043,[ 0.34721962 -0.76767611  0.74334359],[ 0.2218883  -0.68126101 -0.01502132],[ 0.40742214 -0.17537206  0.34934634]
0.7600104809,[ 0.35056861 -0.76421535  0.75072541],[ 0.22179215 -0.66729443 -0.01435855],[-0.02124011  0.39156899  0.42860025]
0.7650098801,[ 0.35461816 -0.76129803  0.75737629],[ 0.22119251 -0.65195188 -0.01402195],[ 0.54248199 -0.13074982  0.42395333]
0.7700469494,[ 0.3592442  -0.75925619  0.76330516],[ 0.22029801 -0.63555816 -0.01384837],[ 0.43340071 -0.67139413  0.30660456]
0.7750141621,[ 0.36311641 -0.75673739  0.77007816],[ 0.2195573  -0.61903131 -0.01335861],[-0.08001378  0.13595899  0.59471566]
0.7800190449,[ 0.36614919 -0.75118954  0.7797061 ],[ 0.21912521 -0.60170834 -0.01296675],[-0.57800571  0.51795986  0.65231174]
0.785017252,[ 0.37003075 -0.74964981  0.78531215],[ 0.21860142 -0.58257382 -0.012768  ],[-0.42136089 -0.84363928  0.56875819]
0.7900261879,[ 0.37438863 -0.75034121  0.79106168],[ 0.21890942 -0.56161915 -0.0111252 ],[-0.66899015 -0.40624776  0.80294101]
0.7950212955,[ 0.37762692 -0.74948837  0.79525194],[ 0.21901705 -0.54127824 -0.01007709],[-1.11699813 -1.17723076  0.7266552 ]
0.8000195026,[ 0.38144431 -0.75107431  0.79761253],[ 0.21946313 -0.52019085 -0.0084649 ],[-0.22746154 -3.90705891 -0.19586949]
0.8050096035,[ 0.38473964 -0.75140736  0.80193555],[ 0.22311902 -0.50381951 -0.00651279],[-2.49721194  0.89581125  1.98437683]
0.8100450039,[ 0.38841504 -0.75008391  0.80679764],[ 0.22734724 -0.48884573 -0.00385072],[-0.43166022  0.31247591  0.99823503]
0.815015316,[ 0.39291363 -0.74815036  0.80923188],[ 0.23059098 -0.47425765 -0.00084908],[-0.38196632  0.28424497  0.66408486]
0.8200478554,[ 0.39847276 -0.7505534   0.80872589],[ 0.23390611 -0.45945126  0.00273139],[ 0.04992293 -4.76781406  0.21642323]
0.8250393867,[ 0.40561437 -0.7568588   0.80795928],[ 0.23964864 -0.44769734  0.00825834],[ 0.09429059 -4.75972317  0.21894005]
0.8300127983,[ 0.41066714 -0.75869856  0.8083093 ],[ 0.24689799 -0.44372791  0.01244224],[-0.65400366 -2.51711356  0.88663352]
0.8350086212,[ 0.41584107 -0.75992564  0.80966946],[ 0.25618708 -0.44411776  0.01586866],[-0.84730552 -2.52270488  1.2398959 ]
0.8400552273,[ 0.42092828 -0.76150045  0.81175131],[ 0.26698937 -0.44797442  0.01880258],[-1.08475106 -2.96280085  1.60630482]
0.8450069427,[ 0.4249941  -0.76153571  0.81440471],[ 0.27860302 -0.45434506  0.02167762],[-1.53391522 -0.8601947   2.1848485 ]
0.8500583172,[ 0.42768909 -0.76126747  0.81665443],[ 0.29035571 -0.46166773  0.02421036],[-1.90760627 -0.5684175   1.94706119]
0.8550400734,[ 0.43193193 -0.7596457   0.82130436],[ 0.30257847 -0.46935493  0.02840842],[-1.09536113 -0.11052733  1.20462938]
0.8600063324,[ 0.43852515 -0.75789994  0.82441682],[ 0.31325008 -0.4766024   0.03137274],[1.3497357  0.59008246 0.96289343]
0.865008831,[ 0.4450619  -0.75514059  0.82769613],[ 0.32354201 -0.48367683  0.03436844],[0.34864821 1.11349971 1.11821939]
0.8700089455,[ 0.44998249 -0.7530023   0.83042086],[ 0.3331534  -0.48992819  0.03703255],[-0.31879647  0.92705997  1.05181307]
0.8750066757,[ 0.45426127 -0.75153704  0.83263672],[ 0.34353452 -0.49585612  0.03941389],[-1.22226963  0.38439307  1.27139953]
0.8800349236,[ 0.45877327 -0.7511291   0.83355791],[ 0.35396241 -0.5014574   0.04166552],[-1.39279071  0.48853345  1.27128928]
0.885014534,[ 0.46245517 -0.75016599  0.83519886],[ 0.36500104 -0.50716356  0.04384224],[-1.28219007 -0.09449932  1.33119321]
0.8900177479,[ 0.46634888 -0.74814344  0.83861884],[ 0.37706463 -0.5127907   0.0474713 ],[-1.96050009  0.46088918  1.39338153]
0.8950119019,[ 0.46971577 -0.74694832  0.84001361],[ 0.3882777  -0.51806303  0.04945153],[-1.34826967  0.71794029  1.38046407]
0.9000086784,[ 0.47435694 -0.74521693  0.84124232],[ 0.39938894 -0.52284424  0.05130619],[-0.7872024   1.09262574  1.52845275]
0.9050049782,[ 0.47845271 -0.74335084  0.84241395],[ 0.41014857 -0.52718669  0.05290185],[-1.44730114  1.37625383  1.34467014]
0.9100034237,[ 0.48285343 -0.74169132  0.84312704],[ 0.4204716  -0.53078828  0.05417503],[-0.79198485  0.70630444  1.35094498]
0.9150693417,[ 0.48733719 -0.74029215  0.84333121],[ 0.4305158  -0.53378578  0.05517496],[-0.91713874  0.44687391  1.11498433]
0.9200100899,[ 0.49232418 -0.73833638  0.84485151],[ 0.44126097 -0.53634997  0.05731103],[-1.01616915  0.54544476  1.06415557]
0.9250085354,[ 0.4968268  -0.73690845  0.84451452],[ 0.45105892 -0.53863905  0.05782046],[-0.85195791  0.5909108   1.10951652]
0.9300229549,[ 0.50112111 -0.73557398  0.84396647],[ 0.46052791 -0.54062114  0.05804291],[-1.03027187  0.61504903  1.05326536]
0.9350020885,[ 0.50565968 -0.73419855  0.84305239],[ 0.47031945 -0.54240038  0.0580914 ],[-0.98939469  0.40933909  1.24918465]
0.9400451183,[ 0.50997434 -0.73351516  0.84124104],[ 0.48010569 -0.54400753  0.05791518],[-1.62319086  0.40157182  1.19286484]
0.9450087547,[ 0.51377157 -0.73271336  0.83957052],[ 0.48998786 -0.54549384  0.05752698],[-1.48477372  0.17993778  1.16261494]
0.9500181675,[ 0.51808931 -0.73163147  0.83771559],[ 0.49988205 -0.54682853  0.05699324],[-1.17681597  0.41480784  1.2033839 ]
0.9550018311,[ 0.5233123  -0.73063994  0.83703461],[ 0.51040733 -0.54795618  0.05746637],[-1.24530226  0.29418319  1.09020146]
0.9599978924,[ 0.52832314 -0.72922814  0.83533122],[ 0.52007141 -0.54905319  0.05642409],[-0.51055125  0.64808414  1.22111262]
0.9650094509,[ 0.53310114 -0.72760456  0.83320683],[ 0.5295627  -0.5498684   0.05482197],[-0.7056825   0.79963931  1.06714441]
0.9699966908,[ 0.53800752 -0.72625861  0.83086814],[ 0.53875333 -0.55037908  0.05264548],[-0.78207419  0.53560274  1.14746538]
0.975004673,[ 0.54253186 -0.72516042  0.82842803],[ 0.54776343 -0.55065615  0.05017027],[-1.06721657  0.6023379   1.07494239]
0.9800264835,[ 0.54619738 -0.72359898  0.82598256],[ 0.55666113 -0.55069517  0.04712601],[-1.59021807  1.51083645  1.02216404]
0.9849977493,[ 0.55047825 -0.72187078  0.82316275],[ 0.56540051 -0.54994695  0.04339165],[-0.7030034   0.93607279  1.15365735]
0.9900400639,[ 0.55551539 -0.72072534  0.82087408],[ 0.57467594 -0.54848435  0.04012226],[-1.17181289  1.04894953  1.05772047]
0.9950594902,[ 0.55982425 -0.71885151  0.8171262 ],[ 0.58295851 -0.54676797  0.03534826],[-0.86283253  1.23162715  1.17297156]
1.00003767,[ 0.56455944 -0.71708736  0.81299508],[ 0.59121214 -0.54461047  0.03015038],[-0.98846664  0.84288361  1.16953706]
1.005045652,[ 0.56913609 -0.71606414  0.80855482],[ 0.59927185 -0.54245487  0.0246652 ],[-1.17487216  0.26505163  1.12383803]
1.010037899,[ 0.57354543 -0.71519279  0.8038413 ],[ 0.6071468  -0.54017067  0.01905793],[-1.05572067  0.3466423   1.14303259]
1.015036106,[ 0.57808446 -0.71364562  0.79877782],[ 0.6148905  -0.5377937   0.01310985],[-0.8778882   0.76398032  1.07202713]
1.020050049,[ 0.58312013 -0.71200774  0.79376393],[ 0.62242122 -0.53527047  0.00680472],[-0.6031165   0.54232227  1.08634506]
1.025042772,[ 0.58961036 -0.71085755  0.78905025],[ 0.6302843  -0.53230078  0.00098504],[-0.1988676   0.09977761  0.97423328]
1.030009747,[ 0.59450797 -0.70979531  0.78318233],[ 0.63745427 -0.52979556 -0.00592981],[-0.79737545 -0.4975152   1.08332487]
1.03501296,[ 0.60057295 -0.71013397  0.77468206],[ 0.64483196 -0.52774763 -0.01282945],[-0.88492903 -1.42833669  0.85767864]
1.040009975,[ 0.60714474 -0.71101007  0.7651396 ],[ 0.65274399 -0.52788643 -0.01896908],[-0.60989974 -2.16086552  0.52781169]
1.04500103,[ 0.61454157 -0.70994263  0.75772789],[ 0.66124073 -0.53134022 -0.02358878],[ 1.90986503 -0.34389748  0.49521338]
1.050007105,[ 0.62065175 -0.70944774  0.75078093],[ 0.66908525 -0.53619804 -0.0267282 ],[1.3838734  0.57002272 0.27121729]
1.055036783,[ 0.62630526 -0.70882896  0.74672341],[ 0.67610336 -0.54310287 -0.02692191],[ 0.200165   -1.22527991  0.09295359]
1.060036182,[ 0.62969463 -0.70796071  0.7421853 ],[ 0.68228226 -0.54984535 -0.0262764 ],[0.33545668 0.89832304 0.29210287]
1.064999104,[ 0.63262699 -0.70766732  0.73774496],[ 0.68697178 -0.55715142 -0.02509372],[ 0.91104919 -1.0782097  -0.32470287]
1.070006371,[ 0.6365725  -0.70808273  0.73368517],[ 0.69003528 -0.56449117 -0.02336302],[ 2.54269843 -0.54384179 -0.10567737]
1.075004578,[ 0.63877867 -0.70834855  0.73042993],[ 0.69165886 -0.57318447 -0.02143193],[ 1.28984065  0.14376501 -0.7253021 ]
1.080015898,[ 0.64227301 -0.70993935  0.72536433],[ 0.69167473 -0.58170636 -0.01971921],[ 2.98349457 -0.96827381 -0.62775179]
1.085038662,[ 0.64398826 -0.71109809  0.72249446],[ 0.69118039 -0.59086807 -0.01788428],[ 2.11128947 -0.28198536 -0.83716854]
1.090007544,[ 0.64448222 -0.71271565  0.72239098],[ 0.69015633 -0.60098478 -0.01374949],[ 1.9045281   0.37135707 -0.43995958]
1.095010042,[ 0.64609444 -0.71327765  0.72037619],[ 0.69022492 -0.60970902 -0.01237757],[ 2.03839122  1.3454604  -0.12129582]
1.100005865,[ 0.64780893 -0.71528776  0.71819458],[ 0.69064815 -0.61767813 -0.01166794],[ 1.62511514  0.66970912 -0.1549704 ]
1.104999304,[ 0.64995639 -0.71632336  0.7157451 ],[ 0.6903789  -0.6249944  -0.01207143],[ 2.84052246  1.29301602 -0.14544192]
1.110008955,[ 0.65291664 -0.71712782  0.71250322],[ 0.68903553 -0.63170736 -0.01379106],[ 3.2746069   0.95241151 -0.46341085]
1.115053415,[ 0.65597069 -0.71921268  0.70797974],[ 0.68776818 -0.63853609 -0.01604038],[ 2.19708973  0.39497964 -0.7900399 ]
1.120004416,[ 0.65915586 -0.72238569  0.70487497],[ 0.68767417 -0.64651791 -0.01617852],[ 1.89951479  0.59068776 -0.28300863]
1.125017643,[ 0.6617846  -0.72460823  0.70022494],[ 0.6913315  -0.65425585 -0.01686531],[0.30828583 1.66030491 0.29044574]
1.130007744,[ 0.6639257  -0.72744169  0.69624109],[ 0.69742935 -0.66236971 -0.01682231],[-0.32711461  1.63884414  0.44296975]
1.135026455,[ 0.66759618 -0.72940268  0.6924999 ],[ 0.70357952 -0.67006885 -0.01702131],[1.79736919 1.60160101 0.60916789]
1.140004635,[ 0.67311253 -0.73057498  0.68822978],[ 0.70870554 -0.67785957 -0.0177425 ],[2.16309879 2.49191502 0.58660993]
1.145003557,[ 0.6780145  -0.73140125  0.6845571 ],[ 0.71348091 -0.68622623 -0.01879861],[2.19502779 2.65862035 0.64167765]
1.150005579,[ 0.68263419 -0.7328425   0.68091389],[ 0.7189267  -0.69471329 -0.01960297],[1.46054238 2.45124269 0.64843464]
1.155000687,[ 0.6866159  -0.73473066  0.67920295],[ 0.72561339 -0.70405363 -0.01836938],[0.21480408 3.00948077 0.56327238]
1.160012484,[ 0.68963541 -0.73670175  0.67590024],[ 0.73212959 -0.71261798 -0.01892386],[0.61475867 3.26562321 0.71824452]
1.165008545,[ 0.69281215 -0.73894863  0.67241079],[ 0.73809581 -0.72083795 -0.01979882],[0.71539369 2.78821675 0.39480394]
1.170014143,[ 0.69592178 -0.74122232  0.66871491],[ 0.74319665 -0.72889694 -0.02090041],[1.32428668 2.89621168 0.47644372]
1.175012827,[ 0.70004767 -0.74308448  0.66559177],[ 0.74800264 -0.73690504 -0.02190353],[1.66606873 2.76992407 0.55340734]
1.180016518,[ 0.70391382 -0.74494327  0.6627837 ],[ 0.7530576  -0.74522662 -0.02249439],[1.51400718 3.09071738 0.65468646]
1.185026646,[ 0.70755806 -0.74696376  0.6596648 ],[ 0.75781654 -0.75339549 -0.02318459],[1.3478793  3.05714069 0.58689794]
1.190014362,[ 0.71172936 -0.74938279  0.65863171],[ 0.76219816 -0.76217398 -0.02236325],[1.49720404 2.71520119 0.46339968]
1.195016384,[ 0.71554176 -0.75156787  0.65646464],[ 0.76647934 -0.77030418 -0.02274613],[1.62237257 2.85379242 0.55579118]
1.200078726,[ 0.71892991 -0.75339803  0.65489763],[ 0.77068682 -0.77857571 -0.02282457],[1.34621115 3.49216528 0.54917629]
1.205009699,[ 0.72232055 -0.75513799  0.65339563],[ 0.77485336 -0.78654139 -0.02308858],[1.38470913 3.17525966 0.51920192]
1.210011244,[ 0.72595278 -0.75702888  0.65204871],[ 0.77904068 -0.7941836  -0.02351804],[1.22507527 3.0732628  0.58582498]
1.215019703,[ 0.72934628 -0.7589551   0.65092944],[ 0.78353556 -0.80167863 -0.0237418 ],[0.98846482 3.23664768 0.58817077]
1.220033884,[ 0.73265996 -0.76064991  0.65023582],[ 0.78830736 -0.80899195 -0.02376064],[0.93628929 3.52155303 0.70224172]
1.225001574,[ 0.73577576 -0.76313919  0.65121467],[ 0.79279422 -0.8167675  -0.02237028],[0.75044997 3.20622195 0.58586391]
1.229997873,[ 0.73905441 -0.76490742  0.65090547],[ 0.79735058 -0.82334828 -0.02246752],[0.74704537 3.26364862 0.6180633 ]
1.23499918,[ 0.74185209 -0.76687179  0.65077708],[ 0.8018239  -0.82976136 -0.02236912],[0.49729199 3.17347732 0.48691925]
1.240008831,[ 0.74484146 -0.76858527  0.65118643],[ 0.80629498 -0.83581681 -0.02214603],[0.55335398 3.12666347 0.57720395]
1.2450068,[ 0.74777212 -0.77034846  0.65174364],[ 0.81056678 -0.84133512 -0.02199022],[0.45460058 2.87208232 0.51179319]
1.250046492,[ 0.75063783 -0.77190805  0.65249296],[ 0.8147067  -0.84646421 -0.02179179],[0.55374618 2.94335801 0.56712113]
1.25501132,[ 0.75318237 -0.77414701  0.65461989],[ 0.81789437 -0.85172279 -0.02023913],[0.50502553 2.75975862 0.44613526]
1.26006031,[ 0.75572286 -0.77595235  0.65582731],[ 0.82111955 -0.85640514 -0.01993427],[0.67513451 2.47333099 0.41053519]
1.265045404,[ 0.75832427 -0.77748529  0.657294  ],[ 0.82398326 -0.86063953 -0.01964722],[0.7269098  2.37559166 0.41581159]
1.270012617,[ 0.7605696  -0.77890548  0.65903605],[ 0.82659771 -0.86456271 -0.01928832],[0.72045905 2.34712873 0.39691536]
1.275059938,[ 0.7629126  -0.78041241  0.66081574],[ 0.82876259 -0.86818857 -0.01899076],[0.80510563 1.99136659 0.3152203 ]
1.280034065,[ 0.76525899 -0.78179596  0.66269446],[ 0.83060285 -0.87149464 -0.01877032],[0.90229824 1.84260323 0.33787458]
1.28501296,[ 0.76723969 -0.78286255  0.66524616],[ 0.83240214 -0.87436198 -0.0185891 ],[0.65723557 1.74955519 0.31646047]
1.290004253,[ 0.76907946 -0.7847648   0.66879418],[ 0.83354007 -0.87696412 -0.01724956],[0.48261677 1.55877314 0.26864864]
1.295003414,[ 0.77095429 -0.78586676  0.67118774],[ 0.83514144 -0.87897118 -0.01711938],[0.72290569 1.33731834 0.28790043]
1.300002813,[ 0.77299586 -0.78690636  0.67374315],[ 0.83651108 -0.88057629 -0.01708488],[0.72568833 1.05353693 0.23354527]
1.304998398,[ 0.77492083 -0.78767128  0.67641287],[ 0.83783314 -0.88171709 -0.01699581],[0.60778941 1.03673651 0.25895444]
1.310003042,[ 0.77680498 -0.78828967  0.6792787 ],[ 0.83927878 -0.88240811 -0.01681242],[0.40720581 0.83445621 0.22864408]
1.314995527,[ 0.77889782 -0.78856842  0.68238649],[ 0.84069473 -0.88264662 -0.01668857],[0.76161788 0.614864   0.37169571]
1.320004225,[ 0.7808544  -0.78869814  0.68573603],[ 0.84193239 -0.88250355 -0.01669597],[0.39547941 0.78437614 0.24960951]
1.325006485,[ 0.78288885 -0.78939899  0.69019556],[ 0.84214937 -0.88193626 -0.01592484],[0.62394173 0.34814927 0.28892617]
1.33000946,[ 0.78502447 -0.78967955  0.69347723],[ 0.84273601 -0.88111677 -0.01629418],[ 0.65302189 -0.13761705  0.18276559]
1.335007668,[ 0.78682572 -0.78957487  0.69683276],[ 0.84314363 -0.88009267 -0.01651496],[ 0.63259145 -0.12381092  0.21050446]
1.340005159,[ 0.78811324 -0.78871492  0.70082555],[ 0.84335429 -0.87883255 -0.01671584],[ 0.52888343 -0.1520398   0.17954315]
1.345005512,[ 0.78969596 -0.78869387  0.70455848],[ 0.84322239 -0.87736428 -0.01698019],[ 0.51410426 -0.38095888  0.13784244]
1.350022793,[ 0.79120888 -0.78854439  0.70843727],[ 0.84259651 -0.87574603 -0.01721271],[ 0.62745939 -0.45472331  0.07328711]
1.354995489,[ 0.79160422 -0.78962509  0.71346606],[ 0.84064549 -0.87390031 -0.01644438],[ 0.09692229 -0.50022307 -0.1155891 ]
1.359999418,[ 0.79217555 -0.78974958  0.71750753],[ 0.8392744  -0.8718038  -0.01650118],[ 0.36649663 -0.85850305 -0.10386615]
1.364999533,[ 0.7930588  -0.78965509  0.72183496],[ 0.83782942 -0.8692491  -0.016419  ],[ 0.37894204 -0.82384252 -0.08270502]
1.370000124,[ 0.79361839 -0.78943265  0.72616901],[ 0.83630122 -0.8663344  -0.01630072],[ 0.38010919 -0.70702962 -0.00564147]
1.375001431,[ 0.79435561 -0.78917402  0.73036911],[ 0.83467234 -0.86297498 -0.01620737],[ 0.62424543 -1.06962767  0.02351201]
1.380013227,[ 0.79527296 -0.78889985  0.73478884],[ 0.83297239 -0.85936343 -0.01597629],[ 0.41491899 -1.37174795 -0.0423649 ]
1.385016918,[ 0.7956353  -0.78788598  0.74007986],[ 0.83113011 -0.85555984 -0.01549533],[ 0.44153383 -1.12238888 -0.03526073]
1.390002251,[ 0.79620982 -0.7880764   0.74591379],[ 0.82830953 -0.85132903 -0.0139678 ],[ 0.48565023 -1.08724408 -0.00226591]
1.394999027,[ 0.79749852 -0.78660679  0.7504129 ],[ 0.82641183 -0.84688105 -0.01351003],[ 1.05902187 -0.81082105  0.24351913]
1.400004387,[ 0.79922627 -0.78518522  0.75483526],[ 0.82462881 -0.84222423 -0.01298642],[ 0.67053778 -1.61882336  0.13950423]
1.405005217,[ 0.80064924 -0.78416312  0.75963313],[ 0.82275337 -0.83768027 -0.01216733],[ 0.64676063 -1.44132933  0.1718032 ]
1.409999132,[ 0.80185984 -0.78293421  0.76426482],[ 0.82059889 -0.83302311 -0.01126529],[ 0.6308347  -1.46292485  0.10839803]
1.414999962,[ 0.8027178  -0.78156722  0.76885133],[ 0.81806413 -0.82830172 -0.01050657],[ 0.16597115 -1.22641945 -0.01071377]
1.420008183,[ 0.80363143 -0.78090152  0.77332083],[ 0.8152712  -0.82332446 -0.00976025],[ 0.47556867 -1.67867443 -0.07403796]
1.425006866,[ 0.8043494  -0.7818667   0.77883418],[ 0.81148487 -0.8180419  -0.00797152],[ 0.21490541 -1.67106535 -0.06788235]
1.43001008,[ 0.80502662 -0.78124707  0.78310243],[ 0.80870365 -0.81251522 -0.00721711],[-0.09324061 -1.59641043  0.04117799]
1.435001612,[ 0.80589422 -0.78116784  0.78653917],[ 0.80592309 -0.80671496 -0.00667327],[-0.09441951 -2.24467845 -0.04932849]
1.440005302,[ 0.80683019 -0.78215825  0.78954123],[ 0.8028998  -0.80087324 -0.00613078],[-0.14382126 -3.99392624 -0.43589817]
1.445004702,[ 0.80880946 -0.78333544  0.79206854],[ 0.80032804 -0.79547727 -0.00487468],[ 0.83401168 -3.56135466 -0.18200457]
1.450007439,[ 0.8100691  -0.78374026  0.79472935],[ 0.79855162 -0.79095256 -0.00267029],[ 0.13329726 -2.48183961 -0.17808707]
1.455000639,[ 0.81137741 -0.78521285  0.79815559],[ 0.79686065 -0.78721109  0.00089439],[ 0.20408503 -3.22620232 -0.14427448]
1.459999323,[ 0.81338222 -0.78573972  0.80061438],[ 0.79615256 -0.78379013  0.00378148],[ 0.59792295 -3.30923854 -0.11833333]
1.46500659,[ 0.81484203 -0.78562036  0.8029879 ],[ 0.7958389  -0.7810858   0.00699647],[ 0.55528855 -2.30507665 -0.06163103]
1.470001459,[ 0.81600528 -0.78518654  0.80512774],[ 0.79585359 -0.77892792  0.01036087],[ 0.34014444 -2.09201954 -0.01744618]
1.475004673,[ 0.81714893 -0.78497666  0.80718537],[ 0.79596796 -0.77717626  0.01360339],[ 0.25613044 -2.49403765 -0.18235944]
1.480017424,[ 0.81863322 -0.78485423  0.80905302],[ 0.79610645 -0.77546862  0.01678484],[ 0.78661191 -2.56084594 -0.09520912]
1.485000849,[ 0.82016041 -0.78456768  0.81051783],[ 0.79640574 -0.77408523  0.01997924],[ 0.59890356 -1.95156624 -0.07844951]
1.49001193,[ 0.81998034 -0.7845604   0.81287517],[ 0.79636545 -0.77309394  0.02384984],[ 0.00486219 -1.96529622 -0.13294125]
1.495000839,[ 0.82110334 -0.78389856  0.81394588],[ 0.7968239  -0.7717802   0.02657212],[ 0.55365234 -1.99905941 -0.01338964]
1.500000715,[ 0.82189582 -0.78384612  0.81477248],[ 0.79737292 -0.77052162  0.02909128],[ 0.164496   -2.56765671 -0.17336169]
1.505002975,[ 0.8227425  -0.78381012  0.81543268],[ 0.79810731 -0.76926303  0.03153792],[-0.08262758 -2.07847496 -0.05191881]
1.509999514,[ 0.82334811 -0.78353648  0.81595476],[ 0.79903648 -0.76811321  0.03394579],[-0.12087045 -1.89763069 -0.09719596]
1.515000343,[ 0.82418068 -0.78316627  0.81613288],[ 0.80001523 -0.76691014  0.03616715],[ 0.16296404 -1.94456693  0.02454644]
1.520006657,[ 0.82539918 -0.78231775  0.81630403],[ 0.80098908 -0.76577132  0.03817968],[ 0.77290242 -1.92226406  0.0893964 ]
1.525006056,[ 0.82564918 -0.78207347  0.81685686],[ 0.8016098  -0.76503705  0.0405609 ],[ 0.07036222 -2.06706661 -0.09474891]
1.530005217,[ 0.82666099 -0.7814213   0.81670762],[ 0.80223415 -0.76396024  0.04203995],[ 0.52608844 -1.70942241  0.00513258]
1.535003662,[ 0.82788259 -0.78052612  0.81608947],[ 0.80267198 -0.76272933  0.0431025 ],[ 0.52691336 -1.92030464 -0.00594994]
1.540002823,[ 0.82839387 -0.78072816  0.81482369],[ 0.80295046 -0.76152208  0.04378579],[-0.34832917 -1.9934112  -0.26985669]
1.544998884,[ 0.82923383 -0.78033955  0.81366775],[ 0.80324396 -0.76012043  0.04418053],[ 0.25269097 -1.99778404 -0.04726644]
1.549999475,[ 0.83002424 -0.78005489  0.81225347],[ 0.80371692 -0.75864429  0.04438081],[ 0.13115246 -2.00028415 -0.12613457]
1.555001259,[ 0.83064791 -0.77986161  0.810691  ],[ 0.80422447 -0.75707954  0.04432765],[-0.09997376 -1.9855051  -0.05624903]
1.560011148,[ 0.83138741 -0.77977018  0.80906795],[ 0.80480132 -0.75581802  0.04421103],[ 0.47179579 -1.89071712  0.09694992]
1.564998627,[ 0.83234791 -0.77936684  0.80693508],[ 0.80540696 -0.75414219  0.04361593],[-0.05828616 -2.01433336 -0.02571726]
1.569998264,[ 0.83327631 -0.77894707  0.80459985],[ 0.80604639 -0.75243827  0.04273446],[ 0.32670799 -1.98581559  0.07652609]
1.574998617,[ 0.83438495 -0.77829785  0.80207931],[ 0.80654678 -0.75081313  0.04156671],[ 0.31132326 -1.81202532  0.05612784]
1.580028534,[ 0.83554004 -0.77747537  0.7994154 ],[ 0.80690093 -0.74920092  0.04010199],[ 0.5100261  -1.76336646  0.09624622]
1.585013628,[ 0.83691382 -0.77658643  0.79637995],[ 0.80697215 -0.74768381  0.03825525],[ 0.94707982 -1.62441947  0.11397686]
1.590030432,[ 0.83794292 -0.77614767  0.79316189],[ 0.80690552 -0.74650816  0.035878  ],[ 0.36019716 -1.74186352 -0.01969634]
1.595021486,[ 0.83901049 -0.77563208  0.7895874 ],[ 0.80655335 -0.74491027  0.03318614],[ 0.37816171 -1.92986233 -0.07098445]
1.600019217,[ 0.83942973 -0.77552234  0.78589461],[ 0.80631216 -0.74315775  0.03014015],[-0.0963226  -1.88877682 -0.1169077 ]
1.605049133,[ 0.84003364 -0.77556947  0.78170535],[ 0.80618118 -0.74123239  0.0268405 ],[-0.20595349 -1.95072194 -0.0804725 ]
1.610052109,[ 0.84050426 -0.77565465  0.77725112],[ 0.80612705 -0.73914082  0.02325377],[ 0.01323824 -2.1325295  -0.02011191]
1.615041494,[ 0.84097408 -0.77553909  0.77267274],[ 0.80627756 -0.73690487  0.01947807],[-0.1815404  -1.91304601 -0.06033781]
1.620026827,[ 0.84224518 -0.77458466  0.76809625],[ 0.80640117 -0.73467926  0.01551549],[ 0.70670063 -1.75198292  0.21749573]
1.62505722,[ 0.8435229  -0.7742485   0.76273271],[ 0.80648177 -0.73282763  0.01077448],[ 0.58631343 -1.76940915  0.11321589]
1.630045652,[ 0.84451851 -0.77345525  0.75775051],[ 0.80625277 -0.73068211  0.00609838],[ 0.07338318 -1.83008848 -0.01741014]
1.635015249,[ 0.84565119 -0.7729843   0.7521543 ],[ 0.80575374 -0.72845283  0.00097133],[ 0.61405439 -2.19199216  0.02774037]
1.640009642,[ 0.84731227 -0.77358641  0.7447758 ],[ 0.80513771 -0.72636727 -0.00436587],[ 0.22229261 -3.29457556 -0.27079343]
1.645004034,[ 0.84955079 -0.77434689  0.73613741],[ 0.80526635 -0.72559422 -0.00899335],[ 0.75312171 -3.71279751 -0.31455099]
1.650016308,[ 0.85125676 -0.77485388  0.72813689],[ 0.80696416 -0.72703286 -0.01185233],[ 0.64760903 -2.5552992  -0.26813099]
1.655055523,[ 0.85277175 -0.77529138  0.7210118 ],[ 0.81033303 -0.73021479 -0.01341774],[ 0.26891116 -1.92701933 -0.09499809]
1.660087109,[ 0.85491681 -0.77478657  0.7143295 ],[ 0.81284817 -0.73329051 -0.01364109],[ 1.6483412  -2.4117932  -0.04814471]
1.665006876,[ 0.85564933 -0.77465561  0.70812322],[ 0.81567042 -0.73694766 -0.01281842],[ 0.19343802 -1.68904967 -0.31926975]
1.670001268,[ 0.85690373 -0.77435852  0.70248091],[ 0.81823061 -0.74126818 -0.01134009],[ 1.35255361 -1.91991311 -0.07832292]
1.67504549,[ 0.85771619 -0.77447111  0.69806499],[ 0.82066463 -0.74576745 -0.00962902],[ 0.65768351 -1.02039231 -0.26768016]
1.680011749,[ 0.85777183 -0.7743549   0.69419311],[ 0.82273712 -0.75024762 -0.00826375],[ 0.74996183  0.11125092 -0.09329244]
1.685000181,[ 0.85808527 -0.77435987  0.68977753],[ 0.82412836 -0.75424215 -0.00793963],[ 0.54943433 -0.50422746 -0.23305451]
1.690014362,[ 0.85866692 -0.77585316  0.68464196],[ 0.82583549 -0.75909237 -0.00819083],[ 0.82504124 -0.81990469 -0.2299816 ]
1.695028543,[ 0.85969655 -0.77593173  0.67974466],[ 0.82719428 -0.76242288 -0.00946194],[ 0.76936718 -0.14903132  0.01891711]
1.699995995,[ 0.86066342 -0.77619953  0.67450006],[ 0.82885015 -0.76567927 -0.01107366],[ 0.74103484 -0.16634278  0.03286073]
1.704999924,[ 0.86213173 -0.77671912  0.66898572],[ 0.83073223 -0.76901059 -0.01264605],[ 0.99337348 -0.6657858   0.03803915]
1.710025787,[ 0.86334698 -0.77731089  0.66361638],[ 0.83271464 -0.77272952 -0.01377129],[ 0.6827009 -0.1928563 -0.0557392]
1.715003252,[ 0.86470339 -0.77783985  0.65836816],[ 0.83516246 -0.77661675 -0.0144458 ],[ 0.69128119 -0.24839927 -0.05792488]
1.720003366,[ 0.86614818 -0.77908661  0.65363533],[ 0.83887651 -0.78181603 -0.01434353],[ 0.42349251 -0.11015032  0.00295741]
1.725003242,[ 0.86733049 -0.77947704  0.64925311],[ 0.84272721 -0.78605244 -0.01373559],[0.22882697 0.52423697 0.11556452]
1.729995966,[ 0.8686567  -0.7798143   0.64522041],[ 0.84678176 -0.79029844 -0.01294331],[0.36147705 0.33548634 0.13287333]
1.735004187,[ 0.87032841 -0.78056272  0.64185122],[ 0.85082094 -0.79458201 -0.01209107],[0.35728371 0.47713455 0.10623022]
1.740011215,[ 0.87192479 -0.78096845  0.63839082],[ 0.85463314 -0.79890201 -0.01135456],[0.43533903 1.46768906 0.2362195 ]
1.745009184,[ 0.87309806 -0.78141013  0.63554702],[ 0.85808421 -0.80304148 -0.01120755],[0.33347213 1.37329611 0.14108013]
1.750012398,[ 0.87476913 -0.7820622   0.63246034],[ 0.86122433 -0.80703401 -0.01166612],[0.51726019 1.1646226  0.18340028]
1.755003214,[ 0.87684334 -0.78304866  0.62942697],[ 0.86485169 -0.81174608 -0.01230708],[0.50249139 1.51140351 0.24381813]
1.760005713,[ 0.87847097 -0.78367172  0.62630263],[ 0.86780582 -0.81583863 -0.01315177],[0.59143495 1.46164991 0.20594693]
1.765005589,[ 0.88037071 -0.78454632  0.62335081],[ 0.87046332 -0.82013846 -0.01393683],[0.71351293 1.3056476  0.13318254]
1.770002842,[ 0.88202282 -0.78527429  0.62033457],[ 0.8729827  -0.82469309 -0.01445079],[0.76142133 1.60016158 0.18246503]
1.775009155,[ 0.88393194 -0.78614912  0.61775815],[ 0.87574049 -0.8294393  -0.01459022],[0.61785316 1.57559689 0.13996814]
1.780038595,[ 0.88567566 -0.78679216  0.61587486],[ 0.87880015 -0.83427864 -0.0143693 ],[0.58339567 2.10395359 0.2712389 ]
1.785001993,[ 0.88741712 -0.78763037  0.61374345],[ 0.88188787 -0.83903983 -0.01415328],[0.54316207 1.96903258 0.23301032]
1.790010214,[ 0.88982907 -0.78868359  0.61234969],[ 0.88529738 -0.84432755 -0.01386176],[0.54885185 2.1009904  0.26092068]
1.794997931,[ 0.89172492 -0.7895964   0.61102683],[ 0.88832203 -0.84889045 -0.0136462 ],[0.40226794 2.12231897 0.21513287]
1.800000906,[ 0.89343079 -0.79027338  0.6102496 ],[ 0.891503   -0.85336117 -0.01339991],[0.24244038 2.48070951 0.25163919]
1.805000544,[ 0.89502195 -0.79101349  0.60964715],[ 0.89466165 -0.85752376 -0.01337219],[0.06488194 2.49136823 0.18271365]
1.810000181,[ 0.89677197 -0.79170561  0.60904794],[ 0.89775873 -0.86136182 -0.01353004],[0.15454335 2.33076568 0.20937271]
1.81500864,[ 0.89846748 -0.79232414  0.60848913],[ 0.90073654 -0.86491812 -0.01376546],[0.17086295 2.35550878 0.22106447]
1.820006609,[ 0.90097374 -0.79311209  0.6082111 ],[ 0.90415121 -0.86880695 -0.01382323],[0.26617022 2.32371168 0.28001663]
1.825009346,[ 0.90279674 -0.79363116  0.60819304],[ 0.90710243 -0.87190966 -0.01384611],[0.13243223 2.14531555 0.22345783]
1.830011129,[ 0.90462334 -0.79401495  0.60826341],[ 0.90985241 -0.8747018  -0.01380209],[0.2506445  2.21962273 0.32038319]
1.835008144,[ 0.90647595 -0.7944604   0.60863248],[ 0.91236335 -0.8774517  -0.01346824],[0.21730312 2.00230293 0.10348098]
1.840004683,[ 0.90821619 -0.79451986  0.6097208 ],[ 0.91470107 -0.88007771 -0.01289169],[0.26905715 2.34743054 0.25194912]
1.845003128,[ 0.90976496 -0.79479981  0.61080195],[ 0.91663415 -0.88236589 -0.01248509],[0.13070946 1.90449631 0.07657965]
1.850009441,[ 0.91148625 -0.79487886  0.61194004],[ 0.91847287 -0.88420973 -0.01219141],[0.30037376 1.85510911 0.16729574]
1.855004549,[ 0.91357583 -0.79538838  0.61352642],[ 0.92029725 -0.88615711 -0.01189447],[0.15370384 2.00668972 0.11199441]
1.860006571,[ 0.91494682 -0.79543932  0.61523853],[ 0.92159831 -0.88742489 -0.01174848],[ 8.94098302e-02  1.71603269e+00 -7.73142297e-04]
1.864998817,[ 0.91643731 -0.79539263  0.6170363 ],[ 0.92263247 -0.88821442 -0.0118038 ],[0.13771388 1.55953096 0.01432358]
1.870003939,[ 0.91781269 -0.79520448  0.61902247],[ 0.92358965 -0.88859395 -0.01191079],[ 0.04613972  1.41115897 -0.03750076]
1.875004292,[ 0.91928445 -0.79467131  0.62093959],[ 0.92439511 -0.88860343 -0.01201009],[0.29593435 1.31930638 0.07822844]
1.880011082,[ 0.92073957 -0.79415196  0.62310639],[ 0.92507042 -0.8882894  -0.01206604],[ 0.1694556   1.01431911 -0.02878245]
1.885004759,[ 0.92235062 -0.79349924  0.62549335],[ 0.92559695 -0.88760134 -0.01205683],[0.29540264 1.14391298 0.08439214]
1.890010357,[ 0.92428809 -0.79295845  0.62835608],[ 0.92623641 -0.88665076 -0.01196755],[-0.03308314  0.87729041 -0.10534347]
1.894998074,[ 0.92609132 -0.79185465  0.63113435],[ 0.92663541 -0.88533847 -0.01167208],[0.48298995 0.69782915 0.15242762]
1.90000248,[ 0.92807309 -0.79053531  0.63408852],[ 0.92685675 -0.88385121 -0.01129193],[0.47308396 0.47795615 0.06410489]
1.905003786,[ 0.93003396 -0.78894337  0.63724506],[ 0.92675298 -0.88223829 -0.01093538],[0.70761215 0.58561832 0.20956662]
1.90999651,[ 0.93189812 -0.78724229  0.64049326],[ 0.9263442  -0.88053509 -0.01061405],[0.49691713 0.31331961 0.07635132]
1.915002346,[ 0.93422334 -0.78512279  0.64363648],[ 0.92578787 -0.878664   -0.01040124],[1.2785367  0.13872753 0.50148906]
1.919999123,[ 0.9373239  -0.78349172  0.64693851],[ 0.92496768 -0.87677194 -0.01034297],[ 0.81727004 -0.18584004  0.12359369]
1.925002337,[ 0.93986241 -0.78120114  0.65040366],[ 0.92359626 -0.87517902 -0.01013519],[ 1.37270852 -0.01459772  0.39480381]
1.930003643,[ 0.94195814 -0.77900046  0.65405167],[ 0.92156435 -0.87392711 -0.00976406],[ 0.91334908 -0.20069937  0.01973677]
1.934998035,[ 0.94332028 -0.77734775  0.65813324],[ 0.91925685 -0.87274461 -0.00941742],[ 0.54668607 -0.210396   -0.05994692]
1.940003872,[ 0.94499688 -0.77486383  0.66213923],[ 0.91662991 -0.87123765 -0.00928937],[ 0.46762268 -0.40717741 -0.19441302]
1.945006132,[ 0.94572317 -0.77243951  0.66684336],[ 0.9136595  -0.86933697 -0.00941692],[ 0.74950545 -0.60544204 -0.1491455 ]
1.9500103,[ 0.94697231 -0.77072593  0.67094868],[ 0.91015123 -0.86714139 -0.00969975],[ 0.8454119  -0.99837232 -0.26118942]
1.955002546,[ 0.94741721 -0.77061222  0.67574547],[ 0.90617759 -0.86487938 -0.0099724 ],[-0.09118482 -0.74684245 -0.54830687]
1.960003614,[ 0.94722644 -0.76913577  0.68081283],[ 0.90254136 -0.86197964 -0.01011161],[-0.11281707 -0.20796791 -0.35210073]
1.965000153,[ 0.94684536 -0.76798956  0.68575853],[ 0.89885532 -0.85822605 -0.01063585],[-0.43172545 -1.21465959 -0.72449558]
1.970004559,[ 0.94688257 -0.76684691  0.69049892],[ 0.8952267  -0.85360162 -0.01135948],[-0.01564969 -1.32339199 -0.5601043 ]
1.975000858,[ 0.94740839 -0.76495802  0.6951793 ],[ 0.89181573 -0.84827321 -0.01190816],[ 0.04545799 -1.02524499 -0.4006698 ]
1.980027437,[ 0.94799331 -0.76312479  0.70010024],[ 0.88875529 -0.84255653 -0.0121914 ],[ 0.04072941 -1.3024609  -0.32889489]
1.985004425,[ 0.94816675 -0.76073754  0.70628516],[ 0.8859527  -0.83621327 -0.01210502],[-0.1784979  -1.40634325 -0.38568071]
1.990013361,[ 0.94867261 -0.75926464  0.71199433],[ 0.88352736 -0.82941748 -0.01185494],[-0.38096214 -1.09052005 -0.33516837]
1.995001078,[ 0.94969116 -0.75611736  0.71762527],[ 0.8812898  -0.82208667 -0.01148823],[ 0.22725933 -0.73719113  0.04200794]
2.000002861,[ 0.95070085 -0.75280548  0.72351472],[ 0.87925251 -0.81437151 -0.01097421],[-0.11091565 -1.04026909 -0.02480066]
2.005014181,[ 0.95177441 -0.74966495  0.72993392],[ 0.87713506 -0.80629884 -0.01027724],[-0.02114096 -0.70835768  0.08379648]
2.010013342,[ 0.95269147 -0.74636967  0.73640368],[ 0.87472092 -0.79771635 -0.00972391],[-0.20574042 -0.65175798  0.06582886]
2.015051365,[ 0.95322192 -0.74278114  0.74304189],[ 0.87222254 -0.78857232 -0.00932419],[-0.13788679 -0.27373794  0.22944846]
2.020012379,[ 0.95531694 -0.73952705  0.74962668],[ 0.8696381  -0.77819986 -0.00888132],[-0.34192511 -0.61632943  0.11559312]
2.025009871,[ 0.9564392  -0.73605224  0.75627937],[ 0.86639957 -0.76801093 -0.00838726],[ 0.05659185 -0.72939594  0.16155247]
2.030015707,[ 0.95792913 -0.73300034  0.76274922],[ 0.86254871 -0.75723686 -0.00799452],[ 0.13600573 -0.99936357  0.11240135]
2.035005808,[ 0.95898512 -0.72909438  0.76942414],[ 0.85860302 -0.7460153  -0.0074963 ],[-0.14005201  0.29419249  0.4120098 ]
2.040049553,[ 0.95930348 -0.72333208  0.77810736],[ 0.85466583 -0.7346674  -0.00679633],[ 0.12931877 -0.11557779  0.38044193]
2.045059681,[ 0.96093968 -0.71941439  0.78495644],[ 0.84981521 -0.72259791 -0.00606661],[ 0.41530597 -0.96519823  0.2363381 ]
2.05000782,[ 0.96282287 -0.71582493  0.7913181 ],[ 0.84423702 -0.71003772 -0.0053018 ],[ 0.4173685  -0.45959618  0.30722826]
2.055009365,[ 0.96525231 -0.71238859  0.79811964],[ 0.83837184 -0.69717111 -0.00438113],[ 0.49630587 -0.05231309  0.46258484]
2.060041428,[ 0.9683763  -0.70990102  0.80504596],[ 0.8328166  -0.68359429 -0.0033195 ],[-0.32708965  0.54503686  0.59114451]
2.06500864,[ 0.97042202 -0.70679875  0.8116062 ],[ 0.8263703  -0.66948585 -0.00261459],[-0.03845317 -1.12177879  0.37673256]
2.070048571,[ 0.97285305 -0.70452002  0.81753559],[ 0.81957944 -0.65492722 -0.00212391],[-0.10973242 -1.67856006  0.33086132]
2.075007915,[ 0.97546256 -0.70317418  0.82235773],[ 0.8126648  -0.64026569 -0.00121856],[-0.29463188 -1.75662267  0.18718712]
2.080040216,[ 0.97898908 -0.70394354  0.8259391 ],[ 8.05696492e-01 -6.25304723e-01  1.11003141e-04],[ 1.2581459  -4.94426094 -1.64405739]
2.085012913,[ 0.98501685 -0.70430541  0.82868793],[ 0.79875258 -0.6104088   0.00247839],[-0.52132397 -4.46809076  0.25280032]
2.090020895,[ 0.98926948 -0.70556281  0.83227392],[ 0.79656417 -0.59720514  0.00497327],[-0.41742332 -1.2555529   0.8432357 ]
2.095022202,[ 0.99153768 -0.70352327  0.83640794],[ 0.79467224 -0.58575654  0.00788971],[-0.20665011 -2.44565624 -0.21510535]
2.10001421,[ 0.99556963 -0.70515835  0.83783768],[ 0.79394914 -0.57523817  0.01076723],[-0.55606571 -5.04005066  0.13257529]
2.105009079,[ 1.00107389 -0.70578411  0.83938324],[ 0.79496784 -0.56734891  0.01434281],[ 0.34820478 -4.23246251 -0.05667534]
2.110009193,[ 1.00444703 -0.70512566  0.84191135],[ 0.79837132 -0.56234892  0.01853579],[-1.07520607 -2.0689839   0.55362576]
2.115012646,[ 1.00776363 -0.70431148  0.84483504],[ 0.80421949 -0.55915772  0.0224432 ],[-0.84408634 -2.36246033  0.97179492]
2.120014906,[ 1.01100581 -0.70372501  0.8479549 ],[ 0.81117905 -0.55715299  0.02652194],[-1.49313716 -2.6492291   0.99094638]
2.125021696,[ 1.01240937 -0.70115345  0.85205424],[ 0.81998116 -0.55710067  0.03072955],[-1.11650279 -0.78561447  1.45712449]
2.130011797,[ 1.01437442 -0.69933343  0.85522122],[ 0.82808777 -0.55721337  0.0350423 ],[-1.31295184 -1.00842559  0.92832882]
2.135010958,[ 1.01677739 -0.69772029  0.85860991],[ 0.83592526 -0.55759827  0.03948988],[-0.77471626 -0.51389211  0.51396507]
2.140010595,[ 1.02092832 -0.6935918   0.86231581],[ 0.84368529 -0.55836755  0.04416542],[1.66306221 0.58919237 0.56489564]
2.145008564,[ 1.02468671 -0.68999865  0.86513344],[ 0.85063039 -0.55914634  0.04868902],[0.27170699 0.57913586 0.21892896]
2.150011778,[ 1.02750357 -0.68649927  0.86828342],[ 0.85717945 -0.55947733  0.05269311],[-0.11084473  0.14989404  0.56289825]
2.155006886,[ 1.02875819 -0.68253289  0.87161461],[ 0.865094   -0.56002597  0.05613687],[-0.86770109 -0.10803435  0.81565426]
2.160007,[ 1.03089305 -0.6808074   0.87355674],[ 0.87252655 -0.55972676  0.05946351],[-1.3255537  -0.80924874  0.76401423]
2.165007353,[ 1.03292987 -0.6794299   0.87521447],[ 0.88023108 -0.55944047  0.0626807 ],[-1.48436075 -1.01449743  0.82650072]
2.170011044,[ 1.03471054 -0.67763458  0.87693818],[ 0.88830836 -0.55947453  0.06595743],[-1.86571996 -0.32270564  0.79514223]
2.175008535,[ 1.036852   -0.67538375  0.87862048],[ 0.89652246 -0.55952649  0.06921966],[-0.25061218 -0.276462    0.80086623]
2.180024147,[ 1.04020751 -0.67159589  0.88042163],[ 0.90385124 -0.55951911  0.07233456],[0.90405302 0.38941616 0.49827189]
2.185015202,[ 1.0427114  -0.66817982  0.88224015],[ 0.91068613 -0.55939878  0.07517962],[-0.57062528  0.65063836  0.52890566]
2.190021992,[ 1.04373503 -0.6639505   0.88412344],[ 0.91841907 -0.55932397  0.07731326],[-0.35041817  0.63665137  0.70423587]
2.195031404,[ 1.04680083 -0.66142969  0.88432714],[ 0.92485755 -0.55801214  0.0791448 ],[-0.54208263 -0.29067762  0.60959843]
2.200013161,[ 1.04901488 -0.65974373  0.88437869],[ 0.93094958 -0.5564696   0.08063483],[-1.29869816 -0.79564726  0.45894596]
2.205011606,[ 1.05108612 -0.65807022  0.88416771],[ 0.93749287 -0.55483591  0.08195757],[-1.62909978 -0.77285628  0.67900625]
2.210009336,[ 1.05329937 -0.655943    0.88381402],[ 0.9442225  -0.55328545  0.08317398],[-1.25304531 -0.28531434  0.65196036]
2.215016127,[ 1.05507534 -0.65403088  0.88348929],[ 0.95126532 -0.55182546  0.08426528],[-1.23369285 -0.086584    0.68645266]
2.220009089,[ 1.05740234 -0.65174064  0.88314211],[ 0.95817438 -0.5502393   0.08515607],[-1.09643173 -0.04081844  0.74146271]
2.225009203,[ 1.05859293 -0.64868409  0.88254184],[ 0.96608254 -0.54892543  0.08532123],[-0.70299744  0.27373561  0.73923206]
2.230010509,[ 1.0607886  -0.64581577  0.88166807],[ 0.97258605 -0.54686719  0.08548386],[-1.13921017  0.15546893  0.71508529]
2.235016584,[ 1.06301914 -0.64320515  0.88039635],[ 0.97865139 -0.54458012  0.08517829],[-0.95967588 -0.01522925  0.65532939]
2.24001503,[ 1.06545752 -0.64096219  0.8784217 ],[ 0.98449023 -0.54216214  0.08455873],[-0.80699906 -0.06891042  0.6582648 ]
2.245013475,[ 1.06783799 -0.63863336  0.87637234],[ 0.99023859 -0.53960928  0.08370747],[-1.16397847 -0.21394791  0.53962005]
2.250011206,[ 1.07011759 -0.63638794  0.87417757],[ 0.99594928 -0.53703468  0.08265047],[-1.15396198 -0.13553276  0.55395032]
2.255011082,[ 1.07192336 -0.63428439  0.87108199],[ 1.00262035 -0.53469837  0.08066617],[-0.77154306 -0.29003309  0.56051851]
2.260012388,[ 1.07429234 -0.63199473  0.86840996],[ 1.00842367 -0.53194735  0.0792055 ],[-1.16646382 -0.1508805   0.59498918]
2.265011311,[ 1.0766799  -0.62958842  0.86560733],[ 1.01427479 -0.52913923  0.07753023],[-0.96652236 -0.12814155  0.71056077]
2.27001071,[ 1.0790572  -0.62741629  0.86234581],[ 1.02013862 -0.52623893  0.07561985],[-1.43802758 -0.35853806  0.59434265]
2.275014639,[ 1.0813403  -0.62528645  0.85914966],[ 1.02597872 -0.52331573  0.07345756],[-1.09517527 -0.31975742  0.63683543]
2.280050516,[ 1.08392255 -0.62267453  0.85578278],[ 1.03169234 -0.52030388  0.07098158],[-0.78392582  0.15612721  0.72990863]
2.285011768,[ 1.08605193 -0.61990403  0.85236191],[ 1.0371731  -0.51728108  0.06800929],[-0.82615324  0.33477294  0.62152002]
2.290020466,[ 1.08831994 -0.61755085  0.84763542],[ 1.04322295 -0.51421947  0.06353925],[-0.84935675 -0.14833469  0.58113998]
2.295017242,[ 1.09112693 -0.61446144  0.8436132 ],[ 1.04806394 -0.5108055   0.0595288 ],[-0.2346796   0.2756291   0.68296836]
2.300008297,[ 1.09389308 -0.6113474   0.83917528],[ 1.0526952  -0.50731891  0.05510213],[-0.70439864  0.12297034  0.63309485]
2.305010557,[ 1.09695069 -0.60827077  0.83448284],[ 1.05714452 -0.50383614  0.05025354],[-0.21563519 -0.16657993  0.62745178]
2.310009241,[ 1.09982512 -0.60566274  0.82938928],[ 1.06153336 -0.50049095  0.04515599],[-0.64045137 -0.1917674   0.71178404]
2.315009832,[ 1.10209817 -0.60329703  0.82419721],[ 1.06613378 -0.49719262  0.0398836 ],[-1.69645899  0.39000085  0.76068052]
2.320015192,[ 1.10406218 -0.60109699  0.81887232],[ 1.07055927 -0.49396543  0.03421202],[-1.14693614  0.33947611  0.59206921]
2.32501483,[ 1.10624707 -0.59910412  0.81186084],[ 1.07556502 -0.49062989  0.02691385],[-0.85314833 -0.03279492  0.62161163]
2.330011368,[ 1.10873858 -0.59658372  0.8058265 ],[ 1.07946043 -0.4870917   0.02032959],[-0.76749522 -0.05990823  0.54713598]
2.335012197,[ 1.11117719 -0.59406781  0.79945488],[ 1.08319796 -0.48347823  0.01339285],[-0.91573463 -0.02537221  0.56039695]
2.340007544,[ 1.11380971 -0.59190568  0.79227645],[ 1.08694821 -0.47976267  0.00614674],[-0.96648049 -0.74493926  0.48351474]
2.345009804,[ 1.11867057 -0.59109093  0.78225522],[ 1.09102761e+00 -4.76357647e-01 -1.04910908e-03],[-0.864762   -3.24914603  0.1795373 ]
2.350013018,[ 1.12361655 -0.59008516  0.77200533],[ 1.09674528 -0.47534581 -0.00677563],[ 0.31229967 -2.58744945  0.08238657]
2.355010033,[ 1.12863974 -0.58672291  0.76262765],[ 1.10432007 -0.47700662 -0.01126907],[ 0.91817572 -0.4694664   0.26245906]
2.360011816,[ 1.13182112 -0.58462714  0.75501754],[ 1.11145059 -0.4801397  -0.01287671],[ 1.0310985  -0.84607138 -0.15418731]
2.365011692,[ 1.13535526 -0.58239187  0.74779588],[ 1.11737325 -0.48419894 -0.01307318],[ 1.39769827 -1.58353418  0.04172741]
2.370011568,[ 1.13681938 -0.58107369  0.74173592],[ 1.12353664 -0.48920552 -0.01141974],[ 0.06324577 -0.73567557 -0.37795936]
2.375011444,[ 1.13843026 -0.57982228  0.73675497],[ 1.12803301 -0.49501076 -0.00929736],[ 1.51458843 -1.33776256 -0.47776418]
2.380028248,[ 1.13901357 -0.57918294  0.73214995],[ 1.13135528 -0.50121411 -0.00694843],[ 1.02979351 -0.23739667 -0.76464078]
2.385015488,[ 1.1392693  -0.57890785  0.72775284],[ 1.1335738  -0.5079407  -0.00510586],[ 1.52161977 -0.36894056 -0.71408847]
2.390024662,[ 1.13972958 -0.57858207  0.72386623],[ 1.13589419 -0.51520446 -0.0036278 ],[ 1.46721923 -0.79566834 -0.62017066]
2.395022869,[ 1.14110782 -0.57872183  0.71897566],[ 1.1379401  -0.52090738 -0.00294838],[ 1.41583857  0.17415455 -0.3033632 ]
2.400010586,[ 1.14223852 -0.57773073  0.71511772],[ 1.13979737 -0.52568097 -0.00311936],[1.95030199 0.58151539 0.03616818]
2.405008316,[ 1.14324306 -0.5774671   0.71089177],[ 1.14162542 -0.5303768  -0.00412091],[ 1.21536677  0.67312173 -0.19164826]
2.410005331,[ 1.14516969 -0.57691636  0.70625156],[ 1.14347505 -0.53460159 -0.00574542],[ 1.85522208  0.34253793 -0.04274398]
2.415021896,[ 1.14714462 -0.5763247   0.70100745],[ 1.14580806 -0.53867368 -0.00763452],[ 1.22262296  0.44568568 -0.17725007]
2.420006752,[ 1.15018812 -0.57565176  0.69536138],[ 1.14913523 -0.54215545 -0.0093558 ],[ 1.42180789 -0.46499618  0.09206048]
2.42500782,[ 1.15290702 -0.57557191  0.68976398],[ 1.15441012 -0.54647526 -0.01035531],[0.56903251 0.29298464 0.19760756]
2.430009365,[ 1.15516878 -0.57454393  0.68484637],[ 1.16050268 -0.54981118 -0.01003524],[0.20197428 0.83888549 0.39796417]
2.435007095,[ 1.15780415 -0.57400061  0.68056772],[ 1.16691966 -0.55323637 -0.00920883],[0.18132457 0.44173461 0.13961414]
2.440009594,[ 1.16009145 -0.57319235  0.6770269 ],[ 1.17338679 -0.55683169 -0.00797991],[0.26789438 1.25740518 0.26598979]
2.445008993,[ 1.16263414 -0.57250323  0.67285586],[ 1.17953438 -0.56020375 -0.00704296],[0.12653898 1.55265051 0.20262647]
2.45001173,[ 1.16506985 -0.57187182  0.66965606],[ 1.18544636 -0.56325528 -0.00656909],[0.17078832 1.31606567 0.26685655]
2.455010414,[ 1.16751713 -0.57128541  0.66709648],[ 1.19187567 -0.5667897  -0.00633444],[0.12414575 1.95551419 0.33313676]
2.460008383,[ 1.16902341 -0.57069706  0.66438722],[ 1.19692167 -0.56994848 -0.0066841 ],[0.48896915 2.24322628 0.34278985]
2.46500802,[ 1.17109273 -0.57052282  0.66125724],[ 1.2007355  -0.57332603 -0.00796505],[0.87905819 1.44346186 0.06722996]
2.47000885,[ 1.17339343 -0.57062532  0.65787793],[ 1.20377968 -0.57711862 -0.00956361],[ 1.09977395  1.38049447 -0.00260562]
2.475008965,[ 1.17554716 -0.5705748   0.65459457],[ 1.20666884 -0.58123658 -0.01093162],[1.30674622 1.80923758 0.18138574]
2.480020523,[ 1.17791327 -0.57046521  0.65152308],[ 1.20970381 -0.58566997 -0.01182073],[1.48927586 1.52965985 0.24225685]
2.4850173,[ 1.18008145 -0.57068452  0.64884232],[ 1.21262808 -0.59036467 -0.0122328 ],[1.28332559 1.45767223 0.09005485]
2.49002552,[ 1.18219531 -0.57092231  0.64639482],[ 1.21579578 -0.59581474 -0.01228732],[1.11799552 1.83376182 0.04956733]
2.495025396,[ 1.18443855 -0.57104252  0.64475569],[ 1.21889934 -0.60062805 -0.01176458],[1.24214777 1.81892623 0.20148866]
2.500012159,[ 1.18647006 -0.57082168  0.64376641],[ 1.22241352 -0.60531391 -0.01090872],[0.86794392 2.26957727 0.1981335 ]
2.50501132,[ 1.18837155 -0.57061208  0.64288349],[ 1.22613747 -0.60946071 -0.01031405],[0.67642706 2.63480662 0.36351389]
2.51000762,[ 1.19039466 -0.57042527  0.64235798],[ 1.23001552 -0.61299748 -0.01017722],[0.39759531 2.33969726 0.32280281]
2.515008688,[ 1.19206255 -0.57043782  0.64188717],[ 1.23413583 -0.61600501 -0.01030829],[-0.04910018  2.54946391  0.25992765]
2.520010233,[ 1.19406318 -0.57062799  0.64143981],[ 1.23872226 -0.61893572 -0.01073506],[-0.00940005  2.69851512  0.34251142]
2.525015116,[ 1.19607396 -0.57051344  0.64112707],[ 1.24285898 -0.62100294 -0.01110704],[0.00996128 2.33100512 0.30973071]
2.530009031,[ 1.19810306 -0.57011617  0.64096271],[ 1.2469595  -0.62268476 -0.0113553 ],[0.08991915 2.16526975 0.35349376]
2.535015583,[ 1.19991924 -0.56983827  0.64087379],[ 1.25096172 -0.62421627 -0.0113305 ],[-0.0610159   2.24736422  0.31020617]
2.540008783,[ 1.20193533 -0.56941829  0.64115136],[ 1.25472196 -0.62571572 -0.01102777],[0.24455267 1.92290095 0.34265476]
2.545016289,[ 1.20373394 -0.56897258  0.64199824],[ 1.25807029 -0.62702999 -0.01060046],[0.11078687 1.96297108 0.26536743]
2.550014973,[ 1.20517301 -0.5686084   0.64300193],[ 1.26093383 -0.62828402 -0.01006024],[0.13649545 1.99435096 0.17700988]
2.555013418,[ 1.20725158 -0.56815064  0.64430807],[ 1.26321261 -0.62970844 -0.00957934],[0.54474731 1.89559361 0.1898344 ]
2.560021639,[ 1.20860483 -0.56771187  0.64586454],[ 1.26467378 -0.63099303 -0.00917368],[0.58624573 1.71859915 0.07636436]
2.565008879,[ 1.20990205 -0.56721917  0.64746193],[ 1.265565   -0.63200038 -0.00902022],[0.64536322 1.53721441 0.11729701]
2.57000947,[ 1.21102403 -0.56700512  0.64918728],[ 1.26619376 -0.63274543 -0.00894256],[ 0.44570559  1.2642027  -0.0279308 ]
2.575007677,[ 1.21201072 -0.56666832  0.65106537],[ 1.26657958 -0.63321254 -0.00887958],[0.52423559 1.24706654 0.01688971]
2.580014706,[ 1.21309879 -0.56626931  0.65294795],[ 1.26674282 -0.633404   -0.00888388],[ 0.43358137  0.97933166 -0.06065066]
2.58501339,[ 1.21425216 -0.56578996  0.65508359],[ 1.26673151 -0.63322017 -0.00888086],[0.56670871 0.80674134 0.00345089]
2.590018272,[ 1.21555758 -0.5653401   0.65738345],[ 1.26652476 -0.63282189 -0.00881209],[ 0.24095575  0.88653263 -0.11038441]
2.595010757,[ 1.21647455 -0.56421995  0.66015079],[ 1.26640982 -0.63199148 -0.00859754],[0.5746469  0.50713938 0.04150532]
2.600013256,[ 1.21755116 -0.56308177  0.66303062],[ 1.26638416 -0.63073557 -0.00836254],[ 0.17041334  0.4815535  -0.06717072]
2.605012178,[ 1.21862343 -0.56165797  0.66593138],[ 1.26635999 -0.62906667 -0.00823107],[0.25497803 0.64789932 0.09582871]
2.610011816,[ 1.21976382 -0.56024254  0.6689366 ],[ 1.2662333  -0.62707082 -0.00820184],[0.17159451 0.27477155 0.01756473]
2.615014076,[ 1.22097286 -0.55867689  0.67220921],[ 1.26593283 -0.62491138 -0.00817189],[0.35328464 0.23097501 0.11307781]
2.62001586,[ 1.22193318 -0.55665625  0.67550581],[ 1.26531461 -0.62259725 -0.00825568],[ 0.15760785  0.19418125 -0.03195992]
2.625013351,[ 1.22308334 -0.55506521  0.67882525],[ 1.26417047 -0.62001385 -0.00861291],[0.43467556 0.06900362 0.08996396]
2.630013704,[ 1.22409778 -0.55344243  0.68220334],[ 1.26277063 -0.61751648 -0.00892786],[ 0.29599065 -0.36676339 -0.06740466]
2.63501358,[ 1.22474107 -0.55177268  0.68579973],[ 1.26106807 -0.61497411 -0.00916976],[ 0.26244309 -0.20586819 -0.02564782]
2.640011549,[ 1.22517336 -0.55024994  0.68955497],[ 1.25894031 -0.61239082 -0.0093733 ],[ 0.32122337 -0.60430565 -0.14231732]
2.645009041,[ 1.22565005 -0.54867589  0.69341389],[ 1.25628263 -0.60981865 -0.00949151],[ 0.50520177 -0.65309123 -0.18306368]
2.650011063,[ 1.22547398 -0.54680707  0.69799938],[ 1.253062   -0.60728164 -0.00951315],[ 0.47244699 -0.70675461 -0.27534608]
2.655008554,[ 1.22559223 -0.54556996  0.70195595],[ 1.24913038 -0.60460034 -0.00945655],[ 0.64526246 -0.72615167 -0.17754751]
2.660007715,[ 1.22616856 -0.54359534  0.70614593],[ 1.24548575 -0.60180974 -0.00915815],[ 0.63198469 -1.17656368 -0.24168628]
2.665004015,[ 1.22618437 -0.54175716  0.71064925],[ 1.2417296  -0.59886414 -0.00864234],[ 0.67570265 -0.9520253  -0.14827717]
2.670008659,[ 1.22603269 -0.53996563  0.71534868],[ 1.23780727 -0.5957147  -0.00808468],[ 0.43847041 -0.87987791 -0.20417542]
2.675005913,[ 1.22551504 -0.53844556  0.72014257],[ 1.23375517 -0.59228305 -0.0076036 ],[-0.07989971 -0.88053634 -0.34134767]
2.680023432,[ 1.22508626 -0.53695064  0.72510491],[ 1.22953454 -0.58845103 -0.00715597],[ 0.26432957 -0.9227551  -0.25188003]
2.685010672,[ 1.22476527 -0.53515649  0.73000159],[ 1.2253358  -0.58407829 -0.00673648],[ 0.08708709 -0.96457156 -0.27455725]
2.690022945,[ 1.22467004 -0.53408537  0.7351955 ],[ 1.22086457 -0.57904223 -0.00632423],[-0.00552472 -1.00352429 -0.12900369]
2.695024252,[ 1.22381075 -0.53192422  0.74033461],[ 1.21705549 -0.57367352 -0.0060077 ],[-0.56787993 -0.2878761  -0.06829625]
2.700012207,[ 1.22316931 -0.52994842  0.74543077],[ 1.21325306 -0.56783984 -0.00569706],[-0.34689571 -0.77779612 -0.05057108]
2.70500803,[ 1.22225797 -0.52746168  0.75128852],[ 1.20919396 -0.56153298 -0.00539733],[-0.17280796 -1.17661984 -0.13995441]
2.71000886,[ 1.22204687 -0.525335    0.75630222],[ 1.20494702 -0.55480063 -0.00513232],[-0.20238055 -0.87238517 -0.07005834]
2.715005636,[ 1.22178346 -0.52246723  0.76141924],[ 1.20068397 -0.54773279 -0.0048062 ],[-0.01223918 -0.30692643  0.20619521]
2.720010996,[ 1.22118127 -0.51983633  0.76682299],[ 1.1964326  -0.54047254 -0.00434511],[-0.37836632 -0.47592661  0.13139718]
2.725008011,[ 1.22172265 -0.51840702  0.7719258 ],[ 1.19126471 -0.5323355  -0.00394955],[-0.19593041 -0.93075672  0.04227783]
2.730010986,[ 1.22171125 -0.51631861  0.77665968],[ 1.1858828  -0.52441895 -0.0037644 ],[-0.13052329 -0.99520736 -0.00479902]
2.735011339,[ 1.221655   -0.51376327  0.78146536],[ 1.18039367 -0.5163838  -0.00347439],[ 0.18739369 -0.47244203  0.22616182]
2.740014315,[ 1.22169903 -0.51140295  0.78620595],[ 1.1748788  -0.50826784 -0.00300554],[-0.24623806 -1.07550844  0.10669266]
2.745013475,[ 1.2221262  -0.50966995  0.79071496],[ 1.16892082 -0.50001995 -0.00249658],[ 0.0353157  -1.04557156  0.11086268]
2.750017166,[ 1.22175942 -0.50716684  0.79607068],[ 1.16286521 -0.49180448 -0.00185503],[ 0.11262024 -1.13678699  0.07601214]
2.755012989,[ 1.22409501 -0.50756042  0.7986419 ],[ 1.15670841e+00 -4.83345194e-01 -9.95103982e-04],[-0.02156982 -2.508739   -0.1263931 ]
2.760017872,[ 1.22617563 -0.50849512  0.80043132],[ 1.15149391e+00 -4.75498334e-01  2.32060858e-04],[-0.86592694 -4.17165219 -0.24587866]
2.765012503,[ 1.22868211 -0.50897809  0.80264931],[ 1.1477485  -0.46859586  0.0024905 ],[ 0.06408866 -3.49305236 -0.13290971]
2.770011902,[ 1.23060585 -0.50810555  0.80547638],[ 1.14583691 -0.46334086  0.00591406],[ 0.70724349 -1.50188141  0.02812197]
2.775012732,[ 1.23227352 -0.50728305  0.80846806],[ 1.14473886 -0.45935604  0.00977508],[-0.39192929 -2.36733894 -0.286568  ]
2.78002739,[ 1.23423026 -0.50659653  0.81152181],[ 1.14439485 -0.45575813  0.01362728],[ 0.27306152 -2.1307395  -0.09326578]
2.785015345,[ 1.23566472 -0.50480602  0.81429592],[ 1.14478229 -0.4528366   0.01745576],[ 0.30841751 -0.89837228  0.17341522]
2.790019512,[ 1.23636785 -0.503608    0.81726383],[ 1.1460725  -0.45029933  0.0212394 ],[-0.5881413  -1.10813472  0.15283549]
2.795013905,[ 1.23691883 -0.50279019  0.8199444 ],[ 1.14780708 -0.44820795  0.02452336],[-0.61599192 -1.36257305  0.18445377]
2.800012589,[ 1.23753908 -0.50189572  0.82221766],[ 1.14965601 -0.44612092  0.02762685],[-0.68178131 -1.33785552  0.17058569]
2.805011034,[ 1.2383415  -0.50036555  0.82398027],[ 1.15164213 -0.44431109  0.03055239],[-0.13328359 -0.66898643  0.24206017]
2.810011387,[ 1.2385696  -0.49899398  0.82592457],[ 1.15370884 -0.44270692  0.03324178],[-0.45390213 -0.77944877  0.12758501]
2.815012693,[ 1.23900139 -0.49748654  0.82769521],[ 1.15573153 -0.44112987  0.03571529],[-0.32777837 -0.55514064  0.06559742]
2.820011377,[ 1.23930178 -0.49472247  0.82949502],[ 1.15818968 -0.43958198  0.0380688 ],[ 0.40319147 -0.55976591  0.25009482]
2.825013161,[ 1.23974813 -0.49309608  0.83078486],[ 1.16010789 -0.43816128  0.04013249],[-0.54405445 -0.73678383  0.0054205 ]
2.830011606,[ 1.23990507 -0.49143901  0.83194438],[ 1.16209209 -0.4366355   0.04193797],[-0.35579753 -0.62853855  0.24316405]
2.835011482,[ 1.24030071 -0.48974032  0.83272247],[ 1.16403151 -0.43481091  0.04346282],[-0.39148966 -0.71380562  0.18617069]
2.840011597,[ 1.2405394  -0.48807629  0.8331687 ],[ 1.16596336 -0.43296451  0.04471499],[-0.5646921  -0.63275178  0.24302989]
2.845008135,[ 1.24100961 -0.48661654  0.83331589],[ 1.16783843 -0.43099273  0.04576857],[-0.29058142 -1.12799711  0.19914332]
2.850010633,[ 1.24149735 -0.48564299  0.83296494],[ 1.16972592 -0.42913002  0.04670744],[-0.6736823  -0.89890756  0.0831033 ]
2.855010748,[ 1.2416472  -0.48382052  0.83268099],[ 1.17194771 -0.42724525  0.04736086],[-0.27612766 -0.83354732  0.16296006]
2.860010862,[ 1.2420674  -0.48219425  0.83245762],[ 1.17375204 -0.42533289  0.0479505 ],[-0.22012211 -0.38290585  0.16300746]
2.865009785,[ 1.24241672 -0.48036753  0.83213605],[ 1.17541612 -0.42343589  0.04825767],[-0.18468383 -0.48984569  0.12081207]
2.870011091,[ 1.2430077  -0.47808785  0.83147184],[ 1.1768935  -0.42124685  0.04813224],[-0.20235398 -0.20147804  0.2609411 ]
2.875011683,[ 1.24342424 -0.4764554   0.83020243],[ 1.17811985 -0.41899451  0.04753735],[-0.34073403 -0.85284748  0.08774655]
2.880029678,[ 1.24383342 -0.47564701  0.8281736 ],[ 1.17916173 -0.41652868  0.04659226],[-0.74398211 -1.68281386 -0.21426868]
2.885017395,[ 1.24447301 -0.47464722  0.82607891],[ 1.18059332 -0.41410184  0.04555944],[-0.4851009  -1.30132915  0.00870478]
2.890019894,[ 1.24491737 -0.47349674  0.82338   ],[ 1.18283428 -0.411714    0.04427446],[-0.7868032  -1.11833401  0.01660829]
2.895011902,[ 1.24525917 -0.47184567  0.82127084],[ 1.18507173 -0.40957904  0.04336444],[-0.36020381 -0.61422542  0.24055803]
2.900014877,[ 1.24598819 -0.46996919  0.81897076],[ 1.18738606 -0.40739927  0.04226197],[ 0.09783526 -0.73898283  0.37197852]
2.9050107,[ 1.24672531 -0.46845047  0.81632707],[ 1.18943264 -0.40538072  0.04086646],[-0.28502897 -0.74674831  0.09545143]
2.910011768,[ 1.24724653 -0.46647954  0.8137128 ],[ 1.19137529 -0.40323463  0.03914392],[-0.14855527 -0.55677512  0.30348083]
2.915009499,[ 1.24774557 -0.46455603  0.81072324],[ 1.19300725 -0.4009765   0.03695729],[-0.28730304 -0.56785368  0.15690994]
2.92001462,[ 1.24817207 -0.46282766  0.80688528],[ 1.19474636 -0.39867245  0.03384254],[-0.522589   -0.85218716  0.09548693]
2.925008774,[ 1.24898487 -0.46085356  0.80336062],[ 1.19606653 -0.39629517  0.03096694],[ 0.15400573 -0.59245259  0.23299994]
2.930011749,[ 1.24952101 -0.45912452  0.79956357],[ 1.19729299 -0.39401144  0.02780055],[-0.43024713 -0.52361016  0.11928777]
2.935031414,[ 1.25015993 -0.45754633  0.79537676],[ 1.19846578 -0.39155839  0.02431467],[-0.08989864 -0.93409426  0.18150095]
2.940011501,[ 1.25075386 -0.45572669  0.79116369],[ 1.19967729 -0.38907804  0.02052965],[-0.411468   -0.57092883  0.1762137 ]
2.945012093,[ 1.251312   -0.45402415  0.78658728],[ 1.20081049 -0.38655275  0.01645115],[-0.43707242 -0.65637284  0.20174187]
2.950017929,[ 1.25200672 -0.45225612  0.78175926],[ 1.20198919 -0.38399935  0.01208467],[-0.3091852  -0.55249899  0.28512244]
2.955009222,[ 1.25280852 -0.45072953  0.77627769],[ 1.20328367 -0.38141322  0.00680635],[-0.21239482 -0.84101357  0.21912306]
2.960010767,[ 1.25435825 -0.44903453  0.77027187],[ 1.20431337 -0.37882241  0.00181912],[ 0.13332792 -1.69480992  0.2194987 ]
2.965008259,[ 1.25634489 -0.44785189  0.76286915],[ 1.20569625 -0.37706005 -0.0031764 ],[-0.10357749 -2.08643628 -0.10787521]
2.970012903,[ 1.25899655 -0.44593508  0.75551102],[ 1.20786098 -0.37715841 -0.0071928 ],[ 1.8484352  -1.67787486  0.01903287]
2.975008011,[ 1.26048488 -0.44456437  0.74848527],[ 1.21078469 -0.37870519 -0.00977073],[-0.4003433  -1.33351859 -0.52282655]
2.980026484,[ 1.26209453 -0.44330591  0.74137102],[ 1.21364992 -0.38111677 -0.01102282],[ 1.31445801 -1.99865931 -0.231738  ]
2.985016346,[ 1.26285294 -0.44259906  0.73509405],[ 1.21719432 -0.38396859 -0.0105    ],[-0.31970171 -1.81735586 -0.49465657]
2.990029573,[ 1.26257205 -0.441911    0.72999518],[ 1.22129814 -0.38811976 -0.00869462],[ 0.58900028 -1.50675173 -0.3453144 ]
2.995030165,[ 1.26339112 -0.44040387  0.72610868],[ 1.22436577 -0.39202575 -0.0063241 ],[ 1.54126604 -1.42142153 -0.28161759]
3.000014305,[ 1.26299235 -0.43941222  0.72323547],[ 1.22661816 -0.39657269 -0.00404648],[ 1.01493391 -0.02028668 -0.45058083]
3.005012751,[ 1.26286848 -0.43815669  0.71916436],[ 1.22795637 -0.40059219 -0.00292507],[ 1.25350756  0.15836924 -0.17148153]
3.010012627,[ 1.26264562 -0.43801547  0.71541256],[ 1.22874109 -0.40408043 -0.0033211 ],[ 0.68204374 -0.65365003 -0.459253  ]
3.015013218,[ 1.26298943 -0.43724697  0.71157248],[ 1.22961531 -0.40701302 -0.00454785],[ 0.82470949  0.05822395 -0.12703246]
3.020012617,[ 1.26278272 -0.43682444  0.70728573],[ 1.23042908 -0.4098278  -0.00643486],[ 0.49782051  0.2614599  -0.26308293]
3.025011063,[ 1.26319895 -0.43635856  0.70250654],[ 1.23130152 -0.41296812 -0.00870983],[ 1.29168707 -0.69619785 -0.15927919]
3.0300107,[ 1.26388104 -0.43600017  0.69759932],[ 1.23229666 -0.41576849 -0.01061407],[ 0.69409285 -0.13448546 -0.32826301]
3.035008907,[ 1.26446544 -0.4353622   0.69228094],[ 1.23401924 -0.41849557 -0.01199825],[ 0.73077087 -0.33961052 -0.20499526]
3.040009737,[ 1.26587221 -0.43513607  0.68713349],[ 1.23670541 -0.42122129 -0.01254185],[ 0.53725432 -1.04837359 -0.19490569]
3.045013905,[ 1.26690883 -0.43457858  0.68300245],[ 1.24069275 -0.42395648 -0.01182351],[ 0.23086434 -0.08365344  0.09258274]
3.050011396,[ 1.26723388 -0.43381259  0.67958846],[ 1.24511513 -0.42671023 -0.01048931],[-0.22049669  0.69209087  0.05510406]
3.055006742,[ 1.26869915 -0.43327634  0.67621251],[ 1.24971192 -0.42981637 -0.00875501],[0.42685488 0.39254402 0.11572942]
3.060007334,[ 1.26914221 -0.43254716  0.67410698],[ 1.25361347 -0.43262677 -0.00741055],[0.16347536 1.23858148 0.05806529]
3.065005779,[ 1.2696728  -0.431514    0.67174506],[ 1.25707716 -0.435067   -0.00683331],[0.33310161 1.12746152 0.17767918]
3.070013523,[ 1.27059258 -0.43134751  0.66927454],[ 1.26035867 -0.43720797 -0.0069993 ],[ 0.04607713  0.55236965 -0.01690914]
3.075012445,[ 1.27132014 -0.43092686  0.66685416],[ 1.26348901 -0.43926473 -0.00756181],[0.23544051 1.44845843 0.23711992]
3.08001709,[ 1.27188412 -0.43044671  0.6640975 ],[ 1.26603706 -0.44146046 -0.00861425],[0.39945175 1.33156956 0.08031581]
3.085006237,[ 1.27310271 -0.43030817  0.66125219],[ 1.26800972 -0.44394312 -0.00983754],[ 0.7437743   0.73101245 -0.05226797]
3.090001106,[ 1.27426372 -0.42993931  0.65833068],[ 1.26988181 -0.44703651 -0.01080607],[0.81895814 1.09540118 0.01102262]
3.095000505,[ 1.27539559 -0.42966097  0.65556324],[ 1.27181791 -0.44998496 -0.01143081],[0.93787246 0.831913   0.08288037]
3.09999752,[ 1.27654302 -0.42951631  0.65332534],[ 1.27413723 -0.45312333 -0.0115477 ],[0.65531635 1.03762029 0.043007  ]
3.104996204,[ 1.27763641 -0.42939886  0.65110439],[ 1.27656895 -0.45626996 -0.01137691],[0.64952863 1.34391856 0.14761513]
3.109999895,[ 1.27854717 -0.42917353  0.64940195],[ 1.27893305 -0.45940103 -0.01114218],[0.48936236 1.39358354 0.04729864]
3.115003824,[ 1.27962353 -0.42921992  0.64840302],[ 1.28146438 -0.46246753 -0.01071411],[0.43739107 1.65274676 0.1195952 ]
3.119998217,[ 1.28040805 -0.42856253  0.64787297],[ 1.28413419 -0.46537124 -0.01025337],[0.25169748 2.27483512 0.18903182]
3.125000477,[ 1.28128692 -0.42817845  0.64744144],[ 1.28675445 -0.46812865 -0.01006317],[0.21399457 1.71209932 0.15119763]
3.129997969,[ 1.28243552 -0.4278712   0.64679213],[ 1.28933436 -0.47021443 -0.01043519],[0.15268528 1.69173879 0.2000062 ]
3.135002613,[ 1.28333179 -0.42755834  0.64617496],[ 1.29207808 -0.47204436 -0.01084956],[-0.20350071  1.93447747  0.14559772]
3.140011549,[ 1.28440241 -0.42727623  0.64568787],[ 1.29486735 -0.4737748  -0.01118241],[-0.03725406  1.83230312  0.18785219]
3.145003557,[ 1.28558398 -0.42699363  0.64534613],[ 1.2975501  -0.47544846 -0.01131384],[1.61066154e-04 1.76108458e+00 1.44709527e-01]
3.15000391,[ 1.28671314 -0.42647195  0.64529372],[ 1.30015734 -0.47705623 -0.01120947],[0.07611301 1.84748481 0.1988937 ]
3.155018091,[ 1.28813721 -0.42588736  0.64578436],[ 1.30263937 -0.47859259 -0.01081721],[0.16613465 1.77966967 0.25284613]
3.159999609,[ 1.28915115 -0.42538637  0.64645379],[ 1.30496176 -0.48008957 -0.01042688],[0.15540054 1.95525467 0.25104688]
3.164997578,[ 1.29005451 -0.42490473  0.64730646],[ 1.30680816 -0.48146117 -0.01020319],[0.1408301  1.70119244 0.15685042]
3.169996262,[ 1.29097878 -0.42463856  0.64830733],[ 1.3081766  -0.48278337 -0.01010774],[0.21395296 1.58607995 0.07366237]
3.174999714,[ 1.29180112 -0.42434568  0.64936054],[ 1.30921191 -0.48406349 -0.00996713],[0.13476593 1.65932294 0.01031382]
3.180031776,[ 1.2924824  -0.42412889  0.65063945],[ 1.31009174 -0.48520403 -0.00980859],[0.21046896 1.46172472 0.04193231]
3.185034752,[ 1.29325855 -0.4237542   0.65220023],[ 1.31081282 -0.48599377 -0.00970583],[0.23002594 1.33898539 0.05870249]
3.190005064,[ 1.29392119 -0.42337258  0.6539618 ],[ 1.31125696 -0.48642212 -0.0094972 ],[0.0867479  1.47956825 0.04800643]
3.19500494,[ 1.29456361 -0.42275463  0.65569314],[ 1.31176246 -0.48664331 -0.00943346],[0.16596943 1.22815298 0.03488168]
3.200044155,[ 1.29533299 -0.42210596  0.65759485],[ 1.31219471 -0.48662962 -0.00935352],[0.15788128 1.08438021 0.0294982 ]
3.205051422,[ 1.29572968 -0.42143318  0.65999096],[ 1.31252934 -0.48626134 -0.0092755 ],[-0.05456683  1.20772637 -0.00725534]
3.210042953,[ 1.29627167 -0.42069727  0.66225244],[ 1.31289356 -0.48559281 -0.00912544],[-0.20665289  1.10772805 -0.06144457]
3.215005875,[ 1.2968339  -0.41996707  0.6647845 ],[ 1.31323165 -0.4845844  -0.00894805],[-0.05061188  1.03501166  0.04922976]
3.219999552,[ 1.29757165 -0.41882599  0.66759124],[ 1.31328523 -0.48293074 -0.00872903],[-0.15848226  0.94643454 -0.00694528]
3.225001812,[ 1.29810817 -0.41762033  0.67029586],[ 1.31339119 -0.48121275 -0.00874284],[0.04364394 0.85301774 0.09861964]
3.230002642,[ 1.29883286 -0.41651067  0.67310056],[ 1.31328376 -0.47931481 -0.00877147],[-0.09254422  0.57258516 -0.03709504]
3.235044479,[ 1.2996983  -0.41492219  0.67627182],[ 1.31296696 -0.47724736 -0.00877662],[0.28505733 0.79508183 0.16641022]
3.240037918,[ 1.30031116 -0.41313284  0.67959964],[ 1.31241088 -0.47505079 -0.00885526],[0.08002196 0.94558253 0.10432036]
3.245004416,[ 1.30102039 -0.41166262  0.6828219 ],[ 1.31143925 -0.47278488 -0.00918749],[0.22732451 0.29063341 0.05402452]
3.250000238,[ 1.30171071 -0.41038318  0.68607403],[ 1.3100226  -0.4704845  -0.00955654],[ 0.26075833 -0.03835838 -0.07281129]
3.255000114,[ 1.30176021 -0.40856469  0.69051959],[ 1.30790594 -0.46778785 -0.00973107],[ 0.06577889  0.31328177 -0.07677153]
3.25999856,[ 1.30161453 -0.40738898  0.69454812],[ 1.30591945 -0.46534914 -0.00988755],[-0.08626282  0.31778985 -0.17822389]
3.265036821,[ 1.30153396 -0.40606781  0.69845603],[ 1.30354513 -0.46259913 -0.01019769],[ 0.08070272 -0.17804516 -0.20849059]
3.270003796,[ 1.30174416 -0.40484521  0.7025318 ],[ 1.30086996 -0.45958848 -0.01055186],[ 0.19940372 -0.41369636 -0.21899641]
3.274997711,[ 1.30174266 -0.40340042  0.70698204],[ 1.29815985 -0.45632866 -0.01069194],[ 0.03750328 -0.16980138 -0.18357782]
3.280025244,[ 1.30160982 -0.40191298  0.71162843],[ 1.29537636 -0.45280631 -0.01065854],[ 0.03905562 -0.04312654 -0.10945474]
3.284998894,[ 1.30142778 -0.400303    0.71635198],[ 1.29244487 -0.44891519 -0.01062177],[ 0.00181858 -0.55126634 -0.18384227]
3.289999247,[ 1.30138294 -0.39869722  0.72158396],[ 1.28884876 -0.44419394 -0.01041724],[ 0.01809376 -0.38709452 -0.13833524]
3.295000553,[ 1.30092395 -0.3965804   0.7266491 ],[ 1.28571717 -0.43957134 -0.01026312],[-0.05544283 -0.09781179 -0.07729319]
3.299997807,[ 1.30110313 -0.39456311  0.7319698 ],[ 1.28251329 -0.43467522 -0.00995032],[ 0.15254003 -0.63165612 -0.05051987]
3.304996014,[ 1.300798   -0.39262889  0.73781376],[ 1.27926671 -0.42955042 -0.009326  ],[-0.07593227 -0.19542834 -0.03826788]
3.309998512,[ 1.30002158 -0.38975906  0.74455359],[ 1.27585793 -0.42407169 -0.00870688],[-0.17210558 -0.24354364 -0.02772283]
3.314997196,[ 1.29980921 -0.38683132  0.75017907],[ 1.27233375 -0.41821316 -0.00818829],[ 0.28392037 -0.31010214  0.14116659]
3.320016146,[ 1.29984883 -0.38424377  0.75597723],[ 1.26862122 -0.412192   -0.00753522],[ 0.0006953 -0.4766321  0.0260858]
3.325005054,[ 1.30059765 -0.38191216  0.76217064],[ 1.26413358 -0.40545532 -0.0064159 ],[ 0.21350586 -0.42839257  0.1015255 ]
3.330007076,[ 1.3005787  -0.3792314   0.76823645],[ 1.25979033 -0.39928225 -0.00541412],[ 0.11794139 -0.02191042  0.12237438]
3.335003376,[ 1.30018688 -0.37638843  0.77417665],[ 1.25515096 -0.39292661 -0.00453347],[0.03139079 0.36300414 0.15721782]
3.340007544,[ 1.30017882 -0.37378733  0.78011084],[ 1.25022997 -0.38640072 -0.00361949],[-0.04639616 -0.37069314  0.03172376]
3.345003605,[ 1.30037337 -0.3717374   0.78595195],[ 1.24486992 -0.37968461 -0.00261166],[ 0.03013861 -0.79479189 -0.03068735]
3.350008011,[ 1.29935138 -0.36882514  0.79276527],[ 1.23923299 -0.37274191 -0.00165092],[-0.17701819 -0.47749492  0.0057771 ]
3.355001926,[ 1.29965392 -0.36725084  0.79756697],[ 1.23347846e+00 -3.65702102e-01 -7.53240575e-04],[-0.12518133 -1.04873845 -0.04513948]
3.360002995,[ 1.30118503 -0.36755116  0.80175994],[ 1.22744550e+00 -3.58142779e-01  5.00179105e-04],[-0.17677379 -1.9388486  -0.16131249]
3.365022659,[ 1.30196276 -0.36733529  0.80604454],[ 1.22274516 -0.35138968  0.00218122],[-0.65424951 -2.22072039 -0.27642088]
3.370005131,[ 1.30274506 -0.36629372  0.81049791],[ 1.21865906 -0.3450487   0.00437179],[ 0.0375533  -1.30014004  0.01693352]
3.374999046,[ 1.30410497 -0.36543572  0.81422526],[ 1.21479688 -0.33922163  0.0067818 ],[ 0.09090761 -2.37663688 -0.41090239]
3.380026817,[ 1.30632354 -0.36575544  0.81694104],[ 1.21125657 -0.33368674  0.00933999],[ 0.43401515 -3.47324191 -0.41185442]
3.38499999,[ 1.30846745 -0.3652794   0.8196307 ],[ 1.2090431  -0.32904237  0.01255656],[ 0.28641645 -2.73406375 -0.3809313 ]
3.390006304,[ 1.31003704 -0.3643353   0.82263931],[ 1.20783542 -0.32528054  0.01674724],[ 0.33503257 -1.48242649 -0.08101121]
3.394999266,[ 1.31130814 -0.36334429  0.82576081],[ 1.2084355  -0.32282943  0.02099674],[ 0.14029758 -1.95448846 -0.0056667 ]
3.400001287,[ 1.31222575 -0.36246919  0.82892038],[ 1.20961577 -0.3208091   0.02541528],[-0.5741912  -1.71771771 -0.05706613]
3.404999971,[ 1.31325661 -0.36127806  0.83145364],[ 1.21127856 -0.31929193  0.02992537],[ 0.03870513 -0.93996316  0.16366175]
3.409995794,[ 1.31363935 -0.35962343  0.83423229],[ 1.21309531 -0.31818185  0.03433408],[-0.16021548 -0.96531111  0.00153761]
3.415005922,[ 1.31409141 -0.35831542  0.83685689],[ 1.21490214 -0.31732898  0.03858876],[ 0.0450387  -0.96691185 -0.06639146]
3.42000103,[ 1.31517386 -0.35636779  0.8394404 ],[ 1.21668776 -0.3165578   0.04278155],[ 0.43625259 -0.85021996 -0.05919136]
3.425001621,[ 1.31474076 -0.35354486  0.84252919],[ 1.21839485 -0.31589283  0.04730253],[ 0.11303727 -0.45981812 -0.08024124]
3.429997683,[ 1.31507445 -0.35167221  0.84453106],[ 1.22010652 -0.31537769  0.051101  ],[ 0.09669093 -0.30276612  0.03145137]
3.434998512,[ 1.31545273 -0.34982857  0.84626349],[ 1.22202764 -0.31473797  0.05458506],[-0.13324402 -0.70343668 -0.01511815]
3.440003395,[ 1.31575766 -0.34864565  0.84770573],[ 1.22394221 -0.31408992  0.05783729],[-0.3798079  -1.10653686 -0.04687182]
3.445006132,[ 1.31620375 -0.34747855  0.84896769],[ 1.22594214 -0.31329351  0.06093253],[-0.36696165 -1.0827866   0.01568444]
3.450002432,[ 1.31630067 -0.3464196   0.84994264],[ 1.2281716  -0.3125977   0.06393457],[-0.57466908 -0.94851058 -0.06197602]
3.455001593,[ 1.31558621 -0.34431549  0.8510866 ],[ 1.23053681 -0.31173588  0.06687454],[-0.52037671 -0.69859719 -0.01616854]
3.460000515,[ 1.31644235 -0.3424611   0.85134804],[ 1.23270801 -0.31101656  0.06945585],[ 0.23312329 -0.47829979  0.13578973]
3.464998722,[ 1.31659057 -0.34074774  0.85200186],[ 1.23457149 -0.31032947  0.07175027],[-0.02096935 -0.55611623 -0.07234562]
3.469997406,[ 1.31711064 -0.33854103  0.85243225],[ 1.23621898 -0.30948285  0.07368495],[ 0.36061585 -0.27584564  0.08968021]
3.47499609,[ 1.31766762 -0.33653267  0.85240648],[ 1.23758133 -0.30850587  0.07518649],[ 0.05646248 -0.80874526 -0.10429423]
3.48000598,[ 1.3178733  -0.33536879  0.85196032],[ 1.23883115 -0.30740589  0.07627363],[-0.46753688 -0.91701138 -0.15493787]
3.485004425,[ 1.31843479 -0.3339936   0.85113293],[ 1.24017836 -0.30616121  0.07709098],[-0.17383143 -1.07576175 -0.02753229]
3.490006685,[ 1.31822153 -0.33233871  0.85003113],[ 1.24174338 -0.30470686  0.07754865],[-0.418982   -0.97694232 -0.07998138]
3.495000601,[ 1.31832362 -0.33082792  0.8489543 ],[ 1.24353581 -0.30338104  0.07800647],[-0.4332253  -0.83399184 -0.02086854]
3.499997854,[ 1.31856675 -0.32920367  0.84757056],[ 1.24535585 -0.30199185  0.07823545],[-0.20236371 -0.65682481  0.02334063]
3.504998922,[ 1.31862196 -0.32770333  0.84607535],[ 1.24723226 -0.30063258  0.07824565],[-0.30556043 -0.55650137  0.00490371]
3.509996176,[ 1.31929655 -0.32600609  0.84395328],[ 1.24876791 -0.29922352  0.0779591 ],[ 0.01390776 -0.55652489  0.01509375]
3.515003443,[ 1.31956758 -0.32449404  0.84189615],[ 1.25017328 -0.29781006  0.07737335],[-0.27750946 -0.58926272 -0.08384801]
3.520005465,[ 1.32002012 -0.32286703  0.83954549],[ 1.25140277 -0.29628342  0.0764934 ],[-0.13614094 -0.81643659 -0.1030179 ]
3.525005102,[ 1.32038278 -0.3206977   0.83655836],[ 1.25267119 -0.29442013  0.07497609],[-0.02871032 -0.81587316 -0.10514138]
3.530001402,[ 1.32089928 -0.31904012  0.83372345],[ 1.2539799  -0.29279245  0.07360868],[-0.09377063 -0.81696769 -0.0393986 ]
3.53500104,[ 1.32123321 -0.31749331  0.83065917],[ 1.25533824 -0.29109344  0.07198716],[-0.40151158 -0.74203495 -0.07186367]
3.539999962,[ 1.32142179 -0.31599995  0.82739177],[ 1.25681835 -0.28931155  0.0700866 ],[-0.11119912 -0.78027412  0.03508593]
3.545003653,[ 1.32189033 -0.31429696  0.82380259],[ 1.2582611  -0.28742052  0.06788084],[-0.26285107 -0.74749938  0.01125298]
3.550002575,[ 1.32214553 -0.31275271  0.82007666],[ 1.2597126  -0.28555694  0.06540751],[-0.33615005 -0.70616956 -0.00736135]
3.554995298,[ 1.32248653 -0.31076823  0.8154757 ],[ 1.26107585 -0.28337072  0.06209904],[-0.12209177 -0.83482713  0.0057052 ]
3.559996128,[ 1.32306949 -0.30916919  0.81110785],[ 1.26229312 -0.28145692  0.05905311],[-0.13490246 -0.49536759 -0.01572046]
3.565002203,[ 1.32368859 -0.30729633  0.80664363],[ 1.26331616 -0.27952722  0.05570082],[ 0.02621904 -0.59282781 -0.00954544]
3.57001543,[ 1.32423117 -0.30529246  0.80205471],[ 1.26422894 -0.27759297  0.05202286],[-0.06545006 -0.59692614 -0.07781217]
3.575039625,[ 1.32478034 -0.30330953  0.79718438],[ 1.26497585 -0.27558986  0.04794614],[ 0.13490004 -0.61586128  0.01114296]
3.580004454,[ 1.32538913 -0.30143858  0.79202112],[ 1.26572022 -0.27347046  0.04346605],[-0.04444446 -0.64978529 -0.00455626]
3.584999323,[ 1.32581425 -0.29990678  0.78660799],[ 1.26641073 -0.27136259  0.03872803],[-0.37119845 -0.66936519 -0.06625121]
3.590038061,[ 1.32620674 -0.29787678  0.78010137],[ 1.26709106 -0.26881506  0.0327627 ],[-0.04191939 -0.58613505  0.08780149]
3.595000744,[ 1.32691152 -0.29601953  0.77428167],[ 1.26779902 -0.26649186  0.02728562],[ 0.02730188 -0.57965399  0.10253244]
3.600001574,[ 1.32797382 -0.29369148  0.76818461],[ 1.26843786 -0.26417155  0.02150917],[ 0.5138115  -0.46511163  0.29599738]
3.605056524,[ 1.32895011 -0.29117409  0.76186203],[ 1.26902475 -0.26196776  0.01530608],[ 0.26086477 -0.40793675  0.2396785 ]
3.610034704,[ 1.32983428 -0.28909204  0.75519966],[ 1.26916055 -0.26002276  0.00866069],[ 0.45058663 -0.71879946  0.15033183]
3.615031242,[ 1.33116643 -0.28734514  0.74734609],[ 1.26912878 -0.25823355  0.00169448],[ 0.43629733 -1.82142982 -0.08235937]
3.620034218,[ 1.33255027 -0.28659676  0.73672866],[ 1.26922866 -0.25718967 -0.00591759],[-0.04779888 -2.30094972 -0.50197747]
3.625055075,[ 1.33457946 -0.28533942  0.72678   ],[ 1.27096117 -0.25810975 -0.01077664],[ 1.54150945 -2.30225063 -0.24203156]
3.630046606,[ 1.33613105 -0.28402055  0.71773959],[ 1.27400052 -0.2602342  -0.01348136],[ 0.1920443  -1.34539304 -0.35550368]
3.63503623,[ 1.33729058 -0.28297664  0.7097806 ],[ 1.27725997 -0.26326321 -0.01422305],[ 1.14214478 -2.03910834 -0.35731204]
3.640053272,[ 1.33710715 -0.28152322  0.70382717],[ 1.28099536 -0.26683044 -0.01308091],[-0.133539   -0.00168381 -0.37945696]
3.645004272,[ 1.33612182 -0.28002163  0.69817815],[ 1.28394083 -0.2708208  -0.01134002],[ 0.73164267 -0.77460918 -0.5362498 ]
3.650024176,[ 1.3365154  -0.27897226  0.69226142],[ 1.2859508  -0.2744509  -0.00992713],[ 1.27162307 -1.65972996 -0.56511264]
3.655010939,[ 1.33622222 -0.27772276  0.68840621],[ 1.28780837 -0.27869179 -0.00804722],[ 0.65877554 -0.21931203 -0.42897724]
3.660007954,[ 1.33657858 -0.27620549  0.68397156],[ 1.28935415 -0.28208956 -0.00716184],[1.48587285 1.02930555 0.11621117]
3.66500783,[ 1.33596546 -0.27504446  0.68000387],[ 1.2901699  -0.28525496 -0.00762343],[ 0.31624099  0.84179324 -0.38448026]
3.67001009,[ 1.33622042 -0.27466642  0.67500902],[ 1.29036445 -0.2877143  -0.00938473],[ 1.31871672 -0.34600874 -0.21858396]
3.675011873,[ 1.33652237 -0.27387646  0.6697046 ],[ 1.29062793 -0.28996857 -0.01158583],[ 0.75019349  0.12400409 -0.37667695]
3.680028439,[ 1.33754397 -0.2729731   0.66394413],[ 1.29142468 -0.29201053 -0.01373078],[ 1.35058731 -0.19727217 -0.01179912]
3.685019493,[ 1.33892739 -0.2721108   0.65866416],[ 1.29284103 -0.29448474 -0.01501069],[ 1.07383888 -0.10204214 -0.13370872]
3.690021038,[ 1.3395582  -0.27080573  0.65407896],[ 1.29485935 -0.29723501 -0.0153193 ],[0.95900649 0.32930204 0.0318147 ]
3.695012569,[ 1.34058252 -0.2698168   0.64978976],[ 1.29763895 -0.29981323 -0.01511757],[ 0.57861577  0.14352029 -0.06943579]
3.700016022,[ 1.3418816  -0.26849462  0.64642673],[ 1.30117014 -0.30224045 -0.0144338 ],[0.57689816 0.49948159 0.11546955]
3.70501399,[ 1.3429505  -0.26694592  0.64338455],[ 1.30485237 -0.30452152 -0.01360973],[0.61141204 1.09159696 0.30334299]
3.710012436,[ 1.34453835 -0.26575631  0.63998866],[ 1.30833258 -0.30667437 -0.01292299],[0.60326219 0.64682699 0.17952606]
3.715009212,[ 1.34583728 -0.26446417  0.63790355],[ 1.3116777  -0.30881073 -0.01226732],[0.45511679 1.20665585 0.18742035]
3.720012426,[ 1.34682241 -0.26303943  0.63618233],[ 1.31481466 -0.31083087 -0.01185401],[0.37120102 1.67422726 0.27501253]
3.725008249,[ 1.34764617 -0.26142307  0.63470169],[ 1.31742466 -0.31276055 -0.01161515],[0.54666811 1.29658522 0.22023798]
3.730008125,[ 1.34892302 -0.26021932  0.63290855],[ 1.31952896 -0.31439452 -0.01205676],[0.54602435 1.24672829 0.1305067 ]
3.735009432,[ 1.34997771 -0.25913657  0.6311832 ],[ 1.32121674 -0.31608683 -0.01256153],[0.7039266  1.40438972 0.1465862 ]
3.740011454,[ 1.35134214 -0.2579082   0.62959396],[ 1.32260124 -0.31782627 -0.01300962],[0.84957541 1.25659696 0.1438082 ]
3.745009899,[ 1.35256642 -0.25671491  0.62825275],[ 1.32375852 -0.31953214 -0.01333746],[0.96610099 1.32609122 0.20064711]
3.750011921,[ 1.35368488 -0.25561032  0.62714951],[ 1.32475067 -0.3211723  -0.01348051],[0.85371141 1.23612772 0.08668559]
3.755011797,[ 1.35501941 -0.25436492  0.626448  ],[ 1.32524326 -0.32279978 -0.01322661],[0.9948216  1.08676562 0.12377357]
3.760012627,[ 1.35628912 -0.25289455  0.62626238],[ 1.32622243 -0.32425183 -0.01295557],[0.67470348 1.6404334  0.14905756]
3.765012741,[ 1.35741432 -0.25153465  0.62630047],[ 1.32720013 -0.3252641  -0.01284799],[0.56814447 1.27771173 0.11902487]
3.770011425,[ 1.35868843 -0.25021396  0.62648442],[ 1.32808714 -0.32587178 -0.0128771 ],[ 0.35799336  1.21089294 -0.00780691]
3.775009871,[ 1.35988357 -0.24883231  0.62688352],[ 1.3288768  -0.32619217 -0.01285003],[0.43119983 1.30727616 0.04788304]
3.780018091,[ 1.36115258 -0.24726764  0.62763528],[ 1.32975358 -0.32608783 -0.01280882],[0.31977049 1.23677052 0.07036768]
3.785015821,[ 1.36263341 -0.24571036  0.62852961],[ 1.33073787 -0.325378   -0.01285138],[0.2749683  0.84906582 0.08193346]
3.790017605,[ 1.36381315 -0.24362768  0.63004683],[ 1.33155507 -0.32403433 -0.01254653],[0.11293376 1.26087641 0.10801261]
3.795015812,[ 1.36531643 -0.24148567  0.6315042 ],[ 1.33251648 -0.32256872 -0.01239562],[0.46911213 0.92457239 0.20911222]
3.800016165,[ 1.36687283 -0.23925269  0.63323352],[ 1.33313888 -0.32086691 -0.01223015],[0.44454074 0.73065554 0.09313813]
3.805016279,[ 1.36838877 -0.23656768  0.63546661],[ 1.33351626 -0.31874869 -0.01217112],[0.42097886 0.77907782 0.16406315]
3.810014248,[ 1.36997305 -0.23403791  0.63746483],[ 1.3336908  -0.31636409 -0.01215215],[0.37898999 0.53371099 0.10276082]
3.815009117,[ 1.37183588 -0.23135186  0.63972449],[ 1.33355373 -0.31379683 -0.01206852],[0.83792402 0.43039822 0.29002424]
3.820017576,[ 1.37352238 -0.22832182  0.64250593],[ 1.33256292 -0.31070091 -0.01168808],[0.43415988 0.59910586 0.03880958]
3.825015068,[ 1.37535746 -0.22554501  0.64510638],[ 1.33143886 -0.30795411 -0.01153234],[1.01874977 0.02484195 0.16120768]
3.830012798,[ 1.37685225 -0.22272056  0.64808084],[ 1.32986577 -0.30517599 -0.01125111],[ 0.68205826  0.03143877 -0.07777416]
3.835010052,[ 1.3784579  -0.21941178  0.65124785],[ 1.32800427 -0.30223625 -0.01092926],[1.11008379 0.3874337  0.25554728]
3.840011597,[ 1.38014387 -0.21623766  0.65459094],[ 1.3258058  -0.29910385 -0.0106865 ],[ 0.97674398 -0.03493582  0.04966871]
3.845010042,[ 1.38188297 -0.213016    0.65809319],[ 1.32323743 -0.29579619 -0.01057072],[ 1.17212705 -0.19870849  0.13714276]
3.850015163,[ 1.38351491 -0.20981235  0.66169024],[ 1.32028413 -0.29232234 -0.01055561],[ 1.08569805 -0.41207872  0.01822335]
3.855009079,[ 1.38469682 -0.20690152  0.66590109],[ 1.31658828 -0.28825388 -0.01034141],[ 0.68273256 -0.11717609  0.01826888]
3.860012531,[ 1.38543528 -0.20320053  0.67102866],[ 1.31357222 -0.28416115 -0.01033681],[ 0.48149866 -0.16384683 -0.06441775]
3.865007162,[ 1.38695509 -0.19971017  0.67530031],[ 1.31034103 -0.27959446 -0.01049771],[ 0.52671976 -0.41327612 -0.09432608]
3.870007277,[ 1.38855031 -0.19652368  0.67960655],[ 1.30687125 -0.27463903 -0.01071872],[ 0.75124842 -0.83095545 -0.13003879]
3.875008583,[ 1.39001232 -0.19336938  0.68442189],[ 1.30344325 -0.26931849 -0.0108128 ],[ 0.33168682 -0.85463533 -0.22738063]
3.880025864,[ 1.39106183 -0.18999457  0.68971092],[ 1.30011774 -0.26357395 -0.01081802],[ 0.22002793 -0.51427176 -0.11153748]
3.885021687,[ 1.39209868 -0.18656576  0.69490248],[ 1.29668842 -0.25722509 -0.01092819],[ 0.36127961 -0.74379803 -0.07384643]
3.890026569,[ 1.39329836 -0.18349594  0.70036723],[ 1.29233644 -0.2497874  -0.01081398],[ 0.22820045 -1.01232252 -0.21315714]
3.895018101,[ 1.39482405 -0.17945833  0.70607599],[ 1.28856118 -0.2423759  -0.01082881],[ 0.5741565  -0.84326889 -0.01094729]
3.900011063,[ 1.39644964 -0.17545501  0.71181043],[ 1.28466479 -0.23456978 -0.0107651 ],[ 0.57787361 -1.22197603 -0.06000776]
3.905011654,[ 1.3976773  -0.17171969  0.71806003],[ 1.28053088 -0.22629558 -0.01063256],[ 0.09539683 -0.8973766  -0.10362172]
3.910010099,[ 1.3984216  -0.16676489  0.72575359],[ 1.2760663  -0.21746777 -0.01047983],[ 0.37749346 -0.87371217 -0.01829532]
3.915007353,[ 1.39971617 -0.16195886  0.73202241],[ 1.27131133 -0.20807731 -0.01031107],[ 0.6644538  -0.56776997  0.1601699 ]
3.920007706,[ 1.40159461 -0.15747228  0.73870785],[ 1.26567695 -0.19748398 -0.0096181 ],[ 0.73172332 -1.26871359  0.03505502]
3.925007343,[ 1.40282206 -0.15327037  0.74570007],[ 1.26048087 -0.18736904 -0.00885322],[ 0.15503554 -1.14010207 -0.11629906]
3.930007458,[ 1.40420898 -0.14882835  0.7526369 ],[ 1.25484475 -0.17657168 -0.00805229],[ 0.25586049 -1.25919937 -0.05892421]
3.935009241,[ 1.40534593 -0.14376542  0.7598144 ],[ 1.24908051 -0.16503012 -0.00732898],[ 0.2235618  -0.59618791  0.18594523]
3.940009117,[ 1.4065112  -0.13861448  0.76743701],[ 1.24336663 -0.15275743 -0.00649411],[-0.22046479 -0.67497295  0.16396887]
3.945011854,[ 1.40791774 -0.1339012   0.77495791],[ 1.23709803 -0.1396966  -0.00550635],[ 0.11186203 -1.25763857  0.12830053]
3.950009823,[ 1.41002071 -0.12911143  0.7819838 ],[ 1.2302134  -0.12579727 -0.00456233],[ 0.29847188 -1.33313184  0.11629584]
3.955011129,[ 1.41334019 -0.12474668  0.78929143],[ 1.22260048 -0.11043999 -0.00326562],[ 0.36072947 -0.08662653  0.5238863 ]
3.960007429,[ 1.41374194 -0.11637937  0.80001449],[ 1.21561891 -0.09527083 -0.00223184],[-0.15278619  0.87913648  0.76644667]
3.96500802,[ 1.416063   -0.11080208  0.80731101],[ 1.20745935 -0.07888636 -0.00159859],[-0.15997153 -0.22952907  0.67421803]
3.970006943,[ 1.41896566 -0.10646298  0.81392635],[ 1.19836009e+00 -6.15313993e-02 -1.01626507e-03],[ 0.01096851 -1.49891197  0.39857752]
3.975010157,[ 1.42157789 -0.10225198  0.82083548],[ 1.18881534e+00 -4.35242386e-02  5.18986934e-05],[-0.47161349 -0.81658169  0.53179874]
3.980033398,[ 1.42431674 -0.09771091  0.82739113],[ 1.17902714 -0.02439403  0.00142377],[-0.80858418  0.12961575  0.80685383]
3.985021353,[ 1.42703829 -0.09392544  0.83373362],[ 1.16905854 -0.00402905  0.00304722],[-1.04837962 -0.37802789  1.07882724]
3.99001956,[ 1.4305367  -0.09335067  0.83914107],[1.15787502 0.01899718 0.00573154],[-1.24206956  0.11700076  1.11335483]
3.995016575,[ 1.43172101 -0.08934776  0.84269788],[1.14719039 0.04209056 0.00936247],[-1.41006628  0.20753687  1.14378477]
4.000013113,[ 1.43611127 -0.08914753  0.84217735],[1.13765792 0.06599008 0.01410659],[-0.33778308 -5.60628401  0.21046006]
4.005013466,[ 1.44637552 -0.09210069  0.83970708],[1.13050024 0.08665425 0.02137264],[  1.30381446 -10.13620288  -1.38223396]
4.010010004,[ 1.45360211 -0.09217674  0.83962048],[1.12891942 0.10064009 0.02941346],[ 0.82221763 -4.8462245  -0.606214  ]
4.015010357,[ 1.45977554 -0.09097994  0.84044651],[1.13064546 0.10990475 0.03667651],[ 0.31951467 -3.47628767 -0.53804006]
4.020012856,[ 1.46675216 -0.08985808  0.84111729],[1.13557992 0.1162768  0.04168303],[ 0.15305154 -4.96879198  0.38701609]
4.025011301,[ 1.47334309 -0.09015668  0.84262182],[1.14364146 0.12001514 0.04545375],[-1.35849681 -4.99542113  1.71094334]
4.030009031,[ 1.47664853 -0.09123876  0.84424311],[1.15454758 0.11923816 0.04638212],[-3.16717998 -3.6704909   2.98535463]
4.035014391,[ 1.47817624 -0.09086979  0.84615785],[1.16736081 0.1160109  0.04637268],[-2.99554645 -1.22414509  2.67411502]
4.040010691,[ 1.4809973  -0.08757815  0.84865859],[1.18069041 0.1121599  0.04705091],[-0.91278575  0.5285359   1.87206955]
4.04501009,[ 1.48521826 -0.0810886   0.85205211],[1.19385997 0.10814564 0.04872235],[0.75662237 1.82709563 1.48096142]
4.050011396,[ 1.48909291 -0.07513801  0.85518972],[1.20551267 0.10474176 0.05145753],[1.68705566 0.93632401 0.41729186]
4.05501318,[ 1.49193754 -0.06734974  0.86018774],[1.21662451 0.10170308 0.055691  ],[1.74641483 0.39057508 0.13189174]
4.060010195,[ 1.49741728 -0.06299544  0.86091735],[1.22689522 0.09955278 0.05917692],[ 1.93473592  0.35902414 -0.43283243]
4.065047503,[ 1.5009597  -0.0561807   0.86449826],[1.23703877 0.09743994 0.06270161],[0.43091114 1.14157285 0.19331627]
4.070007324,[ 1.50530967 -0.0522494   0.86528718],[1.24845416 0.0953682  0.0657271 ],[-0.60446477  0.74198526  0.89268439]
4.07501173,[ 1.50704696 -0.05014466  0.86755838],[1.26043572 0.0935492  0.06844299],[-2.86057305  0.1597316   1.29777271]
4.080034733,[ 1.50849978 -0.0486922   0.86959471],[1.27327075 0.09230967 0.0708547 ],[-2.98125513  0.12167798  1.72205827]
4.085031271,[ 1.50989269 -0.046874    0.87122274],[1.2859096  0.09169256 0.07312541],[-3.13648995  0.60071711  1.39175271]
4.090022326,[ 1.51070643 -0.04259637  0.87509848],[1.29924537 0.09149431 0.07680742],[-1.5487629   0.86562714  1.19034413]
4.095022917,[ 1.51387714 -0.03755079  0.87633686],[1.31091481 0.09174409 0.07891521],[0.13111302 1.52688598 0.97382739]
4.100012779,[ 1.51642876 -0.03212972  0.87781113],[1.32196203 0.0921903  0.08081587],[-0.02308419  2.30778103  0.74655174]
4.105011702,[ 1.51946305 -0.02693209  0.87865701],[1.33192579 0.09329252 0.08239167],[0.14882437 1.18796151 0.82689356]
4.110011578,[ 1.52289935 -0.02220009  0.8790304 ],[1.34102279 0.09500677 0.08358384],[-0.29959153  0.85629296  0.71234482]
4.115012407,[ 1.52613559 -0.01861665  0.87800086],[1.34975615 0.09713728 0.08453345],[-1.16305312  0.84065275  0.79276353]
4.120009899,[ 1.52885369 -0.01543377  0.87682643],[1.35849599 0.09967614 0.08520529],[-1.30429631  0.12907256  0.85788915]
4.125012398,[ 1.53179191 -0.01181313  0.87729198],[1.36808275 0.10284167 0.08738885],[-1.92269518 -0.30708248  0.76022421]
4.130005598,[ 1.53479078 -0.00875041  0.87569146],[1.37740869 0.10571707 0.0882177 ],[-1.74011206  0.03311195  0.90147052]
4.135009766,[ 1.53773128 -0.00529316  0.87418598],[1.38701847 0.10858948 0.0890109 ],[-0.97665054  0.24687599  0.79915419]
4.140009165,[ 1.54135668e+00 -1.27017090e-03  8.72577761e-01],[1.39673094 0.11159953 0.08966283],[-1.00597663  0.55737862  1.00087174]
4.145009756,[1.54487688 0.00226484 0.87057748],[1.40634012 0.11458346 0.09015289],[-0.5350106   0.1059436   0.91690534]
4.15001297,[1.54811966 0.00595439 0.8684568 ],[1.4158223  0.11743564 0.09043358],[-1.2810972   0.44324775  0.91619221]
4.155008554,[1.55085508 0.00985591 0.86613659],[1.42528711 0.12039463 0.09047428],[-1.0089728   0.86130039  0.72851143]
4.159997463,[1.55440732 0.01426639 0.86475447],[1.43498515 0.12378326 0.09198355],[-1.02009194  0.89187188  0.5799948 ]
4.164995193,[1.55805484 0.01830626 0.86192919],[1.44372293 0.12712124 0.09145275],[-0.49563866  0.35921921  0.77544717]
4.169995546,[1.56151369 0.02215447 0.85895006],[1.45227245 0.13053626 0.09075218],[-0.99588413  0.65959678  0.50814787]
4.175000429,[1.56407789 0.02596373 0.85540444],[1.46090001 0.13425872 0.08981262],[-0.9937512   0.71749862  0.725494  ]
4.18001771,[1.56708733 0.02992155 0.85147679],[1.46931915 0.13830276 0.08859301],[-0.84299972  0.40428237  0.75430733]
4.185001373,[1.56984632 0.03226203 0.84723319],[1.47789574 0.14245239 0.08730685],[-1.42820407  0.03100673  0.72212684]
4.19000411,[1.57411112 0.03668878 0.84475201],[1.48734626 0.1476183  0.08787874],[-1.3286869   0.34039029  0.73322648]
4.195003748,[1.57745471 0.04013809 0.84049545],[1.4959534  0.15214721 0.08639845],[-1.05194833  0.47040375  0.68192536]
4.200016499,[1.58144873 0.04451951 0.83666165],[1.50435704 0.15680401 0.08463852],[0.06152094 0.44987564 0.95431587]
4.205000877,[1.58516875 0.04903393 0.83278964],[1.51236638 0.16139249 0.08236207],[-0.74745262  0.89407404  0.67345779]
4.209998369,[1.58867889 0.05366033 0.8283034 ],[1.51950362 0.16618293 0.07913214],[0.08063687 0.88546673 0.73222343]
4.21500659,[1.5915356  0.05779939 0.8233944 ],[1.52601233 0.17125649 0.0750686 ],[-0.80373542  1.43648343  0.43831711]
4.219999313,[1.59549274 0.06277545 0.82004852],[1.53290874 0.1772381  0.07216713],[-0.47922304  1.39035589  0.54042823]
4.225005388,[1.59847726 0.06637586 0.81479253],[1.53871288 0.1829693  0.06707128],[-0.73274717  0.88364545  0.59591861]
4.230003834,[1.60169679 0.06995764 0.80906761],[1.5439828  0.18909873 0.06137208],[-1.27565857  0.93055217  0.50466731]
4.235003948,[1.6052746  0.07382102 0.80276155],[1.54898936 0.19555451 0.05524267],[-0.39477914  0.56614646  0.84466145]
4.240003347,[1.60886906 0.07768946 0.7962632 ],[1.55388322 0.20215177 0.04874084],[-0.78619235  0.71068365  0.75615329]
4.245004416,[1.61245287 0.08138724 0.78949403],[1.55862542 0.20863041 0.04178966],[-1.07639928  0.6240719   0.63924318]
4.250003338,[1.6161964  0.0853115  0.78240315],[1.56321737 0.21514558 0.0344745 ],[-0.3682647   0.45033402  0.74642716]
4.255007029,[1.62123359 0.09016968 0.77656998],[1.5678754  0.22203613 0.02841594],[0.0055661  0.51630915 0.68043631]
4.260002375,[1.62585149 0.09568486 0.76896685],[1.57207013 0.22796859 0.02022203],[0.60096759 0.1123747  0.89285002]
4.265001059,[1.63050429 0.10077285 0.76108235],[1.57631967 0.2333936  0.01183141],[0.32959792 0.19981037 0.69992049]
4.270003796,[1.63468228 0.10574071 0.75314083],[1.58086942 0.23832436 0.00344785],[-0.3660134   0.39494665  0.83192072]
4.275024176,[1.63868117 0.11047303 0.74448307],[ 1.58573386  0.24311583 -0.00490938],[1.08639326 0.33696796 0.68591491]
4.280023575,[1.64306246 0.11431079 0.73484126],[ 1.59094839  0.24776458 -0.01334737],[-1.07249686 -0.56089625  0.50651167]
4.285005093,[1.64897643 0.11709711 0.72251303],[ 1.5968346   0.25175398 -0.02146713],[-1.7527339  -2.81360797  0.83734049]
4.290005684,[1.65419217 0.11782615 0.71090748],[ 1.60681055  0.25447548 -0.02575184],[-2.59874255 -0.44451208  0.03689343]
4.295004129,[1.65976788 0.12203261 0.70084515],[ 1.61915303  0.25407316 -0.02963573],[0.19489015 0.05468778 0.44395983]
4.299998045,[1.66447551 0.12588881 0.691901  ],[ 1.63274945  0.25256005 -0.03162163],[ 1.1609139   1.20983966 -0.02164773]
4.305017233,[1.66896003 0.13030105 0.68300022],[ 1.64542476  0.24951647 -0.03290035],[1.10074659 0.70454156 0.15037688]
4.309997559,[1.6729019  0.13377042 0.67443475],[ 1.65839515  0.24666697 -0.03221584],[0.0430261  0.06750829 0.53834616]
4.315003872,[1.67783016 0.13508462 0.66542439],[ 1.67183681  0.24332388 -0.03023593],[-0.42127507  0.50119258  0.03170248]
4.320004225,[1.68055929 0.1367449  0.65977007],[ 1.68471705  0.2391463  -0.02783093],[0.02131394 1.71447338 0.0125674 ]
4.325002193,[1.68195262 0.13908063 0.65792285],[ 1.69809505  0.23399568 -0.0224805 ],[ 1.72845578  2.55241481 -0.07385954]
4.330003023,[1.68522476 0.14142286 0.65214777],[ 1.70877115  0.22930343 -0.02237312],[ 1.12263445  1.56812871 -0.04271622]
4.335004807,[1.68860516 0.14296338 0.64652099],[ 1.71880213  0.22484756 -0.02308356],[ 1.1925143   2.35105008 -0.00333294]
4.340012789,[1.69124969 0.14492736 0.64096325],[ 1.72848969  0.22086134 -0.02454402],[ 1.13134059  3.01373374 -0.06563502]
4.345003366,[1.69456802 0.1464754  0.6348238 ],[ 1.73745447  0.21741185 -0.02704607],[0.9003546  2.13406646 0.08002264]
4.35000515,[1.69836633 0.14762882 0.62811666],[ 1.74610837  0.21420178 -0.0298831 ],[ 0.75531855  1.57021721 -0.0377834 ]
4.355008841,[1.70170404 0.14872939 0.62411331],[ 1.75559846  0.21093889 -0.02953774],[0.95227615 2.50070573 0.12976477]
4.360001326,[1.70534378 0.15039268 0.61770305],[ 1.76471218  0.20799137 -0.03127925],[0.82607784 1.80982197 0.06450858]
4.364999533,[1.70927594 0.15239784 0.61208634],[ 1.77389825  0.20510499 -0.03213426],[0.93924931 1.9357295  0.28568238]
4.370003939,[1.71315575 0.15383022 0.60607779],[ 1.78345607  0.20232089 -0.03194307],[0.24765254 2.38557091 0.04113381]
4.375003099,[1.71689259 0.15530974 0.60178299],[ 1.79314971  0.19995615 -0.0311019 ],[0.48990312 1.96459211 0.38093206]
4.380010605,[1.72023318 0.1569807  0.59867994],[ 1.80261223  0.19773245 -0.02998579],[0.55272445 2.80002112 0.21936784]
4.385004759,[1.72335953 0.15898742 0.59565569],[ 1.81135484  0.19555977 -0.02934532],[0.67102711 2.70034975 0.22434596]
4.390007734,[1.72652151 0.1605006  0.59583054],[ 1.81992095  0.1936585  -0.02622107],[0.68856746 2.43138782 0.24020545]
4.395005226,[1.72978978 0.16222921 0.59307645],[ 1.82740433  0.19189556 -0.02662469],[0.84377006 2.43636406 0.41494006]
4.399998188,[1.73259054 0.16354705 0.59038793],[ 1.83442746  0.19007711 -0.02737839],[0.53291362 2.49621877 0.20776144]
4.404996395,[1.73552034 0.16469174 0.58752606],[ 1.84075437  0.18828283 -0.02857973],[0.81789336 1.9457053  0.37942107]
4.410001278,[1.73834065 0.16537382 0.58469369],[ 1.84666825  0.18599187 -0.02966359],[0.71535197 2.07136333 0.10202485]
4.415001869,[1.74080963 0.16624359 0.58219575],[ 1.852773    0.1833521  -0.03013631],[1.06553673 2.4649777  0.32991478]
4.420008898,[1.74397991 0.16770105 0.57996506],[ 1.85781707  0.18065372 -0.03098839],[1.68070068 1.16803608 0.56826353]
4.425005436,[1.74638587 0.16797886 0.58072454],[ 1.86304685  0.17788492 -0.02838613],[ 0.34992734  1.61648485 -0.15748812]
4.430005074,[1.74839261 0.16879051 0.57933216],[ 1.86760485  0.17498683 -0.02797016],[1.70961794 1.7503639  0.72116055]
4.43500948,[1.75028965 0.16964496 0.57853626],[ 1.87214236  0.17238197 -0.02698495],[ 0.64267606  1.85036175 -0.06202198]
4.440010786,[1.75191248 0.16968303 0.57802471],[ 1.87635981  0.16981999 -0.02604909],[0.94253549 1.45713536 0.3859995 ]
4.445007563,[1.75393262 0.17029626 0.57739918],[ 1.88004706  0.16822149 -0.02546604],[0.77227434 1.15366323 0.29371327]
4.450006962,[1.75502284 0.170643   0.57795887],[ 1.88412988  0.16659885 -0.02434012],[0.63955541 2.47294309 0.36169187]
4.45500803,[1.75615587 0.17169159 0.58129555],[ 1.88724863  0.16557534 -0.02133936],[1.79433676 1.51021247 0.55940408]
4.460006237,[1.75752569 0.17329489 0.58167939],[ 1.88975676  0.16532847 -0.02203088],[0.21718293 1.35428147 0.36977517]
4.465002537,[1.75821746 0.17245934 0.5815493 ],[ 1.89121224  0.16535315 -0.02323979],[ 0.03888775  0.13765339 -0.03617662]
4.469999552,[1.75960354 0.17435666 0.58205921],[ 1.89232712  0.1666758  -0.02397574],[1.2190874  0.71294896 0.6955873 ]
4.475007057,[1.76023881 0.1759018  0.58283552],[ 1.89300212  0.16746652 -0.02398103],[0.83833977 0.03778267 0.59242062]
4.480029345,[1.76146879 0.17709565 0.58377231],[ 1.89281255  0.16869035 -0.02379001],[ 0.23177895 -1.01517358  0.1218166 ]
4.485000134,[1.76183784 0.1770748  0.58540785],[ 1.89236966  0.16968222 -0.02285787],[ 0.19736424 -0.62109743  0.21901181]
4.49000144,[1.76276246 0.1779996  0.59017896],[ 1.89100758  0.17126184 -0.019481  ],[ 0.81783944 -0.63798714  0.27866871]
4.495006084,[1.7634985  0.17899191 0.59277825],[ 1.88970991  0.17273079 -0.01863997],[ 0.60013008 -1.10516702  0.43530834]
4.499999046,[1.7638212  0.18026529 0.5954008 ],[ 1.88789018  0.17430992 -0.01831081],[ 0.87075905 -0.94728891  0.37870073]
4.505000114,[1.76411796 0.18149344 0.59787264],[ 1.88559123  0.17601913 -0.01862597],[ 0.59815641 -1.1213025   0.40435925]
4.510001659,[1.76450523 0.18220927 0.60019802],[ 1.88277137  0.17760515 -0.01945052],[ 0.66823264 -1.61041115  0.36266636]
4.515009642,[1.76426717 0.18328607 0.60249168],[ 1.87955624  0.17916521 -0.02043638],[ 0.73008266 -1.21215367  0.31220883]
4.520012856,[1.76407292 0.18401929 0.60421548],[ 1.87608047  0.18052961 -0.02131612],[ 0.66761149 -1.75525927  0.24203758]
4.525004148,[1.76490724 0.18487916 0.60870695],[ 1.87194471  0.18218089 -0.01966329],[ 1.06416682 -1.91992456  0.46149909]
4.529998541,[1.76453832 0.18551025 0.61089564],[ 1.868323    0.18348937 -0.01965346],[ 0.4250281  -1.63255288  0.18273002]
4.535005808,[1.76436624 0.186266   0.61335446],[ 1.86454608  0.18502409 -0.01944722],[ 0.65456053 -2.05668519  0.37370682]
4.53999877,[1.76401343 0.18671295 0.61604059],[ 1.86068965  0.18666731 -0.01898909],[ 0.27356704 -1.89844728  0.1856039 ]
4.544999838,[1.76334086 0.18749253 0.61891224],[ 1.85671762  0.18854    -0.01846162],[ 0.62572075 -1.78983295  0.31588039]
4.550006866,[1.76282411 0.18836116 0.62198771],[ 1.85245     0.19052968 -0.01811031],[ 0.6040824  -2.00478518  0.34025065]
4.555011749,[1.76250047 0.18930642 0.62545986],[ 1.84800453  0.19275235 -0.01786312],[ 0.65380856 -1.99671866  0.35412231]
4.560002327,[1.76211335 0.1900139  0.6310284 ],[ 1.84282737  0.19526609 -0.01586239],[ 0.65863375 -1.40457482  0.38861949]
4.565003395,[1.7615718  0.19099457 0.63425276],[ 1.83797079  0.19779699 -0.01624409],[ 0.50354135 -2.13757769  0.37875973]
4.570014,[1.76106162 0.19211398 0.63800227],[ 1.83291814  0.20036487 -0.01685353],[ 0.70090056 -2.22197708  0.47201517]
4.575007915,[1.76019122 0.1928391  0.64150688],[ 1.82779309  0.20291439 -0.01746427],[ 0.28163257 -1.78369457  0.23160277]
4.580013514,[1.75913067 0.19371334 0.64498732],[ 1.82251491  0.2055088  -0.01807308],[ 0.52739827 -1.57437129  0.35447918]
4.585001469,[1.75834523 0.19447567 0.64849173],[ 1.81724991  0.20812007 -0.01866635],[ 0.27536133 -1.87265965  0.22210691]
4.590009451,[1.75820584 0.1950615  0.65380337],[ 1.8114656   0.21109451 -0.01762275],[ 0.46777985 -1.85787094  0.31816871]
4.595001698,[1.75759517 0.1960048  0.65752079],[ 1.80607519  0.21364295 -0.01809954],[ 0.5318083  -1.82333034  0.31307119]
4.60000062,[1.75676881 0.19681657 0.66147164],[ 1.8006939   0.21599466 -0.01824026],[ 0.4389847  -1.63552779  0.27023968]
4.60499835,[1.75550354 0.19763906 0.66548437],[ 1.79535282  0.21819273 -0.01812253],[ 0.56291599 -1.58427707  0.26605399]
4.610001802,[1.75463442 0.19832023 0.66980409],[ 1.78993978  0.22035904 -0.01793218],[ 0.60097    -1.42049378  0.28530919]
4.615036726,[1.75353525 0.19913133 0.67435401],[ 1.78448414  0.22246582 -0.01766605],[ 0.52312916 -1.11324516  0.20121117]
4.620010614,[1.75205172 0.19998004 0.67985338],[ 1.77895427  0.22455333 -0.01730582],[ 0.58359455 -1.3401883   0.24389591]
4.625010014,[1.75172636 0.20024407 0.68637806],[ 1.7729991   0.22677914 -0.01531865],[ 0.60805315 -1.13187361  0.23272242]
4.630002022,[1.75053122 0.20095682 0.69158691],[ 1.7673155   0.22882944 -0.01493563],[ 0.55939804 -0.76872933  0.20300979]
4.635006666,[1.74904495 0.20172667 0.6962138 ],[ 1.7615314   0.23099188 -0.01464219],[ 0.56739316 -0.5986781   0.23031079]
4.640004158,[1.74833146 0.20231987 0.70085053],[ 1.75591398  0.23313227 -0.01416637],[ 0.49379305 -1.227459    0.22266869]
4.645002604,[1.74755874 0.20290161 0.70596332],[ 1.75054316  0.23518537 -0.01322839],[ 0.51809084 -0.85917636  0.21402988]
4.650016069,[1.74630863 0.20370504 0.71129528],[ 1.7452421   0.23711417 -0.01209158],[0.63707821 0.03134313 0.18609622]
4.655000687,[1.74635265 0.2042875  0.71732574],[ 1.73980116  0.23925508 -0.00981431],[ 0.67185967 -0.57868609  0.21672199]
4.660004139,[1.74621126 0.20493954 0.72202777],[ 1.73447832  0.24117522 -0.0088301 ],[ 0.59780967 -1.01353623  0.2347176 ]
4.665000677,[1.74572203 0.20550909 0.72701738],[ 1.72948246  0.24293083 -0.00748373],[ 0.51688316 -0.38859015  0.20109163]
4.670000553,[1.74479186 0.20633184 0.73221136],[ 1.72465083  0.24455801 -0.0060576 ],[0.68096694 0.15032091 0.19833951]
4.674999237,[1.74411123 0.20762288 0.73723785],[ 1.71976787  0.24606846 -0.00491305],[ 1.14128714 -0.94025279  0.3743382 ]
4.680021286,[1.74455742 0.20869388 0.74101157],[ 1.71487555  0.24742848 -0.0039344 ],[ 1.26468512 -1.07052794  0.29118368]
4.685001612,[1.74481377 0.20940099 0.74484314],[ 1.71056974  0.24845359 -0.0026537 ],[ 0.56574393 -0.65787334  0.20351594]
4.690016747,[1.74567244 0.20930638 0.74957649],[ 1.70688248e+00  2.49089766e-01 -9.99004321e-05],[ 0.64519002 -0.46804771  0.18486718]
4.695011854,[1.74598799 0.21032645 0.75296166],[1.70339855e+00 2.49503409e-01 1.45463378e-03],[ 1.05631876 -0.85565513  0.40034372]
4.700004816,[1.74665342 0.2109131  0.75577035],[1.70006324 0.24966447 0.00292338],[ 0.36371311 -1.262758    0.09981944]
4.705005407,[1.74705646 0.21206445 0.75868146],[1.69724457 0.24930717 0.00463222],[ 0.94927387 -0.64185208  0.28606164]
4.710004091,[1.74718818 0.21282063 0.76129681],[1.69499941 0.24858053 0.00660866],[ 0.97509668 -0.61154813  0.19414304]
4.715008497,[1.74710729 0.21284755 0.76377345],[1.6931006  0.24736945 0.00861801],[ 0.21044843 -0.83420016 -0.07773702]
4.72000885,[1.74715007 0.21300237 0.76591432],[1.69152477 0.24625474 0.01066052],[ 0.68641227 -0.77535087  0.06970894]
4.72500515,[1.74706674 0.21233558 0.76876583],[1.69068369 0.24474285 0.01355285],[ 0.34931491 -0.22176528 -0.02070983]
4.729998827,[1.74675791 0.21258849 0.77058917],[1.68981592 0.24346067 0.01564119],[ 0.56484753 -0.4433557   0.12996798]
4.735020876,[1.7465654  0.21259954 0.77219087],[1.68910882 0.24217113 0.01760195],[ 0.34091367 -0.60807046  0.03483655]
4.740006208,[1.74643041 0.21232607 0.77363065],[1.6886667  0.24103943 0.01953605],[ 0.08533707 -0.71781084  0.03080503]
4.745005369,[1.7461652  0.21236207 0.77494791],[1.68836099 0.23992718 0.02137082],[ 0.50341832 -0.39489982  0.12224593]
4.750005484,[1.74574349 0.21291888 0.77606608],[1.6882244  0.23882384 0.02304939],[ 0.06407639 -0.14700911  0.06059577]
4.755012512,[1.74528312 0.21293881 0.7768325 ],[1.68805714 0.23768744 0.02448262],[ 0.49998711 -0.29746074  0.05223041]
4.760003567,[1.7447824  0.21285647 0.77801847],[1.6885743  0.23640377 0.02614278],[ 0.4625428  -0.1816694   0.09911214]
4.765004396,[1.74462127 0.21358492 0.77858667],[1.688355   0.23522253 0.02713934],[ 1.20681802 -0.35524885  0.19053102]
4.77000618,[1.74427643 0.21407669 0.77880537],[1.68810563 0.23399024 0.02787083],[ 0.53892224 -0.06187408  0.04443277]
4.775001049,[1.7437187  0.21438035 0.77872705],[1.68769353 0.23276841 0.02824917],[ 0.54273984 -0.05737237  0.09090901]
4.7800138,[1.74317634 0.21465891 0.77842516],[1.68723227 0.2316151  0.0283242 ],[ 0.16610486 -0.0890026  -0.00646315]
4.785005569,[1.7425383  0.21419586 0.7778548 ],[1.68682273 0.23068931 0.02818528],[ 0.02735351 -0.23166986 -0.0220406 ]
4.790007114,[1.74215356 0.21343574 0.77690449],[1.68702701 0.22991056 0.02774218],[ 0.03744779 -0.46451146 -0.0556586 ]
4.79500103,[1.74176519 0.21421096 0.7761293 ],[1.68669116 0.22950708 0.027168  ],[ 1.16880968 -0.072402    0.34171473]
4.800009012,[1.74149396 0.21506024 0.77508021],[1.68628689 0.22908138 0.02634965],[ 0.49819965 -0.29844225  0.11743868]
4.804997921,[1.74117677 0.21579517 0.77376124],[1.68567935 0.22852515 0.02516538],[ 0.74965322 -0.30938533  0.1995448 ]
4.810001612,[1.74081494 0.21648255 0.77219742],[1.68492266 0.22793395 0.02357291],[ 0.93966983 -0.07238483  0.27784608]
4.815031528,[1.74040619 0.21693117 0.77036753],[1.6839774  0.22718874 0.02162933],[ 0.43665035 -0.14994172  0.05808114]
4.820017338,[1.7400082  0.21671985 0.76808623],[1.6835724  0.22629299 0.01890178],[0.36186574 0.22885467 0.10544404]
4.82501173,[1.73946153 0.21766638 0.76600608],[1.68242259 0.22558359 0.01629154],[0.6704617  0.26519095 0.14238731]
4.830008268,[1.73906648 0.21804279 0.76344385],[1.68093678 0.22496408 0.01313357],[0.66253176 0.00287414 0.10375982]
4.835008144,[1.73857779 0.21801336 0.76055619],[1.67933408 0.22447997 0.00961569],[ 0.22637798 -0.16633824 -0.02856867]
4.840008259,[1.73811738 0.21779671 0.75704352],[1.67767519 0.22413168 0.00580521],[ 0.22329955 -0.42995081 -0.0298252 ]
4.845010042,[1.73865414 0.21783614 0.75203579],[1.67639441 0.22387589 0.00194414],[ 0.86750524 -1.62931704 -0.1470929 ]
4.850009203,[1.73988877 0.21790092 0.74640105],[ 1.67686330e+00  2.22986869e-01 -9.55323807e-04],[ 0.90942894 -1.41888268 -0.06915279]
4.855007648,[1.7405156  0.21763066 0.7410726 ],[ 1.68028738  0.22133967 -0.00310725],[0.06495461 0.12713522 0.03646244]
4.860008717,[1.74006938 0.21765139 0.73689147],[ 1.68386124  0.21961136 -0.00352021],[0.31512645 0.82744356 0.19196181]
4.865006924,[1.74085672 0.21888305 0.73254528],[ 1.68720641  0.21744145 -0.00352127],[ 1.38067267 -0.28793232  0.14061368]
4.870010614,[1.74118796 0.21851059 0.72856499],[ 1.69086263  0.21501786 -0.00264441],[ 0.31103411 -0.03493364 -0.11521486]
4.875010967,[1.74154169 0.21912286 0.7246195 ],[ 1.69506896e+00  2.12376244e-01 -1.19790150e-03],[1.06211826 1.04393387 0.41461225]
4.880025864,[1.74070288 0.21862824 0.72202298],[1.69913730e+00 2.09871483e-01 1.30244397e-04],[-0.47835092  1.07815945 -0.03883717]
4.885015488,[1.74003376 0.21842828 0.7192088 ],[1.70283927e+00 2.07479467e-01 8.47816030e-04],[0.87432633 1.36835785 0.39634545]
4.890020609,[1.74022283 0.21832031 0.71570464],[1.70729864e+00 2.05127474e-01 4.93875162e-04],[0.12736172 0.74565618 0.04594272]
4.895020485,[1.74095926 0.21784859 0.71261474],[1.71056778e+00 2.03173571e-01 9.87437945e-05],[0.53388328 0.67419504 0.19910585]
4.900010586,[1.74143261 0.21799591 0.70962961],[ 1.71401765e+00  2.01389765e-01 -6.07632099e-04],[0.41856248 1.19023719 0.33245934]
4.905010939,[1.74157122 0.21792604 0.70612563],[ 1.71731129  0.19961877 -0.00183372],[0.37493396 1.21529015 0.30523911]
4.91001749,[1.74219832 0.21773663 0.70253271],[ 1.72073953  0.19768418 -0.00314865],[0.55327834 0.85811499 0.18170578]
4.915009975,[1.74301133 0.21768119 0.69861842],[ 1.72442057  0.19563914 -0.00414752],[0.57146224 1.14207314 0.21823175]
4.920012474,[1.74340627 0.21855004 0.69492805],[ 1.72936607  0.19345917 -0.00569571],[0.73352247 1.48168194 0.40052977]
4.925014496,[1.74452734 0.21836634 0.69101909],[ 1.73340322  0.19140969 -0.00606665],[0.43313682 0.68192045 0.15868633]
4.930016279,[1.74498048 0.21842581 0.68817054],[ 1.73766869  0.18944785 -0.00590357],[0.52278796 1.15544048 0.35825982]
4.935015917,[1.74509337 0.21835224 0.6856606 ],[ 1.74194788  0.18744266 -0.00540502],[0.18977822 1.41291021 0.26113633]
4.940013647,[1.74532896 0.21805783 0.68358982],[ 1.74615037  0.18541998 -0.00469988],[0.22676498 1.20572514 0.18015458]
4.945010662,[1.74535962 0.2180032  0.68193251],[ 1.75020282  0.18342685 -0.00389867],[0.43369976 1.58865098 0.32036372]
4.950012207,[1.74546218 0.21791063 0.6803489 ],[ 1.75395948  0.18161617 -0.00326915],[0.29859502 1.4761926  0.25485301]
4.955012798,[1.74569338 0.21790271 0.67908506],[ 1.75748157  0.17996762 -0.00282917],[0.42323375 1.44312968 0.33151096]
4.960011005,[1.74621452 0.21819371 0.67703565],[ 1.76167366  0.17834531 -0.00333195],[0.25811813 1.57469553 0.28944655]
4.965017557,[1.74635103 0.21823554 0.675868  ],[ 1.76475569  0.17688763 -0.0032815 ],[0.27244791 1.50795679 0.27363748]
4.970012188,[1.74668304 0.21828699 0.67465172],[ 1.76762549  0.17545566 -0.0033326 ],[0.31305337 1.40126729 0.25221679]
4.975009918,[1.74687808 0.21840105 0.67349859],[ 1.77039164  0.17410746 -0.00333647],[0.34951628 1.32050695 0.23610046]
4.98002553,[1.74726178 0.21874197 0.67248089],[ 1.77308441  0.1728709  -0.00325774],[0.42357447 1.21585751 0.30506459]
4.98501277,[1.74746238 0.2188607  0.67190326],[ 1.77584322  0.17178886 -0.00293525],[0.08226876 1.31083882 0.26546483]
4.990016937,[1.74785752 0.21925822 0.67045805],[ 1.77903575  0.17093076 -0.00346227],[0.03143429 1.62220947 0.31832521]
4.995014191,[1.74787384 0.21936574 0.67027328],[ 1.78142072  0.17002574 -0.00286763],[0.03601803 1.33557987 0.17628901]
5.000010967,[1.74786381 0.2197694  0.67042345],[ 1.78358295  0.16919142 -0.00226316],[0.26565697 1.49390383 0.29171508]
5.005010128,[1.74767074 0.21999437 0.6706507 ],[ 1.78542271  0.16862721 -0.00181534],[-0.07270681  1.35114952  0.20349524]
5.010006666,[1.74763098 0.22037335 0.6709095 ],[ 1.78705891e+00  1.68343719e-01 -1.45615858e-03],[0.0257343  1.12674764 0.23547997]
5.015005112,[1.74753977 0.2207847  0.67123983],[ 1.78851016e+00  1.68152230e-01 -1.07954657e-03],[-0.01705168  1.1586964   0.22658806]
5.020008087,[1.74786797 0.22113379 0.67055885],[ 1.79015105  0.16799826 -0.00192288],[0.01737892 0.92010724 0.14643783]
5.025008917,[1.74781993 0.22146625 0.67115168],[ 1.79104007e+00  1.67900824e-01 -1.56714299e-03],[0.04667856 0.82532698 0.11001721]
5.030011415,[1.74744982 0.22167998 0.67189408],[ 1.79177318e+00  1.67889039e-01 -1.04734511e-03],[-0.04275202  0.86930898  0.09751524]
5.035014153,[1.74699226 0.2220653  0.67265149],[ 1.79224754e+00  1.67913930e-01 -5.19704103e-04],[-0.07217584  0.79810868  0.0367853 ]
5.040010691,[1.74679705 0.22239648 0.67355059],[1.79252034e+00 1.68045141e-01 2.04723592e-05],[0.10111926 0.5345064  0.06784435]
5.045026779,[1.74643524 0.22285841 0.67462103],[1.79258167e+00 1.68361912e-01 6.30600915e-04],[-0.05319368  0.53839697  0.03529629]
5.050012112,[1.74582487 0.22324986 0.67581437],[1.79248104e+00 1.68837925e-01 1.27756670e-03],[-0.07881419  0.63426236  0.06103335]
5.055008173,[1.74592935 0.22368715 0.67568134],[1.79239728e+00 1.69364469e-01 5.56124568e-04],[-0.03405162  0.32444703 -0.04385339]
5.060012817,[1.74536049 0.22424312 0.67696291],[1.79182211e+00 1.69918977e-01 1.06924520e-03],[0.15084876 0.21510609 0.02838669]
5.065009356,[1.74463637 0.22468357 0.67825529],[1.79104348e+00 1.70679495e-01 1.52299703e-03],[-0.2375908   0.28004931 -0.08894246]
5.070007324,[1.7438677  0.22494369 0.67966507],[1.79015343 0.1716696  0.00195842],[-0.20251279  0.16378707 -0.05302973]
5.075014353,[1.74284599 0.2251374  0.68092841],[1.78906349 0.17280721 0.00230575],[-0.50729819  0.03207549 -0.2585603 ]
5.080032825,[1.74221894 0.22547786 0.68208394],[1.78779637 0.17412256 0.00261044],[-0.14688549 -0.24274608 -0.12015018]
5.085012674,[1.74142305 0.22575615 0.6834124 ],[1.78649393 0.17576387 0.00311307],[-0.54513011  0.01119126 -0.22044528]
5.09002018,[1.74084697 0.22630339 0.68340406],[1.78535933 0.17776454 0.00237111],[-0.39501332  0.03628055 -0.11436192]
5.095015764,[1.74007914 0.22699007 0.68469501],[1.7838037  0.17980607 0.00292995],[-0.22372383 -0.50946396 -0.21142845]
5.100012541,[1.73916894 0.2276277  0.68611623],[1.78203445 0.18187519 0.0034408 ],[-0.23745873 -0.38648906 -0.18048161]
5.105012894,[1.73795723 0.22781367 0.68747323],[1.78009803 0.18416992 0.00389003],[-0.35604886 -0.389296   -0.19500432]
5.110011101,[1.73696874 0.22866366 0.68887117],[1.77805905 0.18670126 0.00428701],[-0.31095289 -0.62059265 -0.1396958 ]
5.115011454,[1.73595775 0.22971473 0.6904085 ],[1.77582223 0.18930354 0.00461715],[-0.13179281 -0.70391262 -0.14148271]
5.12001276,[1.73552343 0.23104904 0.69013468],[1.7734367  0.19196248 0.0033356 ],[ 0.06969071 -0.49461443 -0.04318795]
5.125016212,[1.73440027 0.23215418 0.69151793],[1.77069062 0.19435878 0.00340866],[ 0.08922587 -0.88134864 -0.10875742]
5.130007982,[1.73349121 0.23325054 0.69275598],[1.76782767 0.19673407 0.00348608],[ 0.01278327 -1.05478864 -0.14010525]
5.13501215,[1.73263343 0.23466012 0.69428354],[1.76484958 0.1990992  0.00360388],[ 0.31123778 -0.95089302  0.00816429]
5.14000845,[1.73145627 0.23620836 0.69578572],[1.76173874 0.20131745 0.00372023],[ 0.11057382 -0.75718308 -0.07913907]
5.145034313,[1.73030836 0.23761178 0.69718339],[1.75835749 0.20322199 0.00361939],[ 0.31561864 -1.10437854 -0.07430205]
5.150007486,[1.72944303 0.23899448 0.69837918],[1.75475932 0.20488705 0.00341465],[ 0.25982404 -1.36799409 -0.17189574]
5.155012846,[1.72838571 0.2402026  0.70014853],[1.75115388 0.20642338 0.00335869],[ 0.09829122 -1.01597519 -0.12997887]
5.160010338,[1.72738695 0.24085427 0.70021746],[1.74758459e+00 2.07774322e-01 1.72750431e-03],[-0.1345995  -0.92566738 -0.23333601]
5.165011644,[1.72608103 0.24185188 0.70194314],[1.74379623e+00 2.09188335e-01 1.57545424e-03],[ 0.03773868 -1.26888021 -0.22768143]
5.170012236,[1.72473469 0.242928   0.70390465],[1.73980940e+00 2.10544895e-01 1.38421730e-03],[ 0.06473353 -1.34379367 -0.27197372]
5.175008774,[1.72313957 0.24386532 0.70598751],[1.73581645e+00 2.11917120e-01 1.33412074e-03],[-0.21274367 -1.08611941 -0.29178263]
5.180031776,[1.72152314 0.24453249 0.70827826],[1.73179872e+00 2.13482434e-01 1.39677628e-03],[-0.12448706 -1.04973433 -0.21844276]
5.185013294,[1.7199181  0.24531574 0.71066017],[1.72765837e+00 2.15143647e-01 1.42603509e-03],[-0.21745982 -0.99634881 -0.26139714]
5.19002223,[1.71884362 0.24562909 0.71143275],[ 1.72338007e+00  2.16738320e-01 -2.33601646e-04],[-0.03516781 -1.34980576 -0.2520334 ]
5.195020914,[1.71744611 0.24641814 0.71434543],[ 1.71905949e+00  2.18623609e-01 -9.25909604e-05],[-0.22748134 -1.05403205 -0.27354795]
5.200012684,[1.71590006 0.24751153 0.7174214 ],[1.71468700e+00 2.20642220e-01 1.39684498e-04],[ 0.02148251 -0.87836422 -0.1025822 ]
5.20500946,[1.71404137 0.24853623 0.72050171],[1.71016467e+00 2.22808633e-01 2.80318942e-04],[-0.24115858 -0.97465376 -0.20140905]
5.210009813,[1.71269303 0.24934563 0.72384276],[1.70554702e+00 2.25077908e-01 4.31476241e-04],[-0.18552482 -1.15842012 -0.19640128]
5.215011835,[1.7113118  0.25039832 0.72755297],[1.70087159e+00 2.27451239e-01 7.19409178e-04],[-0.16972433 -1.0054347  -0.19450606]
5.220008135,[1.70979791 0.25158986 0.73145102],[1.69608059e+00 2.29860479e-01 1.05427358e-03],[-0.02236159 -0.91360859 -0.08630573]
5.225014687,[1.70823127 0.25212655 0.7346658 ],[ 1.69111326e+00  2.32236540e-01 -3.20999894e-04],[-0.25372716 -0.86866306 -0.17566943]
5.230010033,[1.7068882  0.25317918 0.73895811],[1.68613729e+00 2.34870644e-01 2.72892858e-05],[-0.15346018 -0.63388296 -0.06945758]
5.235008717,[1.70497699 0.25423539 0.74354571],[1.68106166e+00 2.37568556e-01 4.06899480e-04],[-0.31074027 -0.43447276 -0.11909458]
5.240016937,[1.70330485 0.25535812 0.74832176],[1.67584902e+00 2.40319802e-01 8.22295270e-04],[-0.21330677 -0.66629848 -0.09862561]
5.245007038,[1.70185967 0.2562953  0.75333187],[1.67049498e+00 2.43095836e-01 1.38796547e-03],[-0.21871271 -0.74031754 -0.12799605]
5.250010967,[1.70038591 0.25734334 0.7583762 ],[1.66498743 0.24601536 0.00199029],[-0.21454053 -0.71262476 -0.10456658]
5.25500989,[1.69916327 0.25764652 0.76143653],[1.65946812e+00 2.48891372e-01 8.53114976e-04],[-0.23485471 -0.44767514 -0.0529381 ]
5.260005236,[1.69792185 0.25883805 0.76634611],[1.65399976 0.25202177 0.00173619],[-0.12336755 -1.0363218  -0.05185842]
5.26500988,[1.6965757  0.2601022  0.77186285],[1.64866617 0.25509803 0.00314911],[ 0.02046614 -0.37962739  0.02591727]
5.270006418,[1.69459903 0.26123727 0.7776853 ],[1.64322856 0.25812942 0.00463173],[-0.16173559  0.33391854  0.01347988]
5.27500844,[1.69334757 0.26281791 0.78302194],[1.63749738 0.26123108 0.00586041],[ 0.32201396 -0.46740013  0.07188829]
5.280032873,[1.69188781 0.26462419 0.78927088],[1.63175485 0.26436118 0.00712351],[ 0.08929868 -0.44532935  0.02266575]
5.285014868,[1.69062451 0.26613486 0.79490647],[1.62613337 0.26737073 0.00855727],[-0.01735525  0.33889105  0.11138298]
5.290020227,[1.69016975 0.2668187  0.79872328],[1.62048015 0.27004191 0.00817079],[0.11528583 0.10103935 0.06237012]
5.295012951,[1.68931301 0.26818258 0.80325196],[1.61464014 0.27278477 0.0092083 ],[ 0.30477547 -0.51903538  0.02937877]
5.300034523,[1.68919231 0.26957944 0.80680011],[1.60885185 0.27548289 0.01020607],[ 0.49951851 -1.2125592  -0.02133204]
5.305047035,[1.68942116 0.27034092 0.81052591],[1.60376434 0.27793768 0.0117987 ],[-0.52449556 -1.0958852  -0.10567484]
5.310014009,[1.6890884  0.27155154 0.81480641],[1.59958232 0.28013612 0.01409267],[ 0.41714391 -0.16934719  0.16262102]
5.315012932,[1.68908282 0.27239234 0.81850712],[1.59573941 0.28214318 0.01652344],[ 0.00405756 -1.34525271 -0.05148789]
5.320014715,[1.69039893 0.2719162  0.81985919],[1.59232546 0.28382621 0.01734162],[-0.36664195 -2.06250274 -0.02997706]
5.325006962,[1.69076298 0.27283792 0.82284474],[1.58974824 0.2854415  0.02022543],[ 0.35957612 -1.23208381  0.01068115]
5.330002069,[1.6907965  0.27387365 0.82579068],[1.58821519 0.28661426 0.02355323],[ 0.20483613 -0.89800661  0.03737098]
5.335001469,[1.69080671 0.27438472 0.82869294],[1.58734971 0.2873799  0.02707446],[-0.16500032 -1.07986981 -0.10436564]
5.340005159,[1.69072676 0.27517515 0.83159651],[1.58686334 0.28806792 0.03069414],[-0.0344751  -0.76454635 -0.10002557]
5.345000744,[1.69016375 0.27632251 0.83448727],[1.58675584 0.28861788 0.03431485],[ 0.23033102  0.02139151 -0.01654016]
5.35000515,[1.68956704 0.27765419 0.8370483 ],[1.58684668 0.28903004 0.03779553],[ 0.19627508 -0.13357666  0.00332988]
5.355004311,[1.68847693 0.27787437 0.83794474],[1.58750616 0.28887088 0.03950465],[-0.35371792 -0.27131731 -0.10403531]
5.36000371,[1.68802016 0.27845895 0.83986553],[1.58779748 0.28925669 0.04262303],[-0.26145533 -0.63226875 -0.1030859 ]
5.365001917,[1.68740301 0.27923764 0.84175817],[1.58830947 0.28975752 0.04567678],[-0.33853741 -0.25417642 -0.01240835]
5.37000227,[1.68655424 0.27959627 0.84344665],[1.58895946 0.29019089 0.04863194],[-0.54286673 -0.17240066 -0.08451066]
5.375008583,[1.68622465 0.28047942 0.8446031 ],[1.58969795 0.29078043 0.05139851],[-0.08011467 -0.26396391  0.05428123]
5.380025148,[1.68564877 0.28137791 0.84591277],[1.59046902 0.29132797 0.0539482 ],[-0.12759422 -0.33836804 -0.01234319]
5.384999752,[1.68493034 0.28248098 0.84715955],[1.59123824 0.29183499 0.0563809 ],[-0.04699024 -0.24944868  0.0615503 ]
5.390004635,[1.68384929 0.28312363 0.84638669],[1.59238898 0.29174125 0.05661173],[-0.14892824  0.02871827 -0.0425405 ]
5.395002127,[1.68317557 0.28428547 0.84693243],[1.59287932 0.29209779 0.05829846],[ 0.08511078 -0.1328839   0.01651299]
5.400032759,[1.68254256 0.28529111 0.84725653],[1.59328991 0.29246065 0.05966483],[ 0.1155914  -0.21926293 -0.02523994]
5.405017853,[1.68172501 0.28620561 0.84743269],[1.59359068 0.29275767 0.06076398],[-0.15921004 -0.13972354 -0.09136714]
5.410034895,[1.68092741 0.28740376 0.84739643],[1.5938275  0.29317459 0.06153196],[0.10506913 0.07000619 0.01942102]
5.415009499,[1.68027955 0.28851485 0.84696816],[1.59396548 0.29358768 0.0619714 ],[ 0.08357081 -0.14496917 -0.02693669]
5.420013189,[1.67960921 0.28910302 0.84621514],[1.59402749 0.29407429 0.06209459],[-0.46695496 -0.39983056 -0.10399489]
5.425009489,[1.67882843 0.28916039 0.84318471],[1.59446426 0.29415351 0.05988908],[-0.0132705  -0.33719422 -0.02846683]
5.430011749,[1.67817979 0.28956169 0.8417836 ],[1.59465423 0.29495861 0.05951735],[-0.73021213 -0.36355063 -0.13499419]
5.435008049,[1.67747791 0.29044358 0.84031622],[1.59486508 0.29573808 0.05893676],[-0.12637577 -0.21786455 -0.00703407]
5.440018177,[1.67689466 0.29148516 0.83851045],[1.59516178 0.29658464 0.05813372],[-6.08867652e-05 -1.85509318e-01  7.34810049e-02]
5.445009708,[1.67621914 0.29255005 0.83653887],[1.5954488  0.29736769 0.05710867],[-0.14681919 -0.22148269 -0.01070294]
5.450012684,[1.67543497 0.29330174 0.83438059],[1.59568289 0.29805629 0.05583816],[-0.47110388 -0.2028281  -0.08295467]
5.45502615,[1.67482618 0.29404039 0.82978265],[1.59629918 0.29832072 0.05215087],[ 0.19484427 -0.26989719  0.01235167]
5.460014582,[1.67413998 0.2952477  0.82713994],[1.59644655 0.2989434  0.05035956],[-0.03191625 -0.11279787 -0.05227073]
5.465004921,[1.67344473 0.29652595 0.8242468 ],[1.59655052 0.2995136  0.04832538],[ 0.27062801 -0.05645842  0.03845176]
5.470007658,[1.67278121 0.29784626 0.82106145],[1.59657732 0.30000874 0.04601177],[ 0.00853104 -0.14305395 -0.04201436]
5.475006104,[1.67214994 0.29892999 0.81764817],[1.59653915 0.3005311  0.04341266],[-0.07823448 -0.2209034  -0.05428632]
5.480022669,[1.67178223 0.29975481 0.81367014],[1.59647709 0.30105977 0.04055354],[-0.08639782 -0.39625468 -0.07362316]
5.485020399,[1.67109318 0.30059525 0.80981505],[1.59643799 0.30167647 0.03746286],[-0.21529464 -0.22563768 -0.04137252]
5.490021944,[1.67046727 0.30076502 0.80329621],[1.59676138 0.3018485  0.0317767 ],[-0.2290302  -0.21295393 -0.04543787]
5.495014906,[1.66975483 0.30155948 0.79887395],[1.59677015 0.30251854 0.02817298],[-0.31321929 -0.27280768 -0.05425672]
5.500008345,[1.66887828 0.30264197 0.79444944],[1.59679816 0.30323225 0.02432053],[0.04247634 0.26732496 0.10138894]
5.505016804,[1.66792299 0.30328915 0.78971665],[1.59670448 0.30389432 0.02017457],[-0.35437667 -0.08367911 -0.12847388]
5.510007143,[1.66713262 0.30425582 0.78471958],[1.59640366 0.30469565 0.01562173],[-0.20384145  0.07394021  0.00139139]
5.515009642,[1.66726724 0.30480342 0.77832563],[1.59595718 0.30547782 0.01073952],[ 0.19043373 -1.54060497 -0.26602359]
5.520008326,[1.66795375 0.30586323 0.7710355 ],[1.59641077 0.30571386 0.00638589],[ 0.80797455 -1.35734474 -0.17205809]
5.525017738,[1.66929357 0.30624113 0.76031771],[1.59836159e+00 3.04855705e-01 9.37042434e-04],[-0.06440587 -1.40463807 -0.44059274]
5.530007362,[1.66946551 0.30696226 0.75309973],[ 1.60119132e+00  3.03950126e-01 -5.25431110e-04],[ 0.97323924 -1.63543539 -0.16930718]
5.535007238,[1.66928867 0.30761429 0.74661523],[ 1.60438965e+00  3.02729498e-01 -4.59473573e-04],[ 0.02581626 -1.19789019 -0.37715106]
5.54000926,[1.66827926 0.30754232 0.74139038],[1.60818726e+00 3.01094448e-01 1.07100602e-03],[-0.3076325  -0.17261476 -0.40538986]
5.545006514,[1.66705846 0.30798274 0.73667617],[1.6116301  0.29922433 0.00311323],[ 0.55061273 -0.52509952 -0.37470411]
5.550011873,[1.66569686 0.30804469 0.73208816],[1.61451738 0.29754636 0.00485354],[ 0.2990319  -0.94546619 -0.50521147]
5.555006981,[1.66533735 0.30929731 0.7274341 ],[1.61765956 0.29555373 0.00504373],[ 1.32481203 -0.26094301  0.09728434]
5.560018063,[1.66380997 0.31059425 0.72438326],[1.62003965 0.29425041 0.00592509],[0.40686763 1.24441531 0.01378936]
5.565006733,[1.66257717 0.31175374 0.72039184],[1.62149052 0.29298171 0.00512454],[ 0.77118678  0.3955677  -0.0249517 ]
5.570007324,[1.66262613 0.31218545 0.71557821],[1.62228791 0.29149313 0.00313029],[ 0.65913047 -0.52385694 -0.31232241]
5.575006485,[1.66270612 0.31251268 0.71019396],[1.62331708e+00 2.90129897e-01 1.01153193e-03],[ 0.56884984  0.33525198 -0.11986465]
5.580031872,[1.66229328 0.31309028 0.7045634 ],[ 1.62455436e+00  2.88942251e-01 -1.09183531e-03],[ 0.42208326 -0.32797062 -0.21923147]
5.585011721,[1.66271971 0.31375038 0.69905412],[ 1.62630098  0.28784815 -0.00251725],[ 0.64941674 -0.82835925 -0.2013942 ]
5.590014458,[1.66262058 0.31468414 0.69417511],[ 1.62877369  0.28667518 -0.00280813],[ 0.43852953 -0.1039341  -0.12504007]
5.595012188,[1.66236699 0.31517866 0.68788876],[ 1.63212409  0.28507783 -0.00409554],[ 0.26485984 -0.31323584 -0.12036661]
5.600055456,[1.66236695 0.31591632 0.68400914],[ 1.63553671  0.28400486 -0.00301563],[ 0.25443287 -0.25383317 -0.10866459]
5.605010033,[1.66223993 0.31680545 0.68098105],[ 1.63913549e+00  2.83034237e-01 -1.55905252e-03],[0.15341071 0.68573815 0.03541094]
5.610007048,[1.66174643 0.31776239 0.67811992],[ 1.64251094e+00  2.82074824e-01 -3.06384745e-04],[0.16277314 0.59685206 0.00299748]
5.615005732,[1.66162211 0.31872415 0.67584897],[1.64567870e+00 2.81163453e-01 6.11843435e-04],[0.22053323 0.72749779 0.03819785]
5.620011806,[1.66115943 0.31952269 0.67365011],[1.64849509e+00 2.80143125e-01 1.09216810e-03],[0.12503099 1.28916141 0.03250837]
5.625009298,[1.66083572 0.32056193 0.67008406],[ 1.65133683e+00  2.78695248e-01 -3.39328002e-04],[0.33056754 1.09414887 0.06072959]
5.630009413,[1.66108569 0.32101796 0.66716615],[ 1.65337497e+00  2.77602694e-01 -1.07778281e-03],[ 0.31621522  0.83640255 -0.01943288]
5.63500905,[1.66084686 0.32185596 0.66474003],[ 1.65537563  0.27641824 -0.00190506],[0.32805514 1.15856532 0.02267837]
5.640013218,[1.66114524 0.32251072 0.66157448],[ 1.6573365   0.27506509 -0.00265482],[ 0.48936225  0.77511611 -0.03299257]
5.645009756,[1.66146386 0.32307886 0.65896057],[ 1.6594212   0.27350535 -0.00295384],[ 0.49059617  0.60470501 -0.09694005]
5.650011539,[1.66137877 0.32383415 0.65686818],[ 1.66169863  0.27179686 -0.00269868],[4.21975532e-01 1.23361253e+00 8.16836600e-04]
5.655011892,[1.66172363 0.3243264  0.65379323],[ 1.66441531  0.26968113 -0.00345282],[0.53345513 1.02643723 0.05045175]
5.660010338,[1.6617119  0.32514866 0.65264355],[ 1.66691805  0.26822347 -0.00278365],[0.28207397 1.49183527 0.09139515]
5.665021658,[1.66155861 0.32615493 0.65166296],[ 1.66930292  0.26693955 -0.00230064],[0.26278857 1.65554384 0.15756106]
5.670007229,[1.66167604 0.32704288 0.6506909 ],[ 1.67145301  0.26581443 -0.00216118],[0.16889861 1.34903017 0.05055305]
5.675008774,[1.66172615 0.32772265 0.65000362],[ 1.67352616  0.26487148 -0.00214551],[-0.02288802  1.53184869  0.02029162]
5.68001771,[1.66158142 0.32851791 0.64946627],[ 1.67555752  0.26414538 -0.00220852],[-0.02576059  1.7523668   0.11230143]
5.685011864,[1.66149413 0.32927895 0.64909785],[ 1.67748231  0.26370661 -0.00237927],[-0.08900272  1.66785672  0.07103398]
5.690023184,[1.66177369 0.33028844 0.64740613],[ 1.67949166  0.26317538 -0.00390633],[0.07178471 1.51718641 0.13651599]
5.695022583,[1.66174662 0.3313266  0.64710274],[ 1.68112964  0.2630959  -0.00404562],[0.03594286 1.53776968 0.10716899]
5.700011015,[1.66182853 0.33252279 0.64703717],[ 1.68271562  0.26309179 -0.0039489 ],[0.08900117 1.45757654 0.15906108]
5.705012083,[1.66185114 0.33377156 0.64723803],[ 1.68416004  0.26327258 -0.0036835 ],[0.0193206  1.43587109 0.14948764]
5.710011244,[1.66178607 0.33498844 0.64768993],[ 1.68538932  0.26350928 -0.0032455 ],[0.11924018 1.32970567 0.1376763 ]
5.715010643,[1.66177506 0.33627975 0.6484533 ],[ 1.6863587   0.26366547 -0.00265282],[0.1630652  1.24433321 0.05605867]
5.720010042,[1.66155324 0.33768464 0.64963611],[ 1.68698798  0.26377065 -0.00209306],[0.28888205 1.28177637 0.11076404]
5.725011587,[1.66166267 0.33902272 0.64971146],[ 1.68730447  0.26387288 -0.00291919],[0.10286739 1.15535551 0.03801269]
5.730008364,[1.66123111 0.34028514 0.65134184],[ 1.68725583  0.26433822 -0.00275957],[ 0.09664991  0.97193368 -0.00129283]
5.735006571,[1.66079977 0.34154861 0.65274728],[ 1.68691249  0.26496221 -0.0027131 ],[0.10198108 1.12349127 0.01918557]
5.740009546,[1.66049027 0.34274336 0.65419419],[ 1.68635537  0.26574396 -0.00270242],[ 0.16047422  0.8329759  -0.01181162]
5.745009899,[1.66011941 0.34406699 0.65586005],[ 1.68556678  0.26685311 -0.0026965 ],[0.17255591 0.74457345 0.01366904]
5.750009775,[1.6595436  0.34544776 0.65772238],[ 1.6847311   0.26824405 -0.00257147],[0.13265622 0.71014837 0.02443266]
5.755013943,[1.65957652 0.34732776 0.65834544],[ 1.68359938  0.26977623 -0.00351544],[0.39450516 0.54569898 0.11967738]
5.760015726,[1.65913206 0.34919581 0.66055032],[ 1.68244359  0.27146668 -0.00321912],[0.20190786 0.49661467 0.01431592]
5.765012264,[1.65864331 0.35111126 0.66278016],[ 1.68098122  0.27338309 -0.00297368],[0.19407446 0.55310384 0.07819003]
5.770012617,[1.65808837 0.35311717 0.66529289],[ 1.67939552  0.27544976 -0.00266245],[ 0.04507044  0.34544456 -0.0130888 ]
5.775011778,[1.65764736 0.35562922 0.66785626],[ 1.67757561  0.27773528 -0.00235214],[0.58198565 0.26283834 0.24554995]
5.780033112,[1.65686896 0.3584216  0.67090364],[ 1.67547493  0.28002847 -0.00210624],[0.24791142 0.08229181 0.01560999]
5.785016298,[1.65636114 0.36126151 0.67368018],[ 1.67297299  0.28221387 -0.00193844],[0.68823003 0.13259004 0.23797088]
5.790014267,[1.6564023  0.36406288 0.67555543],[ 1.66994034  0.28412479 -0.00274845],[ 0.44670743 -0.00586561  0.08281479]
5.795013666,[1.65608266 0.36713744 0.67845396],[ 1.66688334  0.28607868 -0.0025576 ],[ 0.96691808 -0.37702975  0.29780616]
5.800009489,[1.65554794 0.37011983 0.68164235],[ 1.66349835  0.28787119 -0.002409  ],[ 0.49668382 -0.30694184  0.00611217]
5.805007935,[1.65510565 0.37331521 0.68480437],[ 1.65968286  0.28936969 -0.0023401 ],[ 1.03112185 -0.51081841  0.18098845]
5.810006618,[1.65415652 0.37621509 0.68809363],[ 1.65540498  0.29049383 -0.00224897],[ 0.75869349 -0.59830324 -0.0707341 ]
5.815010786,[1.65305924 0.37803566 0.69219095],[ 1.65085142  0.29150309 -0.00211788],[ 0.00119216 -0.37931073 -0.25713406]
5.820009708,[1.65135571 0.3788403  0.69569669],[ 1.64537376  0.29234357 -0.00303332],[-0.05088229 -0.19442539 -0.24693684]
5.825013638,[1.64968802 0.38038337 0.69985188],[ 1.64000523  0.29409731 -0.0034916 ],[-0.0782823  -0.73101067 -0.36294705]
5.830014229,[1.64875911 0.38226975 0.70372895],[ 1.63423008  0.29634383 -0.00424507],[ 0.25173938 -1.29933805 -0.39546187]
5.835007906,[1.64709885 0.38408928 0.70780036],[ 1.62833416  0.29901599 -0.00484524],[-0.0230551  -1.03802222 -0.38271398]
5.840008974,[1.64498306 0.38606257 0.71308228],[ 1.62246261  0.30217002 -0.00520446],[ 0.04988547 -0.92362853 -0.21258156]
5.845010519,[1.64353607 0.38769875 0.7177315 ],[ 1.6165762   0.30583727 -0.00536503],[-0.24357251 -1.46972083 -0.41894812]
5.850052357,[1.64207855 0.38968499 0.72266278],[ 1.61065271  0.31010208 -0.0052936 ],[-0.05816299 -1.37005839 -0.32277815]
5.855042696,[1.64119995 0.39237708 0.72676853],[ 1.60427434  0.31486836 -0.00589718],[ 0.45580008 -1.13059066 -0.02830676]
5.860040665,[1.63951246 0.39546299 0.73207817],[ 1.59827709  0.31995275 -0.00545087],[ 0.10607916 -1.21063952 -0.05557918]
5.865054607,[1.63789539 0.39844706 0.73809437],[ 1.59217847  0.32536853 -0.00481875],[-0.1756793  -0.91814912 -0.00277047]
5.87005806,[1.63600739 0.4009072  0.74433082],[ 1.585755    0.3312061  -0.00428409],[-0.37146162 -1.06563129 -0.09097944]
5.875043631,[1.63441106 0.4042691  0.75039153],[ 1.5790451   0.3373906  -0.00389045],[ 0.13178503 -0.868097    0.11352472]
5.88003993,[1.63181859 0.40819202 0.75796737],[ 1.57191809  0.34390703 -0.00346316],[ 0.06011189 -1.01244514  0.08640678]
5.885018587,[1.63014897 0.41146286 0.7645505 ],[ 1.56441491  0.350623   -0.00292414],[-0.05394957 -0.85290261  0.1049942 ]
5.890022039,[1.62890182 0.41465809 0.7702838 ],[ 1.55608505  0.3578344  -0.00315648],[-0.17814477 -0.91540707  0.07107877]
5.895056725,[1.62676506 0.4180872  0.77708475],[ 1.54780617  0.36507974 -0.00269771],[-0.39831385 -0.00687257  0.23638543]
5.900010109,[1.62484305 0.42189538 0.78392589],[ 1.53908021  0.37258805 -0.00212333],[-0.20646475 -0.64672632  0.14307944]
5.905010462,[1.6232983  0.42563813 0.79092305],[ 1.52971662e+00  3.80149581e-01 -1.40265577e-03],[ 0.2919523  -0.91220203  0.18308007]
5.910009384,[1.62183115 0.42868342 0.79756566],[ 1.51969505e+00  3.87792545e-01 -6.41469553e-04],[ 0.13981574 -1.16410221  0.09147424]
5.915014505,[1.62062095 0.43308964 0.8043998 ],[1.50935512e+00 3.95709924e-01 3.21678340e-04],[ 0.64658207 -0.57082033  0.3215395 ]
5.920053482,[1.61919942 0.43757538 0.81155405],[1.49920641 0.40359368 0.00151483],[ 0.39818807 -0.605189    0.28532007]
5.925008297,[1.61952351 0.44126247 0.81764345],[1.48767163 0.41190655 0.00198939],[ 0.57523089 -0.24725099  0.37032686]
5.930012941,[1.61694214 0.44602038 0.82619838],[1.47619858 0.41976499 0.00291563],[ 0.4101703  -0.69326669  0.26096205]
5.935009718,[1.61714184 0.45031252 0.83285402],[1.4642818  0.42764679 0.00392764],[ 1.04039167 -0.23589172  0.34837002]
5.940060854,[1.61711423 0.45438873 0.83920795],[1.4522927  0.43579432 0.00480914],[ 0.09455746 -0.40926088  0.37261683]
5.945055246,[1.61744841 0.45778544 0.84493136],[1.44010852 0.44402322 0.00535937],[-0.02329269 -1.37509314  0.42569088]
5.950044632,[1.61801309 0.46135941 0.85057963],[1.42830925 0.4520821  0.0059241 ],[-0.22116492 -0.7792599   0.47153368]
5.95501399,[1.6201704  0.46142778 0.85285049],[1.41565114 0.46048279 0.0059606 ],[-0.99354445 -2.0607867   0.06768136]
5.960012436,[1.62432884 0.46128171 0.85358482],[1.40430808 0.4691918  0.00711436],[-1.21222596 -6.69869471 -0.11310478]
5.96501112,[1.63006448 0.46190248 0.85449591],[1.39671423 0.47704108 0.00945488],[ 1.62075682 -5.96446422 -0.9267034 ]
5.970011473,[1.63358807 0.46525596 0.85680188],[1.39299295 0.48287736 0.0133548 ],[ 1.18311485 -1.44926348  0.25372576]
5.975053072,[1.63472562 0.46773616 0.85997717],[1.39239758 0.48757355 0.01745032],[-0.75208331 -1.56129789  0.02558942]
5.98007226,[1.63812062 0.46962031 0.86203859],[1.39353057 0.49202099 0.02144904],[-0.04569368 -2.93140182  0.36303317]
5.985016108,[1.63997609 0.47163453 0.86507891],[1.3967745  0.49553813 0.02601203],[-1.12003993 -1.60763627  0.80236688]
5.990022421,[1.63927955 0.47328614 0.86841563],[1.4017659  0.49845    0.03041871],[-2.17871359 -0.27258388  1.09731019]
5.995022297,[1.63945081 0.47491155 0.87228634],[1.40764924 0.50149698 0.03532293],[-1.6195161  -0.38986135  0.87873547]
6.000012398,[1.63982875 0.47871877 0.87641235],[1.41380348 0.50405197 0.04061624],[0.83101267 0.69309942 0.68061254]
6.005011797,[1.63892556 0.48336858 0.88100907],[1.42010403 0.50654143 0.04591222],[-0.69877841  1.9699307   1.08242038]
6.01004529,[1.63850997 0.48708279 0.88467042],[1.42533304 0.50899858 0.05080016],[-0.2003806  0.7930453  0.5248014]
6.015015125,[1.63892814 0.49106524 0.88807042],[1.43032246 0.51173816 0.05552003],[0.21931009 0.51163286 0.45693082]
6.020009756,[1.63977808 0.49532274 0.89099479],[1.4352782  0.5144409  0.06015092],[0.30843694 0.25645754 0.41386982]
6.025011539,[1.63810863 0.49909466 0.89426085],[1.44103787 0.5170103  0.06442209],[-0.69965209  0.59177552  0.69351919]
6.03004694,[1.63788612 0.50173596 0.89668683],[1.44624518 0.5198918  0.06848612],[-0.98406619  0.08539083  0.61765399]
6.035009623,[1.63880907 0.50422131 0.89838596],[1.45153217 0.52297985 0.07244789],[-1.19814863  0.14880205  0.77346483]
6.04007268,[1.63832961 0.50718517 0.90113981],[1.45701048 0.52614626 0.07627096],[-0.86881479  1.30611454  0.95594001]
6.045009851,[1.63753456 0.51078127 0.90362642],[1.46201839 0.5294943  0.07980448],[-1.27819331  1.70143936  0.9724177 ]
6.050046444,[1.63681203 0.51399276 0.90564452],[1.46627807 0.53292781 0.08262874],[-0.68539111  1.08471249  0.76290694]
6.055011511,[1.63614339 0.51759515 0.90697535],[1.47039603 0.53626683 0.0845945 ],[-0.04217631 -0.01303352  0.61741055]
6.060063601,[1.63646468 0.52091447 0.90816936],[1.47376466 0.53977881 0.08678147],[-0.66118766  0.442787    0.51154579]
6.065056086,[1.63627535 0.52411158 0.90904059],[1.47690207 0.54325287 0.08861209],[-0.39270809  0.76918547  0.56379908]
6.070057392,[1.63637759 0.52775129 0.90956862],[1.47996423 0.54693593 0.08999383],[-0.29582792  0.55271467  0.61238269]
6.075036526,[1.63671046 0.53076002 0.90976715],[1.482962   0.5505973  0.09106948],[-0.79808983 -0.06992029  0.46969166]
6.080013752,[1.63741505 0.53322794 0.90935452],[1.48593504 0.55444002 0.09189732],[-0.92154215 -0.03594532  0.58681704]
6.085022211,[1.63767319 0.53592134 0.90897784],[1.48906078 0.55848967 0.09250822],[-1.37908795  0.04058515  0.54892612]
6.09001708,[1.63723719 0.53884287 0.9078164 ],[1.49254498 0.56243674 0.09216592],[-0.8955304   0.27902237  0.63651883]
6.095020533,[1.63722696 0.54187567 0.90706574],[1.495934   0.56659023 0.09232988],[-0.91544771  0.49057398  0.67814372]
6.100034952,[1.63737008 0.54481945 0.90603136],[1.49915639 0.57067343 0.09226003],[-0.77395713  0.35572987  0.58508381]
6.105028152,[1.63720787 0.54793138 0.90505146],[1.50238115 0.5747726  0.09195614],[-0.6760983   0.69173024  0.62161864]
6.110004187,[1.63730314 0.55160052 0.9037847 ],[1.50521029 0.57888204 0.0912643 ],[-0.27696189  0.59935749  0.60567758]
6.115042448,[1.63730844 0.55489314 0.90206719],[1.5078526  0.58303643 0.09022226],[-0.34494087  0.70107625  0.59092684]
6.120007038,[1.63745256 0.55792666 0.89971328],[1.51026655 0.58716979 0.08885353],[-0.8102458   0.25600179  0.51303627]
6.125039101,[1.637543   0.56081625 0.89638828],[1.51314038 0.5914737  0.08643611],[-0.82816191 -0.1869211   0.45882517]
6.130005598,[1.63810687 0.56383938 0.89359547],[1.51587526 0.59584405 0.08490062],[-0.78839337  0.03557119  0.53917926]
6.135009527,[1.63857053 0.56653448 0.89035698],[1.51888519 0.60030131 0.08334623],[-1.01096401  0.37819085  0.5792596 ]
6.140010834,[1.6387779  0.5697213  0.88723575],[1.52204384 0.60492021 0.08159323],[-0.63504734  0.50026039  0.69769354]
6.145040512,[1.63902402 0.57291678 0.88389748],[1.52518923 0.60949373 0.07962181],[-0.90614025  0.12410366  0.62631129]
6.150045156,[1.63934246 0.57537319 0.88022346],[1.52835887 0.61394862 0.07745314],[-0.8741712   0.00767497  0.46834247]
6.155038834,[1.63939613 0.57885689 0.87590086],[1.53173606 0.6183078  0.0742793 ],[-0.50316705  0.26275382  0.59951155]
6.160003424,[1.63958254 0.58225919 0.87224623],[1.53468197 0.62238953 0.07157422],[0.08825121 0.56875435 0.11377192]
6.165008545,[1.63945463 0.58627506 0.868461  ],[1.53740816 0.62647261 0.06844118],[0.33804669 1.1269811  0.67917953]
6.170001984,[1.63938918 0.58978979 0.8643816 ],[1.53984334 0.63084351 0.06476827],[-0.56239962  0.63828775  0.42604663]
6.175041676,[1.63956223 0.5930688  0.85979151],[1.54186447 0.63520727 0.0605789 ],[-0.66540121  0.48876516  0.52266517]
6.180011749,[1.63960717 0.59616895 0.85473355],[1.54370901 0.63974096 0.05604362],[-0.59191179  0.55228398  0.57482827]
6.185028076,[1.63969074 0.59887392 0.84910676],[1.54548114 0.6444051  0.05108523],[-1.07589803  0.31247471  0.4709163 ]
6.190028191,[1.63988189 0.60146949 0.84251837],[1.54736871 0.64911937 0.04509436],[-1.02738106  0.19667037  0.54514791]
6.195001841,[1.64048385 0.60475578 0.83678364],[1.54923352 0.65388364 0.03993576],[-0.26047186  0.08533271  0.61476706]
6.199999571,[1.64076321 0.60898553 0.83125187],[1.55116439 0.65862078 0.03459031],[0.11970318 0.90468749 0.82802755]
6.205045462,[1.64072992 0.61298116 0.82529927],[1.55297589 0.66315137 0.02880789],[-0.48806656  1.07086864  0.68818841]
6.209996223,[1.64116479 0.61674247 0.81894282],[1.55431294 0.66712836 0.02247206],[ 0.71315777 -0.12886175  0.36788496]
6.215043783,[1.64189072 0.62117063 0.81208535],[1.55504533 0.67034772 0.01528244],[-0.20751715  0.32593204  0.45905317]
6.220002174,[1.64199023 0.62371315 0.80492663],[1.55618504 0.67401929 0.00825869],[-1.09388391  0.55917901  0.29505836]
6.225049496,[1.6433584  0.62729039 0.79512251],[ 1.55745187e+00  6.77994545e-01 -1.90086190e-04],[ 0.30777345 -1.43876948  0.37518545]
6.23004961,[1.64577253 0.6305583  0.78545559],[ 1.56020712  0.68121825 -0.00681773],[-0.23778016 -0.92580275 -0.14107581]
6.235033274,[1.64926267 0.63463093 0.77487852],[ 1.56509127  0.683457   -0.01130964],[ 1.78820821 -1.62481356  0.06441297]
6.240002632,[1.65085595 0.63830485 0.76580824],[ 1.57113107  0.68459136 -0.01386731],[ 0.67808011 -1.00529537 -0.12811154]
6.245042562,[1.65227529 0.6416374  0.75705595],[ 1.57740702  0.68459213 -0.01448888],[ 1.29184403 -2.07099775 -0.13714572]
6.250030279,[1.65274352 0.64419005 0.74965562],[ 1.58432152  0.6838785  -0.01298195],[ 0.70425973 -1.19359901 -0.23120774]
6.255042076,[1.65147079 0.64565914 0.74467765],[ 1.5918616   0.68096413 -0.00996455],[ 1.71702731 -0.72652777 -0.4837201 ]
6.260046244,[1.65035348 0.64804414 0.74042586],[ 1.59789449  0.67752826 -0.00714064],[ 2.19991494  0.54538913 -0.34777342]
6.265001059,[1.64951203 0.6489133  0.73581576],[ 1.60267568  0.67317611 -0.00527301],[ 1.63390547 -0.18082034 -0.8514676 ]
6.270041466,[1.64948877 0.65020765 0.73036514],[ 1.60652327  0.66944878 -0.00446341],[ 1.86945141 -1.25980912 -0.48843972]
6.275004625,[1.64894917 0.65061413 0.7259011 ],[ 1.61029118  0.66625658 -0.00419983],[ 1.00657949  0.68996722 -0.27554792]
6.280040979,[1.64863704 0.65143052 0.72052749],[ 1.61354649  0.66360216 -0.00495861],[ 1.40357032  0.77142918 -0.10929437]
6.285003185,[1.64843004 0.65211624 0.71531848],[ 1.61605867  0.6608844  -0.00705341],[ 1.223379    0.23260134 -0.43701715]
6.290002584,[1.64874999 0.65321897 0.70973284],[ 1.61834592  0.65800354 -0.00959684],[ 2.0414659  -0.02712477 -0.27469759]
6.29500103,[1.64944611 0.655191   0.70329472],[ 1.62111749  0.6563411  -0.01222386],[ 1.58359838 -0.07545673 -0.21034844]
6.300045967,[1.65054043 0.65767912 0.69681174],[ 1.62463935  0.65581021 -0.01431293],[ 1.42537485 -0.52556242  0.11447118]
6.304996967,[1.65172884 0.66017682 0.69074244],[ 1.62914055  0.65620015 -0.0152813 ],[ 0.98961893 -0.18182201  0.21688793]
6.31000638,[1.65240149 0.66269206 0.6851782 ],[ 1.63440061  0.65699568 -0.0152043 ],[0.55950779 0.42058273 0.35064691]
6.314995527,[1.65340279 0.66531083 0.68032189],[ 1.63996096  0.65785667 -0.0144211 ],[0.77886943 0.13471746 0.21596657]
6.320033312,[1.65439322 0.66797371 0.6764526 ],[ 1.64574193  0.65873455 -0.01308459],[0.66422779 0.68229414 0.2657588 ]
6.32507205,[1.6540812  0.67092044 0.67337767],[ 1.65156276  0.65970363 -0.01133786],[0.34456873 1.26917246 0.34169532]
6.330067635,[1.65473545 0.67353555 0.66994746],[ 1.65681703  0.66086024 -0.01055943],[0.39500831 0.88561958 0.33896447]
6.335013628,[1.65574291 0.6754413  0.66653229],[ 1.66173986  0.66188161 -0.01018828],[0.25994775 1.16911982 0.2601586 ]
6.340010643,[1.65591404 0.67739852 0.66386   ],[ 1.6660459   0.66233263 -0.01046367],[0.56885528 1.71724966 0.2269544 ]
6.345066547,[1.65652167 0.67935356 0.66079963],[ 1.66968672  0.66205354 -0.01160524],[1.10167089 1.26057516 0.09248967]
6.350056648,[1.65766545 0.68121857 0.65751695],[ 1.67290797  0.66114823 -0.01308543],[1.33188794 0.98380851 0.05049463]
6.355009794,[1.65860635 0.68282454 0.65431457],[ 1.67613039  0.6600214  -0.01435847],[1.22560147 1.29030645 0.06773159]
6.36001277,[1.65930227 0.68501934 0.65148679],[ 1.6793687   0.65850996 -0.0150485 ],[1.46701239 1.13497067 0.1548296 ]
6.365007877,[1.66027126 0.68655107 0.64888653],[ 1.68268783  0.65687471 -0.0156028 ],[ 1.35348906  0.98957022 -0.01371127]
6.37003684,[1.66109221 0.68811991 0.64660479],[ 1.68599046  0.6551411  -0.01571756],[ 1.21556656  1.23539958 -0.05008916]
6.375002623,[1.66208199 0.6897876  0.64485538],[ 1.68933057  0.65347925 -0.01541842],[1.32506333 1.156224   0.03478599]
6.380015135,[1.66276284 0.69157653 0.64392123],[ 1.69284608  0.65218775 -0.01480006],[0.92299546 1.77669713 0.06670064]
6.385005713,[1.66328393 0.69347769 0.64320279],[ 1.69613785  0.65139096 -0.01437341],[0.78982186 1.68527567 0.16209021]
6.390049934,[1.6635655  0.69543516 0.64305793],[ 1.69883479  0.65094821 -0.01384401],[0.5381668  1.59080413 0.15040727]
6.395041704,[1.66407988 0.69718203 0.64282884],[ 1.70166079  0.6512438  -0.01390118],[0.31045562 1.76925287 0.17037688]
6.400036335,[1.66458616 0.69925254 0.64277708],[ 1.70427117  0.6520623  -0.01407496],[0.27125435 1.72175846 0.24745709]
6.40500021,[1.66508892 0.70125062 0.64293651],[ 1.70650798  0.65337084 -0.01444842],[0.24228028 1.443585   0.22487759]
6.410001755,[1.66560388 0.7035592  0.64311386],[ 1.70851451  0.65498327 -0.01469321],[0.3440691  1.4059726  0.26448731]
6.415036678,[1.66582494 0.70606387 0.64352277],[ 1.71028763  0.65656244 -0.01469735],[0.39178594 1.54412259 0.29255364]
6.420047045,[1.66629684 0.70836664 0.64417317],[ 1.71176273  0.65823484 -0.01458693],[0.365206   0.92301027 0.16294055]
6.425040245,[1.66646788 0.71118615 0.64565998],[ 1.7123085   0.66026887 -0.01393643],[0.42611607 0.88187589 0.2278079 ]
6.430000782,[1.6664408  0.71352109 0.64713202],[ 1.71290405  0.66200211 -0.01352439],[0.41851859 1.09213865 0.18102143]
6.434999704,[1.66650687 0.71623466 0.64881995],[ 1.71290607  0.66341354 -0.0131442 ],[1.06371936 0.78817406 0.28566785]
6.440006018,[1.66630598 0.71894334 0.65101838],[ 1.71229147  0.66436626 -0.01286448],[0.95979839 0.56360847 0.04884798]
6.445006371,[1.66614842 0.72159971 0.65303208],[ 1.71107609  0.66511763 -0.01274514],[1.08975988 0.50046978 0.17472873]
6.450057268,[1.66613203 0.72409506 0.65527189],[ 1.70947549  0.66584382 -0.01266709],[1.02485912 0.19987947 0.10416408]
6.455038071,[1.66593226 0.72697938 0.65779422],[ 1.70682048  0.6666222  -0.012169  ],[ 1.56289825 -0.14126251  0.33917526]
6.460042477,[1.66589104 0.73010226 0.66014028],[ 1.70455535  0.66732854 -0.0121288 ],[ 1.20729624 -0.2408396   0.09869141]
6.465046644,[1.66584841 0.73339252 0.66269759],[ 1.70201379  0.66776715 -0.01198303],[ 1.58140124 -0.24658912  0.28763493]
6.470007896,[1.66541277 0.73662545 0.66558562],[ 1.69916398  0.66795899 -0.01168755],[ 1.3796517  -0.08101349  0.22319862]
6.475013971,[1.66481711 0.74002428 0.66850711],[ 1.69610293  0.66822983 -0.01141179],[ 1.05020838 -0.38373563  0.10781956]
6.48005867,[1.66392821 0.74291578 0.67235993],[ 1.69269853  0.66885283 -0.01133655],[ 0.88797618 -0.35299133  0.09265085]
6.485048532,[1.66318192 0.74580642 0.67568881],[ 1.6888555   0.66980208 -0.01152304],[ 0.77267043 -0.5705886   0.06258705]
6.490008116,[1.66238322 0.74814425 0.67969033],[ 1.68383337  0.67051485 -0.01141325],[ 1.01656328 -0.70990044  0.1330253 ]
6.49501586,[1.66158611 0.75041406 0.68373551],[ 1.67950716  0.67152187 -0.01166696],[ 0.26648792 -0.72996195 -0.18815824]
6.499999762,[1.6600446  0.75218141 0.68806682],[ 1.67476636  0.67279159 -0.01199409],[ 0.02879153 -0.26121913 -0.14993274]
6.504999161,[1.6583354  0.75409175 0.69196976],[ 1.6694997   0.67456413 -0.01266644],[ 0.13616248 -0.8375086  -0.22733134]
6.510006666,[1.65751451 0.75609515 0.69607309],[ 1.66387511  0.67690879 -0.01343898],[ 0.29819701 -1.20221397 -0.23069449]
6.515000105,[1.65653689 0.75851771 0.70014393],[ 1.65794727  0.67971956 -0.0140068 ],[ 0.45651301 -1.28338028 -0.16289457]
6.520005226,[1.65532814 0.76085021 0.70463596],[ 1.65190039  0.68263053 -0.01426473],[ 0.60104316 -1.50160589 -0.13133631]
6.525033951,[1.65413812 0.76303584 0.70985504],[ 1.6445163   0.68575149 -0.01369643],[ 0.6114057  -1.8023391  -0.26748449]
6.529998779,[1.65241307 0.76541896 0.71501959],[ 1.63785979  0.68898572 -0.01333869],[ 0.53672214 -1.28120737 -0.17633993]
6.534999132,[1.65071173 0.76862851 0.72028968],[ 1.63083657  0.69263663 -0.01295802],[ 0.86553154 -0.96751144  0.0748363 ]
6.540003061,[1.6482402  0.77207213 0.72672845],[ 1.62353882  0.69662022 -0.01250642],[ 0.65070111 -1.57921428 -0.04129635]
6.545004845,[1.64648622 0.77510352 0.73279694],[ 1.6159112   0.70083871 -0.01194483],[ 0.50545233 -1.21016053  0.06551322]
6.550006866,[1.64456948 0.77769365 0.73888759],[ 1.60781557  0.70534934 -0.01151248],[ 0.30049754 -1.27917415 -0.00576604]
6.55500555,[1.64238703 0.78118048 0.745689  ],[ 1.59826177  0.71062529 -0.01064339],[ 0.2301183 -0.3217809  0.2562501]
6.560009003,[1.64013768 0.78446521 0.75197162],[ 1.58933855  0.71590316 -0.01027539],[ 0.14455621 -0.94560805  0.09945184]
6.56501174,[1.63841742 0.78801203 0.75827135],[ 1.57991814  0.72146402 -0.0098107 ],[ 0.3885839  -1.145743    0.16659375]
6.570009232,[1.63663478 0.79144119 0.76459   ],[ 1.57001767  0.72738392 -0.00939773],[ 0.13739429 -1.33956004  0.13253894]
6.575014591,[1.63439201 0.79555345 0.7710814 ],[ 1.55983402  0.73382308 -0.00897779],[ 0.16699182 -0.01187671  0.55874418]
6.580016851,[1.63221848 0.7999968  0.77778797],[ 1.54928537  0.74052422 -0.00838321],[ 0.18966918 -0.26601088  0.49263857]
6.585000515,[1.63097032 0.80456733 0.78413932],[ 1.53784341  0.74715648 -0.00776403],[ 0.6318803  -1.07815768  0.42113198]
6.590005636,[1.62901616 0.80906672 0.79242466],[ 1.52462634  0.75404954 -0.00647113],[ 0.55964335 -1.03313255  0.31341122]
6.595005035,[1.62776101 0.81395072 0.7993297 ],[ 1.5122335   0.76024303 -0.00561929],[ 1.15679669 -0.31039326  0.55068637]
6.600002527,[1.62575607 0.81918122 0.80653908],[ 1.49949982  0.76652977 -0.00476064],[3.72001676e-04 8.25160513e-01 6.78201607e-01]
6.605001926,[1.62465736 0.82349281 0.8127483 ],[ 1.48539453  0.77281127 -0.00455474],[ 0.31423722 -0.77428396  0.61000267]
6.609998941,[1.62473294 0.82701921 0.81836119],[ 1.47049377  0.77905713 -0.00454023],[ 0.07785398 -1.20668559  0.51038048]
6.615008593,[1.62500544 0.82951121 0.82318391],[ 1.45565061  0.78513967 -0.00409609],[-0.21447619 -2.09354024  0.19183551]
6.620018482,[1.62679148 0.83166731 0.82696516],[ 1.4409523   0.79162971 -0.00339928],[-0.06774601 -3.5504927  -0.0455109 ]
6.625005245,[1.63124579 0.83290124 0.83042206],[ 1.42600061  0.79908576 -0.00144519],[-0.5254246  -2.86350765  0.05669377]
6.630010605,[1.63213254 0.83571758 0.83476304],[1.41402873e+00 8.06334711e-01 5.68076772e-04],[-0.42265639 -0.70826806  0.73380831]
6.635007381,[1.6323929  0.83863007 0.83762853],[1.40273659 0.81378716 0.00262275],[-0.03261337 -1.84958618  0.19275242]
6.640005827,[1.63539973 0.84216645 0.83856563],[1.39200916 0.82109114 0.00507755],[ 1.58355473 -5.97524334 -0.93242587]
6.645012379,[1.64156552 0.84582878 0.83819672],[1.38471756 0.82778579 0.00842597],[ 1.52085915 -6.54582443 -0.75906745]
6.650005817,[1.64475836 0.84985839 0.83925434],[1.38153965 0.83303328 0.01286125],[ 0.64351625 -2.94231663 -0.12340295]
6.655004263,[1.64626374 0.85307583 0.84178747],[1.38092668 0.83821977 0.01755735],[-0.28394276 -2.85432606  0.50016691]
6.659997702,[1.64919628 0.85581101 0.84382501],[1.38260943 0.84315894 0.02171457],[-0.58515365 -3.53564946  0.64003694]
6.665003061,[1.6503299  0.8585033  0.84638013],[1.38635485 0.84743512 0.02597799],[-0.89960154 -1.19248681  1.30957996]
6.670001745,[1.65036553 0.86109192 0.84900876],[1.39135411 0.85145131 0.03010825],[-1.15350691 -0.75287473  1.25687109]
6.675001621,[1.65081545 0.86310474 0.85199712],[1.39725596 0.85534388 0.03432951],[-1.19348435 -0.56440374  0.70146788]
6.680218458,[1.65153553 0.86895259 0.85463809],[1.40391448 0.85920648 0.0389396 ],[2.25984124 1.29541748 0.61230237]
6.68502903,[1.64897468 0.87482217 0.85956227],[1.41062217 0.86246573 0.04349009],[0.40669279 2.16415202 0.01012461]
6.690021753,[1.64526223 0.88092771 0.86444901],[1.41616158 0.86571835 0.04835477],[1.41527877 0.57475354 0.13152674]
6.695026159,[1.64583837 0.88590409 0.86559742],[1.42061555 0.86924212 0.0521813 ],[0.83846823 0.09060413 0.31371185]
6.700012684,[1.64590551 0.88933164 0.86697606],[1.42506604 0.87313258 0.05590153],[-0.76969067 -0.92849954  0.40319024]
6.705008745,[1.64633548 0.89282254 0.86810628],[1.42993698 0.87729377 0.05975792],[-0.1623382  -0.87165872  0.64460961]
6.710011482,[1.64608323 0.89543277 0.86953609],[1.43548418 0.88158092 0.06380826],[-0.67661282  0.06867287  0.59419156]
6.715008497,[1.64624577 0.89858387 0.87113125],[1.44151555 0.88630599 0.06795409],[-0.60612468 -0.49029138  0.81066192]
6.720009089,[1.64627336 0.90241924 0.87308601],[1.44758687 0.89128178 0.07205445],[-0.59836011 -0.20529989  0.92746223]
6.725008488,[1.64374618 0.90472463 0.8761165 ],[1.45363629 0.89637531 0.07648139],[-1.02187781  0.5238852   0.79981119]
6.730011463,[1.64298111 0.90866935 0.87744283],[1.45879676 0.90148052 0.07962824],[-0.09312196  0.43129768  0.86481284]
6.735007286,[1.64268784 0.91254004 0.87828296],[1.46331218 0.9063442  0.08220117],[-0.18062973  0.04740944  0.52045593]
6.740010262,[1.64273794 0.91658491 0.87834229],[1.46744714 0.91126637 0.0843836 ],[0.05066883 0.53417469 0.74240251]
6.745008707,[1.64220473 0.92034394 0.87866164],[1.47104083 0.9161943  0.08607915],[-0.46165082  0.10147713  0.48940267]
6.750006199,[1.64171111 0.92403708 0.87883532],[1.47425816 0.92132827 0.08730781],[-0.46046686  0.28435443  0.73147665]
6.755007267,[1.64119304 0.92728686 0.8782931 ],[1.47707818 0.92667589 0.08816581],[-0.76656268  0.12743522  0.70082792]
6.760008574,[1.6397438  0.92971555 0.87764868],[1.47977552 0.9324574  0.08872996],[-1.16986831  0.2482601   0.74092481]
6.765011072,[1.63979309 0.93250378 0.87626682],[1.48203046 0.93807275 0.08900107],[-0.92864486 -0.58313437  0.63364028]
6.77001214,[1.63979367 0.93570565 0.87477661],[1.48429942 0.94374336 0.08921631],[-1.11771496 -0.19114287  0.55907079]
6.775006771,[1.63974557 0.93936258 0.87310709],[1.48660894 0.9494418  0.08926551],[-0.11243326 -0.3172964   0.66843302]
6.780025482,[1.63977455 0.9434734  0.87136615],[1.4887703  0.95510876 0.08906221],[-0.26080188 -0.23398855  0.64532999]
6.785015106,[1.63970794 0.94762013 0.86938047],[1.49089661 0.96061285 0.08854026],[-0.10158914 -0.2093931   0.63929648]
6.790017843,[1.6394535  0.95193007 0.86654182],[1.4930085  0.96673558 0.0874583 ],[-0.08449611 -0.16046768  0.6624219 ]
6.795014381,[1.6391444  0.95562802 0.86404745],[1.49480602 0.97218148 0.08620402],[-0.75910257  0.03787698  0.56008876]
6.800010681,[1.63901237 0.95850985 0.86112659],[1.49647228 0.97761269 0.08464607],[-0.56651253 -0.19760035  0.57184535]
6.805014372,[1.63882211 0.9620784  0.85805457],[1.49795582 0.98322793 0.08280131],[-0.70630306 -0.13911131  0.62550755]
6.810011387,[1.63872186 0.96536288 0.85464138],[1.49934178 0.98883221 0.08064237],[-0.9300809  -0.1934322   0.53479559]
6.815012693,[1.63906468 0.96883579 0.85095582],[1.50058726 0.99462524 0.07823423],[-0.5174469  -0.78996774  0.67705607]
6.8200109,[1.63912074 0.97315128 0.84744831],[1.50181854 1.00044249 0.07558638],[-0.24804472 -0.33977819  0.70415048]
6.825012207,[1.6384888  0.97758488 0.84325677],[1.50308404 1.00683665 0.07205692],[-0.2949433   0.24663549  0.67763164]
6.830010176,[1.6382313  0.98138479 0.8391296 ],[1.50377631 1.0123779  0.06841079],[-0.52576985 -0.17035705  0.67162364]
6.835010052,[1.63830919 0.98512277 0.83487734],[1.50423336 1.01780504 0.06436241],[-0.46139983 -0.09334856  0.60424442]
6.840013027,[1.63772492 0.98880536 0.83064827],[1.50450974 1.0231719  0.05993004],[-0.32594416  0.63839096  0.6673741 ]
6.84500885,[1.63729839 0.99258113 0.82593188],[1.50427895 1.02846983 0.05479785],[-0.36911958  0.1020381   0.57737879]
6.850009441,[1.63711953 0.99671325 0.82093294],[1.50360352 1.03366117 0.04908671],[ 0.00272128 -0.22022396  0.68446092]
6.855010271,[1.63707374 1.00099376 0.81450465],[1.50270466 1.03924421 0.0422806 ],[-0.02973186 -0.00200976  0.67822154]
6.860006332,[1.63693416 1.00554973 0.80823445],[1.5016199  1.04438616 0.03584084],[-0.03842013 -0.30938625  0.75636188]
6.865005732,[1.63724173 1.00933182 0.80180753],[1.50064297 1.04953815 0.02931702],[-0.87847796 -0.68506468  0.64674545]
6.870011806,[1.63778131 1.01295034 0.79507273],[1.49996135 1.05455711 0.02287117],[-0.55975998 -0.58571836  0.74103047]
6.875012636,[1.63788571 1.01675411 0.78836224],[1.4995623  1.0595331  0.01639269],[-0.52537001 -0.41756716  0.65437592]
6.880028009,[1.63789305 1.02009618 0.78159049],[1.49932336 1.06433297 0.00962341],[-0.53770489 -0.05830801  0.50459182]
6.885013819,[1.63789884 1.02467827 0.77423916],[1.49905363 1.06936782 0.00233656],[-0.04863461 -0.52030913  0.65169473]
6.890021086,[1.63998671 1.02940118 0.76365004],[ 1.49914932  1.07417748 -0.00555051],[ 0.03042966 -2.31444348  0.45911482]
6.895015955,[1.64244357 1.03340756 0.75231223],[ 1.50179135  1.07866602 -0.01176988],[-0.29236457 -2.69821875  0.19073144]
6.900010347,[1.64382658 1.03911045 0.74228689],[ 1.5076573   1.08271838 -0.0158865 ],[ 1.41965877 -1.53876764  0.3638762 ]
6.905012846,[1.64497737 1.04312321 0.73346127],[ 1.5156273   1.08643577 -0.0176517 ],[ 0.77835308 -0.97404442  0.06301271]
6.910009146,[1.64611494 1.04749022 0.72520946],[ 1.52415937  1.0888044  -0.01770389],[ 1.36856164 -1.5492962   0.16036013]
6.915008783,[1.64628671 1.04968739 0.71853967],[ 1.53333992  1.09081422 -0.015654  ],[-0.23333616 -0.57076639 -0.21200399]
6.920010567,[1.64607428 1.05113278 0.71298875],[ 1.54258676  1.09157729 -0.01281938],[ 1.34565131 -0.72069696 -0.18401857]
6.925014734,[1.64555917 1.05275335 0.70847432],[ 1.55274634  1.09112726 -0.0093808 ],[ 1.27951924 -0.84760101 -0.36229617]
6.930011988,[1.64577636 1.05385292 0.70305278],[ 1.561618    1.09017731 -0.00686087],[ 1.22901118 -0.24160801 -0.46509961]
6.935014009,[1.64645432 1.05606349 0.69877398],[ 1.57014609  1.08959386 -0.00465165],[ 2.41361783 -0.2763089   0.1326091 ]
6.940011024,[1.64714402 1.05799117 0.69421003],[ 1.57822121  1.08863943 -0.00347501],[ 1.36866512  1.46769596 -0.05949829]
6.945016384,[1.64737814 1.05920733 0.69014985],[ 1.58483271  1.08782792 -0.00402617],[1.65487113 1.15731132 0.16046205]
6.950015306,[1.64852942 1.06100426 0.68485162],[ 1.59057651  1.08703567 -0.0063119 ],[ 1.64691775  0.57094488 -0.13787156]
6.955010653,[1.64997978 1.06272876 0.67888987],[ 1.59709823  1.08588599 -0.00926752],[1.76747234 0.98300135 0.04504902]
6.960011005,[1.65109603 1.06560516 0.67264482],[ 1.60344381  1.08609556 -0.01220101],[1.67578471 0.92780939 0.18792   ]
6.965010405,[1.65279997 1.06854742 0.66616266],[ 1.6099522   1.08719232 -0.0146794 ],[1.27768765 0.31602219 0.32752318]
6.97000885,[1.6543925  1.07155916 0.65965967],[ 1.6168199   1.08920235 -0.01606328],[0.69942987 0.6470654  0.34255511]
6.975008011,[1.65587049 1.07417339 0.65402426],[ 1.62443366  1.09166045 -0.01628057],[0.60141148 1.08781454 0.38053292]
6.980029106,[1.65715344 1.07726803 0.64916894],[ 1.63256603  1.09450376 -0.01551904],[0.5920233  1.28114676 0.39896397]
6.985016823,[1.65804016 1.08019111 0.64478255],[ 1.6408362   1.09739427 -0.0143036 ],[0.49046893 1.57702007 0.3780305 ]
6.990021706,[1.65981531 1.08296256 0.64012169],[ 1.64974308  1.10020305 -0.01263116],[0.55572346 1.43770389 0.42376335]
6.995018005,[1.66134811 1.0857911  0.63716271],[ 1.65774507  1.10321614 -0.01136453],[0.38820453 1.84737106 0.44874002]
7.000013113,[1.66209711 1.08825969 0.63530454],[ 1.66551878  1.10600542 -0.01044471],[0.43159801 2.8341654  0.47507121]
7.005012035,[1.66333926 1.09064259 0.6319379 ],[ 1.67267915  1.10805066 -0.01070403],[0.73699343 2.71875922 0.38880959]
7.010011435,[1.6651179  1.09273996 0.62868004],[ 1.67944724  1.10943929 -0.01192897],[0.76053745 2.00921934 0.1459748 ]
7.015011311,[1.66660756 1.09488974 0.62520143],[ 1.68619605  1.11042462 -0.01344816],[1.06693072 2.66720036 0.31865901]
7.020017147,[1.66820881 1.0970109  0.62163385],[ 1.69302679  1.11111309 -0.01493184],[1.15188219 2.19065503 0.27344763]
7.025009871,[1.67053568 1.09911281 0.61852098],[ 1.7005718   1.11109182 -0.0160237 ],[1.49730573 2.02428744 0.32471985]
7.030009747,[1.67240568 1.10120821 0.61551665],[ 1.70766414  1.11108292 -0.01642235],[1.32992556 2.36518163 0.26133845]
7.035009623,[1.6740152  1.10346291 0.61318671],[ 1.71494511  1.1110163  -0.01612732],[1.43076805 2.2636703  0.32692721]
7.040008545,[1.67572465 1.1055834  0.61153138],[ 1.72231043  1.11101546 -0.01529463],[1.34254649 2.59630704 0.34084451]
7.045011759,[1.67721539 1.10746703 0.61016765],[ 1.72946855  1.11123149 -0.0143636 ],[0.98980017 2.89845696 0.3569943 ]
7.050015926,[1.67859314 1.10959921 0.60953067],[ 1.73604196  1.1117525  -0.01377814],[0.97119801 2.83610685 0.45441901]
7.055012226,[1.68034886 1.11073102 0.60927387],[ 1.74251778  1.1120573  -0.01320828],[0.39397017 2.88473525 0.29130274]
7.060015678,[1.68155685 1.11223074 0.60902491],[ 1.74807849  1.11331319 -0.01322153],[0.37598922 2.938723   0.37913748]
7.065012217,[1.68287477 1.11397965 0.60868255],[ 1.75298567  1.11502275 -0.01364746],[0.24621881 2.58753125 0.3149764 ]
7.070012569,[1.68417589 1.1156271  0.60851972],[ 1.75744953  1.1171436  -0.01414534],[0.1411866  2.50659726 0.28795465]
7.075010538,[1.68492884 1.11728448 0.60817314],[ 1.76165165  1.11956665 -0.01443195],[0.26386096 2.71282914 0.40048131]
7.080023766,[1.68611119 1.11915766 0.60809501],[ 1.76563056  1.12209362 -0.0144482 ],[0.20073283 1.85509476 0.27443225]
7.085016727,[1.6871797  1.12131018 0.60835934],[ 1.7691742   1.12486987 -0.01411637],[0.39737153 1.87836064 0.42579727]
7.090017319,[1.6879692  1.12347013 0.60946888],[ 1.77268278  1.12746074 -0.0131669 ],[0.30729616 2.28815362 0.33880682]
7.09501195,[1.68851305 1.12616836 0.61098431],[ 1.77562191  1.12991236 -0.01232268],[0.95439922 1.75112146 0.55784114]
7.100008726,[1.68880745 1.12839022 0.61269581],[ 1.7781398   1.13176019 -0.01169733],[0.55248412 1.98922284 0.21553245]
7.10504508,[1.68908007 1.13054104 0.61428528],[ 1.77994231  1.13313441 -0.01161582],[1.00953421 1.55590279 0.39768169]
7.110000372,[1.68959776 1.13240259 0.61602974],[ 1.78125493  1.13416041 -0.01176187],[0.58994201 1.12769781 0.11723444]
7.115013838,[1.68957262 1.13392369 0.61767738],[ 1.7821508   1.13499825 -0.01196084],[0.73790231 1.28048858 0.17510486]
7.119996309,[1.68969392 1.13567286 0.61935983],[ 1.78261541  1.1355709  -0.01226648],[0.90650819 0.72531078 0.13770067]
7.125000954,[1.69041259 1.13761165 0.62152572],[ 1.78261931  1.13563176 -0.01227686],[0.99399212 0.40743121 0.13166821]
7.130002499,[1.69015601 1.13925748 0.62370396],[ 1.7823973   1.13604692 -0.01210245],[0.69586364 0.75267208 0.06638775]
7.135006905,[1.68988512 1.14114423 0.62613596],[ 1.7817693   1.13658664 -0.01179381],[0.81537276 0.28957206 0.14948487]
7.140003443,[1.68937693 1.14307458 0.62886054],[ 1.78076364  1.13711546 -0.0114358 ],[0.71904272 0.14431889 0.06720878]
7.145019531,[1.68828033 1.14477759 0.63207273],[ 1.77929941  1.13761353 -0.01118368],[0.56716936 0.37198883 0.02892975]
7.150001764,[1.68756721 1.14680626 0.63512227],[ 1.77738605  1.13810623 -0.01107092],[ 0.72819148 -0.0629475   0.08383577]
7.155003309,[1.68695374 1.14973059 0.63840665],[ 1.77479067  1.13822409 -0.01079989],[ 1.19123075 -0.17048968  0.3975961 ]
7.159998894,[1.68591437 1.15280017 0.64142139],[ 1.77204337  1.13867287 -0.01080928],[ 0.90982597 -0.48813328  0.21059822]
7.164997816,[1.68488829 1.15599866 0.64464355],[ 1.76901289  1.13861492 -0.0107407 ],[ 1.32104533 -0.56514394  0.36865813]
7.169997454,[1.68341832 1.15868189 0.64798289],[ 1.76571885  1.13797609 -0.01051401],[ 0.85861532 -0.58579937  0.10422721]
7.175004959,[1.68199233 1.16143134 0.65126476],[ 1.76207019  1.13708025 -0.01028488],[ 1.23230565 -0.87471766  0.31934838]
7.180012703,[1.68080214 1.16465836 0.65462516],[ 1.75805287  1.13602202 -0.01010599],[ 0.99737274 -1.25501898  0.1143234 ]
7.185004234,[1.67935263 1.16738192 0.65817819],[ 1.75385337  1.13426551 -0.00981406],[ 1.19000953 -1.03393355  0.1535664 ]
7.190005779,[1.67835756 1.16912895 0.66229218],[ 1.74896392  1.13090211 -0.00929555],[ 1.18473227 -1.22232187 -0.02563253]
7.194999218,[1.67693443 1.1706251  0.66655394],[ 1.7442359   1.12774887 -0.00895654],[ 0.69682436 -1.20062488 -0.24744841]
7.199999094,[1.67467608 1.17254384 0.67072814],[ 1.73908382  1.12457574 -0.00882124],[ 0.50776245 -0.98744141 -0.36492387]
7.205014944,[1.67226284 1.17324128 0.67534583],[ 1.73343613  1.12155129 -0.00913097],[ 0.61516381 -1.4051924  -0.43761918]
7.210014582,[1.67096587 1.17462445 0.67931483],[ 1.72741847  1.1187066  -0.00969049],[ 1.13831732 -1.8109423  -0.32869866]
7.215008974,[1.66945667 1.17476882 0.68360326],[ 1.72114181  1.11609213 -0.01019005],[-0.24156006 -1.52205719 -0.77513368]
7.220004797,[1.66830274 1.17320559 0.68833391],[ 1.71406555  1.11308297 -0.01038952],[ 0.0198349  -1.50448043 -0.54576836]
7.224999189,[1.66665746 1.17272564 0.69291782],[ 1.70737031  1.1118254  -0.01067863],[-0.51301373 -1.51982414 -0.75571697]
7.230004787,[1.66475911 1.17247051 0.69743979],[ 1.70038671  1.11151444 -0.01098701],[-0.22209584 -1.58945747 -0.58782906]
7.235008478,[1.66241833 1.17353103 0.70177881],[ 1.69311919  1.11215972 -0.01127283],[ 0.36339837 -1.42093623 -0.24297321]
7.240000963,[1.66038472 1.17490028 0.70632246],[ 1.68578435  1.11357472 -0.0112058 ],[ 0.26397881 -1.82864734 -0.1739881 ]
7.245000601,[1.65752071 1.17591958 0.71216798],[ 1.67843948  1.11550241 -0.01066482],[-0.29361068 -1.34100596 -0.13864346]
7.250029325,[1.65505666 1.17701664 0.71729745],[ 1.67083986  1.11794454 -0.01007832],[-0.41773544 -1.17522693 -0.1059412 ]
7.255003691,[1.65285929 1.17905774 0.72299705],[ 1.66244361  1.12086612 -0.0093225 ],[ 0.06600424 -0.71100562  0.24107094]
7.260006189,[1.65001241 1.18131887 0.72859157],[ 1.65419153  1.12410628 -0.00875456],[-0.07327442 -0.5597065   0.26294238]
7.265005827,[1.64730311 1.18358102 0.7342103 ],[ 1.64561325  1.12721312 -0.0082588 ],[ 0.03684236 -0.87138955  0.23134473]
7.270004988,[1.64470098 1.18596832 0.73983279],[ 1.63655893  1.13022456 -0.00803295],[ 0.07313881 -0.9024715   0.25018673]
7.275002241,[1.64136826 1.1883972  0.74543252],[ 1.62716555  1.13328636 -0.00789863],[-0.05057906  0.26006443  0.5156194 ]
7.280032873,[1.63834351 1.19050443 0.75103836],[ 1.6173929   1.13615783 -0.00771276],[-0.03412013 -0.46097591  0.34447291]
7.285003901,[1.63594238 1.19333958 0.7565231 ],[ 1.60707912  1.13840273 -0.00751647],[ 0.68214438 -0.84049855  0.32145686]
7.290009737,[1.6349824  1.19663425 0.7618268 ],[ 1.59599729  1.14013961 -0.00697842],[ 0.69234922 -0.9113754   0.25306458]
7.295000076,[1.63079919 1.19908273 0.76913318],[ 1.58529313  1.14143259 -0.00645435],[0.659716   0.38065075 0.54109193]
7.300002098,[1.62772523 1.20167489 0.77523933],[ 1.57437168  1.14256301 -0.00572552],[0.22626968 0.58790842 0.45439112]
7.304998875,[1.62505239 1.20424405 0.78081219],[ 1.56254564  1.1431911  -0.00537855],[ 0.48402381 -0.15151887  0.38367144]
7.31000185,[1.62351949 1.20696    0.78576324],[ 1.55012549  1.14344276 -0.00527988],[ 0.38753032 -0.68794653  0.32947258]
7.315009117,[1.62248099 1.20855066 0.79068381],[ 1.5376884   1.1436817  -0.00488519],[-0.28768914 -1.06162394  0.21280781]
7.320005417,[1.62184779 1.21009278 0.79531861],[ 1.52530112  1.14431402 -0.00425604],[-0.56469032 -0.96456486  0.15777759]
7.325000525,[1.62358119 1.21202811 0.79960464],[ 1.51263289  1.14540608 -0.00305434],[-0.12084662 -0.80808747  0.26708482]
7.330001116,[1.62275209 1.21428192 0.80410399],[ 1.50086651  1.14715513 -0.00185312],[-0.400442   -0.33958656  0.49757025]
7.335004091,[1.62304401 1.21665625 0.80704105],[ 1.48917156e+00  1.14934977e+00 -7.29845182e-04],[-0.2156997  -2.60937007  0.15455107]
7.340002775,[1.62664958 1.22122276 0.80754748],[1.47775087e+00 1.15117599e+00 6.39453951e-04],[ 1.25416169 -5.99133305 -0.98947776]
7.345004797,[1.63014447 1.22491102 0.80862243],[1.46949946 1.15447057 0.00288271],[ 0.30757708 -4.36861339 -0.20686931]
7.350006819,[1.63143279 1.22932296 0.81019883],[1.46524093 1.15792843 0.00620131],[ 1.28691553 -1.67589364  0.07231224]
7.3550179,[1.63172812 1.23087919 0.81307952],[1.46364553 1.16175636 0.00988808],[-1.01334476 -1.29055284  0.38740441]
7.360019922,[1.63244439 1.23335506 0.81568932],[1.46295967 1.16630052 0.01319399],[-0.66392741 -1.99401755  0.51738807]
7.365001202,[1.632685   1.23620967 0.81834359],[1.46328902 1.17104742 0.01662506],[-0.41684477 -1.06126311  0.95071215]
7.370002508,[1.631866   1.23779368 0.82116291],[1.4645948  1.17596978 0.02014664],[-1.83765243 -0.17033375  1.06111735]
7.374999285,[1.63106217 1.23901617 0.82396669],[1.46636744 1.18116129 0.02346334],[-1.74708662 -0.16166394  0.92408847]
7.380019903,[1.6298863  1.24162376 0.82691356],[1.46842725 1.18637967 0.02671882],[0.0167387  0.14167565 0.75871237]
7.385001421,[1.62790385 1.24534947 0.83011365],[1.47063008 1.19149209 0.02984841],[0.00947295 1.03689712 0.85312186]
7.390006065,[1.62441815 1.247336   0.83365384],[1.47289088 1.19642769 0.03277527],[-0.41411968  0.97721     0.58967653]
7.395008802,[1.6228408  1.25035512 0.83558037],[1.4739201  1.20112332 0.03491385],[-0.53311713  0.30546025  0.6657869 ]
7.399999619,[1.62166209 1.25379597 0.83717637],[1.47460343 1.20593088 0.03677672],[-0.23331765 -0.33631915  0.60309967]
7.404999971,[1.62123753 1.25643997 0.8381074 ],[1.47526835 1.21068837 0.03857602],[-0.82066459 -0.25827425  0.87616852]
7.410000086,[1.62023824 1.25817489 0.83924494],[1.47593239 1.21577768 0.04029405],[-1.50400564 -0.06064202  0.8437115 ]
7.415004015,[1.6191379  1.25977849 0.84017548],[1.47660813 1.22089008 0.04183079],[-1.54787208  0.24169233  0.81097349]
7.420008898,[1.61766444 1.26252909 0.84125579],[1.47721452 1.22615603 0.04314863],[-0.42299632  0.37315895  0.90210777]
7.425003052,[1.61511911 1.26452331 0.84248411],[1.47810473 1.23148357 0.04411185],[-0.89367972  0.6701398   0.71938053]
7.430001259,[1.6136179  1.26706159 0.84294346],[1.47807462 1.23639551 0.04462612],[-0.52737452  0.47127018  0.74812994]
7.435005188,[1.61208362 1.27034162 0.84296546],[1.47760412 1.24114707 0.04468281],[-0.24363853  0.15180538  0.70386818]
7.440006733,[1.61089261 1.27296596 0.84248254],[1.47705886 1.24572931 0.04444321],[-0.86741036  0.03230271  0.62516649]
7.445008755,[1.60995937 1.27528106 0.84172072],[1.47642122 1.25035582 0.043995  ],[-0.58654139 -0.09691414  0.64396692]
7.450006962,[1.60912639 1.27819881 0.84051808],[1.47579638 1.25524476 0.04343822],[-0.63350634 -0.08105696  0.70131854]
7.455002069,[1.60783347 1.28010722 0.83916769],[1.47578807 1.26016721 0.04246467],[-0.89273891 -0.03313823  0.73682415]
7.460003376,[1.60701639 1.2823366  0.83783386],[1.47527983 1.2651637  0.04166983],[-1.09538846 -0.1050115   0.74342619]
7.465004444,[1.60608577 1.28443654 0.83632092],[1.47482042 1.27020995 0.0406905 ],[-1.17954834  0.21408828  0.68709122]
7.470003843,[1.60481541 1.2869313  0.83455562],[1.47428244 1.27530456 0.03943996],[-0.80681535  0.41616439  0.74525848]
7.475000858,[1.60374564 1.28964883 0.83233299],[1.47367875 1.28034687 0.03785386],[-0.61134053 -0.0973199   0.63301684]
7.480010509,[1.60287766 1.29192868 0.83006939],[1.47305352 1.28530676 0.03602035],[-0.77289793 -0.00754574  0.61628207]
7.485010147,[1.60149989 1.29500066 0.82753908],[1.4723973  1.29049056 0.03386498],[-0.42088368  0.33024061  0.68526973]
7.490007877,[1.60016275 1.29708653 0.82446759],[1.47213314 1.295191   0.03112898],[-0.61836476  0.23460063  0.65861997]
7.495008707,[1.59912848 1.30010321 0.82144819],[1.47129182 1.3000922  0.02845769],[-0.39495039  0.02877839  0.68910933]
7.499999762,[1.59794024 1.30375282 0.81820584],[1.47043866 1.30493729 0.02556391],[0.27512337 0.05535409 0.71579999]
7.505000114,[1.5966526  1.30675987 0.81464596],[1.46950411 1.30963602 0.02242923],[-0.68276034  0.20623125  0.73230979]
7.510001659,[1.59552112 1.30950783 0.8108775 ],[1.46855088 1.31420024 0.01898548],[-0.82558074  0.03785555  0.82369838]
7.514999151,[1.59453098 1.31242756 0.80732617],[1.46760216 1.31857119 0.01530079],[-0.36814764  0.21779241  0.74126222]
7.519999266,[1.59280405 1.31467943 0.80385767],[1.46670046 1.32270125 0.01121873],[-0.74430728  1.52694103  0.68248376]
7.525005341,[1.59110262 1.31665497 0.79920739],[1.46555901 1.32665093 0.00565074],[-0.17922107  0.60958878  0.70406034]
7.530003309,[1.59072701 1.31989482 0.79417932],[ 1.46356625e+00  1.33039390e+00 -8.99536403e-05],[-0.35301809 -0.91222973  0.41678109]
7.535002947,[1.59057613 1.32326011 0.78743389],[ 1.462362    1.33415232 -0.00572153],[-0.12794951 -0.82155584  0.30257976]
7.540007591,[1.59066813 1.32791616 0.77995171],[ 1.46323222  1.33791339 -0.01050871],[ 1.49724709 -1.44482488  0.10544736]
7.545005083,[1.59098198 1.33203546 0.77354585],[ 1.46608436  1.34167243 -0.01333769],[ 0.2679831  -1.14612948  0.08712888]
7.550007105,[1.59141344 1.33609736 0.76656694],[ 1.4702635   1.34471907 -0.01417194],[ 1.38760269 -0.76613657 -0.01598368]
7.555005789,[1.59068393 1.33708238 0.76091453],[ 1.47616558  1.34661055 -0.01355439],[ 0.22548473 -0.99298929 -0.09738873]
7.560002327,[1.59117626 1.33868423 0.7558114 ],[ 1.48172317  1.34805625 -0.01171598],[ 1.16210957 -2.09495461 -0.65242621]
7.565005541,[1.59068028 1.34063583 0.7518205 ],[ 1.48810527  1.34854435 -0.00889495],[ 1.90477511 -1.10964259 -0.53077213]
7.570005894,[1.58973065 1.34127092 0.74840774],[ 1.4949935   1.34806556 -0.00567712],[ 1.63381281 -0.66770797 -0.72629   ]
7.575004101,[1.58930942 1.34264772 0.74592229],[ 1.50151112  1.34725159 -0.0026363 ],[ 2.41294126 -1.19132981 -0.3570314 ]
7.580014944,[1.58816009 1.34240712 0.74412679],[ 1.50752860e+00  1.34616004e+00 -7.09771935e-05],[ 0.93834071  0.86761927 -0.29105092]
7.585005522,[1.58677769 1.34139362 0.74183546],[1.51190876e+00 1.34487809e+00 7.11355226e-04],[ 1.16147312  0.42695515 -0.15980699]
7.59000349,[1.58620743 1.3407037  0.73956147],[ 1.51580066e+00  1.34196105e+00 -1.59393708e-04],[ 2.29492353 -0.89041869 -0.62305051]
7.595002174,[1.58538914 1.34232982 0.73556177],[ 1.51843107  1.33918434 -0.00283631],[ 3.25241366 -0.25873654 -0.57157213]
7.60000515,[1.58460227 1.34491757 0.730312  ],[ 1.52126648  1.33667047 -0.00600364],[ 2.93145712 -0.64915922 -0.61365022]
7.605000496,[1.58545386 1.34767655 0.72418596],[ 1.52487486  1.33529643 -0.00860066],[ 2.02824907 -0.83318353 -0.16179745]
7.610005617,[1.58561411 1.34876801 0.71901444],[ 1.52863683  1.33589352 -0.01011426],[ 0.46251826 -0.30364619  0.13774844]
7.615000486,[1.58601956 1.34964243 0.71344552],[ 1.53218182  1.33740266 -0.01132816],[ 0.00295701 -0.6772325   0.02903515]
7.620009184,[1.58653297 1.35139377 0.70828971],[ 1.53630084  1.33920172 -0.01185855],[ 1.17016582 -0.66493044 -0.05120122]
7.625007391,[1.58618314 1.35296245 0.70375748],[ 1.54197392  1.34015671 -0.01167856],[1.52082133 0.41938249 0.05813698]
7.630006313,[1.58551021 1.35571187 0.69939128],[ 1.54706209  1.34226924 -0.01110849],[1.21391319e+00 8.78119016e-04 1.32556755e-01]
7.635008574,[1.58560022 1.35830245 0.69604916],[ 1.55196577  1.34529204 -0.00999254],[0.47937145 0.12723217 0.38183824]
7.640003681,[1.58463077 1.35940052 0.69373802],[ 1.55654341  1.34889263 -0.00876522],[-0.49025281  1.83170863  0.46516487]
7.645006895,[1.58395314 1.36056834 0.69069371],[ 1.56033982  1.35195597 -0.00890561],[0.09707392 1.26777995 0.33325193]
7.650007248,[1.58450914 1.36259303 0.6868259 ],[ 1.56387062  1.35442701 -0.01010365],[0.57337286 0.596907   0.10648825]
7.65500474,[1.5843504  1.36423201 0.6834987 ],[ 1.56823482  1.35596413 -0.01144375],[0.84859022 1.35021985 0.20968453]
7.660002708,[1.58413223 1.3663585  0.6796797 ],[ 1.5720846   1.35757002 -0.01306709],[1.06166641 0.94273612 0.25689585]
7.665001631,[1.58490111 1.36809684 0.67591363],[ 1.57604661  1.35880252 -0.01433827],[0.86438139 0.33568333 0.04661509]
7.670005798,[1.5852077  1.36936054 0.6724125 ],[ 1.58040421  1.35972978 -0.01494602],[0.96220316 0.92517394 0.09671783]
7.675005674,[1.5855964  1.37064098 0.66944308],[ 1.58510839  1.36029461 -0.01512653],[1.22025169 0.92453874 0.02151418]
7.680013418,[1.58596255 1.37252968 0.66707947],[ 1.59015327  1.36058052 -0.01481672],[1.66387573 0.91252901 0.08012325]
7.685003757,[1.58592742 1.37391719 0.66504991],[ 1.59513214  1.36065917 -0.01432252],[1.32941942 1.39509859 0.09423118]
7.690012932,[1.58625439 1.3748965  0.66354396],[ 1.60048083  1.36010631 -0.01354209],[1.27140311 1.06554418 0.19283405]
7.695048332,[1.58677366 1.37643066 0.66227355],[ 1.60484828  1.36079451 -0.01305956],[0.75746378 1.543753   0.26101149]
7.699999809,[1.58658494 1.37743086 0.66168373],[ 1.60885715  1.36182537 -0.01278453],[0.51154168 2.01772176 0.31803969]
7.705041647,[1.58652591 1.37876545 0.66097122],[ 1.61229848  1.36280959 -0.01327255],[0.71534406 1.88235519 0.30312258]
7.710011244,[1.58670901 1.38045333 0.66000024],[ 1.61545209  1.3638931  -0.01419842],[0.6666964  1.52601851 0.23529523]
7.715046883,[1.58683428 1.38215017 0.65906884],[ 1.6183373   1.36535753 -0.01510912],[0.41432543 1.76426102 0.3466167 ]
7.720009327,[1.58695512 1.38397269 0.65826618],[ 1.62108181  1.36738481 -0.01570884],[0.32097929 1.71059382 0.43762473]
7.725054741,[1.58739669 1.3854744  0.65804381],[ 1.62416336  1.36911586 -0.01571807],[0.24188773 1.69043656 0.43537738]
7.73001194,[1.58737408 1.38711262 0.65800206],[ 1.62667213  1.37130374 -0.01557578],[0.26277553 1.53387437 0.34974258]
7.735052347,[1.58729124 1.38864923 0.65824764],[ 1.6290025   1.3732895  -0.01526119],[0.12857703 1.6493219  0.26842271]
7.740005016,[1.58727117 1.3903054  0.65884858],[ 1.63119027  1.37514394 -0.01476795],[0.43122813 1.37289812 0.32284911]
7.745004177,[1.58702775 1.39189327 0.65988665],[ 1.63297645  1.37684784 -0.01424625],[0.43354819 1.54229305 0.37539553]
7.750002861,[1.58661851 1.39328684 0.66131013],[ 1.63446263  1.37828443 -0.01376257],[0.35960248 1.46180306 0.26337595]
7.755042315,[1.586833   1.39456757 0.6631617 ],[ 1.6359114   1.37860694 -0.01312794],[0.73973716 1.17831911 0.24310311]
7.760049343,[1.58654749 1.39583801 0.6650198 ],[ 1.63695209  1.37903626 -0.01295138],[0.58013932 1.25261533 0.10361882]
7.765038252,[1.58626119 1.39704011 0.66688057],[ 1.63749304  1.37922883 -0.01305799],[0.59615782 1.06860223 0.12719323]
7.770008087,[1.58608618 1.398161   0.66877253],[ 1.63768427  1.37942814 -0.01325337],[0.47990685 0.68310565 0.01841037]
7.775005102,[1.5856741  1.39929367 0.6708532 ],[ 1.63752938  1.3797165  -0.01344645],[0.52632748 0.79143435 0.0893968 ]
7.780056238,[1.58519685 1.40056486 0.67309089],[ 1.63706141  1.37999868 -0.01367387],[0.51272995 0.51918433 0.03924789]
7.7850492,[1.58472198 1.40197555 0.67561869],[ 1.63619622  1.3803055  -0.01388648],[0.500984   0.47820026 0.04501854]
7.790003061,[1.58438383 1.40286366 0.67862018],[ 1.63505963  1.37997267 -0.01365895],[0.39956263 0.56248644 0.04342136]
7.795006514,[1.58361457 1.40471005 0.68153856],[ 1.63359344  1.38052018 -0.01361746],[0.68498695 0.24831529 0.16914171]
7.800026178,[1.58237363 1.40631412 0.68484317],[ 1.63180686  1.38120093 -0.0134964 ],[0.22091934 0.52965795 0.0980667 ]
7.805051804,[1.58080628 1.40775214 0.68875536],[ 1.62950928  1.38187737 -0.01351928],[0.26641442 0.26468287 0.14156214]
7.810048819,[1.57953754 1.40933189 0.69235991],[ 1.62684539  1.38244362 -0.01362129],[0.19097582 0.10961631 0.05821522]
7.815048933,[1.57845074 1.4107644  0.69634514],[ 1.62386452  1.38291036 -0.01363891],[0.14991035 0.01177924 0.01396265]
7.820055485,[1.57697393 1.41218444 0.70050952],[ 1.62057231  1.38329235 -0.01370229],[0.17642898 0.06110842 0.03466754]
7.825052738,[1.57618072 1.41341623 0.70501991],[ 1.61656034  1.38296672 -0.01366319],[ 0.23540363 -0.22909795  0.03696461]
7.830040932,[1.5750427  1.4147383  0.70934711],[ 1.61253791  1.38307525 -0.01381132],[ 0.16177959 -0.50403948 -0.04756882]
7.835026503,[1.57314937 1.41548646 0.7138762 ],[ 1.60819669  1.38298972 -0.01383276],[-0.17298582 -0.28752457 -0.14066658]
7.840046644,[1.57190336 1.41577981 0.71869659],[ 1.60358237  1.38264945 -0.01378991],[ 0.05299591 -0.68427564 -0.21483596]
7.845016718,[1.57052764 1.41650995 0.72388317],[ 1.59867781  1.38226956 -0.01361053],[ 0.11308103 -0.59072187 -0.2148913 ]
7.850021124,[1.56809011 1.416959   0.73003144],[ 1.59338215  1.38190415 -0.0133926 ],[ 0.17124865 -0.4698059  -0.1208413 ]
7.855012178,[1.5662858  1.41813539 0.73565413],[ 1.58722656  1.38106431 -0.01286312],[ 0.74703546 -0.45921237  0.12094023]
7.860011816,[1.56381414 1.41960341 0.74113163],[ 1.5810894   1.38074191 -0.01246465],[ 0.49899222 -0.83317269  0.0276031 ]
7.8650105,[1.56196221 1.42102854 0.74683004],[ 1.5746433   1.38010173 -0.01183362],[ 0.51982386 -0.72789648  0.01834894]
7.870012045,[1.55967459 1.42247697 0.75270557],[ 1.56779657  1.37925547 -0.01121221],[ 0.61251673 -0.70076734  0.01674309]
7.875012398,[1.55668294 1.42396536 0.75851855],[ 1.56057681  1.37836798 -0.01057454],[0.63600794 0.21956273 0.25547824]
7.880036116,[1.55397078 1.42598663 0.76436383],[ 1.55296287  1.37745858 -0.0097641 ],[ 0.41029729 -0.60934971  0.09244253]
7.885015965,[1.55193821 1.42771986 0.77039085],[ 1.5447214   1.37642505 -0.0087444 ],[ 0.18221459 -1.0497278   0.06405958]
7.890017271,[1.55074562 1.42916036 0.77671953],[ 1.53592428  1.37478303 -0.00730007],[ 0.13889684 -0.72303622  0.13973497]
7.895010233,[1.54832894 1.42993748 0.78287762],[ 1.52711505  1.37375176 -0.0063766 ],[-0.52884382 -0.13984766  0.15439878]
7.900011301,[1.54474039 1.4304748  0.79044955],[ 1.51791821  1.3727707  -0.00548336],[-0.28127507 -0.26883947  0.15951968]
7.905009508,[1.54278411 1.43191257 0.79624951],[ 1.50817055  1.3716924  -0.00473232],[-0.14535102 -0.50955446  0.12598296]
7.910008192,[1.54101107 1.43347491 0.80158275],[ 1.49808655  1.37072351 -0.0041668 ],[-0.11214115 -0.606482    0.20720179]
7.915013075,[1.54034127 1.43561734 0.8060265 ],[ 1.48797985  1.36997855 -0.00359289],[ 0.00245374 -1.95979048  0.09525456]
7.92001009,[1.54080298 1.43783959 0.80985804],[ 1.47803308  1.36958528 -0.00278869],[-0.00840656 -2.95022833 -0.18529776]
7.925008297,[1.54357478 1.43950942 0.81353795],[ 1.46832929e+00  1.36882290e+00 -1.08924609e-03],[-0.55131142 -2.65913853 -0.06102634]
7.930013895,[1.54326331 1.44194706 0.81744099],[1.46031724e+00 1.36914711e+00 9.00857556e-04],[ 0.16945801 -1.69887477  0.18652187]
7.935013533,[1.54387455 1.44365172 0.82073777],[1.45334708 1.36955297 0.00321537],[-0.59318342 -2.69670609 -0.13071409]
7.940014601,[1.54542402 1.44562861 0.82329715],[1.44701067 1.37042974 0.00567492],[-0.20418174 -3.77006981 -0.31104028]
7.94501543,[1.54615986 1.44815896 0.82582571],[1.44229837 1.37195571 0.00865322],[ 0.24530959 -2.18386655 -0.05648369]
7.950013399,[1.54585662 1.45035108 0.82864314],[1.43929808 1.37399957 0.01221744],[-0.05037044 -1.41829943  0.08089731]
7.955013752,[1.54559604 1.4518979  0.83173254],[1.43725343 1.37631919 0.01642568],[ 0.04699757 -1.59510037  0.16641262]
7.960054159,[1.54544831 1.45379308 0.83444811],[1.43578821 1.37916741 0.0202249 ],[-0.11229997 -1.80366483  0.22611185]
7.965049028,[1.54455675 1.45586495 0.83729272],[1.43503874 1.38219934 0.02418559],[-0.0809994  -0.68637568  0.42600695]
7.970068216,[1.54363649 1.45714837 0.83990452],[1.43470575 1.3852824  0.02814123],[-0.66635799 -0.95593076  0.29874729]
7.975068808,[1.54248187 1.45824467 0.84248691],[1.43469147 1.38842337 0.03199052],[-0.59070896 -0.49752632  0.25690677]
7.980022192,[1.54062065 1.46037958 0.84501325],[1.43484627 1.39154948 0.0356691 ],[ 0.66008648 -0.39575255  0.31047631]
7.985015154,[1.53857885 1.46205261 0.84782376],[1.43514891 1.39469532 0.03918511],[0.42940003 0.08936744 0.12908948]
7.990027189,[1.53608854 1.46273915 0.85092614],[1.4352663  1.39735264 0.04275257],[-0.30130278 -0.13692951  0.22410867]
7.995028973,[1.53436489 1.46469399 0.85270277],[1.43457749 1.40000603 0.04541908],[-0.09442629 -0.21650084  0.2926033 ]
8.00001502,[1.53298853 1.46618465 0.85396147],[1.43368086 1.40256356 0.04769504],[-0.62040585 -0.51569255  0.27655207]
8.005012274,[1.53215939 1.46751079 0.85482872],[1.43270229 1.40511254 0.04973569],[-0.63581652 -0.83801461  0.18425382]
8.01001811,[1.53162515 1.46870403 0.85541103],[1.43192514 1.40784008 0.05174143],[-0.62555917 -0.75939308  0.24571375]
8.015049696,[1.53051524 1.47026559 0.85611006],[1.43102349 1.41076588 0.0536511 ],[-0.54698641 -0.625408    0.31603124]
8.020055056,[1.52908256 1.47169733 0.8567737 ],[1.43027984 1.413644   0.05532501],[-0.24404478 -0.18714994  0.29944074]
8.025012732,[1.52707372 1.47272015 0.85762358],[1.42962029 1.41652391 0.05683439],[-0.39646581 -0.18188635  0.26503778]
8.0300138,[1.52551475 1.47456018 0.85781877],[1.4284911  1.41920362 0.05773022],[-0.2511178  -0.3260648   0.28547944]
8.035009384,[1.52405416 1.47634095 0.85760748],[1.42710918 1.42162942 0.0582057 ],[-0.03251032 -0.46829825  0.26645173]
8.040063858,[1.52312213 1.47787227 0.8567742 ],[1.42555584 1.42399355 0.05833571],[-0.55375962 -0.86042426  0.10367166]
8.045009613,[1.52246233 1.47891234 0.85563812],[1.42393014 1.42665591 0.05830332],[-1.22433287 -0.94541475  0.1638191 ]
8.050013542,[1.52167716 1.48057501 0.85417577],[1.42261438 1.42946728 0.05818562],[-0.37875721 -0.5162647   0.25623879]
8.055014849,[1.52046658 1.48188876 0.85277547],[1.42193432 1.43251085 0.05788562],[-0.47965725 -0.63170979  0.19589458]
8.060016155,[1.51924663 1.48331754 0.8512997 ],[1.42088675 1.43562201 0.05756172],[-0.2923535  -0.50670782  0.34736851]
8.065012455,[1.51796786 1.48489071 0.84959889],[1.41979393 1.43867895 0.05697201],[-0.58819701 -0.50893151  0.26822935]
8.070011139,[1.51679796 1.48640628 0.84765957],[1.41860127 1.44159813 0.0560978 ],[-0.39553699 -0.58062133  0.28557174]
8.075009108,[1.51546926 1.48797999 0.84562761],[1.41737788 1.44446989 0.05494678],[-0.15167307 -0.43436792  0.30115395]
8.080071449,[1.5141377  1.48934003 0.84333212],[1.41611025 1.447169   0.05346499],[-0.58131513 -0.16763462  0.22142325]
8.085016012,[1.51255513 1.49114275 0.84085226],[1.41471611 1.44976094 0.05154986],[ 0.01909633 -0.32114924  0.27453177]
8.090025902,[1.51111155 1.49313197 0.83777831],[1.41342512 1.45238294 0.04880693],[-0.08872693 -0.4058904   0.22388532]
8.09501338,[1.50992784 1.49443943 0.83458789],[1.41161227 1.45469136 0.04602189],[-0.42535155 -0.44465231  0.18613334]
8.100012302,[1.50895087 1.49573167 0.83082383],[1.4096333  1.45706099 0.04289987],[-0.81199288 -0.69015188  0.1516266 ]
8.105009556,[1.50819552 1.49720952 0.82658814],[1.40762506 1.45955782 0.03952618],[-0.40255797 -0.82076281  0.24340756]
8.110010147,[1.50731194 1.49867943 0.82236598],[1.40572458 1.46235048 0.03609369],[-0.75409526 -0.94065554  0.20640967]
8.115014791,[1.50641425 1.50003196 0.81798696],[1.40400069 1.46525348 0.03262414],[-0.72189644 -0.73249626  0.19272559]
8.120014668,[1.50517681 1.50220819 0.8129798 ],[1.40260582 1.46867477 0.02841264],[ 0.02989648 -0.61172994  0.45146004]
8.125009298,[1.50421682 1.50384706 0.8082192 ],[1.40105449 1.47152529 0.02455153],[-0.63497148 -0.70322035  0.17845436]
8.130051374,[1.50310065 1.50525727 0.80324948],[1.39959909 1.47433709 0.02042402],[-0.40981635 -0.34372908  0.29243706]
8.135010242,[1.50168468 1.5071659  0.79821568],[1.39818585 1.47716574 0.01605821],[-0.08192364 -0.27409337  0.2614549 ]
8.14001298,[1.50020774 1.50872641 0.79314225],[1.39681695 1.47978511 0.01133698],[-0.38678137 -0.00467396  0.22381783]
8.145010471,[1.49824099 1.51081845 0.78793539],[1.39525184 1.48230487 0.00615887],[0.48965911 0.08905858 0.43235307]
8.150058031,[1.49740294 1.51258002 0.78160674],[1.39322407e+00 1.48460550e+00 4.12285873e-04],[-0.37632815 -1.4387602   0.06175825]
8.155057192,[1.49733978 1.51568952 0.7730939 ],[ 1.39174508  1.48719332 -0.00615124],[ 0.32338755 -1.7262727   0.20700508]
8.160010338,[1.49724623 1.51900532 0.76448413],[ 1.39194702  1.48975596 -0.01102752],[ 0.70580761 -2.03404053 -0.06762857]
8.165050268,[1.49654889 1.52236609 0.75652295],[ 1.39405657  1.49244632 -0.01421883],[ 0.61983545 -1.54190672 -0.04595326]
8.170009613,[1.49597852 1.52552445 0.74875078],[ 1.39762512  1.49471363 -0.01571561],[ 2.15996686 -2.40919907 -0.16925776]
8.175033569,[1.49545067 1.52739705 0.74204085],[ 1.40208892  1.49651342 -0.01540416],[ 0.21746334 -1.72711707 -0.37350773]
8.180030823,[1.49529415 1.52710784 0.73664777],[ 1.40730415  1.49807099 -0.013662  ],[ 0.05881933 -0.71513782 -0.57183873]
8.185015202,[1.49459305 1.52808135 0.73163228],[ 1.41271942  1.49905325 -0.01152834],[ 1.48206701 -1.68857853 -0.47422846]
8.190026045,[1.49375168 1.52806498 0.72750674],[ 1.41947663  1.49963765 -0.0087514 ],[ 1.17330983 -1.12052188 -0.64258889]
8.19502449,[1.49317253 1.52884212 0.72363708],[ 1.42508998  1.50011552 -0.00649483],[ 1.43848771 -0.89001149 -0.24835221]
8.200014353,[1.49195377 1.52903974 0.72035963],[ 1.43030748  1.50026803 -0.0049451 ],[ 1.14761665  0.66386789 -0.19949465]
8.205063105,[1.49119399 1.52938845 0.71638941],[ 1.43461404  1.50002012 -0.00488535],[ 1.1454432  -0.14268451 -0.22075464]
8.210025072,[1.491636   1.53009597 0.71133444],[ 1.43849453  1.49958563 -0.0060706 ],[ 1.02164843 -0.07905655 -0.37107404]
8.215047359,[1.49118716 1.53084419 0.70668989],[ 1.44236313  1.49955217 -0.00786544],[ 1.29394141  0.32660148 -0.07017476]
8.220035076,[1.49108569 1.53193012 0.70121154],[ 1.44597987  1.49980948 -0.01019213],[ 1.00458329 -0.039934   -0.19028023]
8.225011587,[1.49145757 1.53347309 0.69571759],[ 1.45048298  1.50078322 -0.01223899],[ 1.11719605 -0.18025446  0.01240646]
8.230062723,[1.49125079 1.53495707 0.69010101],[ 1.45438212  1.50232689 -0.01357554],[0.84071059 0.14260853 0.03864875]
8.235062122,[1.49117847 1.53637862 0.68479347],[ 1.45862485  1.50453636 -0.01417709],[ 0.55595217 -0.02982065  0.01528118]
8.240012884,[1.49115419 1.53790031 0.67998487],[ 1.46311308  1.50726014 -0.01396764],[0.40256314 0.16531412 0.03565317]
8.245015383,[1.49075487 1.53939826 0.67587089],[ 1.46777808  1.51043009 -0.01310917],[0.32784846 0.59122229 0.13613001]
8.250009298,[1.49044335 1.54074779 0.67206984],[ 1.47231559  1.51367041 -0.01208151],[0.21674969 0.55503417 0.08361181]
8.25501132,[1.49058609 1.54289957 0.66926878],[ 1.47768377  1.51739793 -0.01069239],[0.6179519  0.69436649 0.25646913]
8.260051966,[1.49032989 1.54413631 0.66611411],[ 1.48209164  1.52034681 -0.00989916],[0.24023525 1.63691346 0.17983291]
8.265063763,[1.48990769 1.54527667 0.66325486],[ 1.48633023  1.52273173 -0.01000571],[0.43564133 1.39545482 0.14792812]
8.270009995,[1.49030643 1.54656737 0.66015519],[ 1.4903404   1.52463568 -0.01076226],[ 0.5661703   0.87557169 -0.0341537 ]
8.275048494,[1.49029283 1.54790732 0.65726363],[ 1.49455573  1.52634268 -0.01172601],[0.88555454 1.82305691 0.2508774 ]
8.280033827,[1.49018172 1.54927849 0.65410301],[ 1.49883348  1.52771904 -0.01277642],[0.92419838 1.48899033 0.13323451]
8.285017967,[1.49061447 1.5506623  0.65106222],[ 1.50324017  1.52874511 -0.01375221],[1.13110445 1.03627357 0.0657642 ]
8.290023804,[1.49121499 1.55257304 0.64799271],[ 1.50857988  1.52994042 -0.01435327],[1.01702345 1.24581513 0.0194531 ]
8.295018435,[1.49154746 1.55407134 0.64553035],[ 1.51331484  1.53090765 -0.01446886],[0.97130943 1.37551095 0.09164996]
8.300039053,[1.49175328 1.55546491 0.64378805],[ 1.51814287  1.53213505 -0.01409459],[0.79580513 1.83922463 0.14696918]
8.305020332,[1.49192502 1.55672447 0.64195298],[ 1.52270281  1.53342572 -0.0136991 ],[0.58407491 1.89412644 0.12638126]
8.310015678,[1.4919513  1.55818362 0.64076436],[ 1.52694598  1.53474914 -0.0135119 ],[0.67231264 1.79217082 0.17129502]
8.315015316,[1.4921096  1.55958147 0.63984678],[ 1.53093889  1.53626089 -0.01332668],[0.37728813 1.99501656 0.14866612]
8.320044041,[1.49232961 1.56146709 0.63932034],[ 1.53521492  1.53842433 -0.0130229 ],[0.30785325 2.28729737 0.27920247]
8.325068235,[1.4922001  1.56281554 0.63897167],[ 1.53849773  1.54039685 -0.01311517],[0.04441293 2.13445164 0.18322043]
8.330053806,[1.49214706 1.5644165  0.63851424],[ 1.54146639  1.54244439 -0.01334345],[0.12365081 1.89146327 0.19712569]
8.335027933,[1.49206052 1.56580462 0.63816332],[ 1.5442383   1.54443253 -0.01351838],[0.04576398 1.99812518 0.15050918]
8.340042353,[1.49199378 1.56736302 0.63812681],[ 1.54684309  1.54650018 -0.01356534],[0.18289681 1.86016993 0.23648946]
8.345005035,[1.49189063 1.56891102 0.63837449],[ 1.54911721  1.54856874 -0.01347986],[0.09562811 1.75086206 0.19629773]
8.349998951,[1.49144749 1.57050091 0.63890478],[ 1.55111984  1.55059415 -0.0131999 ],[0.27798331 1.86252154 0.27684643]
8.355016947,[1.49153014 1.57286831 0.63969682],[ 1.55340395  1.55269427 -0.01274678],[0.40297579 1.54317931 0.15870785]
8.360014439,[1.49103973 1.57442345 0.64104365],[ 1.55517352  1.55398155 -0.01234277],[0.47243374 1.57635649 0.13502575]
8.365012169,[1.49058564 1.57577762 0.64241827],[ 1.55650342  1.55491501 -0.01212039],[0.36884308 1.60854627 0.11640126]
8.370013475,[1.4902714  1.57686889 0.64401123],[ 1.55752057  1.55571206 -0.01190869],[ 0.24892249  1.32116214 -0.00956099]
8.375014067,[1.48972743 1.5780415  0.64568451],[ 1.55825917  1.55636593 -0.01173841],[0.40854348 1.37503477 0.03662337]
8.380034208,[1.48901728 1.57943546 0.64748672],[ 1.55865908  1.55687371 -0.01170076],[0.54428233 1.04099664 0.03298532]
8.385024071,[1.48844598 1.58080773 0.64939722],[ 1.55856286  1.55736344 -0.01174316],[ 0.37842277  0.79815369 -0.03505162]
8.390027285,[1.48804924 1.58279838 0.65155713],[ 1.55827212  1.55818177 -0.0117092 ],[ 0.25074354  0.81250408 -0.028726  ]
8.395024061,[1.48706294 1.58430712 0.65377513],[ 1.55746217  1.55878033 -0.01161548],[0.59538203 0.65392935 0.12306048]
8.400011063,[1.48599976 1.58604743 0.65630728],[ 1.55639842  1.55931547 -0.01143949],[ 0.3246431   0.51440703 -0.06089786]
8.405031443,[1.48470274 1.58796491 0.65896345],[ 1.55497983  1.55977318 -0.01119949],[0.59987392 0.64918335 0.13177678]
8.410009384,[1.48295199 1.58961613 0.66232664],[ 1.55323848  1.56013277 -0.01091017],[0.32171773 0.48632687 0.02821666]
8.415012836,[1.48126098 1.59214642 0.6650547 ],[ 1.55111196  1.5604726  -0.01065823],[ 1.09281319 -0.06090149  0.35886564]
8.420019388,[1.47940649 1.59495805 0.66808521],[ 1.54863449  1.56056459 -0.01048195],[ 0.73779131 -0.01026871  0.16637733]
8.425014257,[1.47777784 1.59806018 0.67132075],[ 1.54594675  1.56025893 -0.01026236],[1.08752473 0.17362498 0.36039208]
8.430018425,[1.4757504  1.60062005 0.67478006],[ 1.54311559  1.55907416 -0.0100287 ],[ 1.00028431 -0.13096441  0.16131222]
8.435033321,[1.4740641  1.60219108 0.67865204],[ 1.54006223  1.55736323 -0.00982033],[ 0.22267652 -0.04073517 -0.0803478 ]
8.440021038,[1.47193949 1.60392342 0.68257313],[ 1.53656812  1.55542777 -0.0098763 ],[ 0.19470565 -0.15842991 -0.1483148 ]
8.445017576,[1.47009795 1.60511495 0.68630152],[ 1.53261064  1.55330074 -0.0103051 ],[ 0.3669413  -0.72004456 -0.23294574]
8.450008154,[1.46839189 1.60623569 0.69013899],[ 1.52835659  1.55089705 -0.01081961],[ 0.6661938  -0.98082299 -0.24599366]
8.455018759,[1.46695706 1.60659297 0.69467384],[ 1.52395284  1.54824997 -0.01116456],[-0.17157501 -0.64934899 -0.5278273 ]
8.460012436,[1.4653407  1.60610029 0.70031714],[ 1.51913946  1.5454778  -0.01144036],[ 0.08603366 -0.45747178 -0.33250845]
8.46501565,[1.46401352 1.60581768 0.704882  ],[ 1.51393114  1.5432075  -0.01191001],[-0.37231137 -1.29851307 -0.6958243 ]
8.470010042,[1.46234033 1.60588736 0.70960028],[ 1.50820439  1.54150273 -0.0124244 ],[-0.01393764 -1.28357745 -0.49784757]
8.475010395,[1.45995624 1.60670333 0.71421261],[ 1.50209354  1.54024755 -0.01280106],[ 0.40901618 -0.94582281 -0.192938  ]
8.480018616,[1.4579443  1.60741453 0.71918099],[ 1.49566885  1.53931724 -0.01288573],[ 0.14943032 -1.31196984 -0.26028579]
8.485022783,[1.45580367 1.60822952 0.72462985],[ 1.48896156  1.53862327 -0.01255347],[ 0.20426979 -1.53879096 -0.258673  ]
8.490019321,[1.45356854 1.60976501 0.73049657],[ 1.4814408   1.5384436  -0.01194322],[ 0.03458794 -1.00693603 -0.15980156]
8.495028496,[1.45033624 1.61131983 0.73631943],[ 1.47378166  1.53841406 -0.01145681],[ 0.44519719 -0.62672053  0.15964462]
8.500012159,[1.44721522 1.61292611 0.74243187],[ 1.46571311  1.53859793 -0.0107959 ],[-0.04968388 -0.86201974  0.07274254]
8.505011797,[1.4440143  1.61419423 0.74873728],[ 1.45712986  1.5388481  -0.01005382],[-0.16614773 -1.09322647  0.06427111]
8.510008335,[1.43970986 1.61521272 0.75635315],[ 1.44799032  1.53905388 -0.00950697],[-0.1911667  -0.99633151  0.0962215 ]
8.515012741,[1.43585629 1.61664531 0.76310171],[ 1.43839282  1.53931276 -0.00904468],[-0.13359189 -0.20482761  0.30040197]
8.520010948,[1.43215025 1.61812456 0.76989067],[ 1.42829131  1.53950192 -0.00851352],[-0.37878522 -0.35242443  0.20333339]
8.524998903,[1.42987986 1.62081334 0.77651611],[ 1.4172012   1.53971201 -0.00797448],[ 0.15051739 -0.87588893  0.23872589]
8.530010462,[1.42695994 1.62272907 0.78291592],[ 1.40590733  1.53921613 -0.00758211],[-0.06290533 -0.90789962  0.19861267]
8.535010099,[1.42342955 1.62488967 0.78956774],[ 1.39416096  1.53860152 -0.00703368],[ 0.44532568 -0.29688315  0.46680727]
8.540048838,[1.41938584 1.62712514 0.79649163],[ 1.38239374  1.53780961 -0.006294  ],[0.15456508 0.10196291 0.43231755]
8.545065641,[1.41610877 1.6297434  0.80308345],[ 1.37000795  1.53629294 -0.00554994],[ 0.46490276 -0.44991221  0.37982469]
8.550049782,[1.41335222 1.63226574 0.80917216],[ 1.3572139   1.5341737  -0.00486013],[ 0.46767156 -0.95928704  0.23550165]
8.555015087,[1.41330074 1.63623758 0.8150347 ],[ 1.34373828  1.53193916 -0.00397104],[ 0.91215833 -1.62233403  0.21164925]
8.560017586,[1.41153955 1.63865249 0.8211639 ],[ 1.33048546  1.52960689 -0.00294968],[-0.33554229 -0.93656522  0.27868869]
8.565018415,[1.40800877 1.63982841 0.82882737],[ 1.31723088  1.52734058 -0.00207438],[-0.42959804 -1.07161398  0.39128211]
8.570065498,[1.4066274  1.64265967 0.83435194],[ 1.30415655e+00  1.52523858e+00 -1.21756591e-03],[-0.18355881 -0.9927667   0.37239514]
8.575015068,[1.40608598 1.64461422 0.83849089],[ 1.29142382e+00  1.52332713e+00 -2.17925175e-04],[-0.48951154 -2.0267975   0.04802822]
8.580236435,[1.40878942 1.64821423 0.83950043],[1.27881024e+00 1.52194440e+00 9.96340456e-04],[ 1.88537872 -6.42710779 -1.27088928]
8.585003138,[1.41252124 1.65264552 0.84059276],[1.26834535 1.52238151 0.00310381],[-0.12947157 -6.26914162 -0.3676284 ]
8.590008736,[1.41571727 1.65832809 0.84172116],[1.26111272 1.52391307 0.00664605],[ 1.38465057 -2.54233207 -0.4815635 ]
8.595006227,[1.41501232 1.66194032 0.84455702],[1.25741538 1.52632844 0.0106829 ],[ 0.1526285  -1.71587896 -0.11314858]
8.600003242,[1.41601894 1.66533722 0.84692841],[1.2544804  1.52971746 0.01449739],[-0.12247662 -3.52636598 -0.0726403 ]
8.605039358,[1.41697872 1.66807198 0.8495936 ],[1.25304703 1.5338133  0.01878213],[-0.81784037 -2.26702609  0.63915429]
8.610010862,[1.41627172 1.66950151 0.8527793 ],[1.25315273 1.53876958 0.0234351 ],[-1.99078672 -0.8576003   0.94365129]
8.615057707,[1.41650996 1.67091783 0.85542598],[1.25408831 1.54436045 0.02803193],[-2.10547609 -0.61165679  0.84473246]
8.620008469,[1.41242225 1.67332302 0.86053165],[1.25635584 1.55084    0.03322035],[1.11356977 0.67367458 0.80107154]
8.625008583,[1.40864689 1.67617153 0.86503979],[1.25793485 1.55684936 0.0382633 ],[0.19852331 0.94999121 0.76886711]
8.630051136,[1.40594603 1.67983482 0.86816014],[1.25942246 1.56111966 0.04307402],[ 1.06244778 -0.68339183 -0.17667571]
8.635012627,[1.40502581 1.6832742  0.8701051 ],[1.25897166 1.56538516 0.04749252],[ 0.43872065 -1.85837524  0.03834923]
8.640010595,[1.40358928 1.68649543 0.87224538],[1.25987278 1.57013457 0.05191596],[ 0.12576038 -0.49283254  0.07687998]
8.645053387,[1.40194538 1.68984609 0.874023  ],[1.26129089 1.57520432 0.05645839],[ 0.14319648 -0.44650375  0.3527193 ]
8.650050163,[1.40014282 1.69189235 0.87614479],[1.26294977 1.58083905 0.06109851],[-1.14005853  0.09405836  0.4233459 ]
8.655049324,[1.39781106 1.69269104 0.879298  ],[1.26527004 1.58726468 0.06600406],[-1.66366873 -0.32462339  0.75388814]
8.660069466,[1.39681129 1.69534802 0.88110197],[1.26668478 1.5937298  0.07065345],[-0.64768986  0.35024355  0.9036    ]
8.665010691,[1.39453262 1.69694112 0.88374021],[1.2678792  1.5998573  0.07499075],[-1.599287    0.91609444  0.81033876]
8.670007229,[1.39213424 1.69866924 0.8857902 ],[1.26852554 1.60570477 0.07857526],[-0.91585975  0.90836006  0.79632151]
8.675010443,[1.38999103 1.70138199 0.88738617],[1.26878005 1.61099022 0.08150649],[-0.33719259  0.30397172  0.51121177]
8.680014849,[1.38725793 1.70416624 0.8889845 ],[1.2688734  1.61601818 0.08402789],[-0.08658211  1.13444033  0.53052346]
8.68504858,[1.38471353 1.70666049 0.89009258],[1.2686816  1.62051669 0.08588712],[-0.06410211  0.63819729  0.35506897]
8.69004941,[1.38160625 1.70890159 0.89119587],[1.26850294 1.62534925 0.08707416],[-0.11701498  0.32641057  0.48232739]
8.695060253,[1.37937033 1.71163633 0.8911882 ],[1.26715364 1.62974542 0.08784697],[-0.60348452  0.1404151   0.47761195]
8.700007439,[1.37845094 1.71285351 0.89035753],[1.26536129 1.63400881 0.08820934],[-1.89719519 -0.69449979  0.23325555]
8.705031157,[1.37770778 1.71464313 0.88932069],[1.26351877 1.63870295 0.0884583 ],[-1.05520198 -0.82931929  0.49510832]
8.710047245,[1.37674569 1.71696084 0.88785534],[1.2619081  1.64400026 0.08892638],[-1.30221977 -0.21333993  0.46853533]
8.715045691,[1.37513603 1.71933939 0.88695806],[1.26075121 1.64929861 0.0893099 ],[-0.83590163 -0.12621026  0.55338669]
8.720009327,[1.37319702 1.72233685 0.88615228],[1.25940125 1.6549461  0.08956363],[-0.225871   -0.12169352  0.62824484]
8.725003719,[1.37063709 1.72435288 0.88512513],[1.25909331 1.66035562 0.08911872],[-0.81064912  1.12434577  0.53271772]
8.730007648,[1.36801003 1.72734154 0.88380264],[1.25785827 1.66512384 0.08840439],[-0.01330951  0.34710666  0.63545631]
8.735053301,[1.36581599 1.7296782  0.88183876],[1.25613862 1.66965342 0.08715432],[-1.0423396   0.44115651  0.49810483]
8.740064859,[1.3646547  1.73107608 0.8790951 ],[1.2542311  1.67425594 0.0856146 ],[-2.01537115 -0.33395209  0.28737575]
8.745001793,[1.36336817 1.73373909 0.87608866],[1.25222709 1.67916562 0.08407439],[-0.14051244 -0.67088236  0.51148157]
8.750007153,[1.36192501 1.73604595 0.87309305],[1.2505305  1.684446   0.08271431],[-1.50035066 -0.14829523  0.35793555]
8.755001068,[1.36040585 1.73841418 0.86951025],[1.24968821 1.68990496 0.08073843],[-0.81166571 -0.3699583   0.57776474]
8.760055542,[1.35883535 1.74201338 0.86603084],[1.24817342 1.69555311 0.07922636],[-0.18790942 -0.28157444  0.61137715]
8.765036821,[1.35698496 1.74487246 0.86271566],[1.24674037 1.70100749 0.07753792],[-1.00261683 -0.07906747  0.52286715]
8.770041943,[1.35505546 1.74718643 0.8591733 ],[1.24532501 1.70623013 0.07546042],[-0.47508959  0.33297142  0.58208829]
8.77505064,[1.35312985 1.75009658 0.85530455],[1.2440018  1.71124304 0.07285923],[-0.36786155 -0.011634    0.36992618]
8.780016422,[1.35126668 1.75293064 0.85147081],[1.24273477 1.71600285 0.06999675],[-0.12360142  0.21094092  0.40412606]
8.785015583,[1.34890553 1.75581086 0.84744236],[1.2413738  1.72073809 0.06673679],[-0.18584601  0.43702902  0.41689461]
8.790014744,[1.34697162 1.75816317 0.84226425],[1.24061561 1.72498069 0.06215823],[-0.40187786  0.35975442  0.34777392]
8.795049191,[1.34471848 1.76142514 0.83731162],[1.23865983 1.72957603 0.05797166],[ 0.07056278 -0.07248764  0.56089231]
8.80005312,[1.34220232 1.76508853 0.83188375],[1.23656843 1.73396788 0.05348541],[ 0.68575854 -0.04857583  0.46848279]
8.805048943,[1.34054202 1.76831869 0.8260232 ],[1.23450783 1.73826084 0.04885351],[-0.64584581 -0.55876769  0.45199282]
8.810007811,[1.33890877 1.77131388 0.82004358],[1.23255305 1.74252169 0.04433002],[-0.43236555 -0.35753096  0.58225893]
8.815049887,[1.3375533  1.77418095 0.81412645],[1.23101719 1.74670422 0.03975214],[-0.80902244 -0.21863994  0.38134954]
8.820008755,[1.33646142 1.77616204 0.80773435],[1.23039422 1.75034082 0.03420036],[-0.02483435  0.09418484  0.4469746 ]
8.825015068,[1.33389287 1.77936581 0.80199135],[1.22909339 1.75436793 0.02885593],[0.1340355  0.73731006 0.44225294]
8.830057621,[1.3316365  1.78248308 0.7956597 ],[1.22761126 1.75797889 0.02286492],[0.09991368 0.13820791 0.39908414]
8.835003853,[1.32932187 1.78543967 0.78883977],[1.22568434 1.76149562 0.01639232],[-0.3581678   0.40927103  0.50729769]
8.84001708,[1.32786635 1.78746187 0.78133373],[1.22345622 1.7649653  0.00954605],[-1.27677323 -0.0708741   0.29639144]
8.845012188,[1.32690839 1.790388   0.77309217],[1.22100557 1.76867427 0.00261996],[-0.6947488  -1.43750536  0.47610913]
8.850015402,[1.32726013 1.79344887 0.76322679],[ 1.21902032  1.77289664 -0.00393808],[-1.34939009 -2.49695993  0.05070382]
8.855012178,[1.3272335  1.79675269 0.75245466],[ 1.22100653  1.77681301 -0.01021894],[ 1.87721337 -1.04603117  0.12313121]
8.8600142,[1.32495435 1.80120977 0.74356867],[ 1.22427683  1.78222112 -0.01341399],[0.44453378 0.01023787 0.15825492]
8.865008354,[1.32442932 1.80538688 0.7332673 ],[ 1.2289359   1.78737599 -0.01499025],[ 1.29779586 -0.95381    -0.04553074]
8.870009661,[1.32295353 1.80906788 0.72485423],[ 1.23429649  1.7916194  -0.01515583],[ 1.32050672 -1.64726209  0.11616297]
8.87500596,[1.32248679 1.81026116 0.71829792],[ 1.24013924  1.79590791 -0.01353102],[-0.34807624 -0.61755298 -0.49069203]
8.880299807,[1.32074188 1.8113206  0.71263062],[ 1.24664331  1.79914546 -0.01147695],[ 1.59438013 -0.12533337 -0.11468385]
8.885012627,[1.31988851 1.81255504 0.70708849],[ 1.2533979   1.80123885 -0.00993437],[ 1.23994899  0.09424189 -0.60879661]
8.890010595,[1.31920015 1.81358708 0.7013721 ],[ 1.26059785  1.80265954 -0.0090142 ],[ 1.72228225 -0.21121262 -0.42545913]
8.89501071,[1.31846622 1.81368284 0.69714821],[ 1.2690996   1.80322247 -0.00783936],[ 1.7502717   0.24548143 -0.10162975]
8.900015593,[1.31772237 1.81427286 0.6927388 ],[ 1.27517022  1.80489564 -0.00778231],[ 0.86614109  1.03676536 -0.13622961]
8.905012131,[1.31731712 1.81530214 0.68750716],[ 1.28003767  1.80630869 -0.00904573],[ 1.33709454  0.5059283  -0.02615212]
8.910010815,[1.31714653 1.81659557 0.68208228],[ 1.28486864  1.80790357 -0.0109576 ],[ 1.16979789  0.73619012 -0.11212152]
8.915006399,[1.31666542 1.81859868 0.67622   ],[ 1.28951526  1.80974326 -0.013161  ],[1.60742445 0.60271315 0.05547691]
8.92001152,[1.31622402 1.82139192 0.66965442],[ 1.29425518  1.81210489 -0.01511085],[1.32545935 0.71013334 0.03243551]
8.925008297,[1.31612557 1.82312188 0.6639568 ],[ 1.29989872  1.8139382  -0.01631872],[1.34751029 0.19171003 0.35247107]
8.93001318,[1.31534606 1.82570046 0.65885478],[ 1.30421405  1.81776644 -0.01664604],[0.64921364 0.86375392 0.28963093]
8.935015917,[1.31495215 1.82795633 0.65437463],[ 1.30831138  1.82207033 -0.01627917],[0.35201549 0.98285332 0.32762371]
8.94001174,[1.31418348 1.83011347 0.65068217],[ 1.31255538  1.82669032 -0.01534809],[0.30708074 1.4387595  0.34233556]
8.945014238,[1.31328565 1.83202474 0.64733227],[ 1.31665259  1.83122195 -0.01445387],[0.30914006 1.62620819 0.33789189]
8.950015068,[1.31247214 1.83427128 0.64422634],[ 1.32048962  1.8355746  -0.01395525],[0.53321924 1.43871877 0.34406926]
8.955011129,[1.31229381 1.83543992 0.64170415],[ 1.32530122  1.83870576 -0.01345806],[0.4321799  1.68714302 0.37879449]
8.960012913,[1.31155623 1.8375306  0.63924423],[ 1.32877566  1.84265162 -0.01350558],[0.37612155 2.0089307  0.36396468]
8.965012312,[1.31089705 1.83948487 0.63684059],[ 1.33220518  1.84592732 -0.01406402],[0.67484451 1.91279202 0.35955609]
8.970008612,[1.31052793 1.84166317 0.63422332],[ 1.33576075  1.84853989 -0.01497809],[0.92716639 1.34751729 0.16646657]
8.97500658,[1.31032783 1.84348686 0.63139378],[ 1.33961737  1.8506991  -0.01579859],[0.86931519 1.72192596 0.13284367]
8.980029583,[1.31012476 1.84534112 0.62906176],[ 1.34369923  1.85269723 -0.01626682],[0.94238934 1.47167246 0.06412345]
8.985013008,[1.3099339  1.84713253 0.62727922],[ 1.34796127  1.85466338 -0.01621588],[1.04493881 1.74048884 0.17213249]
8.99002099,[1.30983887 1.84769367 0.62617619],[ 1.35318724  1.85520407 -0.01571856],[1.02376938 1.77764703 0.1514487 ]
8.995009899,[1.30945584 1.84955483 0.62525313],[ 1.35697     1.85687815 -0.01539099],[1.0066072  1.64454348 0.1806503 ]
9.000013351,[1.30904615 1.8509765  0.62487657],[ 1.36048494  1.85859252 -0.01493007],[0.77018565 1.82629849 0.13122869]
9.005058289,[1.30818148 1.85272235 0.62474291],[ 1.36340653  1.86025234 -0.01473955],[0.81701028 1.93096741 0.26615074]
9.010044098,[1.307654   1.85403481 0.62476895],[ 1.36583743  1.86180323 -0.01475693],[0.34786583 1.80984385 0.03693738]
9.015040159,[1.30696375 1.85546148 0.62479585],[ 1.36777661  1.86360307 -0.0148174 ],[0.36390141 1.68330961 0.13374872]
9.020006657,[1.3064025  1.85667363 0.62511568],[ 1.36926701  1.8656147  -0.01480588],[-9.14669592e-02  1.58138434e+00 -7.18534483e-04]
9.025005102,[1.30603634 1.85739304 0.62582045],[ 1.37062014  1.86667244 -0.01462218],[0.28144478 1.3880163  0.29202445]
9.030010223,[1.30504383 1.85874364 0.6267176 ],[ 1.37102885  1.86918494 -0.01432537],[-0.11776661  1.45492729  0.10432089]
9.035042286,[1.30364474 1.86057639 0.62781071],[ 1.37117549  1.87159674 -0.01395582],[0.55618982 1.29771186 0.35232711]
9.040045977,[1.3023267  1.86236734 0.6292593 ],[ 1.3711581   1.87366833 -0.01358232],[0.22414447 1.10430049 0.10407991]
9.045042276,[1.30080713 1.86412803 0.6308205 ],[ 1.37058036  1.87554229 -0.01327979],[0.42334873 1.06092006 0.30617784]
9.050004959,[1.29949123 1.86527922 0.63261652],[ 1.36963135  1.87716976 -0.01297067],[0.17480453 0.9118901  0.15326011]
9.055037498,[1.29822598 1.86591027 0.63488294],[ 1.36864941  1.87738564 -0.01255793],[0.38013333 0.84974496 0.24029332]
9.060052156,[1.29670968 1.86714122 0.63708748],[ 1.36730042  1.87814838 -0.01247055],[0.42323835 0.60021699 0.04051165]
9.065038919,[1.29514206 1.8684481  0.63932041],[ 1.36571153  1.87848234 -0.0125111 ],[0.64740521 0.37508712 0.04879775]
9.070008278,[1.29341914 1.86964191 0.6416763 ],[ 1.36397131  1.87840213 -0.01254359],[0.73224743 0.18434738 0.07032152]
9.075039148,[1.29135443 1.87108925 0.6444386 ],[ 1.36190991  1.87817982 -0.01250338],[ 1.10716378 -0.17124217  0.22315105]
9.080027342,[1.28926979 1.87276413 0.64693685],[ 1.3595963   1.87764122 -0.01237779],[ 1.03707278 -0.31930027  0.14090725]
9.085014105,[1.28678861 1.87480895 0.64975839],[ 1.3570935   1.87657852 -0.01213928],[ 1.2977126  -0.29157823  0.26092302]
9.090008736,[1.28445239 1.8764705  0.65273422],[ 1.35457022  1.87512176 -0.01181435],[ 1.19252961 -0.34865037  0.1894787 ]
9.095009804,[1.28236353 1.87761966 0.65599707],[ 1.35172271  1.87198331 -0.01126788],[ 1.53146335 -0.67660604  0.37541648]
9.100005627,[1.27968459 1.87992784 0.65911528],[ 1.34840838  1.86989785 -0.01101665],[ 1.14449484 -0.90058113  0.12182039]
9.105003357,[1.27664217 1.88191932 0.66250122],[ 1.34497217  1.86728676 -0.01072374],[ 1.52638245 -0.4513029   0.41713654]
9.110008717,[1.2737741  1.88365923 0.66604751],[ 1.34136174  1.86409455 -0.01042221],[ 1.22584848 -0.68268164  0.17814485]
9.115000248,[1.2712576  1.88443396 0.67007464],[ 1.3374889   1.86051948 -0.01018586],[ 0.55252343 -0.66531703 -0.03093037]
9.120004892,[1.26892694 1.88462395 0.67418665],[ 1.33314238  1.85688411 -0.01023925],[ 0.28294532 -0.76049536 -0.19098038]
9.12501049,[1.26684496 1.88338563 0.6789707 ],[ 1.32829525  1.85158143 -0.01060758],[ 0.5539759  -1.16560388 -0.14028665]
9.130007744,[1.26414962 1.88483714 0.68279261],[ 1.32306609  1.84790238 -0.01133518],[ 0.66952955 -1.47879816 -0.17796854]
9.135006905,[1.26186148 1.88447837 0.68692667],[ 1.31762585  1.84423324 -0.01191591],[-0.13248555 -1.23998915 -0.39805514]
9.140005112,[1.26004642 1.88337231 0.69143607],[ 1.3119923   1.84059264 -0.01231542],[-0.25177325 -1.02130651 -0.39775551]
9.145009518,[1.25813172 1.88251701 0.69609368],[ 1.30607702  1.83727785 -0.01272274],[-0.2844449  -1.44722302 -0.55610049]
9.150010109,[1.25626084 1.88183129 0.70072918],[ 1.29974493  1.83437979 -0.01311948],[-0.18600786 -1.40823525 -0.47714355]
9.155005217,[1.25387655 1.8808779  0.7053498 ],[ 1.29259926  1.83066437 -0.01323511],[ 0.43843818 -1.27548956 -0.15797229]
9.159998417,[1.25098023 1.88133775 0.70988466],[ 1.28552347  1.82849128 -0.01314534],[ 0.5615992  -1.74616809 -0.09663328]
9.165002346,[1.24822174 1.88146905 0.71498993],[ 1.27831279  1.82649285 -0.01247496],[ 0.22868653 -1.84857496 -0.17700142]
9.170001745,[1.24544905 1.88097041 0.72052922],[ 1.27075087  1.82461325 -0.01164072],[ 0.00170973 -1.29346412 -0.10809337]
9.175008535,[1.24130665 1.88075223 0.72716913],[ 1.26272052  1.82287527 -0.01090525],[ 0.39458231 -1.03704183  0.12122346]
9.180026531,[1.2377173  1.88119834 0.73330436],[ 1.25434242  1.82118791 -0.0100809 ],[ 0.17056586 -0.85109099  0.11072444]
9.185003042,[1.23398239 1.88152708 0.73944174],[ 1.24556036  1.81946841 -0.00931391],[ 0.06936366 -0.68954591  0.19551374]
9.190005779,[1.23116066 1.88175206 0.74567799],[ 1.23558311  1.81687901 -0.00858776],[-0.17000775 -1.28267428  0.09355624]
9.195003271,[1.22701454 1.8821217  0.75193368],[ 1.22573671  1.81528682 -0.00825487],[-0.13881654  0.24458549  0.50194139]
9.200003862,[1.22281218 1.8827846  0.75811527],[ 1.21547234  1.81358502 -0.00795476],[-0.04885065 -0.27096215  0.39921497]
9.205004454,[1.21912417 1.88407521 0.76403496],[ 1.20489347  1.81131864 -0.00770432],[ 0.41009516 -0.96178798  0.32557674]
9.210005283,[1.21562834 1.88535014 0.76965639],[ 1.19407452  1.80860361 -0.00738813],[ 0.66737757 -1.12984126  0.31403487]
9.215009451,[1.21153894 1.88711092 0.7755891 ],[ 1.18320349  1.80570347 -0.00686467],[ 0.92497729 -0.3289046   0.59801382]
9.220006704,[1.20561807 1.88782684 0.78373998],[ 1.1721414   1.8026828  -0.00614085],[0.35305531 0.37413687 0.60030278]
9.225012302,[1.20230482 1.88980298 0.78980828],[ 1.16006298  1.7979856  -0.00555758],[ 0.62927201 -0.53380202  0.52044575]
9.23001194,[1.19917831 1.89176001 0.79533358],[ 1.14825833  1.79305643 -0.00543239],[ 0.80109426 -1.02436964  0.3454731 ]
9.235014677,[1.19679998 1.89357151 0.80049561],[ 1.13671785  1.78774271 -0.00504055],[ 0.40707718 -0.9357728   0.29705171]
9.240010262,[1.19505351 1.89490844 0.80537183],[ 1.12536055  1.78259605 -0.00435445],[-0.24696549 -1.34327226  0.14344856]
9.245005608,[1.19353096 1.89649813 0.81015185],[ 1.11412411  1.77786596 -0.00341745],[-0.14856946 -1.09797485  0.31200236]
9.250010729,[1.19166215 1.89820488 0.81497783],[ 1.10299735  1.77351528 -0.00223771],[-0.21013683 -0.82306248  0.43913107]
9.255005121,[1.19253551 1.89958252 0.81798596],[ 1.09131819e+00  1.76874630e+00 -9.33123012e-04],[-0.69630878 -2.09321076  0.11469567]
9.260005236,[1.19488791 1.90204255 0.81927444],[1.08021783e+00 1.76587858e+00 5.32094428e-04],[-1.2179216  -5.70776152 -0.05384253]
9.265005827,[1.19662892 1.90601134 0.82039217],[1.07179255 1.76455372 0.00295138],[ 0.11453501 -4.38851101 -0.28228198]
9.270004034,[1.19549012 1.91038348 0.82226973],[1.06670429 1.76485818 0.0064531 ],[ 2.54131757 -1.6233065  -0.55962793]
9.275005579,[1.19439588 1.91319505 0.82493204],[1.0635673  1.76668121 0.01033734],[-0.1439809  -1.41486985 -0.00525078]
9.280028343,[1.1940993  1.9158942  0.82754817],[1.06072671 1.76959526 0.01422076],[-0.13454953 -2.42181059  0.27221683]
9.285000563,[1.19303466 1.9180026  0.83028302],[1.05874594 1.77314669 0.01831211],[-0.5407897  -1.17987244  0.73348375]
9.290004015,[1.19074576 1.91793645 0.83374957],[1.05713543 1.77718937 0.02278867],[-1.60570053 -0.36013694  0.83617319]
9.29500246,[1.18953438 1.91850857 0.83699945],[1.05625795 1.78205927 0.0269788 ],[-1.47139625 -0.56406429  0.67203141]
9.300016403,[1.18662784 1.92065545 0.84056732],[1.05597714 1.78720088 0.03136075],[1.22330293 0.49395455 0.69166021]
9.305008411,[1.18263561 1.92246444 0.84435976],[1.05588236 1.79229092 0.0356445 ],[0.06079229 1.41599382 0.74048716]
9.310007095,[1.1794054 1.923901  0.8474093],[1.05571062 1.79649727 0.03938897],[0.27122105 0.77687002 0.43044922]
9.315053701,[1.17646583 1.92602215 0.84993927],[1.05498375 1.80053216 0.04270345],[0.50722898 0.05010796 0.30266266]
9.320049524,[1.17426403 1.92852056 0.8516879 ],[1.05400818 1.80446885 0.04580019],[ 0.00997016 -0.79045761  0.35283491]
9.325007439,[1.17132363 1.92957947 0.85355385],[1.05289822 1.80853548 0.04890804],[-0.0328411  -0.7441519   0.43813315]
9.330039978,[1.17026717 1.9311954  0.8540953 ],[1.05151945 1.81289934 0.0519565 ],[-1.3681358  -0.86961689  0.41842435]
9.335051775,[1.16855025 1.93233991 0.85531279],[1.05039891 1.81733612 0.05486228],[-0.85946354 -0.09929841  0.56732758]
9.340051413,[1.16571938 1.93380687 0.85731325],[1.04919782 1.8224525  0.05774536],[0.04538995 0.71345061 0.92460327]
9.345011473,[1.16306173 1.93485953 0.85900235],[1.04804536 1.8269517  0.06024478],[-0.75181218  0.54823723  0.54653466]
9.350044489,[1.16012909 1.9361115  0.8602361 ],[1.04653743 1.83100379 0.06205905],[-0.40811987  0.67844347  0.67674302]
9.355013371,[1.15619529 1.93770152 0.86081057],[1.04478818 1.83461022 0.06314696],[ 0.36224614 -0.01028864  0.41050968]
9.360010147,[1.15396497 1.93926798 0.8608649 ],[1.04296099 1.83796849 0.06405508],[-0.50805765  0.00185845  0.24737536]
9.365035295,[1.15156223 1.94120191 0.86056451],[1.04107799 1.84148439 0.06477922],[-0.04417099 -0.15526973  0.42767278]
9.370009899,[1.14944843 1.94284542 0.85999497],[1.03909731 1.84512349 0.0653735 ],[-0.27279643 -0.04453661  0.48163297]
9.375008106,[1.1473537  1.94420049 0.85929538],[1.03697188 1.84914127 0.06587459],[-0.83821883 -0.11265837  0.51569463]
9.380068541,[1.14593933 1.94578592 0.8576914 ],[1.03468996 1.85314433 0.06621415],[-0.81383204 -0.36146041  0.57698026]
9.385018587,[1.14421388 1.94693597 0.85646513],[1.03248021 1.85740245 0.06642892],[-1.01084377 -0.20189667  0.55329774]
9.390027761,[1.14126236 1.94838943 0.85470379],[1.03040017 1.86183044 0.06616357],[-0.43074252 -0.30192609  0.52393054]
9.39502573,[1.13896361 1.94998986 0.85312266],[1.02854114 1.86624047 0.06606819],[-0.22831023  0.01383035  0.53752101]
9.400007725,[1.13636276 1.9519864  0.85140468],[1.02675719 1.87056289 0.06574299],[-0.03451699  0.02640697  0.54027174]
9.405024767,[1.13368147 1.95361324 0.8496632 ],[1.02491916 1.87493316 0.06520126],[-0.00061032  0.41736963  0.44264704]
9.410046577,[1.13083144 1.95547348 0.84756833],[1.02308556 1.87901189 0.06425801],[0.26457416 0.11587715 0.54034069]
9.414999247,[1.12835977 1.95708325 0.84498737],[1.02099858 1.88283553 0.06294126],[-0.46685309  0.0850281   0.41423713]
9.420008659,[1.12679242 1.95812625 0.84149914],[1.01877343 1.88662906 0.06132222],[-1.21758316 -0.13758517  0.32997883]
9.425014734,[1.12409824 1.95975142 0.83794413],[1.01657876 1.89056882 0.05898067],[-0.18497526 -0.53639305  0.56086776]
9.430040598,[1.12252364 1.96119162 0.83415742],[1.01422624 1.89486566 0.05720571],[-1.22298548 -0.09453315  0.31624961]
9.435050249,[1.12048036 1.96301018 0.83051081],[1.01196917 1.89922038 0.05529302],[ 0.06786469 -0.46582077  0.51975537]
9.440044403,[1.1176339  1.96544112 0.82704326],[1.00957759 1.90371905 0.05317547],[-0.00278885 -0.01117382  0.65475453]
9.445071936,[1.11493191 1.96712273 0.8233042 ],[1.00747709 1.90780615 0.05063471],[-0.23617404  0.50335596  0.37560522]
9.4500494,[1.11226212 1.96873026 0.81931863],[1.004956   1.9118304  0.04761741],[-0.03387457  0.22393122  0.6197284 ]
9.455046654,[1.10873786 1.97117414 0.81445668],[1.00281165 1.91546252 0.04337816],[ 0.52787099 -0.06555052  0.52850347]
9.460036039,[1.10548269 1.97390024 0.809704  ],[1.00027567 1.91880157 0.03949107],[ 0.68430719 -0.11942404  0.60469249]
9.465048075,[1.10248542 1.97641771 0.8045405 ],[0.99776727 1.921855   0.03524119],[ 0.06672652 -0.04722429  0.47622785]
9.470014095,[1.09995781 1.97843977 0.79920627],[0.99540619 1.92474336 0.03091068],[ 0.07159148 -0.00521906  0.62054374]
9.475013018,[1.09750711 1.98076668 0.79363841],[0.99305674 1.92757978 0.0263767 ],[-0.18900111 -0.33451368  0.50150498]
9.480042696,[1.09525214 1.98210306 0.7882978 ],[0.99071838 1.9303185  0.02159413],[-0.53721283  0.54724951  0.49238007]
9.485018015,[1.09265876 1.98357272 0.78249653],[0.98818542 1.93297007 0.01630586],[-0.06437249  0.19452982  0.52224346]
9.490023851,[1.09002193 1.98529314 0.77576313],[0.98580875 1.93518445 0.00959979],[-0.28921394  0.02592388  0.45044356]
9.495025873,[1.08791671 1.98686874 0.76905639],[0.98305086 1.93747787 0.00338212],[-0.29373395 -0.14463634  0.41365696]
9.50001049,[1.08632093 1.98932216 0.7606006 ],[ 0.98036838  1.93988009 -0.00306195],[-0.22485283 -1.43687156  0.24023322]
9.505011082,[1.0852333  1.99235957 0.7512072 ],[ 0.97949825  1.94342272 -0.00855467],[ 0.29147886 -1.84060208 -0.02400453]
9.510007858,[1.08308568 1.9962637  0.74228588],[ 0.98111609  1.94794798 -0.01214832],[ 1.43531413 -1.61415361  0.0765487 ]
9.515011787,[1.0815059  1.99858069 0.73436266],[ 0.98398561  1.95316942 -0.01363719],[ 0.57105573 -0.93415524 -0.20214521]
9.520010233,[1.07969747 2.00017052 0.72696232],[ 0.98827944  1.95799512 -0.01361394],[ 0.93913203 -0.58406142 -0.00551824]
9.525010109,[1.07805544 2.00045868 0.72055782],[ 0.99394549  1.96309793 -0.0122056 ],[ 0.48060213 -0.92046012 -0.31423071]
9.530006409,[1.0767658  2.00151546 0.71449256],[ 0.99945756  1.96736327 -0.01016108],[ 1.69006926 -1.38828816 -0.27382658]
9.535012007,[1.07573802 2.0037143  0.70842783],[ 1.00538479  1.97096522 -0.00794174],[ 1.75433383 -0.33316408 -0.26191846]
9.540008545,[1.07363964 2.00409766 0.70478006],[ 1.01192253  1.97387032 -0.00601423],[2.24548597 1.02264486 0.02352078]
9.54501009,[1.07221189 2.00406211 0.70067344],[ 1.01776282  1.97605346 -0.00520882],[ 1.51211084  0.76682693 -0.12121246]
9.55001092,[1.07165206 2.00420551 0.69604425],[ 1.02296215  1.97779711 -0.00594795],[ 1.12726048  0.08281317 -0.27433459]
9.555011511,[1.07048473 2.00474245 0.69143345],[ 1.02828579  1.97932307 -0.00760834],[1.67546346 0.77769706 0.09840353]
9.560008287,[1.06940337 2.00540638 0.6863513 ],[ 1.03233869  1.98124056 -0.00985531],[1.22136472 1.03911512 0.04401485]
9.565010786,[1.06845889 2.00694407 0.6807321 ],[ 1.03606592  1.98322934 -0.01239722],[1.59718721 0.17819872 0.04888496]
9.57000947,[1.06720616 2.0086879  0.67497041],[ 1.03974708  1.98573034 -0.01453969],[1.3828903  0.34571677 0.04651105]
9.575010061,[1.06609427 2.010369   0.66939903],[ 1.04312741  1.98905612 -0.01597603],[0.94928287 0.4278596  0.1614204 ]
9.580016613,[1.06491407 2.01282965 0.66342991],[ 1.0461934   1.99331628 -0.0164188 ],[0.79213938 0.66460735 0.35264654]
9.585012436,[1.0634836  2.0143189  0.65896959],[ 1.04881649  1.99815893 -0.01605575],[0.38087903 1.04888969 0.41503223]
9.590023279,[1.06203939 2.01578354 0.65496302],[ 1.05198379  2.00325946 -0.01509723],[0.34445575 0.85875358 0.34718259]
9.595014572,[1.0607864  2.01760831 0.65179911],[ 1.05467324  2.00831138 -0.01397129],[0.40064784 1.08479685 0.31237739]
9.600012779,[1.0593     2.0190492  0.64942222],[ 1.05746926  2.01329326 -0.01279479],[0.41924257 2.05832512 0.41132196]
9.60501194,[1.05771684 2.02034955 0.64697132],[ 1.06014866  2.01780787 -0.01233069],[0.4032001  1.93089971 0.38176327]
9.610010147,[1.0567457  2.02195496 0.6442413 ],[ 1.06266487  2.02178497 -0.01262025],[0.47290202 1.28635016 0.21995544]
9.615012169,[1.05563559 2.02349175 0.64182215],[ 1.0652792   2.02548953 -0.01321191],[0.79066782 1.79084203 0.39695389]
9.620008707,[1.05418471 2.02513804 0.63960973],[ 1.06880399  2.02881972 -0.01398054],[0.91411998 2.02142563 0.31334386]
9.625009775,[1.05321204 2.02685544 0.6372069 ],[ 1.0721295   2.03148295 -0.0150673 ],[1.30199556 1.50579282 0.2630102 ]
9.630009174,[1.05262215 2.02861109 0.63456601],[ 1.07573478  2.03380648 -0.01595467],[1.16287288 1.42698183 0.13083488]
9.635009766,[1.05180063 2.03007573 0.63245043],[ 1.07941018  2.0361007  -0.0163956 ],[1.17962829 1.57255534 0.20372451]
9.640009165,[1.05108609 2.03161581 0.63082067],[ 1.08313828  2.03851194 -0.0163254 ],[0.99052191 1.66651961 0.12963346]
9.645011663,[1.05031421 2.03277178 0.62987897],[ 1.08681572  2.04100071 -0.01586396],[0.89585072 2.0686518  0.18706569]
9.650021076,[1.04916426 2.03417878 0.62928761],[ 1.09006234  2.04337124 -0.01543262],[0.93324197 1.77080523 0.21665992]
9.655008078,[1.04843731 2.03531422 0.62926953],[ 1.09334776  2.04554872 -0.01484623],[0.42807698 1.98947837 0.06755543]
9.660008192,[1.04735374 2.03636662 0.62944372],[ 1.09566902  2.04783973 -0.01453536],[0.59232077 1.94192456 0.19262234]
9.665004969,[1.046128   2.03754633 0.62970087],[ 1.0972655   2.05015595 -0.014552  ],[0.3494961  1.94756871 0.23641739]
9.670008183,[1.04507323 2.03876465 0.63006538],[ 1.09822118  2.05244361 -0.01472341],[0.23858405 1.64871388 0.18425611]
9.675012112,[1.04363273 2.03993043 0.63043592],[ 1.09874426  2.05485544 -0.01484097],[0.23125635 1.81399257 0.26063827]
9.680029631,[1.04243039 2.04099781 0.63133057],[ 1.09905653  2.05718195 -0.01485433],[0.17425017 1.23823139 0.17139416]
9.685013294,[1.04083127 2.04238717 0.63231439],[ 1.09892423  2.05943376 -0.01474373],[0.31398171 1.39170716 0.24899143]
9.690019131,[1.03886355 2.04371283 0.63380769],[ 1.09861579  2.06156882 -0.01425456],[0.1366803  1.65846364 0.1945835 ]
9.695017099,[1.0369408  2.04520057 0.63530808],[ 1.09815582  2.06337063 -0.0138343 ],[0.78771687 1.03727692 0.37026901]
9.700011253,[1.03498464 2.04634933 0.63736698],[ 1.09758421  2.06468606 -0.01346151],[0.41471022 1.22135809 0.1873814 ]
9.705009937,[1.03315947 2.04721347 0.63937939],[ 1.09663225  2.06546229 -0.01332232],[0.53987369 0.9044739  0.21642985]
9.710011005,[1.03156283 2.04806075 0.64162056],[ 1.09558988  2.06576348 -0.0132596 ],[0.44281641 0.55429778 0.03788226]
9.715007782,[1.02965077 2.0486188  0.64401617],[ 1.09446963  2.06568797 -0.01320604],[0.71647346 0.7238984  0.11217601]
9.720007181,[1.02777901 2.0493034  0.64643349],[ 1.0933202   2.06516379 -0.01322244],[ 0.70943916  0.41686918 -0.0073046 ]
9.725007772,[1.02564813 2.05072777 0.64912104],[ 1.09171814  2.06417607 -0.01309003],[ 0.94462112 -0.00355496  0.08691971]
9.730012178,[1.02324013 2.05116398 0.65239583],[ 1.09004773  2.06311508 -0.01286431],[0.75467847 0.17736649 0.05190972]
9.735012293,[1.02056827 2.05233528 0.6551847 ],[ 1.08792938  2.06184781 -0.01262925],[ 1.43718457 -0.19190242  0.40564902]
9.740010977,[1.01732854 2.05390402 0.65828819],[ 1.08552175  2.06019356 -0.01236445],[ 1.07819384 -0.27188476  0.15736298]
9.745012045,[1.01414097 2.05512131 0.66161726],[ 1.08304181  2.05797835 -0.01196663],[1.4126357  0.0867586  0.39710709]
9.750018835,[1.01107385 2.05621487 0.66501942],[ 1.08048077  2.05511313 -0.01156282],[ 1.22989723 -0.46704746  0.1496555 ]
9.755046844,[1.00798456 2.05766692 0.66884157],[ 1.07724621  2.05150122 -0.011033  ],[ 1.58111134 -0.84324644  0.40150889]
9.760037422,[1.00475161 2.05873745 0.67258992],[ 1.07384266  2.04804588 -0.01077521],[ 0.88617385 -0.5199675   0.13497425]
9.765043259,[1.0012488  2.05990685 0.67645548],[ 1.07017524  2.04406215 -0.01060662],[ 1.43489183 -0.72835407  0.37644618]
9.770040035,[0.99792438 2.0610301  0.68046325],[ 1.06656138  2.03950744 -0.01046221],[ 1.23491721 -0.92874513  0.11855867]
9.77500391,[0.99469501 2.06102472 0.68495294],[ 1.06287376  2.03441862 -0.0103471 ],[-0.03984513 -0.56327901 -0.27512284]
9.780012608,[0.99282694 2.05971479 0.68991271],[ 1.05885841  2.02915322 -0.01051415],[-0.15668629 -0.46586559 -0.33625027]
9.785015821,[0.9903411  2.05823967 0.69547536],[ 1.0543618   2.0240683  -0.01112829],[-0.13693834 -1.03334123 -0.42210542]
9.790046215,[0.98915794 2.05744056 0.70007795],[ 1.04880125  2.01823733 -0.01204877],[ 0.23797311 -1.59235715 -0.39300474]
9.795002222,[0.98709019 2.05667568 0.70442963],[ 1.04351639  2.01343286 -0.01286472],[-0.04457904 -1.29711198 -0.43084134]
9.800049305,[0.98478618 2.05574799 0.70881963],[ 1.03799377  2.00873034 -0.0132307 ],[ 0.30296859 -1.61406577 -0.3357814 ]
9.805034161,[0.98259412 2.0551643  0.71375245],[ 1.03243978  2.00438648 -0.01299804],[ 0.2732988  -1.62095745 -0.38676411]
9.810048819,[0.98055812 2.05379955 0.71915784],[ 1.02647991  2.000329   -0.01243923],[-0.14144117 -1.12319689 -0.32097044]
9.815047979,[0.97708846 2.0534776  0.72450742],[ 1.01995347  1.99662708 -0.0118035 ],[ 0.56072565 -1.06600213  0.02431191]
9.820003033,[0.97375218 2.05327987 0.73021491],[ 1.01291936  1.99306724 -0.01093493],[ 0.18938406 -1.37153145 -0.05547096]
9.825037479,[0.97042304 2.05322396 0.73639173],[ 1.00483217  1.98943317 -0.0097629 ],[ 0.05306398 -1.1427586   0.01804199]
9.830000162,[0.96710262 2.05266487 0.74250176],[ 0.99706858  1.98583338 -0.00901872],[-0.13119301 -0.8094458   0.05399286]
9.835040569,[0.96185317 2.05156626 0.75014378],[ 0.98867075  1.98230758 -0.00847076],[ 0.26128209 -0.03761972  0.40394729]
9.840041637,[0.95751509 2.05134736 0.75662889],[ 0.97957639  1.97859323 -0.00802989],[-0.07557737 -0.26917492  0.35830692]
9.845011711,[0.95342247 2.05149006 0.76281454],[ 0.96999273  1.97449952 -0.00782692],[ 0.14512103 -1.02475386  0.2957215 ]
9.850025415,[0.94962189 2.0520339  0.76864344],[ 0.96007317  1.96993173 -0.00785112],[ 0.11379441 -1.3780598   0.23317861]
9.855004311,[0.94566059 2.05377775 0.77480217],[ 0.948799    1.9652918  -0.00757946],[0.27710066 0.2423394  0.60465818]
9.860032082,[0.94038885 2.05424155 0.78122762],[ 0.93837244  1.96044937 -0.00704074],[0.35399727 0.45419114 0.68988429]
9.865039349,[0.93563861 2.05512237 0.78743541],[ 0.92772876  1.95459705 -0.00653387],[ 0.60294427 -0.78100735  0.47075022]
9.870052338,[0.93156246 2.05629885 0.79312512],[ 0.91685551  1.9478375  -0.00610352],[ 0.62870716 -1.18406235  0.36591758]
9.875054598,[0.92806981 2.05749743 0.79881803],[ 0.90621873  1.94071843 -0.00540329],[ 0.39307901 -0.70541041  0.43274024]
9.880113363,[0.92355213 2.05681335 0.80673443],[ 0.89551763  1.93354317 -0.00437028],[-0.31988735 -0.19007247  0.45076906]
9.885013103,[0.92081604 2.05787496 0.81238551],[ 0.88469468  1.92603438 -0.0033256 ],[-0.05441254 -1.02992295  0.34918483]
9.890063763,[0.91846564 2.05908222 0.81760973],[ 0.8738826   1.91851184 -0.00232914],[ 0.06420156 -1.5588745   0.35385029]
9.895051003,[0.91878236 2.0623876  0.82069774],[ 8.61871032e-01  1.91107988e+00 -9.12986028e-04],[-0.34853814 -3.13941116 -0.02611089]
9.900047779,[0.92005858 2.06689572 0.82152938],[8.51853810e-01 1.90420564e+00 7.33558151e-04],[ 0.86954981 -6.51196979 -1.2554168 ]
9.905047894,[0.92155061 2.07096125 0.82296069],[0.841996   1.90026592 0.00321619],[-1.25794471 -5.36015287 -0.19473492]
9.910040617,[0.91993053 2.07464962 0.82537626],[0.83544014 1.89867704 0.00681145],[ 2.64956307 -1.61161233 -0.4292126 ]
9.915046692,[0.91808034 2.07703299 0.82844579],[0.83077724 1.89862632 0.01073585],[-0.53881622 -1.71629905  0.13359723]
9.920003414,[0.91627978 2.08012253 0.83149524],[0.82540822 1.89991723 0.01468166],[ 0.11519625 -2.61739793  0.09613618]
9.92505765,[0.91461635 2.08269284 0.8342192 ],[0.82146994 1.90165953 0.01865095],[-0.0309248  -1.66273717  0.48922086]
9.930039167,[0.91284943 2.0836683  0.83733426],[0.81808481 1.90427458 0.02275674],[-0.93538309 -0.83526803  0.71723396]
9.934998035,[0.91154012 2.08415873 0.84069017],[0.81484498 1.90771238 0.02667732],[-1.10783052 -0.55515178  0.74922278]
9.940003395,[0.90929523 2.08628162 0.84335693],[0.81224931 1.91155132 0.030792  ],[ 0.43192307 -0.45502061  0.55489657]
9.945006371,[0.90563847 2.08796196 0.84660746],[0.81029575 1.91556137 0.03487403],[0.19328931 0.29479674 0.65455788]
9.950011015,[0.90246257 2.08927666 0.8494301 ],[0.80879373 1.9193618  0.03885403],[ 0.67109321 -0.0197401   0.12376823]
9.955049038,[0.89761985 2.09025032 0.85289714],[0.80665995 1.92411046 0.04295264],[ 0.39992684 -0.37052571  0.35801886]
9.960023165,[0.89465076 2.09240068 0.85493415],[0.80488638 1.92822516 0.0466744 ],[ 0.21073369 -0.90295486  0.17876924]
9.965009928,[0.89203178 2.09398279 0.85675446],[0.80338074 1.93252656 0.05038537],[-0.00852992 -0.07763301  0.54321186]
9.970035791,[0.88940263 2.09481122 0.85879214],[0.80177168 1.93735621 0.05412697],[-0.72475229 -0.0150141   0.51454928]
9.975001574,[0.88735077 2.09545923 0.86061967],[0.80011352 1.94238967 0.05776037],[-0.84381939  0.2523616   0.64406857]
9.980006695,[0.88414299 2.09668556 0.86257105],[0.79834516 1.9475326  0.0612508 ],[-0.16515584  0.41180347  0.85502636]
9.9850173,[0.88144668 2.09780948 0.86387686],[0.79655641 1.95234713 0.06453941],[-1.06205741  0.66168237  0.66649542]
9.990047455,[0.87685623 2.09770798 0.86631357],[0.7941163  1.95766567 0.06757505],[-0.11001419  0.72747208  0.66685883]
9.995031834,[0.87351569 2.09915428 0.86737919],[0.79185068 1.96157989 0.06986279],[ 0.41945184 -0.00628978  0.48445981]
10.00000358,[0.87033209 2.10052454 0.86813169],[0.78970222 1.96526257 0.07178525],[-0.01576498  0.28963     0.42952794]
10.00500417,[0.86746413 2.10167534 0.86847493],[0.78747875 1.9687773  0.07336998],[-0.02977098  0.05183675  0.3638414 ]
10.01001811,[0.86445584 2.10296639 0.86863144],[0.78497654 1.97233542 0.0746214 ],[-0.10707974  0.10068561  0.44714027]
10.01501846,[0.86190939 2.10404942 0.86838224],[0.78225423 1.97582475 0.07558496],[-0.47217102 -0.28971006  0.4753815 ]
10.02001429,[0.85971688 2.10499554 0.8676542 ],[0.77919721 1.97925057 0.0762742 ],[-0.67216161 -0.3473755   0.50676355]
10.02501774,[0.85685293 2.1057384  0.86673508],[0.77566939 1.98367482 0.07658385],[-1.23162778 -0.30622517  0.36904764]
10.03000927,[0.85418788 2.10710263 0.86550937],[0.77247423 1.9875809  0.07698026],[-0.37383856 -0.20426864  0.59080158]
10.03500938,[0.85200695 2.10853468 0.86376424],[0.76944231 1.99170538 0.07728562],[-0.39995626 -0.10050383  0.52043593]
10.04004622,[0.84898725 2.10995005 0.862283  ],[0.7666096  1.99578705 0.07738649],[-0.19565791 -0.10365075  0.4990473 ]
10.04501367,[0.84580747 2.11132517 0.86065664],[0.76385203 1.99988736 0.07725313],[0.10581885 0.10380582 0.45097677]
10.05000973,[0.84269783 2.11274085 0.85879278],[0.76112256 2.0038409  0.07685194],[ 0.01890897 -0.089755    0.46788184]
10.05501032,[0.83858407 2.11438917 0.85631552],[0.75792844 2.00855686 0.0758398 ],[-0.07231082  0.29879536  0.51169386]
10.06000996,[0.83645095 2.11503805 0.8535548 ],[0.7549864  2.01230343 0.07489943],[-0.95234665 -0.18106697  0.33409031]
10.06500745,[0.83395552 2.1166466  0.85044028],[0.75182348 2.01624532 0.07382567],[ 0.09210279 -0.70947528  0.55145143]
10.07001448,[0.83158262 2.11771882 0.84736744],[0.74866982 2.02044221 0.07280472],[-0.98529457 -0.31250702  0.30864568]
10.07500744,[0.82908877 2.1186527  0.84409472],[0.74559342 2.02474404 0.07162265],[-0.30837263  0.07879331  0.47833816]
10.08002496,[0.82560113 2.12050349 0.84055037],[0.74244711 2.02910648 0.07017958],[ 0.37355522 -0.11332094  0.53268176]
10.08501601,[0.82274705 2.12204295 0.83684268],[0.73934031 2.03330357 0.06851323],[-0.3566965  -0.24474213  0.4631642 ]
10.09001732,[0.81903773 2.12445304 0.83201801],[0.73573335 2.03832365 0.06614496],[-0.19507989 -0.24054735  0.573034  ]
10.09500909,[0.81556534 2.12634653 0.82767842],[0.73264935 2.04240939 0.06399463],[ 0.40345559 -0.29403956  0.56075945]
10.10000849,[0.81188232 2.12826448 0.82309582],[0.72959553 2.04638409 0.06160419],[ 0.21981849 -0.12417628  0.60417273]
10.10500813,[0.80817231 2.13022693 0.81836905],[0.72677944 2.05015242 0.05897348],[ 0.45048403 -0.2489899   0.58243538]
10.11000872,[0.80495929 2.13200693 0.81337909],[0.72408536 2.05373256 0.05617824],[ 0.36179339 -0.30448377  0.59255986]
10.11501455,[0.80203224 2.1336789  0.80821972],[0.72151313 2.05722731 0.05319688],[-0.4494944  -0.4785727   0.27555088]
10.12000871,[0.79920161 2.13543058 0.80275403],[0.71879284 2.06065206 0.05000098],[ 0.25458935 -0.46471987  0.54614359]
10.12501025,[0.79585066 2.13718843 0.79670739],[0.71601771 2.06463937 0.04597451],[-0.0192119  -0.08566434  0.47632604]
10.1300106,[0.79276431 2.13864854 0.7908011 ],[0.71344719 2.06791413 0.04210209],[-0.21271564 -0.13912827  0.43502137]
10.13501287,[0.78991144 2.13997643 0.78475132],[0.71079273 2.07107342 0.03789608],[-0.15261192 -0.05112192  0.4642525 ]
10.1400125,[0.78695859 2.14150832 0.77839838],[0.70805616 2.07411963 0.03336493],[-0.36897478 -0.25102655  0.3909826 ]
10.14501452,[0.78427    2.14303404 0.77149803],[0.70515853 2.07708086 0.028512  ],[-0.31139345 -0.01873967  0.44099138]
10.15001988,[0.78144659 2.14429337 0.76471164],[0.70216691 2.07993839 0.02330829],[-0.24916234  0.16842915  0.47589595]
10.15501165,[0.77838288 2.14574876 0.75709299],[0.69897077 2.08312596 0.01701531],[-0.27611654  0.03581324  0.45004509]
10.16000795,[0.77541607 2.14700795 0.7499729 ],[0.69580251 2.0856972  0.01104972],[-0.19633313  0.19214037  0.48434756]
10.16500974,[0.77267821 2.14817403 0.74251529],[0.69251216 2.0880426  0.00461854],[-0.24454346  0.0436052   0.44620986]
10.17001033,[0.77010552 2.1502262  0.73369551],[ 0.68911939  2.09022551 -0.00226834],[-0.14766342 -1.34004689  0.26440955]
10.17501307,[0.76826461 2.15270158 0.72335376],[ 0.6867671   2.09333819 -0.00870058],[-0.4029623  -1.59216356 -0.14106934]
10.18003035,[0.76500145 2.15568214 0.71289822],[ 0.68682981  2.09811032 -0.01344624],[ 1.94088841 -1.4383606   0.23030594]
10.18501544,[0.76237528 2.15911839 0.70166559],[ 0.68825244  2.10417081 -0.01587666],[ 0.59333266 -1.15019856 -0.09899231]
10.19001341,[0.75923657 2.16142723 0.69235134],[ 0.69171465  2.11133264 -0.01673898],[ 1.30173186 -2.25938011 -0.19653135]
10.19501591,[0.75676818 2.16331458 0.68548921],[ 0.69478489  2.11776069 -0.01520226],[ 1.15266865 -0.4812881   0.2526873 ]
10.20001245,[0.75531513 2.16247474 0.68078939],[ 0.69908919  2.12381843 -0.01284725],[ 0.2843009   1.74703711 -0.27373538]
10.20501208,[0.75281801 2.16228759 0.67540395],[ 0.70425109  2.12855004 -0.01165348],[2.12110983 0.35807401 0.01680761]
10.21001005,[0.75175962 2.16317624 0.66903217],[ 0.70980721  2.13215042 -0.01176294],[ 1.79485598 -0.99286868 -0.60764   ]
10.21501231,[0.75064127 2.16396982 0.66349786],[ 0.71497     2.13595862 -0.01198523],[ 1.49566982  0.13006267 -0.01363659]
10.22001243,[0.74867267 2.16416752 0.65846536],[ 0.71947811  2.13966742 -0.01253932],[1.8392506  1.53769173 0.3030862 ]
10.22501493,[0.74773463 2.1646643  0.65353382],[ 0.72455778  2.14344394 -0.01354541],[ 1.09982161  0.07817588 -0.21512064]
10.23001242,[0.74664053 2.16578065 0.64781158],[ 0.72877124  2.14652121 -0.01529522],[1.79590555 0.29116163 0.0440043 ]
10.23501587,[0.74540528 2.16656918 0.64229817],[ 0.73314317  2.1501713  -0.01678501],[ 1.38253633  0.84551001 -0.12650825]
10.24001098,[0.7434359  2.16809361 0.63702698],[ 0.73676795  2.15431228 -0.01794612],[2.03230089 0.73122128 0.49369778]
10.24501657,[0.74167134 2.17011399 0.63129458],[ 0.73991939  2.15893033 -0.01846512],[1.08935621 0.78742587 0.25247165]
10.25001454,[0.73979763 2.17131277 0.62670998],[ 0.74194831  2.16390977 -0.01844001],[0.93419963 1.00695293 0.51040531]
10.25501227,[0.73752782 2.17320944 0.62310212],[ 0.74382262  2.16984683 -0.01768951],[0.54399654 1.04910843 0.436145  ]
10.26001477,[0.73581199 2.17452233 0.61998129],[ 0.74517466  2.17547631 -0.0167764 ],[0.39684011 1.51290581 0.42583292]
10.26501346,[0.73343506 2.1757888  0.61710441],[ 0.74654395  2.18101125 -0.01596436],[0.66645446 1.88894644 0.5307035 ]
10.27001023,[0.7312587  2.17736124 0.6143644 ],[ 0.74779483  2.18620791 -0.01543059],[0.71256314 1.41402748 0.55083884]
10.27501345,[0.72910075 2.17912151 0.61206744],[ 0.74890625  2.1912518  -0.01504361],[0.6016833  1.5719234  0.47969275]
10.28001928,[0.72716335 2.18036724 0.61009809],[ 0.74992866  2.19593565 -0.01491471],[0.51870842 2.02430126 0.59784798]
10.28501868,[0.725338   2.18174283 0.60822786],[ 0.75108101  2.20014122 -0.01526149],[0.58040802 1.83657677 0.41737555]
10.29001379,[0.7232401  2.18341945 0.60651357],[ 0.75304847  2.20426924 -0.0158141 ],[0.77321072 1.86535546 0.32003565]
10.29501319,[0.72194086 2.18449248 0.60440312],[ 0.75530483  2.20755802 -0.01651728],[0.85698483 1.85793176 0.1793928 ]
10.30001259,[0.72070552 2.1856659  0.60268398],[ 0.75794518  2.21077099 -0.01700914],[1.04622927 1.69237158 0.22966883]
10.3050127,[0.71908953 2.18678827 0.60149396],[ 0.76038046  2.21390552 -0.0172094 ],[1.09773987 1.53663606 0.28067279]
10.31001139,[0.71745141 2.18791905 0.60042211],[ 0.76263348  2.2166018  -0.01728317],[1.18031511 1.6529873  0.33854288]
10.31501365,[0.71621569 2.1887562  0.59994217],[ 0.76491829  2.21912767 -0.01690436],[0.96106108 1.56804082 0.09184257]
10.32001209,[0.71409651 2.18983058 0.59994463],[ 0.76713671  2.22159019 -0.01629551],[1.36041172 1.75662192 0.42444579]
10.32501316,[0.71245518 2.19071286 0.60040046],[ 0.76896503  2.22366104 -0.01576347],[ 0.50337155  1.50350785 -0.03123619]
10.33001256,[0.71075822 2.19149304 0.60092253],[ 0.76974609  2.22553183 -0.01548263],[0.86771802 1.36835784 0.26511957]
10.33501887,[0.70871022 2.19228977 0.60170389],[ 0.77015059  2.22729438 -0.01521262],[0.6460037  1.38623153 0.20018565]
10.34001064,[0.70693918 2.19286325 0.6027458 ],[ 0.76993706  2.22881592 -0.01512658],[0.39216732 1.06211178 0.06968423]
10.34501362,[0.70462727 2.19359058 0.60379442],[ 0.76906707  2.23007581 -0.01523403],[0.53322814 0.96421139 0.25634256]
10.3500104,[0.70247476 2.19386723 0.60556728],[ 0.76759527  2.23124586 -0.01519272],[0.02305605 1.07478009 0.05082123]
10.35501385,[0.69974614 2.19433138 0.60715935],[ 0.76580954  2.23225173 -0.01511828],[0.52477257 0.94504178 0.294667  ]
10.36001229,[0.69657862 2.19546111 0.6090023 ],[ 0.76357815  2.23303218 -0.01489571],[0.31724571 0.38105615 0.01540934]
10.36501479,[0.69370076 2.19606297 0.61105852],[ 0.7614585   2.23333892 -0.0147597 ],[0.60518832 0.50553222 0.23496771]
10.37001061,[0.6909027  2.19628375 0.61328058],[ 0.75914382  2.23331541 -0.01445343],[0.28881544 0.48220398 0.08881565]
10.37501383,[0.68763812 2.19677608 0.61579475],[ 0.75658536  2.23298099 -0.01409649],[0.90844516 0.26475585 0.39161094]
10.38002491,[0.68463722 2.1968453  0.61851911],[ 0.75422289  2.23200561 -0.01380953],[0.59823153 0.06385525 0.03338425]
10.38501906,[0.68139901 2.19706474 0.62138069],[ 0.75203101  2.2303653  -0.01368386],[ 1.00608998 -0.10475328  0.14020658]
10.39001822,[0.67778727 2.19794825 0.62449144],[ 0.74964622  2.22801667 -0.01353972],[ 0.97596108 -0.38465272 -0.0070921 ]
10.39501882,[0.67403212 2.19811369 0.62747237],[ 0.74749067  2.22533566 -0.01338942],[ 1.44169991 -0.29676143  0.31176147]
10.40001082,[0.6700559  2.1983573  0.63092621],[ 0.74526132  2.22212804 -0.01316969],[ 1.38488866 -0.71216685  0.13998592]
10.40501285,[0.66600135 2.1986671  0.63420339],[ 0.7431615   2.21836178 -0.01266773],[ 1.59746362 -0.68537679  0.19506796]
10.41000986,[0.6618663  2.19880196 0.63765302],[ 0.7411853   2.21390863 -0.01198469],[ 1.45291922 -0.69511131  0.10603773]
10.41501427,[0.65777308 2.19908122 0.64137428],[ 0.73882817  2.20889187 -0.0113577 ],[ 1.5360337  -0.98399604  0.22775915]
10.42001104,[0.65274817 2.1997366  0.64517924],[ 0.73599562  2.20342838 -0.01087908],[ 1.13988319 -0.90604065  0.05402225]
10.42501235,[0.64867252 2.20007726 0.6493109 ],[ 0.7326643   2.19697043 -0.01046577],[ 1.40419967 -0.83539982  0.21829932]
10.43001461,[0.64441617 2.19985288 0.65327528],[ 0.729562    2.19041899 -0.01031739],[ 1.36592232 -1.30806421  0.0119557 ]
10.43501139,[0.6416035  2.19912553 0.65811809],[ 0.72637165  2.18344304 -0.01018258],[ 0.05514219 -0.9927497  -0.49491917]
10.44001222,[0.63917019 2.19748203 0.66328173],[ 0.72281124  2.17634258 -0.01025451],[-0.00798871 -0.49539534 -0.36496886]
10.44501233,[0.63622345 2.19548124 0.66900526],[ 0.71868265  2.16935232 -0.01085777],[-0.14787193 -1.23611524 -0.56848334]
10.45001698,[0.63381734 2.19455448 0.67363623],[ 0.71392453  2.16258219 -0.01182569],[ 0.09264759 -1.81965589 -0.5816396 ]
10.4550159,[0.6315747  2.19331786 0.67818198],[ 0.70807673  2.15546289 -0.01281016],[-0.21339972 -1.40698241 -0.54826006]
10.46001196,[0.62863122 2.19211638 0.68265646],[ 0.70260438  2.14928373 -0.01338475],[ 0.21092056 -1.46517473 -0.30123249]
10.46501374,[0.62612601 2.19100192 0.68758823],[ 0.6969448   2.14353971 -0.0133145 ],[-0.35750557 -1.70148611 -0.62749834]
10.47001147,[0.62320517 2.18940809 0.69290296],[ 0.69098903  2.13814414 -0.0128214 ],[-0.22971859 -1.21260121 -0.38620588]
10.47501254,[0.61899607 2.18834474 0.69820882],[ 0.68462203  2.13291423 -0.01226316],[ 0.7046     -1.37545079 -0.04679337]
10.48002076,[0.61462961 2.18763299 0.70387784],[ 0.67778855  2.12772659 -0.01146834],[ 0.44135417 -1.50624025 -0.07748725]
10.4850173,[0.61027446 2.18645032 0.70985467],[ 0.67073996  2.12230105 -0.0105345 ],[ 0.14382216 -0.96787155  0.02236233]
10.49001694,[0.60611191 2.18617262 0.71599547],[ 0.66232751  2.11634319 -0.00968344],[ 0.06337805 -1.23278045 -0.08095254]
10.49501657,[0.60067399 2.1840513  0.72378173],[ 0.65442534  2.11040073 -0.00918313],[ 0.09601384 -0.28587938  0.26623998]
10.50001216,[0.59566323 2.18269089 0.73046723],[ 0.64616844  2.10415463 -0.0087175 ],[-0.05831748 -0.48516602  0.12132326]
10.50501299,[0.59110103 2.1815904  0.73682216],[ 0.63763158  2.09734179 -0.00849188],[ 0.37531603 -0.98079474  0.13194067]
10.5100112,[0.58650743 2.18113539 0.74269457],[ 0.62883947  2.0900041  -0.00847215],[ 0.25281106 -0.99323912  0.15350912]
10.51500988,[0.58116273 2.18053942 0.74898903],[ 0.61947335  2.08254785 -0.00832613],[0.25704219 0.08914468 0.52870147]
10.52001238,[0.57529979 2.17985152 0.75567351],[ 0.60956678  2.07498604 -0.00793279],[ 0.11968992 -0.05373826  0.53730389]
10.52501273,[0.56986249 2.18126167 0.76185331],[ 0.59861268  2.06648654 -0.00752996],[ 0.80138461 -0.78365672  0.43083349]
10.53001237,[0.56454353 2.18155047 0.76770258],[ 0.58883067  2.05727292 -0.00713794],[ 0.6023527  -0.57033644  0.39605938]
10.53501105,[0.55945619 2.18130041 0.77417644],[ 0.5790967   2.04763023 -0.0064618 ],[0.12837997 0.29894862 0.53116339]
10.54000854,[0.55386408 2.18070697 0.78105111],[ 0.56879326  2.03757564 -0.00571493],[-0.27811845  0.55431075  0.62868007]
10.54501796,[0.54955167 2.18073773 0.78699526],[ 0.55787268  2.02668095 -0.00514452],[-0.23987415 -1.20426977  0.40537245]
10.55002928,[0.54446486 2.17903084 0.79516715],[ 0.5466013   2.01563903 -0.00443941],[-0.53567946 -0.85862617  0.62651755]
10.55500245,[0.54174053 2.1793315  0.8004979 ],[ 0.53522408  2.00464144 -0.00339232],[-0.92398244 -1.22763922  0.45821722]
10.56000137,[0.54111908 2.18267391 0.8042175 ],[ 5.22305815e-01  1.99382962e+00 -1.85039201e-03],[-1.18295056 -2.81654812  0.08766069]
10.56500292,[0.5397673  2.18327544 0.80906844],[ 5.08781976e-01  1.98469861e+00 -1.11495915e-04],[-3.61298539 -1.16742157  1.68551516]
10.57001853,[0.53724799 2.18360611 0.81398163],[4.95896680e-01 1.97652218e+00 1.96740637e-03],[-1.33743618 -1.38825153  0.9896357 ]
10.57501221,[0.53342199 2.18492136 0.81664643],[0.48413212 1.96877979 0.00436197],[ 0.11907763 -1.67357035  0.30527493]
10.58002591,[0.530793   2.18959325 0.81633415],[0.47339681 1.96171069 0.00743817],[ 1.4613143  -5.83904866 -1.04404069]
10.58501673,[0.5302059  2.19550289 0.81589276],[0.46289526 1.95671163 0.0110364 ],[ 0.25813688 -6.65298632 -0.50678567]
10.59001756,[0.527227   2.2017703  0.81546548],[0.45346403 1.95470399 0.01554927],[-0.1542374  -2.95444841  0.41452902]
10.59501433,[0.52437514 2.20419757 0.81727539],[0.44556503 1.95455204 0.01933212],[-0.91124612 -2.5169522   0.70247885]
10.60001302,[0.52206731 2.20788742 0.81873237],[0.43771294 1.95545812 0.02265241],[-0.78359412 -2.82826421  0.99235836]
10.60501146,[0.51925881 2.21001536 0.82088889],[0.43045067 1.9570874  0.02587893],[-1.00283627 -2.02730059  1.60306204]
10.61001229,[0.51664592 2.21077517 0.82329243],[0.42366916 1.95942131 0.02885842],[-1.43072899 -1.09678581  1.56729184]
10.61501241,[0.51380298 2.21147714 0.82586453],[0.41792139 1.96316808 0.03188044],[-1.37697665 -0.62304712  0.86817025]
10.62001538,[0.50624435 2.21180929 0.83018709],[0.41278463 1.96907188 0.03513186],[1.35643016 0.60629474 0.6952425 ]
10.62501574,[0.4988471  2.21345664 0.83340123],[0.40940727 1.97468181 0.03854038],[ 2.43020129  0.32746906 -0.48043004]
10.6300118,[0.49266543 2.21488461 0.8358489 ],[0.40701948 1.97998049 0.04176146],[0.3517394  0.31247364 0.59560447]
10.63501191,[0.48852148 2.21505683 0.83792214],[0.40244365 1.98469256 0.04458079],[-1.03571524  0.06946469  0.89273774]
10.64001417,[0.48581448 2.2158064  0.83914873],[0.39774917 1.98964465 0.04732137],[-1.84075516 -0.85170002  0.60996021]
10.64501309,[0.48217148 2.21723045 0.84020874],[0.39332599 1.99529713 0.05039214],[-0.94851384 -0.8837211   0.88924825]
10.65000653,[0.47915618 2.21840182 0.84010318],[0.38841583 2.00168793 0.05372328],[-1.51848437  0.28566961  0.88602517]
10.65503311,[0.47450786 2.21772221 0.84264084],[0.38259032 2.00949245 0.05720518],[-1.60112196 -0.4558358   1.13275551]
10.6599977,[0.46964907 2.21864772 0.84490067],[0.37723465 2.01656865 0.06077326],[-0.2409073   0.50958115  1.3546608 ]
10.6649971,[0.46554442 2.21841889 0.8468762 ],[0.37215358 2.02334537 0.06406451],[-1.6220517   1.43577431  0.96185312]
10.67004347,[0.46095676 2.21860865 0.8482581 ],[0.36686899 2.02935749 0.0667171 ],[-0.54984406  0.4815348   1.05205829]
10.67500377,[0.45643408 2.21954741 0.84902676],[0.36183276 2.03471438 0.06882081],[-0.43576904  0.10799355  0.63008327]
10.68002868,[0.45173628 2.22013794 0.84976165],[0.35713126 2.04003379 0.070531  ],[-0.34896514  0.73379655  0.65967172]
10.68504381,[0.44681601 2.22103415 0.8498456 ],[0.35211072 2.04488121 0.07177627],[-0.30321477  0.329909    0.57907764]
10.69001293,[0.44087146 2.22146981 0.85011499],[0.34606503 2.0504691  0.07241998],[-0.87369507  0.63651994  0.72148864]
10.69502282,[0.43661032 2.22190363 0.84933391],[0.33998881 2.05458913 0.07295721],[-1.13694378  0.31557335  0.90554228]
10.70000529,[0.43333188 2.22262833 0.84717919],[0.33337592 2.05833358 0.0732013 ],[-1.87862059  0.01188553  0.9015652 ]
10.70503736,[0.43125073 2.2222979  0.84596942],[0.32660426 2.06224229 0.07333558],[-2.12770737 -0.23980709  0.8044228 ]
10.71000361,[0.42740614 2.2238307  0.84356915],[0.31994033 2.06661259 0.07358138],[-1.0473269  -0.16005215  0.88711329]
10.71500802,[0.4231178  2.22527021 0.84189909],[0.31384899 2.07139934 0.07373943],[-0.4365241  -0.34318235  0.7119581 ]
10.72005725,[0.41787933 2.22717063 0.84026136],[0.30789131 2.07611649 0.07368927],[-0.31959225 -0.46810519  0.85452902]
10.72503376,[0.41149634 2.2287533  0.83813258],[0.30160857 2.08157301 0.07290457],[0.10237814 0.40608802 0.83997341]
10.73000622,[0.40674652 2.22949458 0.83602236],[0.29566486 2.08592199 0.07207132],[-0.50519429  0.41758362  0.78408911]
10.73501563,[0.4023223  2.23035398 0.83374676],[0.28947285 2.08990632 0.07083568],[-0.91812121  0.37346156  0.72226954]
10.74004412,[0.39891552 2.2306789  0.83113628],[0.2835569  2.09365741 0.06918194],[-1.12207254  0.57438327  0.61970027]
10.74500608,[0.39446944 2.23129821 0.82824834],[0.27703854 2.09698033 0.0670199 ],[-0.67901399  0.46485906  0.75103133]
10.75005651,[0.39053671 2.23227475 0.8247843 ],[0.27041232 2.09990938 0.06434829],[-1.24088517  0.14703065  0.60623057]
10.75502348,[0.38528674 2.23331658 0.82080806],[0.26319955 2.10306984 0.06060854],[-0.42958249  0.48688053  0.88971209]
10.76001263,[0.38059211 2.23410513 0.81697118],[0.25608689 2.10526729 0.05717234],[-0.99028776  0.43456329  0.71870358]
10.76500869,[0.37618134 2.23499116 0.81287472],[0.24904916 2.10716171 0.05337007],[-0.79103019  0.16908453  0.7662527 ]
10.77002978,[0.37158441 2.23622735 0.80858774],[0.24189296 2.10876018 0.04929352],[-0.48600867  0.06176413  0.85957382]
10.77500701,[0.36753135 2.23743896 0.80398219],[0.23498171 2.11025042 0.044914  ],[-1.03808611 -0.08081454  0.60352639]
10.7800355,[0.36247922 2.23869963 0.7992094 ],[0.22802107 2.11157655 0.04015418],[-0.23866002  0.10082773  0.82964417]
10.78504801,[0.35798607 2.23992402 0.79399164],[0.22079032 2.1126505  0.03492006],[-0.82380997 -0.00440431  0.68267888]
10.79002333,[0.35357126 2.24150561 0.78754815],[0.2136826  2.11405692 0.02841981],[-0.58933698 -0.06061676  0.69862719]
10.79503155,[0.34902929 2.24258719 0.78189996],[0.20678688 2.11507538 0.02265202],[-0.63115371  0.15107363  0.74768323]
10.80005932,[0.34478893 2.24345833 0.77600789],[0.19997133 2.11598194 0.01646727],[-0.93957803  0.08772004  0.59936882]
10.8050456,[0.34074215 2.24472408 0.76966941],[0.1928753  2.11679028 0.01007148],[-1.19870597 -0.36221175  0.8126315 ]
10.81001329,[0.3367393  2.24600149 0.76294988],[0.18584693 2.11757833 0.00344426],[-0.94143942 -0.3435344   0.67757922]
10.81501317,[0.3331444  2.24834163 0.75425623],[ 0.17896908  2.11858711 -0.00336389],[-1.19830886 -2.38436725  0.49722462]
10.82001495,[0.32905336 2.2516299  0.74411007],[ 0.17320235  2.12174899 -0.00951232],[-0.35739896 -1.86696504  0.4605701 ]
10.82501769,[0.32375031 2.25488836 0.73375774],[ 0.17001997  2.12871833 -0.01497707],[ 1.23596015 -0.94431456  0.36296119]
10.8300128,[0.3187158  2.25709814 0.72609903],[ 0.16876397  2.13744959 -0.01751669],[0.42555408 0.12891402 0.21538898]
10.83501196,[0.31473526 2.25881869 0.71853929],[ 0.16956841  2.14631873 -0.01875812],[ 0.82189864 -0.88461644 -0.11686852]
10.84001136,[0.31203369 2.25949652 0.71160551],[ 0.17059358  2.15507318 -0.0178849 ],[-0.30021762 -0.54034431 -0.02034171]
10.8450346,[0.31004771 2.25995971 0.70527384],[ 0.17255505  2.16387393 -0.0157668 ],[ 0.24673831 -1.34943571 -0.32806032]
10.85001159,[0.30743264 2.26248043 0.69707042],[ 0.17604364  2.17260484 -0.01319734],[ 1.21765411 -0.98388786 -0.1419808 ]
10.85505033,[0.30522046 2.26274681 0.69430611],[ 0.1826761   2.18328169 -0.00974976],[ 1.58254531  0.53460683 -0.44576387]
10.86000872,[0.30296566 2.26311676 0.69162167],[ 0.18895901  2.19220812 -0.00718524],[ 2.39740978  1.12732388 -0.09534057]
10.86500764,[0.30151054 2.26264529 0.68818268],[ 0.19495762  2.1998394  -0.00605772],[ 1.37186248  1.50684347 -0.4040641 ]
10.87001538,[0.3004762  2.26300903 0.68426566],[ 0.1991754   2.20611392 -0.00648801],[ 1.13266235  0.6990357  -0.06263751]
10.87500596,[0.29909998 2.26404335 0.67986709],[ 0.2026477   2.2119877  -0.00811726],[ 1.26903857  1.38530325 -0.11877246]
10.88001919,[0.29745442 2.26468089 0.67533387],[ 0.20609922  2.21805495 -0.01046632],[ 1.38503692  2.14833469 -0.02280215]
10.88501143,[0.29533747 2.26632399 0.67027654],[ 0.20926519  2.2242465  -0.01360793],[1.72655407 1.39222443 0.03093566]
10.89002371,[0.29321182 2.26853735 0.66482775],[ 0.21279818  2.23130278 -0.01698118],[ 1.19723855  1.3623889  -0.01480625]
10.89501715,[0.29032992 2.27039869 0.65909719],[ 0.21404238  2.23800832 -0.01936116],[1.1990142  1.68733419 0.39962262]
10.90005398,[0.28710709 2.27273608 0.65355156],[ 0.21457757  2.24538903 -0.02056707],[0.72713806 1.13911109 0.37665551]
10.90506983,[0.28428911 2.27502389 0.64862887],[ 0.21452148  2.25311508 -0.02034703],[0.4017305  1.06478811 0.43526288]
10.91005921,[0.28162012 2.27717614 0.64336117],[ 0.21456227  2.26128595 -0.01905698],[0.18291829 1.774767   0.29505493]
10.91501069,[0.27918928 2.27948026 0.64048521],[ 0.21490372  2.2696298  -0.01717364],[0.43480465 1.70206275 0.33659841]
10.92001176,[0.27650108 2.28118233 0.63931005],[ 0.21600918  2.27871244 -0.01463541],[0.51260499 2.97800813 0.38221031]
10.92501688,[0.27386888 2.28210868 0.63734854],[ 0.21668279  2.28628304 -0.01351416],[0.49271729 3.16698276 0.32647593]
10.9300127,[0.27167815 2.28392653 0.63494105],[ 0.21732483  2.29305005 -0.01360522],[0.57514863 2.23031667 0.31452341]
10.93501568,[0.27008276 2.28567646 0.63259545],[ 0.21826801  2.29946336 -0.01431331],[0.46911099 2.66931051 0.22904274]
10.94001079,[0.26858891 2.2868495  0.63040717],[ 0.21987548  2.30562457 -0.01563246],[0.69908953 3.23628962 0.13092164]
10.94501281,[0.26700554 2.2887835  0.62775517],[ 0.22229493  2.31128313 -0.0176028 ],[1.21025394 2.3306619  0.12787241]
10.95000768,[0.26595787 2.29065936 0.62506704],[ 0.22522718  2.31677511 -0.01938502],[ 0.9530864   2.24387679 -0.03538034]
10.95504498,[0.26458541 2.29260938 0.62198273],[ 0.22838395  2.32248397 -0.02056133],[1.38569245 2.13193086 0.20153224]
10.96001172,[0.26315464 2.29497247 0.61988876],[ 0.23251908  2.3290064  -0.02086825],[1.21212515 2.05975103 0.06728771]
10.96501064,[0.26192765 2.29652476 0.61862087],[ 0.23612708  2.33527816 -0.02021084],[1.31581684 2.82224295 0.194565  ]
10.97001338,[0.26061697 2.29782325 0.61786251],[ 0.23960138  2.34117514 -0.01921598],[1.11431229 2.43713309 0.06653681]
10.97501373,[0.25940252 2.29922464 0.61775688],[ 0.2425581   2.34661848 -0.01820322],[0.84162949 2.72138727 0.18099703]
10.98002744,[0.25855771 2.30018803 0.61799841],[ 0.24484996  2.3517401  -0.01719442],[0.81204262 2.97013782 0.25043276]
10.98501611,[0.25672343 2.30115247 0.61865381],[ 0.24624871  2.3566712  -0.01668958],[0.56922714 3.00536807 0.40675182]
10.99002194,[0.25613846 2.30233157 0.61945756],[ 0.24727984  2.36088809 -0.01645829],[-0.07958919  2.42019109  0.06381241]
10.9950664,[0.25480363 2.30315622 0.61974742],[ 0.24730684  2.36476231 -0.01686523],[0.37000206 2.69044548 0.32940143]
11.00004959,[0.25378979 2.3039185  0.6203718 ],[ 0.24716166  2.36849473 -0.01728781],[0.07665061 2.24027022 0.19747824]
11.0050106,[0.25203675 2.30514327 0.62084955],[ 0.24662093  2.3719527  -0.01759476],[0.64512701 1.82785509 0.45527327]
11.01000786,[0.25055576 2.30588568 0.62160063],[ 0.2459999   2.37527067 -0.01744886],[0.13381844 2.09602307 0.25313155]
11.01501393,[0.24853573 2.30679828 0.62255221],[ 0.24524686  2.37842971 -0.01698308],[0.64667343 1.66171668 0.47942635]
11.02001119,[0.24692683 2.30746348 0.62411291],[ 0.24463922  2.38115015 -0.01635254],[0.39824813 1.72553845 0.34482951]
11.02506185,[0.24534817 2.30821802 0.62602645],[ 0.24412115  2.38344709 -0.0155281 ],[0.43153502 1.66795253 0.28634606]
11.03006649,[0.24386741 2.30837352 0.62799724],[ 0.24384597  2.38513146 -0.01508342],[0.52232189 1.56820549 0.20546175]
11.03505492,[0.24229961 2.30852396 0.62999789],[ 0.24381667  2.3862781  -0.01488013],[0.85828785 1.24309343 0.24187327]
11.04000902,[0.24067421 2.30861396 0.63204076],[ 0.244017    2.38685438 -0.01497498],[0.94846749 1.01811029 0.22050676]
11.04501104,[0.23920483 2.30876385 0.63408285],[ 0.24411755  2.38684241 -0.01522858],[0.90515313 0.62465988 0.19472284]
11.05001664,[0.2378068  2.30866879 0.63625989],[ 0.24422393  2.38639204 -0.01540569],[0.76310131 0.68490924 0.11506554]
11.05505776,[0.23633778 2.30851594 0.63919095],[ 0.24437254  2.38538912 -0.01531961],[0.69178789 0.44191976 0.07478306]
11.06005764,[0.23482587 2.30817189 0.6414835 ],[ 0.24418504  2.38416886 -0.01539257],[0.74058402 0.18220614 0.09629455]
11.06500912,[0.23322646 2.30787067 0.6439704 ],[ 0.24377962  2.38253568 -0.01538919],[ 0.79321099 -0.03475446  0.12931343]
11.07000279,[0.23168011 2.30726075 0.64671223],[ 0.24315179  2.3805678  -0.01527027],[ 0.73909255 -0.0581185   0.10669759]
11.07501388,[0.22981083 2.30685408 0.6497891 ],[ 0.24225813  2.37834067 -0.01507658],[ 0.85588426 -0.29840454  0.20633329]
11.08001566,[0.227921   2.30606709 0.65299143],[ 0.24094125  2.37565678 -0.01487218],[ 0.47299749 -0.10629558  0.09133835]
11.08500552,[0.22599314 2.30500901 0.65621315],[ 0.23916428  2.37248769 -0.01488566],[ 0.49626833 -0.41225863  0.17257891]
11.0900085,[0.22453199 2.30436624 0.65984236],[ 0.23728372  2.36866851 -0.01483405],[ 0.34003711 -0.76570903  0.08786577]
11.09500861,[0.22280714 2.30332077 0.66346761],[ 0.23510383  2.36484583 -0.01504855],[ 0.28027785 -0.62677435  0.07577589]
11.10000086,[0.22114476 2.30204485 0.66699373],[ 0.23284263  2.3607153  -0.01537746],[ 0.3676121  -0.63637454  0.09704346]
11.1050005,[0.21929597 2.30098186 0.67054868],[ 0.23053674  2.35630643 -0.01579368],[ 0.4614813  -1.36703388  0.0644796 ]
11.11002874,[0.21753155 2.29985745 0.6741553 ],[ 0.22819733  2.35172156 -0.01610747],[ 0.4067272  -1.27476118  0.0693378 ]
11.11500883,[0.21565809 2.29774318 0.67824254],[ 0.22581406  2.34684093 -0.01625128],[ 0.30220099 -1.13408059  0.05269823]
11.12005115,[0.21398194 2.29607998 0.68183867],[ 0.22351407  2.34169035 -0.01616828],[ 0.50041554 -1.6336263   0.04165677]
11.12501216,[0.21249148 2.29506936 0.68628301],[ 0.2214391   2.33597398 -0.01538943],[ 0.61735546 -1.6337866  -0.01154667]
11.13004303,[0.2106154  2.29301404 0.69066542],[ 0.21966638  2.33041579 -0.01473   ],[ 0.73986393 -1.25292101  0.02581302]
11.13502836,[0.20759702 2.29169441 0.69466503],[ 0.21788448  2.32455247 -0.01413628],[ 1.8908244  -1.81488381  0.45071031]
11.14001656,[0.20473778 2.29048638 0.6989972 ],[ 0.21603398  2.31811764 -0.01334568],[ 1.25352831 -2.01113067  0.15930799]
11.14501572,[0.20141442 2.28897744 0.70349566],[ 0.21438587  2.31125023 -0.01234325],[ 1.3307725  -1.54927044  0.25850452]
11.15001512,[0.19890478 2.28709119 0.70812731],[ 0.21288347  2.30389551 -0.01143055],[ 1.05832119 -1.52217131  0.10941539]
11.15501189,[0.19730984 2.2850268  0.71372286],[ 0.2111902   2.29535106 -0.01031722],[ 1.01325549 -1.81424369  0.1009522 ]
11.16000819,[0.1951499  2.28344214 0.71799283],[ 0.20930225  2.28719673 -0.00983268],[ 0.87407982 -1.99154432 -0.01498425]
11.16500521,[0.19276932 2.28174688 0.72248303],[ 0.20733718  2.27892899 -0.00938115],[ 1.07773155 -1.71418034  0.13913364]
11.17001224,[0.19059985 2.27995359 0.72691562],[ 0.20525932  2.27047415 -0.00895033],[ 0.81560102 -1.57203104  0.07634886]
11.17501473,[0.1899173  2.27728931 0.73112303],[ 0.20303756  2.26181993 -0.00868349],[-0.79602233 -1.33870652 -0.35806099]
11.18003154,[0.18943891 2.27497151 0.73498655],[ 0.20064865  2.25330842 -0.00857513],[ 0.11130237 -2.02912791 -0.25678452]
11.18502021,[0.18800971 2.27314135 0.73888948],[ 0.19774135  2.24515926 -0.00836762],[-0.13213278 -2.0961705  -0.30197629]
11.19000888,[0.18788589 2.27153973 0.74282205],[ 0.19422283  2.23662976 -0.0077109 ],[-0.38923611 -1.62514484 -0.09489761]
11.19501543,[0.18688223 2.26961935 0.74603409],[ 0.19045312  2.22903742 -0.00740726],[-0.32073984 -1.95496641 -0.13277371]
11.20001173,[0.18585622 2.26822434 0.74912204],[ 0.18659567  2.22174527 -0.00698899],[-0.10649894 -2.54553472 -0.117758  ]
11.20500898,[0.1848808  2.26674681 0.75211305],[ 0.18283313  2.21493949 -0.0062504 ],[-0.26529286 -2.1460008  -0.16362467]
11.21000695,[0.18304955 2.26450813 0.75579208],[ 0.17914296  2.2086541  -0.00530166],[ 0.22958914 -1.49438979  0.05363303]
11.21501017,[0.1811446  2.26322759 0.75838924],[ 0.17553192  2.20255883 -0.00442365],[ 0.50214432 -2.13270717 -0.01726079]
11.22001266,[0.17885477 2.26258948 0.76032443],[ 0.171815    2.19670116 -0.00364037],[ 0.72647794 -2.68572768  0.17507205]
11.2250154,[0.17722656 2.26239741 0.76222187],[ 0.16773365  2.19066438 -0.00246055],[ 0.0980579  -2.8617946  -0.12803394]
11.23004532,[0.17564596 2.26132569 0.76386119],[ 1.64084468e-01  2.18554704e+00 -1.16221016e-03],[-0.01302768 -2.30636261  0.07500185]
11.23501086,[0.1735762  2.26030715 0.76546751],[1.60500029e-01 2.18103529e+00 3.61072223e-04],[ 0.76542968 -2.31099378  0.23776807]
11.24000454,[0.17183452 2.25943024 0.76684388],[1.57183896e-01 2.17677882e+00 1.90367283e-03],[-0.02513318 -2.44708117 -0.06929615]
11.24504399,[0.16951116 2.25836119 0.76818122],[0.15416136 2.17281348 0.00348868],[ 0.79428561 -2.02029713  0.13208132]
11.25000954,[0.16702602 2.25706604 0.76926952],[0.15157759 2.16905789 0.00503246],[ 0.75160681 -1.92234769  0.0223978 ]
11.25505972,[0.16521306 2.25562996 0.77019741],[0.1488585  2.1651999  0.00661867],[ 0.27931508 -2.12481061 -0.11342155]
11.26004601,[0.16364207 2.25443986 0.77046745],[0.14643867 2.16168547 0.00782466],[ 0.22509993 -2.08183244 -0.10301038]
11.26502371,[0.16198688 2.25322256 0.77065986],[0.14378674 2.15860873 0.00907619],[ 0.2136378  -2.13544559 -0.03896167]
11.27004671,[0.16032008 2.25195927 0.77067889],[0.14109033 2.15576025 0.01033453],[ 0.08257213 -2.23472327  0.01435437]
11.27504349,[0.15855836 2.25058247 0.77054837],[0.13806058 2.15301145 0.01149875],[ 0.14871791 -2.12685221  0.11383331]
11.28001618,[0.15694987 2.24923372 0.77023066],[0.13505911 2.15030157 0.01247877],[ 0.06914164 -2.20409963  0.06937779]
11.2850163,[0.15530423 2.24773096 0.76976143],[0.1321138  2.14770395 0.01331293],[-0.00731342 -1.81259237  0.05126138]
11.29002213,[0.15303165 2.24587536 0.76918597],[0.12900495 2.1450766  0.01404283],[ 0.49169244 -1.85675255  0.12116477]
11.29503107,[0.15121002 2.24441821 0.76821089],[0.12644427 2.14256569 0.01438085],[ 0.05673835 -1.94861031 -0.0837348 ]
11.30001259,[0.14890907 2.24297887 0.76715353],[0.12403698 2.14002956 0.01446944],[ 0.79696916 -1.74466637  0.13840769]
11.30505991,[0.14681399 2.24146459 0.76574798],[0.12163717 2.13745378 0.01430918],[ 0.27900699 -1.72351307  0.00673032]
11.31005454,[0.14507461 2.24013903 0.76375046],[0.11920479 2.13479656 0.01386935],[ 0.18850173 -1.82026178  0.0065303 ]
11.31506014,[0.14309457 2.23862841 0.76194475],[0.11651752 2.13206344 0.01317231],[ 0.17945791 -1.76453717  0.10045072]
11.32000661,[0.14140117 2.23710978 0.75971769],[0.11368257 2.12919988 0.0122047 ],[-0.10366235 -1.84212723  0.03319187]
11.32503033,[0.13949561 2.23544708 0.75729579],[0.11056619 2.12639001 0.0109032 ],[-0.1438089  -1.77262663  0.0650834 ]
11.33005977,[0.13775628 2.23393879 0.75461498],[0.10763786 2.12344231 0.00939263],[ 0.1091635  -1.84569463  0.08558684]
11.33501554,[0.13594132 2.23239577 0.75197732],[0.10490586 2.12051189 0.00763875],[ 0.14105545 -1.72011434  0.07069007]
11.34000778,[0.1337752  2.23080539 0.74906443],[0.1022284  2.11754867 0.0055715 ],[ 0.3099773  -1.34383497  0.15873815]
11.34504175,[0.131312   2.22919101 0.74605455],[0.09973887 2.11439855 0.00309903],[ 0.52482927 -1.41162038  0.15028545]
11.35003138,[0.1290032  2.22768041 0.74263396],[9.72170811e-02 2.11099086e+00 2.07120131e-04],[ 0.38316829 -1.55317172  0.0782994 ]
11.35500836,[0.12700658 2.22647767 0.73796125],[ 0.09450463  2.10732216 -0.00344894],[ 0.17291167 -2.36121871 -0.06930538]
11.360008,[0.12568882 2.22605922 0.73208221],[ 0.09208909  2.10398853 -0.00681603],[ 0.44386468 -3.13247387 -0.16813705]
11.36505699,[0.12422807 2.22592234 0.72554314],[ 0.09025646  2.10255616 -0.00935325],[ 0.24939823 -2.97707399 -0.27653048]
11.37005734,[0.12260201 2.22498965 0.72015681],[ 0.08938566  2.10354297 -0.01067947],[ 0.73946502 -1.09423483  0.08671473]
11.37500691,[0.12144407 2.22365899 0.71547271],[ 0.08882806  2.10542654 -0.0113425 ],[-0.08520391 -0.82654315 -0.31116003]
11.38003349,[0.11962748 2.22253864 0.71057161],[ 0.08938249  2.10765859 -0.01162894],[ 1.32986362 -1.34075296 -0.05493215]
11.38501382,[0.11892498 2.22103549 0.70572335],[ 0.08996602  2.11002391 -0.0113473 ],[ 0.26616433 -0.98949378 -0.33116442]
11.3900218,[0.117625   2.21941101 0.70155399],[ 0.09083954  2.11357411 -0.01064918],[ 0.69917964 -1.02988725 -0.13434375]
11.39501405,[0.11609233 2.2189506  0.69782203],[ 0.09186047  2.11658017 -0.009946  ],[ 1.17805823 -0.65929334 -0.00995055]
11.40001631,[0.11427116 2.21762183 0.69455661],[ 0.09332067  2.1196007  -0.00941042],[1.47363629 0.33039525 0.11228558]
11.40501022,[0.11234731 2.21647685 0.69061233],[ 0.09516664  2.12229019 -0.00962302],[ 1.41274398 -0.06708261  0.04585451]
11.41001058,[0.11116731 2.21606769 0.68634413],[ 0.09708624  2.12482148 -0.01046417],[ 1.28563368 -0.68509553 -0.05766498]
11.41501117,[0.10996688 2.21553142 0.68165172],[ 0.09839204  2.1273197  -0.0115391 ],[0.77965685 0.49463933 0.06231601]
11.42001152,[0.10900414 2.21454885 0.67731184],[ 0.09936778  2.12982677 -0.0128401 ],[0.60966474 0.35239885 0.10604109]
11.4250164,[0.10772426 2.21439742 0.67299023],[ 0.10049719  2.13327349 -0.01408831],[ 0.79628246 -0.17898324 -0.06566919]
11.43001056,[0.10633722 2.21403312 0.6686455 ],[ 0.10151826  2.13655579 -0.01502323],[0.87025455 0.3814673  0.1003627 ]
11.43500829,[0.1048226  2.213545   0.66435134],[ 0.10229057  2.14009572 -0.01565647],[0.63768576 0.37752946 0.07138312]
11.44001484,[0.10341888 2.21318705 0.66062929],[ 0.10256339  2.14400628 -0.0157718 ],[0.50602441 0.65636884 0.21797178]
11.44501162,[0.10214206 2.21268902 0.65704198],[ 0.10251786  2.14807839 -0.01555593],[0.2919995  0.82688656 0.18512379]
11.45001364,[0.10059654 2.21237425 0.65377429],[ 0.1024638   2.15223598 -0.01526857],[0.4464315  0.79873805 0.21431989]
11.45501041,[0.0989685  2.21262722 0.65109781],[ 0.10271689  2.15741516 -0.01464591],[0.45179961 0.77352616 0.17295174]
11.46001267,[0.09756133 2.21258598 0.64802153],[ 0.10320132  2.16186036 -0.01418429],[0.59499628 1.53008939 0.26306939]
11.46500969,[0.09607436 2.21222655 0.64549577],[ 0.1039825   2.16615162 -0.01408392],[0.61452844 1.4508717  0.20178223]
11.47001076,[0.09478974 2.21229032 0.6429873 ],[ 0.10496812  2.17030968 -0.01427034],[0.68138887 1.30332538 0.19986238]
11.4750104,[0.09355133 2.21221538 0.64069679],[ 0.10611081  2.17448545 -0.01456414],[0.62912827 1.71590665 0.19855636]
11.48003101,[0.0922319  2.21220242 0.63849532],[ 0.10754264  2.17862499 -0.0149886 ],[0.71013131 1.86388443 0.20250223]
11.48501253,[0.09106893 2.21234631 0.63625566],[ 0.10932801  2.18265493 -0.0155244 ],[0.85717555 1.73660486 0.17505698]
11.49001884,[0.08990231 2.21280305 0.63421339],[ 0.11166859  2.18754234 -0.01590114],[0.88500283 1.9393134  0.1903595 ]
11.49501324,[0.0886335  2.21305952 0.63226187],[ 0.11350443  2.19172676 -0.01619957],[0.85823751 1.94567629 0.24285617]
11.50001383,[0.0873264  2.21326033 0.6307331 ],[ 0.11513993  2.19599185 -0.01629139],[0.70804345 2.15013748 0.25923117]
11.5050106,[0.08600369 2.21354043 0.62923905],[ 0.11652933  2.200073   -0.01638209],[0.6282878  1.98626256 0.23957718]
11.51001453,[0.08477918 2.21382335 0.62805523],[ 0.11773693  2.20406596 -0.01643899],[0.48389731 2.13558575 0.23765241]
11.51500988,[0.083621   2.21420989 0.6270577 ],[ 0.11877     2.20810879 -0.01633132],[0.31896086 2.37870531 0.19728573]
11.52001572,[0.08246307 2.21463288 0.62681607],[ 0.11991404  2.21277421 -0.01604233],[0.34412909 2.6744542  0.28584592]
11.52501702,[0.08107451 2.21487595 0.62638507],[ 0.12056351  2.21662674 -0.01603644],[0.35770822 2.40561029 0.28391486]
11.53001118,[0.07969384 2.21510582 0.62619934],[ 0.12102661  2.22030211 -0.01613456],[0.22657629 2.48794761 0.2742388 ]
11.53501034,[0.07835098 2.2154092  0.62612794],[ 0.12128225  2.22391207 -0.01616592],[0.05075571 2.48546658 0.18706642]
11.54001164,[0.07684093 2.21567276 0.62623617],[ 0.12143717  2.22753924 -0.01606935],[0.23655771 2.63337997 0.34764999]
11.54500985,[0.07540624 2.21590986 0.62664814],[ 0.12160717  2.2310272  -0.01594839],[0.20056548 2.60710143 0.27679762]
11.55001354,[0.07359299 2.21623326 0.62720288],[ 0.12179229  2.23429329 -0.01586616],[0.39972182 2.26415667 0.31163286]
11.55501461,[0.07199513 2.21705914 0.62793488],[ 0.12235274  2.23772461 -0.01583017],[0.37986939 2.23747814 0.24485802]
11.56001854,[0.07058814 2.21726986 0.6289705 ],[ 0.12276653  2.24045511 -0.01568018],[0.30182694 2.23936267 0.15720126]
11.56501222,[0.06896698 2.21729471 0.63042533],[ 0.1231477   2.24284485 -0.01553453],[0.38744936 2.21851944 0.22523207]
11.57001472,[0.06766637 2.21728648 0.63175624],[ 0.12349697  2.24495439 -0.01536119],[0.16926478 1.92247146 0.01074234]
11.57501197,[0.06575776 2.21730318 0.63336951],[ 0.12380036  2.24685613 -0.01514073],[0.59907753 2.17679132 0.26484687]
11.58002663,[0.0640454  2.21718705 0.63523384],[ 0.12405619  2.24843413 -0.0149714 ],[0.32837282 1.8134791  0.08247119]
11.58501339,[0.06232018 2.21717704 0.63709292],[ 0.12395837  2.24945975 -0.01502045],[0.45876541 1.65045371 0.18432124]
11.59001708,[0.06067674 2.21740216 0.63920548],[ 0.12382137  2.25051067 -0.01506458],[0.13689316 1.73581383 0.06322735]
11.5950129,[0.05856962 2.21718868 0.64124008],[ 0.12322111  2.25100412 -0.01506814],[0.45066674 1.58024586 0.20492748]
11.60001445,[0.05645118 2.2169981  0.64335832],[ 0.12256191  2.2512332  -0.01498914],[0.35766478 1.05150465 0.03725487]
11.60501194,[0.05394428 2.21684439 0.64591731],[ 0.12166728  2.25112726 -0.01476588],[0.60942587 1.29979024 0.23328173]
11.6100111,[0.05159155 2.21626749 0.64864429],[ 0.12061321  2.25068503 -0.01438317],[0.1425902  1.18202207 0.03945641]
11.61501169,[0.04799103 2.21586868 0.65168018],[ 0.11928963  2.24986114 -0.01401866],[1.27114574 0.71040577 0.53940409]
11.62000918,[0.04452798 2.21565514 0.65460099],[ 0.11796135  2.24845091 -0.01372742],[0.74699928 0.74937236 0.22356423]
11.62500858,[0.04092347 2.21559614 0.65754956],[ 0.11694829  2.24641715 -0.01349656],[1.11809127 0.79344084 0.42414406]
11.6300149,[0.03687507 2.21522758 0.66063544],[ 0.11612142  2.24371075 -0.01318129],[0.80389861 0.54171735 0.18958367]
11.6350143,[0.03356659 2.21479934 0.66386348],[ 0.11516366  2.24040963 -0.0129291 ],[0.92992239 0.13126998 0.26939393]
11.64001274,[0.03018942 2.21428902 0.66711956],[ 0.11427307  2.23652651 -0.01286461],[0.65885309 0.11053542 0.05541336]
11.64501405,[0.02665029 2.21370658 0.67049661],[ 0.11363202  2.23210028 -0.01285035],[1.3077175  0.08183871 0.28843252]
11.65001345,[0.02361821 2.2130664  0.67396428],[ 0.11349542  2.22714065 -0.01275501],[ 1.16428436 -0.3343328   0.02629643]
11.65502143,[0.02312853 2.21199207 0.67831523],[ 0.11390134  2.22120341 -0.01263983],[-0.39399536 -0.2409236  -0.55386311]
11.66000938,[0.02186412 2.21005843 0.68281056],[ 0.11379775  2.21555921 -0.01264156],[-0.11733963  0.28111608 -0.33324047]
11.66500711,[0.02044074 2.20751047 0.68809179],[ 0.11341523  2.20972361 -0.0131983 ],[-0.26328847 -0.22299723 -0.49593541]
11.67000818,[0.01897976 2.20649274 0.69209402],[ 0.11275542  2.20374868 -0.01414989],[ 0.48736762 -1.02159047 -0.39538124]
11.67501116,[0.01721069 2.20545512 0.69624573],[ 0.11163434  2.1979171  -0.01494995],[ 0.07352804 -0.9688237  -0.4811355 ]
11.68002987,[0.01548173 2.2039214  0.70075673],[ 0.10994953  2.19221484 -0.01549171],[ 0.21338254 -0.78896987 -0.18392708]
11.68501043,[0.01389904 2.20202391 0.70524672],[ 0.10782931  2.18660646 -0.01584094],[-0.1262396  -1.1490542  -0.41298959]
11.69001627,[0.01247266 2.20101581 0.71014509],[ 0.10530743  2.18069834 -0.01599599],[ 0.0775296  -1.03968919 -0.30960881]
11.69501424,[0.00915514 2.19952577 0.71521667],[ 0.1023763   2.17531541 -0.01586627],[ 0.65592803 -0.99241365 -0.04648824]
11.70001578,[0.00578052 2.19807781 0.72066737],[ 0.09883394  2.16973917 -0.01559802],[ 0.38346923 -1.00118559  0.02345374]
11.70501113,[0.00277359 2.19642424 0.72642023],[ 0.09472683  2.16387592 -0.01525158],[ 0.01267674 -0.86132501  0.06560738]
11.71001482,[6.62560055e-06 2.19416640e+00 7.32585902e-01],[ 0.09019521  2.15769641 -0.01498707],[-0.32465938 -0.7150704   0.01980073]
11.71500945,[-0.00406222  2.19134209  0.7396869 ],[ 0.08539477  2.15122524 -0.0147614 ],[ 0.36210259 -1.02991589  0.15425619]
11.72001696,[-0.00784348  2.18948925  0.74607416],[ 0.08053602  2.14444171 -0.01440711],[ 0.23774152 -1.15658241  0.0726772 ]
11.72501397,[-0.01170423  2.18828487  0.75257724],[ 0.07533961  2.13712059 -0.01394901],[ 0.2185381  -1.2681045   0.05322189]
11.73001361,[-0.01546427  2.18642162  0.75935958],[ 0.07036086  2.1295831  -0.01354374],[ 0.12185684 -0.9213333   0.14324703]
11.73501253,[-0.01937527  2.18359785  0.766278  ],[ 0.06506974  2.12158315 -0.01316358],[-0.1157032  -0.05836091  0.31439095]
11.74001408,[-0.02315423  2.18131647  0.77326698],[ 0.05965252  2.1130309  -0.01270949],[-0.07371239 -0.82683511  0.15320825]
11.74500942,[-0.02697433  2.17936692  0.78037134],[ 0.05450821  2.10390513 -0.01200994],[ 0.29095884 -1.4674199   0.01856753]
11.75000978,[-0.03027646  2.17758259  0.78722389],[ 0.04954472  2.09422481 -0.01118396],[ 0.24785414 -1.09738584  0.03555433]
11.75500989,[-0.03465921  2.17542705  0.79432432],[ 0.04424242  2.0840788  -0.0102934 ],[ 0.55130274 -0.60471731  0.30231251]
11.7600069,[-0.03939313  2.17482302  0.80156753],[ 0.03811576  2.07314902 -0.00900765],[ 0.40908614 -0.55725407  0.31890116]
11.7650075,[-0.044061    2.17298871  0.80896677],[ 0.03234837  2.06185053 -0.00772019],[ 0.53556609 -0.71597215  0.36491859]
11.77000594,[-0.04885987  2.16949086  0.817824  ],[ 0.02665099  2.04974146 -0.00661542],[ 0.40464056 -1.52652285  0.16037839]
11.77501082,[-0.05380055  2.1690649   0.82500014],[ 0.02111891  2.03747598 -0.00534701],[ 1.18940988 -1.16120748  0.23573617]
11.78003263,[-0.05865281  2.16765002  0.83239892],[ 0.01518318  2.02493399 -0.00407528],[-0.0983157   0.35079418  0.54620771]
11.7850194,[-0.06265376  2.1672844   0.83875404],[ 0.00900213  2.0115171  -0.00343134],[-0.13802089 -1.51116153  0.47768667]
11.7900269,[-0.06576495  2.16998049  0.84417146],[ 0.00214411  1.99734039 -0.00276716],[-0.47881614 -1.13201339  0.57017542]
11.795017,[-0.06850716  2.1698654   0.84841917],[-3.76876886e-03  1.98451046e+00 -1.60282512e-03],[-0.75719456 -2.15087694  0.14932785]
11.80004263,[-0.06959754  2.17296948  0.85003536],[-1.06329280e-02  1.97259278e+00 -2.49579437e-04],[-1.80559431 -5.61883957  0.19637901]
11.80500984,[-0.07040988  2.17967599  0.85082833],[-0.01790165  1.96309866  0.00240893],[-0.33503523 -7.5959476  -0.47692463]
11.81000853,[-0.07516451  2.18385728  0.85282567],[-0.02322692  1.95807557  0.00692955],[ 2.01288553 -2.62395637 -0.64053888]
11.81504178,[-0.07893712  2.18533088  0.855644  ],[-0.02877075  1.95537801  0.01154899],[-0.58137894 -2.0999921   0.20426794]
11.82000947,[-0.08176121  2.18946762  0.8575008 ],[-0.03578193  1.95344625  0.01571425],[-0.04519264 -5.44352815  0.14122725]
11.82501507,[-0.08415401  2.19262886  0.85986976],[-0.04332106  1.95297674  0.02026913],[-1.0471285  -3.6470091   0.84052519]
11.83005619,[-0.08565027  2.19308957  0.86314448],[-0.05063421  1.95405356  0.02509103],[-2.22996581 -1.13084819  1.43389223]
11.8350091,[-0.08761708  2.19315992  0.86694959],[-0.05840142  1.95639763  0.02983146],[-2.11407049 -1.45295344  0.99260776]
11.84004831,[-0.09247838  2.19295897  0.87148902],[-0.06508301  1.96024868  0.03515832],[1.05992492 1.0277594  0.89809085]
11.84500599,[-0.09883045  2.19182237  0.8759902 ],[-0.07103855  1.9643058   0.04069551],[0.53854437 1.69305706 0.87894564]
11.85001302,[-0.10345495  2.19102335  0.88009058],[-0.0765656   1.96802625  0.0460489 ],[-0.09758786  0.42834128  0.61199322]
11.85504103,[-0.10813148  2.18905203  0.8849267 ],[-0.08261128  1.97191166  0.05146462],[ 0.05087177 -0.10285084  0.49286138]
11.86000633,[-0.11318452  2.18887174  0.88863106],[-0.08806988  1.97572408  0.05680362],[0.63821519 0.46365678 0.28578504]
11.86500597,[-0.11782177  2.18806855  0.89202049],[-0.09359176  1.97934779  0.06190047],[-0.6435878   0.97876202  0.84834153]
11.87000728,[-0.12193493  2.18812094  0.89422166],[-0.09964276  1.98249906  0.06653392],[-1.0027245   0.36982469  0.79233222]
11.87505078,[-0.12475385  2.1878645   0.89710161],[-0.10591707  1.98530204  0.07094806],[-1.05966334 -0.36040982  0.73816801]
11.88002396,[-0.1283636   2.18742678  0.90020517],[-0.1129338   1.98799554  0.07524294],[-0.9025816   0.32502681  0.99736734]
11.88501501,[-0.13163702  2.18650892  0.90275688],[-0.11952928  1.99048272  0.07920135],[-1.79706607  0.84182877  0.98755414]
11.89001822,[-0.13510709  2.18454918  0.9054912 ],[-0.12649865  1.99317131  0.08269382],[-0.91505955  0.80270428  0.95995618]
11.89501834,[-0.139271    2.18427517  0.90739295],[-0.13294033  1.99524481  0.08586525],[-0.349859    0.00718751  0.68900968]
11.90000844,[-0.14335035  2.18381968  0.90931866],[-0.13907071  1.99723143  0.08875931],[-0.39641245  0.49374427  0.69587534]
11.90501046,[-0.14759368  2.18292593  0.910941  ],[-0.14508455  1.99889042  0.09122584],[-0.37924101  0.7907523   0.69210443]
11.91001058,[-0.15168257  2.18242475  0.91213337],[-0.15106996  2.00017263  0.09310928],[-0.59529542  0.60295482  0.6452705 ]
11.915066,[-0.15605437  2.18226108  0.91279021],[-0.15732945  2.0010478   0.09461655],[-0.35849595  0.02956685  0.70437915]
11.92006016,[-0.15916122  2.18233322  0.9123819 ],[-0.16397704  2.00201383  0.09544016],[-1.60251139 -0.45185549  0.61887794]
11.92502236,[-0.16160448  2.18239215  0.91216906],[-0.17095038  2.00263312  0.09643327],[-2.77893147 -0.47368002  0.59809078]
11.93005419,[-0.16567074  2.18254511  0.91162482],[-0.17702908  2.0038816   0.09719347],[ 0.30253291 -0.27091156  0.54304557]
11.93506098,[-0.1690888   2.18269481  0.91099046],[-0.18341152  2.00531803  0.0978596 ],[-1.01123792 -0.52477066  0.55928536]
11.94001126,[-0.17345017  2.18290948  0.91027048],[-0.18974907  2.00693218  0.09834052],[-0.2504702  -0.33472612  0.65937463]
11.94501233,[-0.17751445  2.18297026  0.90927024],[-0.19629059  2.00862745  0.09865247],[-0.57639933 -0.11017045  0.57866856]
11.95001459,[-0.18138229  2.18276105  0.90811469],[-0.20283987  2.0103718   0.09875438],[-0.58483796  0.09531675  0.71409707]
11.95501924,[-0.18529086  2.18208796  0.90640702],[-0.20984733  2.01250884  0.09815396],[-0.8688701   0.1412665   0.58670432]
11.96001101,[-0.1893285   2.18187216  0.90474369],[-0.21616198  2.01434565  0.0977668 ],[-0.62042538  0.23192039  0.65911758]
11.9650147,[-0.19347845  2.18146894  0.90305705],[-0.22263321  2.01611951  0.09715201],[-0.56065642  0.34750552  0.68042425]
11.97001243,[-0.19738204  2.1815913   0.90060311],[-0.22912594  2.01769476  0.09623152],[-0.89905242  0.04786037  0.62371961]
11.97504592,[-0.20104892  2.18131725  0.89831912],[-0.23575647  2.01906008  0.09504851],[-0.98178857  0.1643091   0.65958521]
11.98007035,[-0.20461112  2.18104484  0.89568571],[-0.24231663  2.02028712  0.09360547],[-0.93138586  0.23995573  0.65366088]
11.98502326,[-0.20851679  2.18072364  0.89287024],[-0.24909341  2.02139046  0.09187437],[-0.93308382  0.31471049  0.71362151]
11.99002337,[-0.21201615  2.18043573  0.88911379],[-0.25628372  2.02266008  0.08925635],[-1.14284926 -0.10002724  0.6047576 ]
11.99504805,[-0.21567857  2.18048508  0.88588275],[-0.26298261  2.02359827  0.08702147],[-0.74905316 -0.05231646  0.65058602]
12.0000608,[-0.2197976   2.18055548  0.88241349],[-0.26969897  2.02453404  0.08450483],[-0.59134427  0.11001158  0.65483962]
12.0050106,[-0.22371748  2.18008287  0.87890279],[-0.27621645  2.0253693   0.08163436],[-0.92930148  0.77625274  0.68768895]
12.01005268,[-0.22765744  2.17991687  0.8748913 ],[-0.28276325  2.02594563  0.07820897],[-0.62927889  0.09417535  0.6169129 ]
12.01501393,[-0.2317806   2.17983792  0.87063477],[-0.28929832  2.02629993  0.07438613],[-0.58857076  0.08438617  0.61693944]
12.02001381,[-0.23582687  2.17954675  0.86619364],[-0.29576833  2.02653115  0.07022046],[-0.54459912  0.44126772  0.66617683]
12.02501655,[-0.2398087   2.17936888  0.86055046],[-0.3026013   2.02673386  0.06489968],[-0.89652324  0.19788576  0.57169239]
12.03001547,[-0.24385739  2.17934982  0.85541194],[-0.30927894  2.02669531  0.06004417],[-0.66331579  0.0746497   0.63555201]
12.03505087,[-0.24759183  2.1794266   0.85015103],[-0.31590461  2.02648405  0.05503949],[-0.73180364  0.04964146  0.64010927]
12.04000044,[-0.25120641  2.17919781  0.84471815],[-0.32258513  2.02619909  0.04968751],[-0.96962902  0.41555214  0.63717722]
12.04503489,[-0.2551829   2.17898892  0.83897495],[-0.32937646  2.02572197  0.04391866],[-0.79597213  0.39998669  0.69206293]
12.05000043,[-0.25919763  2.17879552  0.83308427],[-0.33609939  2.02507722  0.03776824],[-0.52591409  0.14728791  0.67006673]
12.0550046,[-0.26360218  2.17870904  0.82566445],[-0.3431596   2.02424787  0.03021053],[-0.43656894  0.19031738  0.71850712]
12.06004286,[-0.26823612  2.17862049  0.81892845],[-0.34980834  2.02328207  0.0234476 ],[-0.67212503  0.09595964  0.67552369]
12.06500363,[-0.27225843  2.17865669  0.81183842],[-0.35634487  2.02226138  0.01643208],[-0.73079816 -0.06275276  0.58830802]
12.06999898,[-0.27687743  2.17873568  0.80465669],[-0.36273584  2.02141111  0.00930278],[-0.27953498 -0.06983719  0.68420222]
12.07504606,[-0.2808603   2.17904148  0.79708003],[-0.368978    2.02067512  0.00207617],[-0.79802948 -0.2412363   0.55748312]
12.08001447,[-0.2849      2.18094205  0.78737939],[-0.37509711  2.0201262  -0.00538976],[-0.50553426 -2.60428935  0.28765392]
12.08502531,[-0.28921088  2.18321643  0.77660566],[-0.38146977  2.02165743 -0.01179456],[-1.40677592 -1.4659902   0.66622965]
12.09001255,[-0.29510347  2.18457142  0.76614749],[-0.38595352  2.02695655 -0.01710139],[ 2.39874946 -1.59577827  0.25249129]
12.09501266,[-0.299093    2.18590951  0.75710524],[-0.38940379  2.03392876 -0.01962171],[-0.02760634 -1.00383456 -0.12131698]
12.10000134,[-0.30288165  2.18682874  0.74802442],[-0.39116844  2.04172553 -0.02044981],[ 0.88467894 -1.81541977 -0.15763548]
12.10504365,[-0.30590445  2.18702209  0.74023   ],[-0.3929347  2.0497661 -0.0189043],[ 0.13519573 -1.42264647 -0.11492938]
12.11003208,[-0.30732269  2.186952    0.73335556],[-0.39301944  2.05856641 -0.01605437],[ 0.86043932 -1.71767626 -0.60435114]
12.11500311,[-0.31110374  2.18700384  0.72823905],[-0.39124442  2.06775393 -0.01278953],[ 2.84757728 -1.21535885 -0.08006359]
12.12003922,[-0.31385801  2.18757376  0.72218852],[-0.38765698  2.07682729 -0.00976587],[ 2.12955188  0.17802815 -0.55050533]
12.12500787,[-0.31574998  2.18575512  0.71872775],[-0.38250089  2.08598003 -0.00729223],[ 2.21018002  0.21309749 -0.17943499]
12.13000679,[-0.31687703  2.18569972  0.7138367 ],[-0.37923813  2.09247423 -0.00677959],[ 1.44779694 -0.13911297 -0.35984403]
12.13500929,[-0.31810042  2.1859591   0.70888326],[-0.37659395  2.0981469  -0.0073796 ],[ 1.50944466  0.19974319 -0.14785741]
12.14000607,[-0.31950791  2.18562614  0.70370108],[-0.37391898  2.10363939 -0.00899733],[ 1.61835466  0.84837394 -0.2113452 ]
12.14504838,[-0.32151674  2.18605389  0.69777594],[-0.3714922   2.10881175 -0.0115485 ],[ 1.87315088 -0.0074066  -0.14960437]
12.15002108,[-0.32413799  2.18694712  0.69133829],[-0.3695142   2.11402352 -0.01453263],[ 1.82348204  0.00468591 -0.14911819]
12.15501952,[-0.32639508  2.1879111   0.68444954],[-0.3679144  2.1195992 -0.017421 ],[1.20698446 0.10900301 0.01069038]
12.16001678,[-0.32912601  2.18892106  0.67743381],[-0.36892056  2.12503113 -0.01915967],[ 0.62829099 -0.49896879  0.04431101]
12.1650126,[-0.33203491  2.19012567  0.67104611],[-0.37092367  2.13097584 -0.01966769],[ 0.53869057 -0.002154    0.25538509]
12.17001128,[-0.33474585  2.19072764  0.66513831],[-0.37344551  2.13741344 -0.01909588],[0.24764491 0.52184923 0.16795406]
12.17500901,[-0.33807816  2.19244051  0.65911362],[-0.37598287  2.1443432  -0.01783881],[0.46878069 0.34107429 0.27718755]
12.18004179,[-0.34111053  2.19335962  0.65553984],[-0.37843263  2.15160553 -0.01613239],[0.36004239 1.43966606 0.29464394]
12.18501616,[-0.34392474  2.19333893  0.65182761],[-0.38072196  2.15842301 -0.01489885],[0.37283646 1.61866759 0.35554563]
12.19001555,[-0.34643392  2.19411653  0.64846065],[-0.38216951  2.16558321 -0.01414678],[0.34515983 1.06519456 0.16955855]
12.19501281,[-0.34889859  2.19511303  0.64527281],[-0.38357053  2.1720563  -0.01416397],[0.62846463 1.86729781 0.29446968]
12.20003986,[-0.3513674   2.19566331  0.64195728],[-0.38400197  2.17857506 -0.01479651],[0.95457756 2.24226708 0.23314395]
12.20501018,[-0.35399912  2.1968777   0.63829876],[-0.3833638   2.18493305 -0.0161791 ],[1.47653361 1.45945251 0.19727335]
12.21005678,[-0.35615015  2.19847163  0.63457618],[-0.38200516  2.19135327 -0.01771542],[1.29186578 1.35127676 0.00461643]
12.21500635,[-0.35826817  2.19957078  0.63092374],[-0.38043167  2.19780836 -0.01888829],[1.36224815 1.99109583 0.16941118]
12.22004962,[-0.36027277  2.20082157  0.62762157],[-0.37878368  2.2044899  -0.01957275],[1.35137929 1.68756757 0.07212815]
12.22501373,[-0.36212249  2.20252134  0.62424692],[-0.37610034  2.21162182 -0.01987502],[1.35071687 1.66353691 0.08556977]
12.23005652,[-0.36421005  2.20357938  0.62184003],[-0.37431463  2.21838318 -0.01959757],[1.15903536 1.95042054 0.01492989]
12.23505998,[-0.36631397  2.20497757  0.62008426],[-0.37284545  2.22503777 -0.01890503],[1.28463241 1.91370545 0.1577386 ]
12.24000931,[-0.36830898  2.20614041  0.61910232],[-0.37190835  2.23152258 -0.01796098],[0.88770263 2.57159397 0.19418285]
12.24501157,[-0.37044657  2.20689558  0.61843428],[-0.37173301  2.23742469 -0.01734843],[0.6682608  2.70574125 0.32305054]
12.25005984,[-0.37248771  2.20787147  0.61784003],[-0.37225229  2.24266086 -0.01725028],[0.36031788 2.55579592 0.29333768]
12.25500894,[-0.37359683  2.20883774  0.61713103],[-0.37255205  2.24754824 -0.01758162],[0.03200594 2.62698005 0.15584185]
12.2600081,[-0.37558744  2.20981963  0.61663351],[-0.37375393  2.25213835 -0.01802164],[0.33263816 2.33095756 0.33126433]
12.26500845,[-0.37763472  2.21078099  0.61626292],[-0.37523727  2.25628665 -0.01842209],[0.16085225 2.15847836 0.23393075]
12.27004385,[-0.37960652  2.21160131  0.61609168],[-0.37695877  2.26030606 -0.01845513],[0.18557895 2.01752423 0.25491299]
12.27500486,[-0.38215265  2.21219892  0.61626667],[-0.37857501  2.26428762 -0.01819474],[0.49428196 1.97359939 0.36969104]
12.28003812,[-0.38439188  2.21282212  0.61701443],[-0.38008709  2.26792805 -0.01780311],[0.34473708 1.74461306 0.22235932]
12.28501105,[-0.38683275  2.21333627  0.61796804],[-0.38145413  2.2710557  -0.01743642],[0.47745186 1.79747021 0.32370455]
12.29001379,[-0.38880959  2.21373704  0.61928665],[-0.38199386  2.27391054 -0.01700228],[0.30579399 1.86239401 0.10358089]
12.29501534,[-0.39115279  2.21402926  0.62080934],[-0.38256601  2.27638907 -0.01659594],[0.78195204 1.53302227 0.1693895 ]
12.3000145,[-0.39353541  2.21415526  0.62251058],[-0.38251887  2.2784706  -0.01643051],[0.84193929 1.3382843  0.0825367 ]
12.3050108,[-0.39573874  2.21427104  0.62430611],[-0.38243171  2.27984151 -0.0164578 ],[0.94082159 1.00046213 0.12999958]
12.3100121,[-0.39769423  2.21434012  0.62631032],[-0.3823932   2.28071463 -0.0164372 ],[0.70686997 0.76084907 0.01013422]
12.31505799,[-0.39967181  2.21418118  0.62852314],[-0.38241682  2.28115715 -0.01638349],[0.73600608 0.8400846  0.03946427]
12.32005978,[-0.4017153   2.21376194  0.63124535],[-0.38242163  2.28118586 -0.01632613],[ 0.66946764  0.5348449  -0.06987592]
12.32506108,[-0.40363838  2.21384181  0.63363712],[-0.38184327  2.2804894  -0.016335  ],[ 0.69734459  0.32899112 -0.06746669]
12.33001208,[-0.40570509  2.21326608  0.63647551],[-0.38199718  2.27976446 -0.01604763],[ 0.54446691  0.37173648 -0.13201756]
12.33505368,[-0.4087869   2.21266241  0.63934431],[-0.38247494  2.27862876 -0.01570814],[1.23671393 0.16716226 0.26532145]
12.34001374,[-0.4120437   2.21203106  0.64248494],[-0.38329454  2.27691445 -0.01534234],[0.72362849 0.00636225 0.04210486]
12.34505439,[-0.41536595  2.21112707  0.64584833],[-0.38421459  2.27455293 -0.01493532],[0.96962306 0.20623178 0.23732748]
12.35001516,[-0.41856607  2.21015497  0.64935184],[-0.38500256  2.2716086  -0.01455923],[ 0.80790634 -0.11812553  0.09045955]
12.35505104,[-0.42231222  2.20956685  0.65273281],[-0.38522138  2.26745477 -0.01435673],[ 1.29731109 -0.72210598  0.30558288]
12.36001229,[-0.42635736  2.20865359  0.65617576],[-0.38615097  2.26329748 -0.01415615],[ 1.11943797 -0.8755084   0.117857  ]
12.36504889,[-0.43034551  2.20760167  0.65987022],[-0.38681073  2.25855083 -0.01383116],[ 1.47623494 -0.52198341  0.38320428]
12.37001085,[-0.43389079  2.20643516  0.6637677 ],[-0.38695657  2.25331082 -0.01341376],[ 1.11333424 -0.85274176  0.03686253]
12.37501502,[-0.43606458  2.20501067  0.66815747],[-0.38675554  2.24750875 -0.01298867],[ 0.31492066 -0.78115237 -0.30793764]
12.38003683,[-0.43741836  2.2027155   0.67356123],[-0.38633946  2.24135143 -0.01285421],[ 0.15009099 -0.66065823 -0.41196318]
12.3850162,[-0.43907106  2.20121385  0.67802409],[-0.38568984  2.23501647 -0.01321504],[ 0.57218667 -1.20789115 -0.47866261]
12.39002395,[-0.44069151  2.20020546  0.68217837],[-0.38393397  2.22744501 -0.01396275],[ 0.99029531 -1.50208344 -0.37844223]
12.39501452,[-0.44180745  2.19828879  0.68656102],[-0.38308765  2.22067491 -0.01444088],[ 0.16426249 -1.15863661 -0.5892821 ]
12.40002179,[-0.44220833  2.19649517  0.69136105],[-0.38241193  2.21382417 -0.01469171],[ 0.09168339 -1.0015863  -0.50569029]
12.40504599,[-0.44256939  2.19489325  0.69625263],[-0.38207836  2.20706676 -0.01482648],[-0.20060478 -1.62974179 -0.79007018]
12.41005111,[-0.44309212  2.19315305  0.70126247],[-0.38216015  2.20042613 -0.01493051],[-0.1266214  -1.37987319 -0.61780338]
12.41504812,[-0.44504269  2.19100755  0.70616144],[-0.38292465  2.19375389 -0.01496613],[ 0.58272433 -1.08518074 -0.20229494]
12.4200201,[-0.44743091  2.18873092  0.7111647 ],[-0.38431137  2.18712751 -0.01466537],[ 0.41779816 -1.29279195 -0.12615954]
12.42501521,[-0.44859025  2.18715329  0.71669825],[-0.38579796  2.1796031  -0.01402642],[-0.17188009 -1.47326012 -0.27901907]
12.43001032,[-0.45047517  2.18384882  0.72340961],[-0.38821716  2.17261915 -0.01340752],[-0.28954675 -1.0010968  -0.15301106]
12.43500686,[-0.45335617  2.18108826  0.72937438],[-0.39127926  2.16540475 -0.01291348],[ 0.00067286 -0.34572237  0.24548089]
12.44000745,[-0.45597305  2.1782799   0.7356761 ],[-0.39487672  2.15787254 -0.01233961],[-0.21848489 -0.5039172   0.1905969 ]
12.44501066,[-0.4590554   2.17578479  0.74166616],[-0.39851516  2.14988817 -0.01189378],[ 0.04220562 -0.73796406  0.26189247]
12.45000935,[-0.4621196   2.17367967  0.74769382],[-0.40201495  2.14144731 -0.01171943],[-0.11801797 -1.23711779  0.09436823]
12.45500994,[-0.4655915   2.1717525   0.75365574],[-0.40572588  2.1319864  -0.01153416],[ 0.07089069 -0.05302712  0.49565722]
12.46000934,[-0.46947558  2.16864603  0.75989196],[-0.40982886  2.12265727 -0.01122022],[0.09784211 0.01986378 0.56090483]
12.46500731,[-0.47338621  2.166392    0.7659391 ],[-0.41340976  2.11269356 -0.01079734],[ 0.50080594 -0.6694198   0.44253068]
12.47000742,[-0.47686348  2.16429693  0.77165775],[-0.41632712  2.10209146 -0.01027933],[ 0.44324254 -1.05025772  0.25131709]
12.4750073,[-0.48089763  2.16232012  0.77784149],[-0.41872056  2.09119272 -0.00958126],[ 0.69809274 -0.35010839  0.41210818]
12.48002458,[-0.48454757  2.15996118  0.78458582],[-0.42111906  2.07987555 -0.00865871],[0.02411873 0.38424575 0.44885211]
12.48501277,[-0.48776505  2.15589597  0.7923058 ],[-0.42307205  2.06761477 -0.0080167 ],[ 0.22395166 -0.42258635  0.38287693]
12.49001932,[-0.49006934  2.15632262  0.79748716],[-0.42456374  2.05402209 -0.00765649],[ 0.12634552 -1.09091819  0.30331318]
12.49501181,[-0.49201057  2.15625251  0.80225318],[-0.42624206  2.04121765 -0.00690601],[-0.44986698 -2.26093173 -0.02702588]
12.50001097,[-0.4937375   2.15681489  0.80666354],[-0.42821503  2.02901443 -0.00582752],[-0.86865586 -1.83946589  0.03797621]
12.50501013,[-0.49684468  2.15689995  0.81123697],[-0.43023365  2.01850897 -0.00429413],[-0.04932942  0.06124162  0.32795735]
12.5100131,[-0.49960643  2.15627103  0.81612267],[-0.43304072  2.0086802  -0.00253089],[-0.23886676 -0.67501545  0.34011519]
12.5150106,[-0.50324523  2.15619009  0.81951547],[-4.35845630e-01  1.99901072e+00 -8.25929346e-04],[ 0.60687677 -1.16520674  0.00784397]
12.52001595,[-0.50665061  2.15851497  0.82049644],[-4.37902114e-01  1.99035277e+00  9.93694891e-04],[ 1.24767831 -4.41462445 -0.97804977]
12.52501225,[-0.50986637  2.16394163  0.82042466],[-0.44102787  1.98253222  0.00338885],[ 0.86894527 -5.41553954 -0.68645496]
12.53001237,[-0.51369404  2.16596775  0.82180531],[-0.44487491  1.97846986  0.00698631],[ 0.32475918 -1.35720861  0.17880268]
12.53501177,[-0.51610082  2.16685162  0.82406793],[-0.45031698  1.97609966  0.01073876],[-0.90205763 -2.2685037   0.48032348]
12.5400126,[-0.51850803  2.16808411  0.82649068],[-0.45715677  1.97421745  0.01438006],[-1.0132985  -2.87474901  0.73071296]
12.54500985,[-0.52096244  2.16855443  0.82907233],[-0.46394649  1.97338669  0.01826094],[-0.96618148 -1.51643306  0.98424019]
12.55002046,[-0.5235097   2.16780104  0.83173786],[-0.4706541   1.9736345   0.02219269],[-0.81136646 -0.59803968  0.85409866]
12.55501199,[-0.52481752  2.16585287  0.83517923],[-0.47705197  1.97471959  0.02626715],[-0.78185902 -0.46511463  0.3319412 ]
12.56001449,[-0.52978957  2.16464613  0.83836173],[-0.4821969   1.97741523  0.03035433],[1.95392826 0.09541742 0.27366375]
12.56501317,[-0.535396    2.16282291  0.84150604],[-0.486689    1.98032153  0.03438988],[1.16403185 0.58611766 0.14452268]
12.57001638,[-0.5391659   2.16107066  0.8442166 ],[-0.49119865  1.98262519  0.03799183],[0.20019538 0.56432566 0.33325641]
12.57501411,[-0.54250404  2.15985867  0.84615748],[-0.49671626  1.9837522   0.04110514],[-0.41603727 -0.1958829   0.61994236]
12.58003187,[-0.5448914   2.16035588  0.84661868],[-0.50243552  1.98459274  0.04401587],[-1.19291441 -1.40495397  0.34513125]
12.58501387,[-0.54686303  2.15991223  0.84783574],[-0.50953204  1.98518689  0.04704305],[-0.96785219 -0.76998634  0.89866904]
12.59002304,[-0.54814336  2.15801967  0.84926442],[-0.51619313  1.98654841  0.05006798],[-1.50066137 -0.04972498  0.54255479]
12.59501576,[-0.55044332  2.15731745  0.85041385],[-0.52242572  1.98860213  0.05319024],[-0.64115376 -0.33544563  0.63735069]
12.60001516,[-0.55467098  2.15592457  0.85207304],[-0.52861057  1.99090451  0.05625584],[0.53335637 0.45463963 0.71786943]
12.60501027,[-0.55768814  2.15410806  0.85368212],[-0.53391656  1.99324975  0.0589923 ],[-0.61481812  0.75836164  0.33470135]
12.61001134,[-0.56153326  2.15243414  0.85468291],[-0.5392494   1.99472303  0.06104704],[0.2916214  0.3765369  0.60607763]
12.61501503,[-0.56522351  2.15128174  0.85481586],[-0.54432371  1.9955589   0.0624986 ],[ 0.00485514 -0.18096807  0.30708007]
12.6200161,[-0.5675929   2.15069869  0.85431474],[-0.54966178  1.99590657  0.06361039],[-1.13099487 -0.8916453   0.30990405]
12.62501431,[-0.56997778  2.14960131  0.85344363],[-0.55513595  1.99646708  0.06427274],[-0.61619673 -0.65086368  0.40232937]
12.63001442,[-0.5724412   2.1493769   0.85201978],[-0.56099876  1.99714179  0.06517357],[-1.0809155  -0.51634604  0.4226871 ]
12.63501525,[-0.57535827  2.14847684  0.85112209],[-0.56700887  1.99802156  0.06597065],[-0.77254974 -0.3433944   0.62021691]
12.64001393,[-0.57852746  2.14745423  0.85016565],[-0.57304272  1.9989125   0.06658634],[-0.57366961 -0.06892034  0.63707054]
12.64501381,[-0.58105327  2.1465631   0.84895416],[-0.57879162  1.99979156  0.06692946],[-0.51018307 -0.21234945  0.51644074]
12.65000987,[-0.58439848  2.14541416  0.84748163],[-0.5845128   2.00049598  0.06694412],[-0.21645823 -0.04442684  0.53725605]
12.65501308,[-0.58758891  2.14419644  0.84565377],[-0.58994149  2.00106912  0.06655615],[-0.60652102 -0.02804906  0.39923555]
12.66001415,[-0.59063313  2.14275468  0.84298713],[-0.59518642  2.00173252  0.06537896],[-0.47263115 -0.09625371  0.41476796]
12.66501474,[-0.59368392  2.14208949  0.84033731],[-0.60047908  2.00224998  0.06442229],[-0.37258358 -0.55344366  0.38119813]
12.67000937,[-0.59682925  2.14141855  0.83761503],[-0.60589281  2.00282929  0.06340628],[-0.5444179  -0.54378373  0.39665966]
12.67501354,[-0.59927263  2.14054885  0.83455033],[-0.61146117  2.00344348  0.06225181],[-0.73445924 -0.36611131  0.39406121]
12.68002534,[-0.60234139  2.13957878  0.83122041],[-0.61722503  2.00390518  0.0608739 ],[-0.66566223 -0.1545028   0.5407744 ]
12.68501377,[-0.60533267  2.13934636  0.82709151],[-0.62313934  2.00431977  0.05929633],[-0.66285931 -0.52119032  0.52288347]
12.69001961,[-0.60843863  2.13855536  0.82273507],[-0.62911543  2.00497118  0.05697691],[-0.73999705 -0.51439026  0.49047306]
12.69501805,[-0.61214543  2.13786903  0.81870077],[-0.63492949  2.00563192  0.05511293],[-0.0096556  -0.61658048  0.56998469]
12.70001411,[-0.61668039  2.13704786  0.81450728],[-0.64066776  2.0063006   0.05303673],[ 0.47654977 -0.56485789  0.66143678]
12.70501065,[-0.62084403  2.13610679  0.81014693],[-0.64608533  2.00705311  0.05075215],[-0.08065847 -0.19493813  0.42495373]
12.71001029,[-0.62472858  2.13510899  0.80559398],[-0.65130791  2.00775304  0.04822105],[ 0.11286659 -0.21954145  0.53717513]
12.71501422,[-0.62875463  2.13422901  0.80060521],[-0.65626694  2.00834308  0.04536089],[ 0.11462462 -0.39845521  0.44736795]
12.72001243,[-0.63170688  2.13338114  0.79547421],[-0.66128166  2.00881916  0.04223615],[-0.79797592 -0.217081    0.27556989]
12.72500873,[-0.63475699  2.13255439  0.78942156],[-0.66605363  2.00950483  0.03821799],[-0.06853661 -0.39232018  0.50480065]
12.7300117,[-0.63781368  2.13178517  0.78368726],[-0.67117062  2.00987571  0.03458811],[-0.65164602 -0.19821358  0.30982187]
12.73501015,[-0.64098807  2.13143289  0.77733452],[-0.67633495  2.01021027  0.03072813],[-0.60177803 -0.4902301   0.36554473]
12.74000955,[-0.64460986  2.13073837  0.77142726],[-0.68160941  2.01040377  0.02661879],[-0.00669273 -0.46538202  0.54204748]
12.74501038,[-0.64766452  2.12968504  0.76529812],[-0.68694549  2.01045169  0.02221965],[-0.82789489  0.09765712  0.37239827]